<?xml version="1.0" encoding="UTF-8"?>
<gpx creator="https://gpx.studio" version="1.1" xmlns="http://www.topografix.com/GPX/1/1" xmlns:xsi="http://www.w3.org/2001/XMLSchema-instance" xsi:schemaLocation="http://www.topografix.com/GPX/1/1 http://www.topografix.com/GPX/1/1/gpx.xsd http://www.garmin.com/xmlschemas/GpxExtensions/v3 http://www.garmin.com/xmlschemas/GpxExtensionsv3.xsd http://www.garmin.com/xmlschemas/TrackPointExtension/v1 http://www.garmin.com/xmlschemas/TrackPointExtensionv1.xsd http://www.garmin.com/xmlschemas/PowerExtension/v1 http://www.garmin.com/xmlschemas/PowerExtensionv1.xsd http://www.topografix.com/GPX/gpx_style/0/2 http://www.topografix.com/GPX/gpx_style/0/2/gpx_style.xsd" xmlns:gpxtpx="http://www.garmin.com/xmlschemas/TrackPointExtension/v1" xmlns:gpxx="http://www.garmin.com/xmlschemas/GpxExtensions/v3" xmlns:gpxpx="http://www.garmin.com/xmlschemas/PowerExtension/v1" xmlns:gpx_style="http://www.topografix.com/GPX/gpx_style/0/2">
  <metadata>
    <name>New file 1</name>
    <author>
      <name>gpx.studio</name>
      <link href="https://gpx.studio"/>
    </author>
  </metadata>
  <trk>
    <name>New file 1</name>
    <trkseg>
      <trkpt lat="36.878569" lon="-4.847751">
        <ele>403.038201</ele>
        <time>2026-05-19T08:08:23.000Z</time>
      </trkpt>
      <trkpt lat="36.878569" lon="-4.847751">
        <ele>403.038201</ele>
        <time>2026-05-19T08:08:51.000Z</time>
      </trkpt>
      <trkpt lat="36.878569" lon="-4.847751">
        <ele>403.038201</ele>
        <time>2026-05-19T08:09:08.000Z</time>
      </trkpt>
      <trkpt lat="36.878679" lon="-4.847527">
        <ele>403.038201</ele>
        <time>2026-05-19T08:09:18.000Z</time>
      </trkpt>
      <trkpt lat="36.878716" lon="-4.847371">
        <ele>403.038201</ele>
        <time>2026-05-19T08:09:29.000Z</time>
      </trkpt>
      <trkpt lat="36.878721" lon="-4.847177">
        <ele>403.038201</ele>
        <time>2026-05-19T08:09:37.000Z</time>
      </trkpt>
      <trkpt lat="36.878734" lon="-4.847136">
        <ele>403.038201</ele>
        <time>2026-05-19T08:09:42.000Z</time>
      </trkpt>
      <trkpt lat="36.878737" lon="-4.847128">
        <ele>403.038201</ele>
        <time>2026-05-19T08:09:44.000Z</time>
      </trkpt>
      <trkpt lat="36.878736" lon="-4.847135">
        <ele>403.038201</ele>
        <time>2026-05-19T08:09:52.000Z</time>
      </trkpt>
      <trkpt lat="36.878748" lon="-4.847131">
        <ele>403.038201</ele>
        <time>2026-05-19T08:09:53.000Z</time>
      </trkpt>
      <trkpt lat="36.878831" lon="-4.847135">
        <ele>403.038201</ele>
        <time>2026-05-19T08:10:00.000Z</time>
      </trkpt>
      <trkpt lat="36.878887" lon="-4.847184">
        <ele>403.038201</ele>
        <time>2026-05-19T08:10:08.000Z</time>
      </trkpt>
      <trkpt lat="36.878975" lon="-4.847238">
        <ele>403.038201</ele>
        <time>2026-05-19T08:10:17.000Z</time>
      </trkpt>
      <trkpt lat="36.879061" lon="-4.847283">
        <ele>403.038201</ele>
        <time>2026-05-19T08:10:25.000Z</time>
      </trkpt>
      <trkpt lat="36.879079" lon="-4.847296">
        <ele>402.894278</ele>
        <time>2026-05-19T08:10:27.000Z</time>
      </trkpt>
      <trkpt lat="36.879137" lon="-4.847312">
        <ele>402.472407</ele>
        <time>2026-05-19T08:10:32.000Z</time>
      </trkpt>
      <trkpt lat="36.879225" lon="-4.847357">
        <ele>401.797097</ele>
        <time>2026-05-19T08:10:40.000Z</time>
      </trkpt>
      <trkpt lat="36.879285" lon="-4.847369">
        <ele>401.365512</ele>
        <time>2026-05-19T08:10:44.000Z</time>
      </trkpt>
      <trkpt lat="36.879382" lon="-4.847408">
        <ele>400.64179</ele>
        <time>2026-05-19T08:10:51.000Z</time>
      </trkpt>
      <trkpt lat="36.8794" lon="-4.847413">
        <ele>400.510822</ele>
        <time>2026-05-19T08:10:53.000Z</time>
      </trkpt>
      <trkpt lat="36.87944" lon="-4.847417">
        <ele>400.225804</ele>
        <time>2026-05-19T08:10:56.000Z</time>
      </trkpt>
      <trkpt lat="36.879505" lon="-4.847426">
        <ele>399.761302</ele>
        <time>2026-05-19T08:11:01.000Z</time>
      </trkpt>
      <trkpt lat="36.879548" lon="-4.847445">
        <ele>399.437368</ele>
        <time>2026-05-19T08:11:04.000Z</time>
      </trkpt>
      <trkpt lat="36.879616" lon="-4.847482">
        <ele>398.910616</ele>
        <time>2026-05-19T08:11:10.000Z</time>
      </trkpt>
      <trkpt lat="36.879662" lon="-4.847539">
        <ele>398.450588</ele>
        <time>2026-05-19T08:11:14.000Z</time>
      </trkpt>
      <trkpt lat="36.879707" lon="-4.847575">
        <ele>398.071124</ele>
        <time>2026-05-19T08:11:19.000Z</time>
      </trkpt>
      <trkpt lat="36.879736" lon="-4.847565">
        <ele>397.857452</ele>
        <time>2026-05-19T08:11:24.000Z</time>
      </trkpt>
      <trkpt lat="36.879785" lon="-4.847558">
        <ele>397.507152</ele>
        <time>2026-05-19T08:11:27.000Z</time>
      </trkpt>
      <trkpt lat="36.879903" lon="-4.847555">
        <ele>396.668853</ele>
        <time>2026-05-19T08:11:37.000Z</time>
      </trkpt>
      <trkpt lat="36.87995" lon="-4.847532">
        <ele>396.310359</ele>
        <time>2026-05-19T08:11:46.000Z</time>
      </trkpt>
      <trkpt lat="36.880022" lon="-4.84744">
        <ele>395.579101</ele>
        <time>2026-05-19T08:11:51.000Z</time>
      </trkpt>
      <trkpt lat="36.880042" lon="-4.847413">
        <ele>395.37003</ele>
        <time>2026-05-19T08:11:52.000Z</time>
      </trkpt>
      <trkpt lat="36.880074" lon="-4.847351">
        <ele>394.950816</ele>
        <time>2026-05-19T08:11:55.000Z</time>
      </trkpt>
      <trkpt lat="36.880087" lon="-4.84732">
        <ele>394.751954</ele>
        <time>2026-05-19T08:11:57.000Z</time>
      </trkpt>
      <trkpt lat="36.880094" lon="-4.847291">
        <ele>394.579854</ele>
        <time>2026-05-19T08:11:59.000Z</time>
      </trkpt>
      <trkpt lat="36.880105" lon="-4.847228">
        <ele>394.213495</ele>
        <time>2026-05-19T08:12:03.000Z</time>
      </trkpt>
      <trkpt lat="36.880114" lon="-4.847165">
        <ele>393.8499</ele>
        <time>2026-05-19T08:12:08.000Z</time>
      </trkpt>
      <trkpt lat="36.880127" lon="-4.847117">
        <ele>393.561983</ele>
        <time>2026-05-19T08:12:11.000Z</time>
      </trkpt>
      <trkpt lat="36.880191" lon="-4.847094">
        <ele>393.088997</ele>
        <time>2026-05-19T08:12:17.000Z</time>
      </trkpt>
      <trkpt lat="36.880279" lon="-4.847011">
        <ele>392.306024</ele>
        <time>2026-05-19T08:12:24.000Z</time>
      </trkpt>
      <trkpt lat="36.880289" lon="-4.847">
        <ele>392.211416</ele>
        <time>2026-05-19T08:12:25.000Z</time>
      </trkpt>
      <trkpt lat="36.880323" lon="-4.846958">
        <ele>391.871919</ele>
        <time>2026-05-19T08:12:31.000Z</time>
      </trkpt>
      <trkpt lat="36.880333" lon="-4.846943">
        <ele>391.760979</ele>
        <time>2026-05-19T08:12:32.000Z</time>
      </trkpt>
      <trkpt lat="36.880357" lon="-4.846919">
        <ele>391.542687</ele>
        <time>2026-05-19T08:12:35.000Z</time>
      </trkpt>
      <trkpt lat="36.880436" lon="-4.846871">
        <ele>390.91881</ele>
        <time>2026-05-19T08:12:39.000Z</time>
      </trkpt>
      <trkpt lat="36.880475" lon="-4.846861">
        <ele>390.636036</ele>
        <time>2026-05-19T08:12:44.000Z</time>
      </trkpt>
      <trkpt lat="36.880479" lon="-4.846859">
        <ele>390.605437</ele>
        <time>2026-05-19T08:12:52.000Z</time>
      </trkpt>
      <trkpt lat="36.880486" lon="-4.846854">
        <ele>390.548174</ele>
        <time>2026-05-19T08:12:54.000Z</time>
      </trkpt>
      <trkpt lat="36.880505" lon="-4.846871">
        <ele>390.382221</ele>
        <time>2026-05-19T08:13:03.000Z</time>
      </trkpt>
      <trkpt lat="36.880499" lon="-4.8469">
        <ele>390.200217</ele>
        <time>2026-05-19T08:13:10.000Z</time>
      </trkpt>
      <trkpt lat="36.880487" lon="-4.846905">
        <ele>390.089484</ele>
        <time>2026-05-19T08:13:12.000Z</time>
      </trkpt>
      <trkpt lat="36.880479" lon="-4.846904">
        <ele>390.0191</ele>
        <time>2026-05-19T08:13:13.000Z</time>
      </trkpt>
      <trkpt lat="36.880443" lon="-4.846865">
        <ele>389.602081</ele>
        <time>2026-05-19T08:13:22.000Z</time>
      </trkpt>
      <trkpt lat="36.880449" lon="-4.846831">
        <ele>389.358271</ele>
        <time>2026-05-19T08:13:27.000Z</time>
      </trkpt>
      <trkpt lat="36.880454" lon="-4.846818">
        <ele>389.257261</ele>
        <time>2026-05-19T08:13:30.000Z</time>
      </trkpt>
      <trkpt lat="36.880435" lon="-4.846777">
        <ele>388.925457</ele>
        <time>2026-05-19T08:13:39.000Z</time>
      </trkpt>
      <trkpt lat="36.880441" lon="-4.846755">
        <ele>388.762694</ele>
        <time>2026-05-19T08:13:48.000Z</time>
      </trkpt>
      <trkpt lat="36.880502" lon="-4.846745">
        <ele>388.224108</ele>
        <time>2026-05-19T08:13:56.000Z</time>
      </trkpt>
      <trkpt lat="36.880506" lon="-4.846741">
        <ele>388.179266</ele>
        <time>2026-05-19T08:13:57.000Z</time>
      </trkpt>
      <trkpt lat="36.880521" lon="-4.846735">
        <ele>388.041394</ele>
        <time>2026-05-19T08:14:00.000Z</time>
      </trkpt>
      <trkpt lat="36.880568" lon="-4.846713">
        <ele>387.602046</ele>
        <time>2026-05-19T08:14:05.000Z</time>
      </trkpt>
      <trkpt lat="36.880577" lon="-4.846706">
        <ele>387.509254</ele>
        <time>2026-05-19T08:14:06.000Z</time>
      </trkpt>
      <trkpt lat="36.880584" lon="-4.846701">
        <ele>387.438676</ele>
        <time>2026-05-19T08:14:07.000Z</time>
      </trkpt>
      <trkpt lat="36.880611" lon="-4.84667">
        <ele>387.117753</ele>
        <time>2026-05-19T08:14:10.000Z</time>
      </trkpt>
      <trkpt lat="36.880634" lon="-4.846636">
        <ele>386.805943</ele>
        <time>2026-05-19T08:14:13.000Z</time>
      </trkpt>
      <trkpt lat="36.880652" lon="-4.846603">
        <ele>386.526247</ele>
        <time>2026-05-19T08:14:16.000Z</time>
      </trkpt>
      <trkpt lat="36.880693" lon="-4.84656">
        <ele>386.057745</ele>
        <time>2026-05-19T08:14:20.000Z</time>
      </trkpt>
      <trkpt lat="36.880749" lon="-4.846508">
        <ele>385.447068</ele>
        <time>2026-05-19T08:14:26.000Z</time>
      </trkpt>
      <trkpt lat="36.880795" lon="-4.846417">
        <ele>384.693263</ele>
        <time>2026-05-19T08:14:33.000Z</time>
      </trkpt>
      <trkpt lat="36.880806" lon="-4.846399">
        <ele>384.534643</ele>
        <time>2026-05-19T08:14:35.000Z</time>
      </trkpt>
      <trkpt lat="36.880822" lon="-4.846361">
        <ele>384.233935</ele>
        <time>2026-05-19T08:14:38.000Z</time>
      </trkpt>
      <trkpt lat="36.880877" lon="-4.846255">
        <ele>383.349186</ele>
        <time>2026-05-19T08:14:46.000Z</time>
      </trkpt>
      <trkpt lat="36.880924" lon="-4.846218">
        <ele>382.862953</ele>
        <time>2026-05-19T08:14:52.000Z</time>
      </trkpt>
      <trkpt lat="36.880953" lon="-4.846207">
        <ele>382.59765</ele>
        <time>2026-05-19T08:14:55.000Z</time>
      </trkpt>
      <trkpt lat="36.881004" lon="-4.846106">
        <ele>381.761268</ele>
        <time>2026-05-19T08:15:03.000Z</time>
      </trkpt>
      <trkpt lat="36.88101" lon="-4.846079">
        <ele>381.565041</ele>
        <time>2026-05-19T08:15:04.000Z</time>
      </trkpt>
      <trkpt lat="36.881052" lon="-4.846016">
        <ele>380.990754</ele>
        <time>2026-05-19T08:15:11.000Z</time>
      </trkpt>
      <trkpt lat="36.881058" lon="-4.846011">
        <ele>380.927628</ele>
        <time>2026-05-19T08:15:12.000Z</time>
      </trkpt>
      <trkpt lat="36.881091" lon="-4.845978">
        <ele>380.557686</ele>
        <time>2026-05-19T08:15:17.000Z</time>
      </trkpt>
      <trkpt lat="36.88112" lon="-4.845947">
        <ele>380.223658</ele>
        <time>2026-05-19T08:15:21.000Z</time>
      </trkpt>
      <trkpt lat="36.88113" lon="-4.845941">
        <ele>380.126555</ele>
        <time>2026-05-19T08:15:23.000Z</time>
      </trkpt>
      <trkpt lat="36.881147" lon="-4.845922">
        <ele>379.926931</ele>
        <time>2026-05-19T08:15:25.000Z</time>
      </trkpt>
      <trkpt lat="36.88117" lon="-4.845868">
        <ele>379.498533</ele>
        <time>2026-05-19T08:15:30.000Z</time>
      </trkpt>
      <trkpt lat="36.881175" lon="-4.845848">
        <ele>379.351803</ele>
        <time>2026-05-19T08:15:31.000Z</time>
      </trkpt>
      <trkpt lat="36.881195" lon="-4.845791">
        <ele>378.915952</ele>
        <time>2026-05-19T08:15:37.000Z</time>
      </trkpt>
      <trkpt lat="36.881185" lon="-4.845795">
        <ele>378.824037</ele>
        <time>2026-05-19T08:15:43.000Z</time>
      </trkpt>
      <trkpt lat="36.881184" lon="-4.845814">
        <ele>378.690703</ele>
        <time>2026-05-19T08:15:44.000Z</time>
      </trkpt>
      <trkpt lat="36.881167" lon="-4.845849">
        <ele>378.403971</ele>
        <time>2026-05-19T08:15:47.000Z</time>
      </trkpt>
      <trkpt lat="36.881153" lon="-4.845877">
        <ele>378.172749</ele>
        <time>2026-05-19T08:15:50.000Z</time>
      </trkpt>
      <trkpt lat="36.881118" lon="-4.845925">
        <ele>377.717934</ele>
        <time>2026-05-19T08:15:56.000Z</time>
      </trkpt>
      <trkpt lat="36.881109" lon="-4.845931">
        <ele>377.628643</ele>
        <time>2026-05-19T08:15:58.000Z</time>
      </trkpt>
      <trkpt lat="36.88108" lon="-4.845956">
        <ele>377.320261</ele>
        <time>2026-05-19T08:16:01.000Z</time>
      </trkpt>
      <trkpt lat="36.881061" lon="-4.845975">
        <ele>377.107264</ele>
        <time>2026-05-19T08:16:05.000Z</time>
      </trkpt>
      <trkpt lat="36.881056" lon="-4.84598">
        <ele>377.051213</ele>
        <time>2026-05-19T08:16:06.000Z</time>
      </trkpt>
      <trkpt lat="36.881039" lon="-4.845982">
        <ele>376.901732</ele>
        <time>2026-05-19T08:16:09.000Z</time>
      </trkpt>
      <trkpt lat="36.881024" lon="-4.845972">
        <ele>376.752913</ele>
        <time>2026-05-19T08:16:11.000Z</time>
      </trkpt>
      <trkpt lat="36.881008" lon="-4.845964">
        <ele>376.602057</ele>
        <time>2026-05-19T08:16:13.000Z</time>
      </trkpt>
      <trkpt lat="36.880986" lon="-4.845946">
        <ele>376.371883</ele>
        <time>2026-05-19T08:16:16.000Z</time>
      </trkpt>
      <trkpt lat="36.880946" lon="-4.84592">
        <ele>375.977208</ele>
        <time>2026-05-19T08:16:19.000Z</time>
      </trkpt>
      <trkpt lat="36.880921" lon="-4.845898">
        <ele>375.709567</ele>
        <time>2026-05-19T08:16:21.000Z</time>
      </trkpt>
      <trkpt lat="36.880874" lon="-4.845868">
        <ele>375.247588</ele>
        <time>2026-05-19T08:16:25.000Z</time>
      </trkpt>
      <trkpt lat="36.880848" lon="-4.845864">
        <ele>375.018258</ele>
        <time>2026-05-19T08:16:28.000Z</time>
      </trkpt>
      <trkpt lat="36.880836" lon="-4.845864">
        <ele>374.913206</ele>
        <time>2026-05-19T08:16:29.000Z</time>
      </trkpt>
      <trkpt lat="36.880772" lon="-4.84584">
        <ele>374.479358</ele>
        <time>2026-05-19T08:16:35.000Z</time>
      </trkpt>
      <trkpt lat="36.880749" lon="-4.845834">
        <ele>374.43837</ele>
        <time>2026-05-19T08:16:37.000Z</time>
      </trkpt>
      <trkpt lat="36.880692" lon="-4.845773">
        <ele>374.307475</ele>
        <time>2026-05-19T08:16:44.000Z</time>
      </trkpt>
      <trkpt lat="36.880692" lon="-4.845753">
        <ele>374.279566</ele>
        <time>2026-05-19T08:16:46.000Z</time>
      </trkpt>
      <trkpt lat="36.880649" lon="-4.845729">
        <ele>374.197415</ele>
        <time>2026-05-19T08:16:50.000Z</time>
      </trkpt>
      <trkpt lat="36.880577" lon="-4.845644">
        <ele>374.024657</ele>
        <time>2026-05-19T08:16:58.000Z</time>
      </trkpt>
      <trkpt lat="36.880576" lon="-4.84563">
        <ele>374.005043</ele>
        <time>2026-05-19T08:16:59.000Z</time>
      </trkpt>
      <trkpt lat="36.880581" lon="-4.845601">
        <ele>373.963646</ele>
        <time>2026-05-19T08:17:01.000Z</time>
      </trkpt>
      <trkpt lat="36.880616" lon="-4.84556">
        <ele>373.879972</ele>
        <time>2026-05-19T08:17:05.000Z</time>
      </trkpt>
      <trkpt lat="36.880642" lon="-4.84551">
        <ele>373.796754</ele>
        <time>2026-05-19T08:17:11.000Z</time>
      </trkpt>
      <trkpt lat="36.880642" lon="-4.845501">
        <ele>373.784195</ele>
        <time>2026-05-19T08:17:12.000Z</time>
      </trkpt>
      <trkpt lat="36.880659" lon="-4.845432">
        <ele>373.683447</ele>
        <time>2026-05-19T08:17:18.000Z</time>
      </trkpt>
      <trkpt lat="36.880672" lon="-4.845438">
        <ele>373.659272</ele>
        <time>2026-05-19T08:17:20.000Z</time>
      </trkpt>
      <trkpt lat="36.88069" lon="-4.845444">
        <ele>373.626773</ele>
        <time>2026-05-19T08:17:22.000Z</time>
      </trkpt>
      <trkpt lat="36.88072" lon="-4.845435">
        <ele>373.572952</ele>
        <time>2026-05-19T08:17:24.000Z</time>
      </trkpt>
      <trkpt lat="36.880805" lon="-4.845402">
        <ele>373.417681</ele>
        <time>2026-05-19T08:17:31.000Z</time>
      </trkpt>
      <trkpt lat="36.880892" lon="-4.845352">
        <ele>373.250638</ele>
        <time>2026-05-19T08:17:39.000Z</time>
      </trkpt>
      <trkpt lat="36.880926" lon="-4.845356">
        <ele>373.191063</ele>
        <time>2026-05-19T08:17:46.000Z</time>
      </trkpt>
      <trkpt lat="36.880959" lon="-4.845343">
        <ele>373.130703</ele>
        <time>2026-05-19T08:17:50.000Z</time>
      </trkpt>
      <trkpt lat="36.880978" lon="-4.845335">
        <ele>373.095727</ele>
        <time>2026-05-19T08:17:52.000Z</time>
      </trkpt>
      <trkpt lat="36.88099" lon="-4.845331">
        <ele>373.074062</ele>
        <time>2026-05-19T08:17:53.000Z</time>
      </trkpt>
      <trkpt lat="36.881014" lon="-4.845318">
        <ele>373.028432</ele>
        <time>2026-05-19T08:17:55.000Z</time>
      </trkpt>
      <trkpt lat="36.881032" lon="-4.845307">
        <ele>372.99348</ele>
        <time>2026-05-19T08:17:56.000Z</time>
      </trkpt>
      <trkpt lat="36.881039" lon="-4.845301">
        <ele>372.978674</ele>
        <time>2026-05-19T08:17:57.000Z</time>
      </trkpt>
      <trkpt lat="36.881116" lon="-4.845252">
        <ele>372.827944</ele>
        <time>2026-05-19T08:18:04.000Z</time>
      </trkpt>
      <trkpt lat="36.881159" lon="-4.845246">
        <ele>372.752464</ele>
        <time>2026-05-19T08:18:09.000Z</time>
      </trkpt>
      <trkpt lat="36.881184" lon="-4.845239">
        <ele>372.70777</ele>
        <time>2026-05-19T08:18:11.000Z</time>
      </trkpt>
      <trkpt lat="36.881235" lon="-4.84521">
        <ele>372.610029</ele>
        <time>2026-05-19T08:18:15.000Z</time>
      </trkpt>
      <trkpt lat="36.881285" lon="-4.845186">
        <ele>372.516594</ele>
        <time>2026-05-19T08:18:20.000Z</time>
      </trkpt>
      <trkpt lat="36.881365" lon="-4.845141">
        <ele>372.363556</ele>
        <time>2026-05-19T08:18:29.000Z</time>
      </trkpt>
      <trkpt lat="36.881385" lon="-4.845125">
        <ele>372.322134</ele>
        <time>2026-05-19T08:18:31.000Z</time>
      </trkpt>
      <trkpt lat="36.881404" lon="-4.845118">
        <ele>372.287579</ele>
        <time>2026-05-19T08:18:33.000Z</time>
      </trkpt>
      <trkpt lat="36.881467" lon="-4.845086">
        <ele>372.168949</ele>
        <time>2026-05-19T08:18:39.000Z</time>
      </trkpt>
      <trkpt lat="36.88156" lon="-4.845033">
        <ele>371.990646</ele>
        <time>2026-05-19T08:18:47.000Z</time>
      </trkpt>
      <trkpt lat="36.881616" lon="-4.845005">
        <ele>371.88543</ele>
        <time>2026-05-19T08:18:51.000Z</time>
      </trkpt>
      <trkpt lat="36.881638" lon="-4.84499">
        <ele>371.841713</ele>
        <time>2026-05-19T08:18:54.000Z</time>
      </trkpt>
      <trkpt lat="36.88167" lon="-4.844966">
        <ele>371.776614</ele>
        <time>2026-05-19T08:18:57.000Z</time>
      </trkpt>
      <trkpt lat="36.881712" lon="-4.844945">
        <ele>371.697701</ele>
        <time>2026-05-19T08:19:01.000Z</time>
      </trkpt>
      <trkpt lat="36.88172" lon="-4.844943">
        <ele>371.683469</ele>
        <time>2026-05-19T08:19:02.000Z</time>
      </trkpt>
      <trkpt lat="36.881786" lon="-4.844921">
        <ele>371.564308</ele>
        <time>2026-05-19T08:19:08.000Z</time>
      </trkpt>
      <trkpt lat="36.881798" lon="-4.844914">
        <ele>371.541207</ele>
        <time>2026-05-19T08:19:09.000Z</time>
      </trkpt>
      <trkpt lat="36.881823" lon="-4.844898">
        <ele>371.492211</ele>
        <time>2026-05-19T08:19:12.000Z</time>
      </trkpt>
      <trkpt lat="36.881859" lon="-4.844876">
        <ele>371.422306</ele>
        <time>2026-05-19T08:19:16.000Z</time>
      </trkpt>
      <trkpt lat="36.88191" lon="-4.844849">
        <ele>371.429987</ele>
        <time>2026-05-19T08:19:19.000Z</time>
      </trkpt>
      <trkpt lat="36.881979" lon="-4.844824">
        <ele>371.54902</ele>
        <time>2026-05-19T08:19:24.000Z</time>
      </trkpt>
      <trkpt lat="36.882026" lon="-4.844799">
        <ele>371.633651</ele>
        <time>2026-05-19T08:19:32.000Z</time>
      </trkpt>
      <trkpt lat="36.882049" lon="-4.84473">
        <ele>371.732723</ele>
        <time>2026-05-19T08:19:40.000Z</time>
      </trkpt>
      <trkpt lat="36.882063" lon="-4.844629">
        <ele>371.868577</ele>
        <time>2026-05-19T08:19:45.000Z</time>
      </trkpt>
      <trkpt lat="36.882065" lon="-4.844567">
        <ele>371.950815</ele>
        <time>2026-05-19T08:19:48.000Z</time>
      </trkpt>
      <trkpt lat="36.882036" lon="-4.844512">
        <ele>372.038121</ele>
        <time>2026-05-19T08:19:53.000Z</time>
      </trkpt>
      <trkpt lat="36.881997" lon="-4.844415">
        <ele>372.182006</ele>
        <time>2026-05-19T08:20:00.000Z</time>
      </trkpt>
      <trkpt lat="36.881948" lon="-4.844308">
        <ele>372.345414</ele>
        <time>2026-05-19T08:20:08.000Z</time>
      </trkpt>
      <trkpt lat="36.881927" lon="-4.844219">
        <ele>372.468395</ele>
        <time>2026-05-19T08:20:15.000Z</time>
      </trkpt>
      <trkpt lat="36.881896" lon="-4.844164">
        <ele>372.557568</ele>
        <time>2026-05-19T08:20:20.000Z</time>
      </trkpt>
      <trkpt lat="36.881875" lon="-4.844139">
        <ele>372.605615</ele>
        <time>2026-05-19T08:20:22.000Z</time>
      </trkpt>
      <trkpt lat="36.881827" lon="-4.844048">
        <ele>372.750085</ele>
        <time>2026-05-19T08:20:28.000Z</time>
      </trkpt>
      <trkpt lat="36.881797" lon="-4.843975">
        <ele>372.858857</ele>
        <time>2026-05-19T08:20:34.000Z</time>
      </trkpt>
      <trkpt lat="36.881788" lon="-4.84395">
        <ele>372.895192</ele>
        <time>2026-05-19T08:20:36.000Z</time>
      </trkpt>
      <trkpt lat="36.881764" lon="-4.843895">
        <ele>372.978227</ele>
        <time>2026-05-19T08:20:42.000Z</time>
      </trkpt>
      <trkpt lat="36.881762" lon="-4.843898">
        <ele>372.983403</ele>
        <time>2026-05-19T08:20:45.000Z</time>
      </trkpt>
      <trkpt lat="36.881772" lon="-4.843905">
        <ele>373.002393</ele>
        <time>2026-05-19T08:20:48.000Z</time>
      </trkpt>
      <trkpt lat="36.881792" lon="-4.843923">
        <ele>373.043226</ele>
        <time>2026-05-19T08:20:52.000Z</time>
      </trkpt>
      <trkpt lat="36.88179" lon="-4.84393">
        <ele>373.053077</ele>
        <time>2026-05-19T08:20:54.000Z</time>
      </trkpt>
      <trkpt lat="36.881786" lon="-4.843938">
        <ele>373.065581</ele>
        <time>2026-05-19T08:20:56.000Z</time>
      </trkpt>
      <trkpt lat="36.881794" lon="-4.843903">
        <ele>373.113825</ele>
        <time>2026-05-19T08:21:04.000Z</time>
      </trkpt>
      <trkpt lat="36.881779" lon="-4.843876">
        <ele>373.157393</ele>
        <time>2026-05-19T08:21:09.000Z</time>
      </trkpt>
      <trkpt lat="36.881758" lon="-4.843849">
        <ele>373.207306</ele>
        <time>2026-05-19T08:21:12.000Z</time>
      </trkpt>
      <trkpt lat="36.88175" lon="-4.843836">
        <ele>373.229044</ele>
        <time>2026-05-19T08:21:13.000Z</time>
      </trkpt>
      <trkpt lat="36.881696" lon="-4.84372">
        <ele>373.406925</ele>
        <time>2026-05-19T08:21:22.000Z</time>
      </trkpt>
      <trkpt lat="36.881646" lon="-4.843607">
        <ele>373.578077</ele>
        <time>2026-05-19T08:21:31.000Z</time>
      </trkpt>
      <trkpt lat="36.881631" lon="-4.843572">
        <ele>373.630703</ele>
        <time>2026-05-19T08:21:34.000Z</time>
      </trkpt>
      <trkpt lat="36.881614" lon="-4.843548">
        <ele>373.67319</ele>
        <time>2026-05-19T08:21:40.000Z</time>
      </trkpt>
      <trkpt lat="36.881618" lon="-4.843544">
        <ele>373.681677</ele>
        <time>2026-05-19T08:21:42.000Z</time>
      </trkpt>
      <trkpt lat="36.881624" lon="-4.843539">
        <ele>373.693625</ele>
        <time>2026-05-19T08:21:44.000Z</time>
      </trkpt>
      <trkpt lat="36.881622" lon="-4.843531">
        <ele>373.704734</ele>
        <time>2026-05-19T08:21:46.000Z</time>
      </trkpt>
      <trkpt lat="36.881607" lon="-4.843535">
        <ele>373.730147</ele>
        <time>2026-05-19T08:21:49.000Z</time>
      </trkpt>
      <trkpt lat="36.881596" lon="-4.843499">
        <ele>373.781222</ele>
        <time>2026-05-19T08:21:58.000Z</time>
      </trkpt>
      <trkpt lat="36.881592" lon="-4.84349">
        <ele>373.794868</ele>
        <time>2026-05-19T08:22:06.000Z</time>
      </trkpt>
      <trkpt lat="36.881594" lon="-4.843491">
        <ele>373.798437</ele>
        <time>2026-05-19T08:22:17.000Z</time>
      </trkpt>
      <trkpt lat="36.881599" lon="-4.843482">
        <ele>373.81296</ele>
        <time>2026-05-19T08:22:26.000Z</time>
      </trkpt>
      <trkpt lat="36.881592" lon="-4.843479">
        <ele>373.825221</ele>
        <time>2026-05-19T08:22:32.000Z</time>
      </trkpt>
      <trkpt lat="36.881591" lon="-4.843478">
        <ele>373.827343</ele>
        <time>2026-05-19T08:22:33.000Z</time>
      </trkpt>
      <trkpt lat="36.881592" lon="-4.84348">
        <ele>373.830469</ele>
        <time>2026-05-19T08:22:34.000Z</time>
      </trkpt>
      <trkpt lat="36.881595" lon="-4.843484">
        <ele>373.837736</ele>
        <time>2026-05-19T08:22:35.000Z</time>
      </trkpt>
      <trkpt lat="36.8816" lon="-4.843487">
        <ele>373.846926</ele>
        <time>2026-05-19T08:22:36.000Z</time>
      </trkpt>
      <trkpt lat="36.881606" lon="-4.84349">
        <ele>373.857633</ele>
        <time>2026-05-19T08:22:38.000Z</time>
      </trkpt>
      <trkpt lat="36.881613" lon="-4.843498">
        <ele>373.873347</ele>
        <time>2026-05-19T08:22:40.000Z</time>
      </trkpt>
      <trkpt lat="36.881621" lon="-4.84351">
        <ele>373.894051</ele>
        <time>2026-05-19T08:22:46.000Z</time>
      </trkpt>
      <trkpt lat="36.881602" lon="-4.843521">
        <ele>373.928745</ele>
        <time>2026-05-19T08:22:54.000Z</time>
      </trkpt>
      <trkpt lat="36.8816" lon="-4.843517">
        <ele>373.934997</ele>
        <time>2026-05-19T08:22:55.000Z</time>
      </trkpt>
      <trkpt lat="36.881588" lon="-4.843481">
        <ele>373.986686</ele>
        <time>2026-05-19T08:22:58.000Z</time>
      </trkpt>
      <trkpt lat="36.881557" lon="-4.843427">
        <ele>374.07478</ele>
        <time>2026-05-19T08:23:02.000Z</time>
      </trkpt>
      <trkpt lat="36.881508" lon="-4.843345">
        <ele>374.210437</ele>
        <time>2026-05-19T08:23:08.000Z</time>
      </trkpt>
      <trkpt lat="36.881471" lon="-4.843243">
        <ele>374.358874</ele>
        <time>2026-05-19T08:23:16.000Z</time>
      </trkpt>
      <trkpt lat="36.881454" lon="-4.843223">
        <ele>374.45092</ele>
        <time>2026-05-19T08:23:18.000Z</time>
      </trkpt>
      <trkpt lat="36.881429" lon="-4.843185">
        <ele>374.607385</ele>
        <time>2026-05-19T08:23:21.000Z</time>
      </trkpt>
      <trkpt lat="36.881424" lon="-4.843174">
        <ele>374.647619</ele>
        <time>2026-05-19T08:23:22.000Z</time>
      </trkpt>
      <trkpt lat="36.88139" lon="-4.843107">
        <ele>374.899943</ele>
        <time>2026-05-19T08:23:28.000Z</time>
      </trkpt>
      <trkpt lat="36.881383" lon="-4.843095">
        <ele>374.947173</ele>
        <time>2026-05-19T08:23:30.000Z</time>
      </trkpt>
      <trkpt lat="36.881386" lon="-4.843086">
        <ele>374.978179</ele>
        <time>2026-05-19T08:23:35.000Z</time>
      </trkpt>
      <trkpt lat="36.88138" lon="-4.843078">
        <ele>375.013054</ele>
        <time>2026-05-19T08:23:37.000Z</time>
      </trkpt>
      <trkpt lat="36.881328" lon="-4.843025">
        <ele>375.279785</ele>
        <time>2026-05-19T08:23:43.000Z</time>
      </trkpt>
      <trkpt lat="36.881277" lon="-4.842947">
        <ele>375.600154</ele>
        <time>2026-05-19T08:23:50.000Z</time>
      </trkpt>
      <trkpt lat="36.881246" lon="-4.842906">
        <ele>375.779567</ele>
        <time>2026-05-19T08:23:56.000Z</time>
      </trkpt>
      <trkpt lat="36.881236" lon="-4.842893">
        <ele>375.836922</ele>
        <time>2026-05-19T08:23:57.000Z</time>
      </trkpt>
      <trkpt lat="36.88117" lon="-4.842804">
        <ele>376.222867</ele>
        <time>2026-05-19T08:24:04.000Z</time>
      </trkpt>
      <trkpt lat="36.881146" lon="-4.842748">
        <ele>376.424901</ele>
        <time>2026-05-19T08:24:10.000Z</time>
      </trkpt>
      <trkpt lat="36.881141" lon="-4.842739">
        <ele>376.459747</ele>
        <time>2026-05-19T08:24:11.000Z</time>
      </trkpt>
      <trkpt lat="36.881138" lon="-4.842734">
        <ele>376.479624</ele>
        <time>2026-05-19T08:24:12.000Z</time>
      </trkpt>
      <trkpt lat="36.881081" lon="-4.842647">
        <ele>376.83725</ele>
        <time>2026-05-19T08:24:18.000Z</time>
      </trkpt>
      <trkpt lat="36.881056" lon="-4.842595">
        <ele>377.030184</ele>
        <time>2026-05-19T08:24:21.000Z</time>
      </trkpt>
      <trkpt lat="36.881018" lon="-4.842553">
        <ele>377.231833</ele>
        <time>2026-05-19T08:24:26.000Z</time>
      </trkpt>
      <trkpt lat="36.880971" lon="-4.842457">
        <ele>377.589764</ele>
        <time>2026-05-19T08:24:33.000Z</time>
      </trkpt>
      <trkpt lat="36.880965" lon="-4.842446">
        <ele>377.632104</ele>
        <time>2026-05-19T08:24:34.000Z</time>
      </trkpt>
      <trkpt lat="36.880911" lon="-4.842353">
        <ele>377.997557</ele>
        <time>2026-05-19T08:24:40.000Z</time>
      </trkpt>
      <trkpt lat="36.880896" lon="-4.842329">
        <ele>378.094414</ele>
        <time>2026-05-19T08:24:43.000Z</time>
      </trkpt>
      <trkpt lat="36.880883" lon="-4.842316">
        <ele>378.160597</ele>
        <time>2026-05-19T08:24:46.000Z</time>
      </trkpt>
      <trkpt lat="36.880844" lon="-4.842223">
        <ele>378.494523</ele>
        <time>2026-05-19T08:24:55.000Z</time>
      </trkpt>
      <trkpt lat="36.880832" lon="-4.842089">
        <ele>378.923314</ele>
        <time>2026-05-19T08:25:02.000Z</time>
      </trkpt>
      <trkpt lat="36.880829" lon="-4.841997">
        <ele>379.216123</ele>
        <time>2026-05-19T08:25:09.000Z</time>
      </trkpt>
      <trkpt lat="36.880827" lon="-4.841927">
        <ele>379.43887</ele>
        <time>2026-05-19T08:25:13.000Z</time>
      </trkpt>
      <trkpt lat="36.880824" lon="-4.841882">
        <ele>379.582469</ele>
        <time>2026-05-19T08:25:15.000Z</time>
      </trkpt>
      <trkpt lat="36.880824" lon="-4.841851">
        <ele>379.681052</ele>
        <time>2026-05-19T08:25:17.000Z</time>
      </trkpt>
      <trkpt lat="36.880816" lon="-4.841792">
        <ele>379.871352</ele>
        <time>2026-05-19T08:25:21.000Z</time>
      </trkpt>
      <trkpt lat="36.880793" lon="-4.841682">
        <ele>380.232914</ele>
        <time>2026-05-19T08:25:28.000Z</time>
      </trkpt>
      <trkpt lat="36.880798" lon="-4.841569">
        <ele>380.592811</ele>
        <time>2026-05-19T08:25:35.000Z</time>
      </trkpt>
      <trkpt lat="36.880813" lon="-4.841519">
        <ele>380.76263</ele>
        <time>2026-05-19T08:25:39.000Z</time>
      </trkpt>
      <trkpt lat="36.880815" lon="-4.841471">
        <ele>380.91548</ele>
        <time>2026-05-19T08:25:42.000Z</time>
      </trkpt>
      <trkpt lat="36.880822" lon="-4.841425">
        <ele>381.064387</ele>
        <time>2026-05-19T08:25:48.000Z</time>
      </trkpt>
      <trkpt lat="36.880812" lon="-4.841412">
        <ele>381.121742</ele>
        <time>2026-05-19T08:25:56.000Z</time>
      </trkpt>
      <trkpt lat="36.880814" lon="-4.841414">
        <ele>381.131924</ele>
        <time>2026-05-19T08:25:58.000Z</time>
      </trkpt>
      <trkpt lat="36.880849" lon="-4.84134">
        <ele>381.40531</ele>
        <time>2026-05-19T08:26:05.000Z</time>
      </trkpt>
      <trkpt lat="36.880848" lon="-4.841222">
        <ele>381.949519</ele>
        <time>2026-05-19T08:26:11.000Z</time>
      </trkpt>
      <trkpt lat="36.880847" lon="-4.841192">
        <ele>382.104665</ele>
        <time>2026-05-19T08:26:14.000Z</time>
      </trkpt>
      <trkpt lat="36.880847" lon="-4.841162">
        <ele>382.259677</ele>
        <time>2026-05-19T08:26:17.000Z</time>
      </trkpt>
      <trkpt lat="36.880857" lon="-4.841078">
        <ele>382.69849</ele>
        <time>2026-05-19T08:26:22.000Z</time>
      </trkpt>
      <trkpt lat="36.88086" lon="-4.841055">
        <ele>382.818902</ele>
        <time>2026-05-19T08:26:23.000Z</time>
      </trkpt>
      <trkpt lat="36.880873" lon="-4.840981">
        <ele>383.210376</ele>
        <time>2026-05-19T08:26:28.000Z</time>
      </trkpt>
      <trkpt lat="36.880879" lon="-4.840949">
        <ele>383.380204</ele>
        <time>2026-05-19T08:26:30.000Z</time>
      </trkpt>
      <trkpt lat="36.880884" lon="-4.840911">
        <ele>383.579191</ele>
        <time>2026-05-19T08:26:32.000Z</time>
      </trkpt>
      <trkpt lat="36.880889" lon="-4.840865">
        <ele>383.819059</ele>
        <time>2026-05-19T08:26:35.000Z</time>
      </trkpt>
      <trkpt lat="36.880889" lon="-4.840852">
        <ele>383.886231</ele>
        <time>2026-05-19T08:26:36.000Z</time>
      </trkpt>
      <trkpt lat="36.880888" lon="-4.840825">
        <ele>384.025891</ele>
        <time>2026-05-19T08:26:39.000Z</time>
      </trkpt>
      <trkpt lat="36.880878" lon="-4.840789">
        <ele>384.222802</ele>
        <time>2026-05-19T08:26:42.000Z</time>
      </trkpt>
      <trkpt lat="36.88087" lon="-4.840768">
        <ele>384.342988</ele>
        <time>2026-05-19T08:26:44.000Z</time>
      </trkpt>
      <trkpt lat="36.880848" lon="-4.840692">
        <ele>384.760608</ele>
        <time>2026-05-19T08:26:49.000Z</time>
      </trkpt>
      <trkpt lat="36.880838" lon="-4.840629">
        <ele>385.092479</ele>
        <time>2026-05-19T08:26:53.000Z</time>
      </trkpt>
      <trkpt lat="36.88083" lon="-4.840582">
        <ele>385.340768</ele>
        <time>2026-05-19T08:26:56.000Z</time>
      </trkpt>
      <trkpt lat="36.880826" lon="-4.840567">
        <ele>385.422468</ele>
        <time>2026-05-19T08:26:57.000Z</time>
      </trkpt>
      <trkpt lat="36.880805" lon="-4.840474">
        <ele>385.921784</ele>
        <time>2026-05-19T08:27:03.000Z</time>
      </trkpt>
      <trkpt lat="36.880799" lon="-4.840418">
        <ele>386.213724</ele>
        <time>2026-05-19T08:27:06.000Z</time>
      </trkpt>
      <trkpt lat="36.880773" lon="-4.840338">
        <ele>386.659906</ele>
        <time>2026-05-19T08:27:11.000Z</time>
      </trkpt>
      <trkpt lat="36.880739" lon="-4.84028">
        <ele>387.031459</ele>
        <time>2026-05-19T08:27:15.000Z</time>
      </trkpt>
      <trkpt lat="36.880724" lon="-4.840249">
        <ele>387.218665</ele>
        <time>2026-05-19T08:27:18.000Z</time>
      </trkpt>
      <trkpt lat="36.88067" lon="-4.840192">
        <ele>387.675199</ele>
        <time>2026-05-19T08:27:24.000Z</time>
      </trkpt>
      <trkpt lat="36.880645" lon="-4.840171">
        <ele>387.86976</ele>
        <time>2026-05-19T08:27:26.000Z</time>
      </trkpt>
      <trkpt lat="36.880586" lon="-4.840144">
        <ele>388.275616</ele>
        <time>2026-05-19T08:27:32.000Z</time>
      </trkpt>
      <trkpt lat="36.880508" lon="-4.840118">
        <ele>388.797079</ele>
        <time>2026-05-19T08:27:38.000Z</time>
      </trkpt>
      <trkpt lat="36.88049" lon="-4.840111">
        <ele>388.91885</ele>
        <time>2026-05-19T08:27:40.000Z</time>
      </trkpt>
      <trkpt lat="36.88044" lon="-4.840086">
        <ele>389.266711</ele>
        <time>2026-05-19T08:27:44.000Z</time>
      </trkpt>
      <trkpt lat="36.880381" lon="-4.840038">
        <ele>389.72143</ele>
        <time>2026-05-19T08:27:51.000Z</time>
      </trkpt>
      <trkpt lat="36.88034" lon="-4.839987">
        <ele>390.095046</ele>
        <time>2026-05-19T08:27:56.000Z</time>
      </trkpt>
      <trkpt lat="36.88032" lon="-4.839939">
        <ele>390.374698</ele>
        <time>2026-05-19T08:27:59.000Z</time>
      </trkpt>
      <trkpt lat="36.880293" lon="-4.839836">
        <ele>390.934758</ele>
        <time>2026-05-19T08:28:07.000Z</time>
      </trkpt>
      <trkpt lat="36.880236" lon="-4.839697">
        <ele>391.741866</ele>
        <time>2026-05-19T08:28:17.000Z</time>
      </trkpt>
      <trkpt lat="36.880179" lon="-4.839595">
        <ele>392.384789</ele>
        <time>2026-05-19T08:28:26.000Z</time>
      </trkpt>
      <trkpt lat="36.880102" lon="-4.839495">
        <ele>393.102004</ele>
        <time>2026-05-19T08:28:35.000Z</time>
      </trkpt>
      <trkpt lat="36.880002" lon="-4.839435">
        <ele>393.533952</ele>
        <time>2026-05-19T08:28:45.000Z</time>
      </trkpt>
      <trkpt lat="36.879933" lon="-4.839412">
        <ele>393.804875</ele>
        <time>2026-05-19T08:28:51.000Z</time>
      </trkpt>
      <trkpt lat="36.879914" lon="-4.839401">
        <ele>393.884313</ele>
        <time>2026-05-19T08:28:53.000Z</time>
      </trkpt>
      <trkpt lat="36.87985" lon="-4.839352">
        <ele>394.169038</ele>
        <time>2026-05-19T08:29:00.000Z</time>
      </trkpt>
      <trkpt lat="36.879838" lon="-4.83934">
        <ele>394.227337</ele>
        <time>2026-05-19T08:29:01.000Z</time>
      </trkpt>
      <trkpt lat="36.879773" lon="-4.839276">
        <ele>394.54124</ele>
        <time>2026-05-19T08:29:07.000Z</time>
      </trkpt>
      <trkpt lat="36.879712" lon="-4.839181">
        <ele>394.910935</ele>
        <time>2026-05-19T08:29:15.000Z</time>
      </trkpt>
      <trkpt lat="36.879689" lon="-4.839133">
        <ele>395.080737</ele>
        <time>2026-05-19T08:29:18.000Z</time>
      </trkpt>
      <trkpt lat="36.879671" lon="-4.839086">
        <ele>395.238874</ele>
        <time>2026-05-19T08:29:21.000Z</time>
      </trkpt>
      <trkpt lat="36.879666" lon="-4.839038">
        <ele>395.385771</ele>
        <time>2026-05-19T08:29:25.000Z</time>
      </trkpt>
      <trkpt lat="36.879663" lon="-4.838989">
        <ele>395.534907</ele>
        <time>2026-05-19T08:29:28.000Z</time>
      </trkpt>
      <trkpt lat="36.879642" lon="-4.83888">
        <ele>395.875151</ele>
        <time>2026-05-19T08:29:35.000Z</time>
      </trkpt>
      <trkpt lat="36.879628" lon="-4.83877">
        <ele>396.213169</ele>
        <time>2026-05-19T08:29:43.000Z</time>
      </trkpt>
      <trkpt lat="36.879625" lon="-4.838754">
        <ele>396.263041</ele>
        <time>2026-05-19T08:29:44.000Z</time>
      </trkpt>
      <trkpt lat="36.879604" lon="-4.838653">
        <ele>396.579733</ele>
        <time>2026-05-19T08:29:50.000Z</time>
      </trkpt>
      <trkpt lat="36.879596" lon="-4.838633">
        <ele>396.647594</ele>
        <time>2026-05-19T08:29:52.000Z</time>
      </trkpt>
      <trkpt lat="36.879548" lon="-4.838521">
        <ele>397.033193</ele>
        <time>2026-05-19T08:29:59.000Z</time>
      </trkpt>
      <trkpt lat="36.879508" lon="-4.838424">
        <ele>397.364377</ele>
        <time>2026-05-19T08:30:07.000Z</time>
      </trkpt>
      <trkpt lat="36.87947" lon="-4.83833">
        <ele>397.684002</ele>
        <time>2026-05-19T08:30:13.000Z</time>
      </trkpt>
      <trkpt lat="36.879448" lon="-4.838286">
        <ele>397.84147</ele>
        <time>2026-05-19T08:30:18.000Z</time>
      </trkpt>
      <trkpt lat="36.879442" lon="-4.838275">
        <ele>397.881874</ele>
        <time>2026-05-19T08:30:19.000Z</time>
      </trkpt>
      <trkpt lat="36.879434" lon="-4.838222">
        <ele>398.045554</ele>
        <time>2026-05-19T08:30:24.000Z</time>
      </trkpt>
      <trkpt lat="36.879439" lon="-4.838201">
        <ele>398.112046</ele>
        <time>2026-05-19T08:30:26.000Z</time>
      </trkpt>
      <trkpt lat="36.87944" lon="-4.838182">
        <ele>398.169831</ele>
        <time>2026-05-19T08:30:27.000Z</time>
      </trkpt>
      <trkpt lat="36.879433" lon="-4.838114">
        <ele>398.377894</ele>
        <time>2026-05-19T08:30:30.000Z</time>
      </trkpt>
      <trkpt lat="36.879445" lon="-4.838027">
        <ele>398.645812</ele>
        <time>2026-05-19T08:30:36.000Z</time>
      </trkpt>
      <trkpt lat="36.87945" lon="-4.837939">
        <ele>398.913541</ele>
        <time>2026-05-19T08:30:42.000Z</time>
      </trkpt>
      <trkpt lat="36.879437" lon="-4.837931">
        <ele>398.968513</ele>
        <time>2026-05-19T08:30:47.000Z</time>
      </trkpt>
      <trkpt lat="36.879434" lon="-4.837932">
        <ele>398.980292</ele>
        <time>2026-05-19T08:30:48.000Z</time>
      </trkpt>
      <trkpt lat="36.879424" lon="-4.837908">
        <ele>399.062414</ele>
        <time>2026-05-19T08:31:00.000Z</time>
      </trkpt>
      <trkpt lat="36.87939" lon="-4.837847">
        <ele>399.288042</ele>
        <time>2026-05-19T08:31:04.000Z</time>
      </trkpt>
      <trkpt lat="36.879436" lon="-4.837886">
        <ele>399.498908</ele>
        <time>2026-05-19T08:31:07.000Z</time>
      </trkpt>
      <trkpt lat="36.879435" lon="-4.837887">
        <ele>399.503767</ele>
        <time>2026-05-19T08:31:10.000Z</time>
      </trkpt>
      <trkpt lat="36.879429" lon="-4.837855">
        <ele>399.60351</ele>
        <time>2026-05-19T08:31:12.000Z</time>
      </trkpt>
      <trkpt lat="36.879417" lon="-4.837827">
        <ele>399.69991</ele>
        <time>2026-05-19T08:31:14.000Z</time>
      </trkpt>
      <trkpt lat="36.87944" lon="-4.837727">
        <ele>400.090397</ele>
        <time>2026-05-19T08:31:23.000Z</time>
      </trkpt>
      <trkpt lat="36.879453" lon="-4.837703">
        <ele>400.282903</ele>
        <time>2026-05-19T08:31:26.000Z</time>
      </trkpt>
      <trkpt lat="36.879477" lon="-4.837622">
        <ele>400.856593</ele>
        <time>2026-05-19T08:31:31.000Z</time>
      </trkpt>
      <trkpt lat="36.879524" lon="-4.837538">
        <ele>401.537425</ele>
        <time>2026-05-19T08:31:38.000Z</time>
      </trkpt>
      <trkpt lat="36.879526" lon="-4.837525">
        <ele>401.625348</ele>
        <time>2026-05-19T08:31:39.000Z</time>
      </trkpt>
      <trkpt lat="36.87953" lon="-4.837474">
        <ele>401.965693</ele>
        <time>2026-05-19T08:31:42.000Z</time>
      </trkpt>
      <trkpt lat="36.879532" lon="-4.837427">
        <ele>402.278289</ele>
        <time>2026-05-19T08:31:44.000Z</time>
      </trkpt>
      <trkpt lat="36.879546" lon="-4.837332">
        <ele>402.919857</ele>
        <time>2026-05-19T08:31:49.000Z</time>
      </trkpt>
      <trkpt lat="36.87955" lon="-4.837315">
        <ele>403.037547</ele>
        <time>2026-05-19T08:31:50.000Z</time>
      </trkpt>
      <trkpt lat="36.879565" lon="-4.837261">
        <ele>403.417202</ele>
        <time>2026-05-19T08:31:55.000Z</time>
      </trkpt>
      <trkpt lat="36.879567" lon="-4.837256">
        <ele>403.454331</ele>
        <time>2026-05-19T08:31:56.000Z</time>
      </trkpt>
      <trkpt lat="36.87961" lon="-4.837183">
        <ele>404.05644</ele>
        <time>2026-05-19T08:32:04.000Z</time>
      </trkpt>
      <trkpt lat="36.879651" lon="-4.83709">
        <ele>404.761706</ele>
        <time>2026-05-19T08:32:12.000Z</time>
      </trkpt>
      <trkpt lat="36.879678" lon="-4.837023">
        <ele>405.259972</ele>
        <time>2026-05-19T08:32:17.000Z</time>
      </trkpt>
      <trkpt lat="36.879755" lon="-4.837">
        <ele>405.9173</ele>
        <time>2026-05-19T08:32:25.000Z</time>
      </trkpt>
      <trkpt lat="36.87979" lon="-4.83703">
        <ele>406.26965</ele>
        <time>2026-05-19T08:32:29.000Z</time>
      </trkpt>
      <trkpt lat="36.879791" lon="-4.837077">
        <ele>406.581914</ele>
        <time>2026-05-19T08:32:33.000Z</time>
      </trkpt>
      <trkpt lat="36.879786" lon="-4.837176">
        <ele>407.240737</ele>
        <time>2026-05-19T08:32:39.000Z</time>
      </trkpt>
      <trkpt lat="36.87978" lon="-4.837233">
        <ele>407.62257</ele>
        <time>2026-05-19T08:32:43.000Z</time>
      </trkpt>
      <trkpt lat="36.879779" lon="-4.83728">
        <ele>407.934834</ele>
        <time>2026-05-19T08:32:46.000Z</time>
      </trkpt>
      <trkpt lat="36.879784" lon="-4.837293">
        <ele>408.030636</ele>
        <time>2026-05-19T08:32:47.000Z</time>
      </trkpt>
      <trkpt lat="36.87978" lon="-4.837356">
        <ele>408.45037</ele>
        <time>2026-05-19T08:32:50.000Z</time>
      </trkpt>
      <trkpt lat="36.879772" lon="-4.837397">
        <ele>408.730659</ele>
        <time>2026-05-19T08:32:52.000Z</time>
      </trkpt>
      <trkpt lat="36.879762" lon="-4.837441">
        <ele>409.034454</ele>
        <time>2026-05-19T08:32:55.000Z</time>
      </trkpt>
      <trkpt lat="36.879795" lon="-4.837539">
        <ele>409.740649</ele>
        <time>2026-05-19T08:33:03.000Z</time>
      </trkpt>
      <trkpt lat="36.879808" lon="-4.837551">
        <ele>409.874823</ele>
        <time>2026-05-19T08:33:04.000Z</time>
      </trkpt>
      <trkpt lat="36.879863" lon="-4.837635">
        <ele>410.595784</ele>
        <time>2026-05-19T08:33:11.000Z</time>
      </trkpt>
      <trkpt lat="36.879887" lon="-4.837666">
        <ele>410.882314</ele>
        <time>2026-05-19T08:33:14.000Z</time>
      </trkpt>
      <trkpt lat="36.87993" lon="-4.837731">
        <ele>411.442525</ele>
        <time>2026-05-19T08:33:19.000Z</time>
      </trkpt>
      <trkpt lat="36.87996" lon="-4.837775">
        <ele>411.826508</ele>
        <time>2026-05-19T08:33:23.000Z</time>
      </trkpt>
      <trkpt lat="36.879995" lon="-4.83782">
        <ele>412.243371</ele>
        <time>2026-05-19T08:33:27.000Z</time>
      </trkpt>
      <trkpt lat="36.880057" lon="-4.837901">
        <ele>412.987959</ele>
        <time>2026-05-19T08:33:34.000Z</time>
      </trkpt>
      <trkpt lat="36.880066" lon="-4.837909">
        <ele>413.07965</ele>
        <time>2026-05-19T08:33:35.000Z</time>
      </trkpt>
      <trkpt lat="36.880146" lon="-4.837949">
        <ele>413.795047</ele>
        <time>2026-05-19T08:33:41.000Z</time>
      </trkpt>
      <trkpt lat="36.880199" lon="-4.837937">
        <ele>414.242266</ele>
        <time>2026-05-19T08:33:46.000Z</time>
      </trkpt>
      <trkpt lat="36.880213" lon="-4.837928">
        <ele>414.372976</ele>
        <time>2026-05-19T08:33:47.000Z</time>
      </trkpt>
      <trkpt lat="36.880225" lon="-4.837919">
        <ele>414.489167</ele>
        <time>2026-05-19T08:33:48.000Z</time>
      </trkpt>
      <trkpt lat="36.880264" lon="-4.837861">
        <ele>415.004124</ele>
        <time>2026-05-19T08:33:53.000Z</time>
      </trkpt>
      <trkpt lat="36.880269" lon="-4.837849">
        <ele>415.103982</ele>
        <time>2026-05-19T08:33:54.000Z</time>
      </trkpt>
      <trkpt lat="36.880285" lon="-4.837802">
        <ele>415.48096</ele>
        <time>2026-05-19T08:33:57.000Z</time>
      </trkpt>
      <trkpt lat="36.880298" lon="-4.837758">
        <ele>415.827133</ele>
        <time>2026-05-19T08:34:00.000Z</time>
      </trkpt>
      <trkpt lat="36.880313" lon="-4.83773">
        <ele>416.075843</ele>
        <time>2026-05-19T08:34:03.000Z</time>
      </trkpt>
      <trkpt lat="36.880325" lon="-4.837715">
        <ele>416.232412</ele>
        <time>2026-05-19T08:34:05.000Z</time>
      </trkpt>
      <trkpt lat="36.880327" lon="-4.837701">
        <ele>416.33737</ele>
        <time>2026-05-19T08:34:06.000Z</time>
      </trkpt>
      <trkpt lat="36.880336" lon="-4.837675">
        <ele>416.546453</ele>
        <time>2026-05-19T08:34:08.000Z</time>
      </trkpt>
      <trkpt lat="36.880365" lon="-4.837596">
        <ele>417.187955</ele>
        <time>2026-05-19T08:34:15.000Z</time>
      </trkpt>
      <trkpt lat="36.880369" lon="-4.837584">
        <ele>417.2839</ele>
        <time>2026-05-19T08:34:16.000Z</time>
      </trkpt>
      <trkpt lat="36.880377" lon="-4.837547">
        <ele>417.566768</ele>
        <time>2026-05-19T08:34:20.000Z</time>
      </trkpt>
      <trkpt lat="36.880375" lon="-4.837546">
        <ele>417.586642</ele>
        <time>2026-05-19T08:34:22.000Z</time>
      </trkpt>
      <trkpt lat="36.880368" lon="-4.837548">
        <ele>417.652893</ele>
        <time>2026-05-19T08:34:27.000Z</time>
      </trkpt>
      <trkpt lat="36.880368" lon="-4.837541">
        <ele>417.704555</ele>
        <time>2026-05-19T08:34:29.000Z</time>
      </trkpt>
      <trkpt lat="36.880367" lon="-4.837465">
        <ele>418.265527</ele>
        <time>2026-05-19T08:34:37.000Z</time>
      </trkpt>
      <trkpt lat="36.880375" lon="-4.837432">
        <ele>418.520013</ele>
        <time>2026-05-19T08:34:40.000Z</time>
      </trkpt>
      <trkpt lat="36.880385" lon="-4.837379">
        <ele>418.921899</ele>
        <time>2026-05-19T08:34:44.000Z</time>
      </trkpt>
      <trkpt lat="36.880394" lon="-4.837335">
        <ele>419.257078</ele>
        <time>2026-05-19T08:34:47.000Z</time>
      </trkpt>
      <trkpt lat="36.880409" lon="-4.837284">
        <ele>419.658107</ele>
        <time>2026-05-19T08:34:52.000Z</time>
      </trkpt>
      <trkpt lat="36.880416" lon="-4.837246">
        <ele>419.945895</ele>
        <time>2026-05-19T08:34:56.000Z</time>
      </trkpt>
      <trkpt lat="36.880421" lon="-4.837184">
        <ele>420.405788</ele>
        <time>2026-05-19T08:35:00.000Z</time>
      </trkpt>
      <trkpt lat="36.880422" lon="-4.837076">
        <ele>421.202904</ele>
        <time>2026-05-19T08:35:06.000Z</time>
      </trkpt>
      <trkpt lat="36.880424" lon="-4.837066">
        <ele>421.278978</ele>
        <time>2026-05-19T08:35:07.000Z</time>
      </trkpt>
      <trkpt lat="36.880419" lon="-4.83697">
        <ele>421.988979</ele>
        <time>2026-05-19T08:35:13.000Z</time>
      </trkpt>
      <trkpt lat="36.880418" lon="-4.836948">
        <ele>422.151605</ele>
        <time>2026-05-19T08:35:15.000Z</time>
      </trkpt>
      <trkpt lat="36.880413" lon="-4.836902">
        <ele>422.494215</ele>
        <time>2026-05-19T08:35:18.000Z</time>
      </trkpt>
      <trkpt lat="36.880406" lon="-4.836848">
        <ele>422.897946</ele>
        <time>2026-05-19T08:35:21.000Z</time>
      </trkpt>
      <trkpt lat="36.880417" lon="-4.836819">
        <ele>423.134817</ele>
        <time>2026-05-19T08:35:25.000Z</time>
      </trkpt>
      <trkpt lat="36.880424" lon="-4.836787">
        <ele>423.379655</ele>
        <time>2026-05-19T08:35:31.000Z</time>
      </trkpt>
      <trkpt lat="36.880441" lon="-4.836762">
        <ele>423.621821</ele>
        <time>2026-05-19T08:35:40.000Z</time>
      </trkpt>
      <trkpt lat="36.88046" lon="-4.836739">
        <ele>423.86584</ele>
        <time>2026-05-19T08:35:43.000Z</time>
      </trkpt>
      <trkpt lat="36.880495" lon="-4.83671">
        <ele>424.253254</ele>
        <time>2026-05-19T08:35:47.000Z</time>
      </trkpt>
      <trkpt lat="36.880515" lon="-4.836695">
        <ele>424.468444</ele>
        <time>2026-05-19T08:35:49.000Z</time>
      </trkpt>
      <trkpt lat="36.88058" lon="-4.836659">
        <ele>425.124386</ele>
        <time>2026-05-19T08:35:55.000Z</time>
      </trkpt>
      <trkpt lat="36.880604" lon="-4.836644">
        <ele>425.371953</ele>
        <time>2026-05-19T08:35:57.000Z</time>
      </trkpt>
      <trkpt lat="36.880632" lon="-4.836619">
        <ele>425.689416</ele>
        <time>2026-05-19T08:36:00.000Z</time>
      </trkpt>
      <trkpt lat="36.880666" lon="-4.836582">
        <ele>426.105318</ele>
        <time>2026-05-19T08:36:04.000Z</time>
      </trkpt>
      <trkpt lat="36.880677" lon="-4.836564">
        <ele>426.272495</ele>
        <time>2026-05-19T08:36:06.000Z</time>
      </trkpt>
      <trkpt lat="36.880702" lon="-4.836544">
        <ele>426.546342</ele>
        <time>2026-05-19T08:36:10.000Z</time>
      </trkpt>
      <trkpt lat="36.88073" lon="-4.836521">
        <ele>426.85546</ele>
        <time>2026-05-19T08:36:13.000Z</time>
      </trkpt>
      <trkpt lat="36.880739" lon="-4.836512">
        <ele>426.961796</ele>
        <time>2026-05-19T08:36:14.000Z</time>
      </trkpt>
      <trkpt lat="36.880799" lon="-4.836478">
        <ele>427.569602</ele>
        <time>2026-05-19T08:36:19.000Z</time>
      </trkpt>
      <trkpt lat="36.88084" lon="-4.836432">
        <ele>428.077887</ele>
        <time>2026-05-19T08:36:23.000Z</time>
      </trkpt>
      <trkpt lat="36.880894" lon="-4.836361">
        <ele>428.800938</ele>
        <time>2026-05-19T08:36:28.000Z</time>
      </trkpt>
      <trkpt lat="36.880922" lon="-4.836313">
        <ele>429.239382</ele>
        <time>2026-05-19T08:36:31.000Z</time>
      </trkpt>
      <trkpt lat="36.880939" lon="-4.836281">
        <ele>429.522889</ele>
        <time>2026-05-19T08:36:33.000Z</time>
      </trkpt>
      <trkpt lat="36.880971" lon="-4.836202">
        <ele>430.176417</ele>
        <time>2026-05-19T08:36:40.000Z</time>
      </trkpt>
      <trkpt lat="36.881007" lon="-4.836118">
        <ele>430.879726</ele>
        <time>2026-05-19T08:36:47.000Z</time>
      </trkpt>
      <trkpt lat="36.881024" lon="-4.836069">
        <ele>431.273905</ele>
        <time>2026-05-19T08:36:51.000Z</time>
      </trkpt>
      <trkpt lat="36.881041" lon="-4.83602">
        <ele>431.763151</ele>
        <time>2026-05-19T08:36:55.000Z</time>
      </trkpt>
      <trkpt lat="36.881056" lon="-4.835989">
        <ele>432.16731</ele>
        <time>2026-05-19T08:36:58.000Z</time>
      </trkpt>
      <trkpt lat="36.881087" lon="-4.835939">
        <ele>432.873001</ele>
        <time>2026-05-19T08:37:03.000Z</time>
      </trkpt>
      <trkpt lat="36.881097" lon="-4.835926">
        <ele>433.074195</ele>
        <time>2026-05-19T08:37:05.000Z</time>
      </trkpt>
      <trkpt lat="36.881108" lon="-4.835891">
        <ele>433.493682</ele>
        <time>2026-05-19T08:37:09.000Z</time>
      </trkpt>
      <trkpt lat="36.881112" lon="-4.835883">
        <ele>433.598923</ele>
        <time>2026-05-19T08:37:10.000Z</time>
      </trkpt>
      <trkpt lat="36.881117" lon="-4.835883">
        <ele>433.668653</ele>
        <time>2026-05-19T08:37:16.000Z</time>
      </trkpt>
      <trkpt lat="36.881119" lon="-4.835929">
        <ele>434.182548</ele>
        <time>2026-05-19T08:37:19.000Z</time>
      </trkpt>
      <trkpt lat="36.881122" lon="-4.835919">
        <ele>434.301687</ele>
        <time>2026-05-19T08:37:21.000Z</time>
      </trkpt>
      <trkpt lat="36.881125" lon="-4.835917">
        <ele>434.349102</ele>
        <time>2026-05-19T08:37:22.000Z</time>
      </trkpt>
      <trkpt lat="36.88114" lon="-4.835851">
        <ele>435.114484</ele>
        <time>2026-05-19T08:37:31.000Z</time>
      </trkpt>
      <trkpt lat="36.881136" lon="-4.835849">
        <ele>435.174564</ele>
        <time>2026-05-19T08:37:33.000Z</time>
      </trkpt>
      <trkpt lat="36.881129" lon="-4.835851">
        <ele>435.274703</ele>
        <time>2026-05-19T08:37:35.000Z</time>
      </trkpt>
      <trkpt lat="36.881103" lon="-4.835842">
        <ele>435.650941</ele>
        <time>2026-05-19T08:37:42.000Z</time>
      </trkpt>
      <trkpt lat="36.881098" lon="-4.835841">
        <ele>435.721557</ele>
        <time>2026-05-19T08:37:43.000Z</time>
      </trkpt>
      <trkpt lat="36.881092" lon="-4.835846">
        <ele>435.822119</ele>
        <time>2026-05-19T08:37:46.000Z</time>
      </trkpt>
      <trkpt lat="36.88107" lon="-4.835869">
        <ele>436.22207</ele>
        <time>2026-05-19T08:37:52.000Z</time>
      </trkpt>
      <trkpt lat="36.881068" lon="-4.835872">
        <ele>436.265635</ele>
        <time>2026-05-19T08:37:54.000Z</time>
      </trkpt>
      <trkpt lat="36.881097" lon="-4.835847">
        <ele>436.756898</ele>
        <time>2026-05-19T08:38:02.000Z</time>
      </trkpt>
      <trkpt lat="36.881137" lon="-4.835822">
        <ele>437.380564</ele>
        <time>2026-05-19T08:38:10.000Z</time>
      </trkpt>
      <trkpt lat="36.881171" lon="-4.835776">
        <ele>438.079234</ele>
        <time>2026-05-19T08:38:14.000Z</time>
      </trkpt>
      <trkpt lat="36.881185" lon="-4.83576">
        <ele>438.343764</ele>
        <time>2026-05-19T08:38:17.000Z</time>
      </trkpt>
      <trkpt lat="36.881192" lon="-4.835753">
        <ele>438.468774</ele>
        <time>2026-05-19T08:38:18.000Z</time>
      </trkpt>
      <trkpt lat="36.88122" lon="-4.835704">
        <ele>439.140528</ele>
        <time>2026-05-19T08:38:22.000Z</time>
      </trkpt>
      <trkpt lat="36.881241" lon="-4.835668">
        <ele>439.63756</ele>
        <time>2026-05-19T08:38:25.000Z</time>
      </trkpt>
      <trkpt lat="36.881263" lon="-4.835618">
        <ele>440.274134</ele>
        <time>2026-05-19T08:38:29.000Z</time>
      </trkpt>
      <trkpt lat="36.881275" lon="-4.835584">
        <ele>440.688689</ele>
        <time>2026-05-19T08:38:32.000Z</time>
      </trkpt>
      <trkpt lat="36.881283" lon="-4.835563">
        <ele>440.948158</ele>
        <time>2026-05-19T08:38:34.000Z</time>
      </trkpt>
      <trkpt lat="36.881287" lon="-4.835554">
        <ele>441.063011</ele>
        <time>2026-05-19T08:38:35.000Z</time>
      </trkpt>
      <trkpt lat="36.881291" lon="-4.835543">
        <ele>441.197802</ele>
        <time>2026-05-19T08:38:36.000Z</time>
      </trkpt>
      <trkpt lat="36.881297" lon="-4.835525">
        <ele>441.415332</ele>
        <time>2026-05-19T08:38:38.000Z</time>
      </trkpt>
      <trkpt lat="36.881306" lon="-4.835502">
        <ele>441.700955</ele>
        <time>2026-05-19T08:38:40.000Z</time>
      </trkpt>
      <trkpt lat="36.881312" lon="-4.835475">
        <ele>442.013551</ele>
        <time>2026-05-19T08:38:42.000Z</time>
      </trkpt>
      <trkpt lat="36.881331" lon="-4.835423">
        <ele>442.651272</ele>
        <time>2026-05-19T08:38:47.000Z</time>
      </trkpt>
      <trkpt lat="36.881333" lon="-4.835409">
        <ele>442.809915</ele>
        <time>2026-05-19T08:38:48.000Z</time>
      </trkpt>
      <trkpt lat="36.88134" lon="-4.835384">
        <ele>443.105386</ele>
        <time>2026-05-19T08:38:50.000Z</time>
      </trkpt>
      <trkpt lat="36.881366" lon="-4.835338">
        <ele>443.733704</ele>
        <time>2026-05-19T08:38:54.000Z</time>
      </trkpt>
      <trkpt lat="36.881399" lon="-4.835288">
        <ele>444.456816</ele>
        <time>2026-05-19T08:38:58.000Z</time>
      </trkpt>
      <trkpt lat="36.88145" lon="-4.83522">
        <ele>445.496655</ele>
        <time>2026-05-19T08:39:05.000Z</time>
      </trkpt>
      <trkpt lat="36.881505" lon="-4.83513">
        <ele>446.760089</ele>
        <time>2026-05-19T08:39:13.000Z</time>
      </trkpt>
      <trkpt lat="36.881517" lon="-4.835105">
        <ele>447.085327</ele>
        <time>2026-05-19T08:39:16.000Z</time>
      </trkpt>
      <trkpt lat="36.881535" lon="-4.835063">
        <ele>447.616853</ele>
        <time>2026-05-19T08:39:20.000Z</time>
      </trkpt>
      <trkpt lat="36.88157" lon="-4.835007">
        <ele>448.409622</ele>
        <time>2026-05-19T08:39:27.000Z</time>
      </trkpt>
      <trkpt lat="36.881577" lon="-4.834999">
        <ele>448.541886</ele>
        <time>2026-05-19T08:39:28.000Z</time>
      </trkpt>
      <trkpt lat="36.881599" lon="-4.83497">
        <ele>448.987738</ele>
        <time>2026-05-19T08:39:31.000Z</time>
      </trkpt>
      <trkpt lat="36.881603" lon="-4.834966">
        <ele>449.059172</ele>
        <time>2026-05-19T08:39:32.000Z</time>
      </trkpt>
      <trkpt lat="36.881609" lon="-4.834959">
        <ele>449.173623</ele>
        <time>2026-05-19T08:39:33.000Z</time>
      </trkpt>
      <trkpt lat="36.881638" lon="-4.834925">
        <ele>449.728073</ele>
        <time>2026-05-19T08:39:37.000Z</time>
      </trkpt>
      <trkpt lat="36.881672" lon="-4.834912">
        <ele>450.223916</ele>
        <time>2026-05-19T08:39:42.000Z</time>
      </trkpt>
      <trkpt lat="36.881673" lon="-4.834909">
        <ele>450.260171</ele>
        <time>2026-05-19T08:39:43.000Z</time>
      </trkpt>
      <trkpt lat="36.881684" lon="-4.834906">
        <ele>450.417185</ele>
        <time>2026-05-19T08:39:49.000Z</time>
      </trkpt>
      <trkpt lat="36.881682" lon="-4.834901">
        <ele>450.479545</ele>
        <time>2026-05-19T08:39:50.000Z</time>
      </trkpt>
      <trkpt lat="36.881658" lon="-4.834886">
        <ele>450.853744</ele>
        <time>2026-05-19T08:40:01.000Z</time>
      </trkpt>
      <trkpt lat="36.881711" lon="-4.834881">
        <ele>451.594983</ele>
        <time>2026-05-19T08:40:10.000Z</time>
      </trkpt>
      <trkpt lat="36.881715" lon="-4.834884">
        <ele>451.660035</ele>
        <time>2026-05-19T08:40:12.000Z</time>
      </trkpt>
      <trkpt lat="36.88171" lon="-4.834892">
        <ele>451.773287</ele>
        <time>2026-05-19T08:40:17.000Z</time>
      </trkpt>
      <trkpt lat="36.881692" lon="-4.834912">
        <ele>452.109128</ele>
        <time>2026-05-19T08:40:21.000Z</time>
      </trkpt>
      <trkpt lat="36.881686" lon="-4.834893">
        <ele>452.336994</ele>
        <time>2026-05-19T08:40:27.000Z</time>
      </trkpt>
      <trkpt lat="36.881672" lon="-4.834879">
        <ele>452.587013</ele>
        <time>2026-05-19T08:40:36.000Z</time>
      </trkpt>
      <trkpt lat="36.881685" lon="-4.834872">
        <ele>452.784412</ele>
        <time>2026-05-19T08:40:40.000Z</time>
      </trkpt>
      <trkpt lat="36.881708" lon="-4.834851">
        <ele>453.181604</ele>
        <time>2026-05-19T08:40:43.000Z</time>
      </trkpt>
      <trkpt lat="36.881718" lon="-4.834845">
        <ele>453.336293</ele>
        <time>2026-05-19T08:40:44.000Z</time>
      </trkpt>
      <trkpt lat="36.881726" lon="-4.834838">
        <ele>453.472472</ele>
        <time>2026-05-19T08:40:45.000Z</time>
      </trkpt>
      <trkpt lat="36.881737" lon="-4.834833">
        <ele>453.635703</ele>
        <time>2026-05-19T08:40:46.000Z</time>
      </trkpt>
      <trkpt lat="36.881756" lon="-4.834821">
        <ele>453.93257</ele>
        <time>2026-05-19T08:40:48.000Z</time>
      </trkpt>
      <trkpt lat="36.881766" lon="-4.834817">
        <ele>454.078994</ele>
        <time>2026-05-19T08:40:49.000Z</time>
      </trkpt>
      <trkpt lat="36.881829" lon="-4.834807">
        <ele>454.964644</ele>
        <time>2026-05-19T08:40:54.000Z</time>
      </trkpt>
      <trkpt lat="36.881848" lon="-4.834811">
        <ele>455.233349</ele>
        <time>2026-05-19T08:40:56.000Z</time>
      </trkpt>
      <trkpt lat="36.881875" lon="-4.834819">
        <ele>455.620321</ele>
        <time>2026-05-19T08:41:00.000Z</time>
      </trkpt>
      <trkpt lat="36.881881" lon="-4.834822">
        <ele>455.710441</ele>
        <time>2026-05-19T08:41:01.000Z</time>
      </trkpt>
      <trkpt lat="36.881898" lon="-4.834831">
        <ele>455.967903</ele>
        <time>2026-05-19T08:41:04.000Z</time>
      </trkpt>
      <trkpt lat="36.881905" lon="-4.834831">
        <ele>456.065525</ele>
        <time>2026-05-19T08:41:05.000Z</time>
      </trkpt>
      <trkpt lat="36.881911" lon="-4.834831">
        <ele>456.149201</ele>
        <time>2026-05-19T08:41:06.000Z</time>
      </trkpt>
      <trkpt lat="36.881943" lon="-4.83484">
        <ele>456.609892</ele>
        <time>2026-05-19T08:41:10.000Z</time>
      </trkpt>
      <trkpt lat="36.881949" lon="-4.834844">
        <ele>456.71236</ele>
        <time>2026-05-19T08:41:11.000Z</time>
      </trkpt>
      <trkpt lat="36.881985" lon="-4.834863">
        <ele>457.301216</ele>
        <time>2026-05-19T08:41:16.000Z</time>
      </trkpt>
      <trkpt lat="36.881993" lon="-4.834871">
        <ele>457.455592</ele>
        <time>2026-05-19T08:41:17.000Z</time>
      </trkpt>
      <trkpt lat="36.882042" lon="-4.834889">
        <ele>458.225205</ele>
        <time>2026-05-19T08:41:22.000Z</time>
      </trkpt>
      <trkpt lat="36.882063" lon="-4.834884">
        <ele>458.54735</ele>
        <time>2026-05-19T08:41:24.000Z</time>
      </trkpt>
      <trkpt lat="36.882117" lon="-4.834863">
        <ele>459.399554</ele>
        <time>2026-05-19T08:41:27.000Z</time>
      </trkpt>
      <trkpt lat="36.882134" lon="-4.834846">
        <ele>459.727603</ele>
        <time>2026-05-19T08:41:29.000Z</time>
      </trkpt>
      <trkpt lat="36.882159" lon="-4.834808">
        <ele>460.320666</ele>
        <time>2026-05-19T08:41:32.000Z</time>
      </trkpt>
      <trkpt lat="36.88216" lon="-4.834775">
        <ele>460.718718</ele>
        <time>2026-05-19T08:41:35.000Z</time>
      </trkpt>
      <trkpt lat="36.882156" lon="-4.834763">
        <ele>460.875418</ele>
        <time>2026-05-19T08:41:36.000Z</time>
      </trkpt>
      <trkpt lat="36.882145" lon="-4.834749">
        <ele>461.111963</ele>
        <time>2026-05-19T08:41:38.000Z</time>
      </trkpt>
      <trkpt lat="36.882113" lon="-4.834704">
        <ele>461.837734</ele>
        <time>2026-05-19T08:41:43.000Z</time>
      </trkpt>
      <trkpt lat="36.8821" lon="-4.834687">
        <ele>462.121223</ele>
        <time>2026-05-19T08:41:44.000Z</time>
      </trkpt>
      <trkpt lat="36.88205" lon="-4.834617">
        <ele>463.252428</ele>
        <time>2026-05-19T08:41:50.000Z</time>
      </trkpt>
      <trkpt lat="36.882042" lon="-4.834602">
        <ele>463.469737</ele>
        <time>2026-05-19T08:41:51.000Z</time>
      </trkpt>
      <trkpt lat="36.88202" lon="-4.834541">
        <ele>464.27629</ele>
        <time>2026-05-19T08:41:56.000Z</time>
      </trkpt>
      <trkpt lat="36.882015" lon="-4.834528">
        <ele>464.45016</ele>
        <time>2026-05-19T08:41:57.000Z</time>
      </trkpt>
      <trkpt lat="36.882002" lon="-4.834468">
        <ele>465.199437</ele>
        <time>2026-05-19T08:42:02.000Z</time>
      </trkpt>
      <trkpt lat="36.881989" lon="-4.834383">
        <ele>466.242551</ele>
        <time>2026-05-19T08:42:07.000Z</time>
      </trkpt>
      <trkpt lat="36.88199" lon="-4.834362">
        <ele>466.496124</ele>
        <time>2026-05-19T08:42:09.000Z</time>
      </trkpt>
      <trkpt lat="36.881981" lon="-4.834329">
        <ele>466.916378</ele>
        <time>2026-05-19T08:42:12.000Z</time>
      </trkpt>
      <trkpt lat="36.88198" lon="-4.834292">
        <ele>467.362615</ele>
        <time>2026-05-19T08:42:16.000Z</time>
      </trkpt>
      <trkpt lat="36.881976" lon="-4.834268">
        <ele>467.658113</ele>
        <time>2026-05-19T08:42:18.000Z</time>
      </trkpt>
      <trkpt lat="36.881965" lon="-4.834216">
        <ele>468.306448</ele>
        <time>2026-05-19T08:42:24.000Z</time>
      </trkpt>
      <trkpt lat="36.881965" lon="-4.834235">
        <ele>468.535466</ele>
        <time>2026-05-19T08:42:29.000Z</time>
      </trkpt>
      <trkpt lat="36.88197" lon="-4.834216">
        <ele>468.77656</ele>
        <time>2026-05-19T08:42:34.000Z</time>
      </trkpt>
      <trkpt lat="36.881966" lon="-4.834198">
        <ele>469.001742</ele>
        <time>2026-05-19T08:42:37.000Z</time>
      </trkpt>
      <trkpt lat="36.881952" lon="-4.834181">
        <ele>469.295846</ele>
        <time>2026-05-19T08:42:41.000Z</time>
      </trkpt>
      <trkpt lat="36.881946" lon="-4.834171">
        <ele>469.446524</ele>
        <time>2026-05-19T08:42:43.000Z</time>
      </trkpt>
      <trkpt lat="36.88195" lon="-4.834099">
        <ele>470.316472</ele>
        <time>2026-05-19T08:42:48.000Z</time>
      </trkpt>
      <trkpt lat="36.881954" lon="-4.834086">
        <ele>470.484362</ele>
        <time>2026-05-19T08:42:49.000Z</time>
      </trkpt>
      <trkpt lat="36.881954" lon="-4.83405">
        <ele>470.918291</ele>
        <time>2026-05-19T08:42:52.000Z</time>
      </trkpt>
      <trkpt lat="36.881956" lon="-4.834025">
        <ele>471.221134</ele>
        <time>2026-05-19T08:42:54.000Z</time>
      </trkpt>
      <trkpt lat="36.881955" lon="-4.833975">
        <ele>471.824001</ele>
        <time>2026-05-19T08:42:58.000Z</time>
      </trkpt>
      <trkpt lat="36.881959" lon="-4.833961">
        <ele>472.003194</ele>
        <time>2026-05-19T08:43:00.000Z</time>
      </trkpt>
      <trkpt lat="36.881958" lon="-4.833931">
        <ele>472.365115</ele>
        <time>2026-05-19T08:43:03.000Z</time>
      </trkpt>
      <trkpt lat="36.881953" lon="-4.833901">
        <ele>472.734488</ele>
        <time>2026-05-19T08:43:06.000Z</time>
      </trkpt>
      <trkpt lat="36.881933" lon="-4.833822">
        <ele>473.733278</ele>
        <time>2026-05-19T08:43:13.000Z</time>
      </trkpt>
      <trkpt lat="36.881933" lon="-4.833807">
        <ele>473.914082</ele>
        <time>2026-05-19T08:43:14.000Z</time>
      </trkpt>
      <trkpt lat="36.881945" lon="-4.833746">
        <ele>474.67126</ele>
        <time>2026-05-19T08:43:20.000Z</time>
      </trkpt>
      <trkpt lat="36.881945" lon="-4.833683">
        <ele>475.430636</ele>
        <time>2026-05-19T08:43:25.000Z</time>
      </trkpt>
      <trkpt lat="36.881939" lon="-4.833654">
        <ele>475.791694</ele>
        <time>2026-05-19T08:43:27.000Z</time>
      </trkpt>
      <trkpt lat="36.881928" lon="-4.833632">
        <ele>476.104419</ele>
        <time>2026-05-19T08:43:29.000Z</time>
      </trkpt>
      <trkpt lat="36.881891" lon="-4.833621">
        <ele>476.677533</ele>
        <time>2026-05-19T08:43:32.000Z</time>
      </trkpt>
      <trkpt lat="36.881876" lon="-4.833602">
        <ele>476.999315</ele>
        <time>2026-05-19T08:43:34.000Z</time>
      </trkpt>
      <trkpt lat="36.881854" lon="-4.83353">
        <ele>477.92834</ele>
        <time>2026-05-19T08:43:39.000Z</time>
      </trkpt>
      <trkpt lat="36.88185" lon="-4.833488">
        <ele>478.438166</ele>
        <time>2026-05-19T08:43:42.000Z</time>
      </trkpt>
      <trkpt lat="36.881848" lon="-4.833475">
        <ele>478.597735</ele>
        <time>2026-05-19T08:43:44.000Z</time>
      </trkpt>
      <trkpt lat="36.881845" lon="-4.833473">
        <ele>478.648969</ele>
        <time>2026-05-19T08:43:45.000Z</time>
      </trkpt>
      <trkpt lat="36.881827" lon="-4.833445">
        <ele>479.081961</ele>
        <time>2026-05-19T08:43:49.000Z</time>
      </trkpt>
      <trkpt lat="36.881815" lon="-4.833415">
        <ele>479.486264</ele>
        <time>2026-05-19T08:43:52.000Z</time>
      </trkpt>
      <trkpt lat="36.881805" lon="-4.833375">
        <ele>479.991409</ele>
        <time>2026-05-19T08:43:55.000Z</time>
      </trkpt>
      <trkpt lat="36.8818" lon="-4.833353">
        <ele>480.267084</ele>
        <time>2026-05-19T08:43:57.000Z</time>
      </trkpt>
      <trkpt lat="36.881791" lon="-4.833289">
        <ele>481.050346</ele>
        <time>2026-05-19T08:44:01.000Z</time>
      </trkpt>
      <trkpt lat="36.881793" lon="-4.833277">
        <ele>481.198096</ele>
        <time>2026-05-19T08:44:03.000Z</time>
      </trkpt>
      <trkpt lat="36.881811" lon="-4.833208">
        <ele>482.072909</ele>
        <time>2026-05-19T08:44:09.000Z</time>
      </trkpt>
      <trkpt lat="36.881817" lon="-4.833195">
        <ele>482.25382</ele>
        <time>2026-05-19T08:44:11.000Z</time>
      </trkpt>
      <trkpt lat="36.88183" lon="-4.833144">
        <ele>482.899014</ele>
        <time>2026-05-19T08:44:15.000Z</time>
      </trkpt>
      <trkpt lat="36.881837" lon="-4.833128">
        <ele>483.118834</ele>
        <time>2026-05-19T08:44:16.000Z</time>
      </trkpt>
      <trkpt lat="36.881866" lon="-4.833041">
        <ele>483.898424</ele>
        <time>2026-05-19T08:44:22.000Z</time>
      </trkpt>
      <trkpt lat="36.881896" lon="-4.832975">
        <ele>484.255323</ele>
        <time>2026-05-19T08:44:27.000Z</time>
      </trkpt>
      <trkpt lat="36.881898" lon="-4.832937">
        <ele>484.434365</ele>
        <time>2026-05-19T08:44:30.000Z</time>
      </trkpt>
      <trkpt lat="36.881895" lon="-4.832893">
        <ele>484.641979</ele>
        <time>2026-05-19T08:44:35.000Z</time>
      </trkpt>
      <trkpt lat="36.881889" lon="-4.832894">
        <ele>484.677558</ele>
        <time>2026-05-19T08:44:37.000Z</time>
      </trkpt>
      <trkpt lat="36.881873" lon="-4.832829">
        <ele>484.997296</ele>
        <time>2026-05-19T08:44:42.000Z</time>
      </trkpt>
      <trkpt lat="36.881847" lon="-4.832766">
        <ele>485.330589</ele>
        <time>2026-05-19T08:44:47.000Z</time>
      </trkpt>
      <trkpt lat="36.881835" lon="-4.832717">
        <ele>485.571516</ele>
        <time>2026-05-19T08:44:51.000Z</time>
      </trkpt>
      <trkpt lat="36.881848" lon="-4.832694">
        <ele>485.703922</ele>
        <time>2026-05-19T08:44:57.000Z</time>
      </trkpt>
      <trkpt lat="36.881836" lon="-4.832656">
        <ele>485.895997</ele>
        <time>2026-05-19T08:45:01.000Z</time>
      </trkpt>
      <trkpt lat="36.881829" lon="-4.832636">
        <ele>485.998634</ele>
        <time>2026-05-19T08:45:03.000Z</time>
      </trkpt>
      <trkpt lat="36.881825" lon="-4.832623">
        <ele>486.064119</ele>
        <time>2026-05-19T08:45:04.000Z</time>
      </trkpt>
      <trkpt lat="36.881817" lon="-4.832593">
        <ele>486.212795</ele>
        <time>2026-05-19T08:45:06.000Z</time>
      </trkpt>
      <trkpt lat="36.881813" lon="-4.832577">
        <ele>486.291607</ele>
        <time>2026-05-19T08:45:07.000Z</time>
      </trkpt>
      <trkpt lat="36.881814" lon="-4.832514">
        <ele>486.587857</ele>
        <time>2026-05-19T08:45:11.000Z</time>
      </trkpt>
      <trkpt lat="36.881803" lon="-4.832425">
        <ele>487.011253</ele>
        <time>2026-05-19T08:45:17.000Z</time>
      </trkpt>
      <trkpt lat="36.881775" lon="-4.83235">
        <ele>487.400379</ele>
        <time>2026-05-19T08:45:23.000Z</time>
      </trkpt>
      <trkpt lat="36.881756" lon="-4.832346">
        <ele>487.513629</ele>
        <time>2026-05-19T08:45:27.000Z</time>
      </trkpt>
      <trkpt lat="36.881753" lon="-4.832338">
        <ele>487.555169</ele>
        <time>2026-05-19T08:45:28.000Z</time>
      </trkpt>
      <trkpt lat="36.881739" lon="-4.832327">
        <ele>487.652359</ele>
        <time>2026-05-19T08:45:32.000Z</time>
      </trkpt>
      <trkpt lat="36.881738" lon="-4.832308">
        <ele>487.74188</ele>
        <time>2026-05-19T08:45:39.000Z</time>
      </trkpt>
      <trkpt lat="36.881763" lon="-4.832299">
        <ele>487.894794</ele>
        <time>2026-05-19T08:45:46.000Z</time>
      </trkpt>
      <trkpt lat="36.88178" lon="-4.832309">
        <ele>488.005224</ele>
        <time>2026-05-19T08:45:49.000Z</time>
      </trkpt>
      <trkpt lat="36.881782" lon="-4.832307">
        <ele>488.020278</ele>
        <time>2026-05-19T08:45:51.000Z</time>
      </trkpt>
      <trkpt lat="36.881781" lon="-4.832305">
        <ele>488.031366</ele>
        <time>2026-05-19T08:45:54.000Z</time>
      </trkpt>
      <trkpt lat="36.88178" lon="-4.832303">
        <ele>488.042455</ele>
        <time>2026-05-19T08:45:56.000Z</time>
      </trkpt>
      <trkpt lat="36.881754" lon="-4.832313">
        <ele>488.202345</ele>
        <time>2026-05-19T08:46:02.000Z</time>
      </trkpt>
      <trkpt lat="36.881759" lon="-4.832322">
        <ele>488.253863</ele>
        <time>2026-05-19T08:46:05.000Z</time>
      </trkpt>
      <trkpt lat="36.881775" lon="-4.832332">
        <ele>488.359004</ele>
        <time>2026-05-19T08:46:08.000Z</time>
      </trkpt>
      <trkpt lat="36.881784" lon="-4.832346">
        <ele>488.443448</ele>
        <time>2026-05-19T08:46:12.000Z</time>
      </trkpt>
      <trkpt lat="36.881786" lon="-4.832352">
        <ele>488.474008</ele>
        <time>2026-05-19T08:46:14.000Z</time>
      </trkpt>
      <trkpt lat="36.881783" lon="-4.832347">
        <ele>488.503394</ele>
        <time>2026-05-19T08:46:16.000Z</time>
      </trkpt>
      <trkpt lat="36.88178" lon="-4.832338">
        <ele>488.549234</ele>
        <time>2026-05-19T08:46:17.000Z</time>
      </trkpt>
      <trkpt lat="36.881767" lon="-4.832314">
        <ele>488.685507</ele>
        <time>2026-05-19T08:46:21.000Z</time>
      </trkpt>
      <trkpt lat="36.881777" lon="-4.832322">
        <ele>488.755289</ele>
        <time>2026-05-19T08:46:33.000Z</time>
      </trkpt>
      <trkpt lat="36.881775" lon="-4.832317">
        <ele>488.781571</ele>
        <time>2026-05-19T08:46:37.000Z</time>
      </trkpt>
      <trkpt lat="36.881773" lon="-4.832313">
        <ele>488.803749</ele>
        <time>2026-05-19T08:46:38.000Z</time>
      </trkpt>
      <trkpt lat="36.881774" lon="-4.832314">
        <ele>488.811276</ele>
        <time>2026-05-19T08:46:42.000Z</time>
      </trkpt>
      <trkpt lat="36.881768" lon="-4.83231">
        <ele>488.851243</ele>
        <time>2026-05-19T08:46:46.000Z</time>
      </trkpt>
      <trkpt lat="36.881778" lon="-4.832323">
        <ele>488.936039</ele>
        <time>2026-05-19T08:46:51.000Z</time>
      </trkpt>
      <trkpt lat="36.88178" lon="-4.832332">
        <ele>488.979955</ele>
        <time>2026-05-19T08:46:54.000Z</time>
      </trkpt>
      <trkpt lat="36.881777" lon="-4.832331">
        <ele>488.998204</ele>
        <time>2026-05-19T08:46:55.000Z</time>
      </trkpt>
      <trkpt lat="36.881774" lon="-4.832329">
        <ele>489.018188</ele>
        <time>2026-05-19T08:46:56.000Z</time>
      </trkpt>
      <trkpt lat="36.881763" lon="-4.832334">
        <ele>489.086984</ele>
        <time>2026-05-19T08:46:59.000Z</time>
      </trkpt>
      <trkpt lat="36.881747" lon="-4.832327">
        <ele>489.18662</ele>
        <time>2026-05-19T08:47:02.000Z</time>
      </trkpt>
      <trkpt lat="36.881746" lon="-4.832322">
        <ele>489.210851</ele>
        <time>2026-05-19T08:47:03.000Z</time>
      </trkpt>
      <trkpt lat="36.881744" lon="-4.832319">
        <ele>489.229212</ele>
        <time>2026-05-19T08:47:05.000Z</time>
      </trkpt>
      <trkpt lat="36.881758" lon="-4.832337">
        <ele>489.34725</ele>
        <time>2026-05-19T08:47:14.000Z</time>
      </trkpt>
      <trkpt lat="36.881799" lon="-4.832327">
        <ele>489.592781</ele>
        <time>2026-05-19T08:47:18.000Z</time>
      </trkpt>
      <trkpt lat="36.881815" lon="-4.832262">
        <ele>489.912519</ele>
        <time>2026-05-19T08:47:23.000Z</time>
      </trkpt>
      <trkpt lat="36.88182" lon="-4.832244">
        <ele>490.002103</ele>
        <time>2026-05-19T08:47:24.000Z</time>
      </trkpt>
      <trkpt lat="36.881812" lon="-4.832157">
        <ele>490.413824</ele>
        <time>2026-05-19T08:47:31.000Z</time>
      </trkpt>
      <trkpt lat="36.881806" lon="-4.832126">
        <ele>490.563776</ele>
        <time>2026-05-19T08:47:33.000Z</time>
      </trkpt>
      <trkpt lat="36.881796" lon="-4.832044">
        <ele>490.953751</ele>
        <time>2026-05-19T08:47:39.000Z</time>
      </trkpt>
      <trkpt lat="36.881796" lon="-4.832031">
        <ele>491.01487</ele>
        <time>2026-05-19T08:47:40.000Z</time>
      </trkpt>
      <trkpt lat="36.8818" lon="-4.831945">
        <ele>491.419879</ele>
        <time>2026-05-19T08:47:48.000Z</time>
      </trkpt>
      <trkpt lat="36.881801" lon="-4.831933">
        <ele>491.476601</ele>
        <time>2026-05-19T08:47:49.000Z</time>
      </trkpt>
      <trkpt lat="36.881817" lon="-4.831885">
        <ele>491.721083</ele>
        <time>2026-05-19T08:47:58.000Z</time>
      </trkpt>
      <trkpt lat="36.881811" lon="-4.831879">
        <ele>491.766244</ele>
        <time>2026-05-19T08:48:01.000Z</time>
      </trkpt>
      <trkpt lat="36.88179" lon="-4.831882">
        <ele>491.890479</ele>
        <time>2026-05-19T08:48:07.000Z</time>
      </trkpt>
      <trkpt lat="36.881787" lon="-4.831882">
        <ele>491.908113</ele>
        <time>2026-05-19T08:48:08.000Z</time>
      </trkpt>
      <trkpt lat="36.881782" lon="-4.831892">
        <ele>491.963557</ele>
        <time>2026-05-19T08:48:13.000Z</time>
      </trkpt>
      <trkpt lat="36.88177" lon="-4.831906">
        <ele>492.060031</ele>
        <time>2026-05-19T08:48:17.000Z</time>
      </trkpt>
      <trkpt lat="36.881782" lon="-4.831907">
        <ele>492.13072</ele>
        <time>2026-05-19T08:48:21.000Z</time>
      </trkpt>
      <trkpt lat="36.881794" lon="-4.831904">
        <ele>492.20265</ele>
        <time>2026-05-19T08:48:22.000Z</time>
      </trkpt>
      <trkpt lat="36.881829" lon="-4.831892">
        <ele>492.415967</ele>
        <time>2026-05-19T08:48:25.000Z</time>
      </trkpt>
      <trkpt lat="36.881834" lon="-4.83188">
        <ele>492.47958</ele>
        <time>2026-05-19T08:48:34.000Z</time>
      </trkpt>
      <trkpt lat="36.881823" lon="-4.831886">
        <ele>492.550121</ele>
        <time>2026-05-19T08:48:37.000Z</time>
      </trkpt>
      <trkpt lat="36.881819" lon="-4.831891">
        <ele>492.583368</ele>
        <time>2026-05-19T08:48:39.000Z</time>
      </trkpt>
      <trkpt lat="36.881825" lon="-4.831896">
        <ele>492.625751</ele>
        <time>2026-05-19T08:48:41.000Z</time>
      </trkpt>
      <trkpt lat="36.881823" lon="-4.831903">
        <ele>492.660697</ele>
        <time>2026-05-19T08:48:43.000Z</time>
      </trkpt>
      <trkpt lat="36.881824" lon="-4.831907">
        <ele>492.6804</ele>
        <time>2026-05-19T08:48:44.000Z</time>
      </trkpt>
      <trkpt lat="36.881821" lon="-4.831899">
        <ele>492.72194</ele>
        <time>2026-05-19T08:48:56.000Z</time>
      </trkpt>
      <trkpt lat="36.881843" lon="-4.831879">
        <ele>492.881824</ele>
        <time>2026-05-19T08:49:05.000Z</time>
      </trkpt>
      <trkpt lat="36.881829" lon="-4.831863">
        <ele>492.993313</ele>
        <time>2026-05-19T08:49:15.000Z</time>
      </trkpt>
      <trkpt lat="36.881825" lon="-4.831855">
        <ele>493.037669</ele>
        <time>2026-05-19T08:49:18.000Z</time>
      </trkpt>
      <trkpt lat="36.881812" lon="-4.831846">
        <ele>493.125013</ele>
        <time>2026-05-19T08:49:20.000Z</time>
      </trkpt>
      <trkpt lat="36.881805" lon="-4.831827">
        <ele>493.223361</ele>
        <time>2026-05-19T08:49:23.000Z</time>
      </trkpt>
      <trkpt lat="36.881846" lon="-4.831851">
        <ele>493.489456</ele>
        <time>2026-05-19T08:49:31.000Z</time>
      </trkpt>
      <trkpt lat="36.881853" lon="-4.831846">
        <ele>493.536842</ele>
        <time>2026-05-19T08:49:36.000Z</time>
      </trkpt>
      <trkpt lat="36.881845" lon="-4.831839">
        <ele>493.594237</ele>
        <time>2026-05-19T08:49:37.000Z</time>
      </trkpt>
      <trkpt lat="36.881836" lon="-4.831835">
        <ele>493.65038</ele>
        <time>2026-05-19T08:49:38.000Z</time>
      </trkpt>
      <trkpt lat="36.881833" lon="-4.831833">
        <ele>493.670364</ele>
        <time>2026-05-19T08:49:39.000Z</time>
      </trkpt>
      <trkpt lat="36.881812" lon="-4.831809">
        <ele>493.837598</ele>
        <time>2026-05-19T08:49:43.000Z</time>
      </trkpt>
      <trkpt lat="36.881811" lon="-4.831809">
        <ele>493.843476</ele>
        <time>2026-05-19T08:49:45.000Z</time>
      </trkpt>
      <trkpt lat="36.881812" lon="-4.83181">
        <ele>493.851003</ele>
        <time>2026-05-19T08:49:46.000Z</time>
      </trkpt>
      <trkpt lat="36.881814" lon="-4.831807">
        <ele>493.869364</ele>
        <time>2026-05-19T08:49:52.000Z</time>
      </trkpt>
      <trkpt lat="36.881812" lon="-4.83181">
        <ele>493.887725</ele>
        <time>2026-05-19T08:49:55.000Z</time>
      </trkpt>
      <trkpt lat="36.88181" lon="-4.831811">
        <ele>493.900385</ele>
        <time>2026-05-19T08:49:58.000Z</time>
      </trkpt>
      <trkpt lat="36.881761" lon="-4.831829">
        <ele>494.20057</ele>
        <time>2026-05-19T08:50:10.000Z</time>
      </trkpt>
      <trkpt lat="36.881798" lon="-4.831801">
        <ele>494.309063</ele>
        <time>2026-05-19T08:50:19.000Z</time>
      </trkpt>
      <trkpt lat="36.881795" lon="-4.831799">
        <ele>494.315334</ele>
        <time>2026-05-19T08:50:21.000Z</time>
      </trkpt>
      <trkpt lat="36.881776" lon="-4.831804">
        <ele>494.351145</ele>
        <time>2026-05-19T08:50:28.000Z</time>
      </trkpt>
      <trkpt lat="36.881748" lon="-4.831806">
        <ele>494.402871</ele>
        <time>2026-05-19T08:50:39.000Z</time>
      </trkpt>
      <trkpt lat="36.881765" lon="-4.831809">
        <ele>494.434536</ele>
        <time>2026-05-19T08:50:42.000Z</time>
      </trkpt>
      <trkpt lat="36.881774" lon="-4.831812">
        <ele>494.451715</ele>
        <time>2026-05-19T08:50:43.000Z</time>
      </trkpt>
      <trkpt lat="36.881804" lon="-4.831789">
        <ele>494.516622</ele>
        <time>2026-05-19T08:50:48.000Z</time>
      </trkpt>
      <trkpt lat="36.881815" lon="-4.831782">
        <ele>494.539387</ele>
        <time>2026-05-19T08:50:50.000Z</time>
      </trkpt>
      <trkpt lat="36.881826" lon="-4.831779">
        <ele>494.560152</ele>
        <time>2026-05-19T08:50:52.000Z</time>
      </trkpt>
      <trkpt lat="36.881835" lon="-4.831785">
        <ele>494.578964</ele>
        <time>2026-05-19T08:50:57.000Z</time>
      </trkpt>
      <trkpt lat="36.881835" lon="-4.83179">
        <ele>494.58634</ele>
        <time>2026-05-19T08:50:59.000Z</time>
      </trkpt>
      <trkpt lat="36.881835" lon="-4.831772">
        <ele>494.612895</ele>
        <time>2026-05-19T08:51:09.000Z</time>
      </trkpt>
      <trkpt lat="36.881828" lon="-4.831774">
        <ele>494.626138</ele>
        <time>2026-05-19T08:51:11.000Z</time>
      </trkpt>
      <trkpt lat="36.88182" lon="-4.831809">
        <ele>494.679839</ele>
        <time>2026-05-19T08:51:19.000Z</time>
      </trkpt>
      <trkpt lat="36.881804" lon="-4.831806">
        <ele>494.709679</ele>
        <time>2026-05-19T08:51:27.000Z</time>
      </trkpt>
      <trkpt lat="36.881836" lon="-4.831793">
        <ele>494.771737</ele>
        <time>2026-05-19T08:51:34.000Z</time>
      </trkpt>
      <trkpt lat="36.881856" lon="-4.83179">
        <ele>494.808888</ele>
        <time>2026-05-19T08:51:37.000Z</time>
      </trkpt>
      <trkpt lat="36.881883" lon="-4.831766">
        <ele>494.86999</ele>
        <time>2026-05-19T08:51:41.000Z</time>
      </trkpt>
      <trkpt lat="36.881845" lon="-4.831727">
        <ele>494.960667</ele>
        <time>2026-05-19T08:51:45.000Z</time>
      </trkpt>
      <trkpt lat="36.881827" lon="-4.831706">
        <ele>495.006076</ele>
        <time>2026-05-19T08:51:48.000Z</time>
      </trkpt>
      <trkpt lat="36.881813" lon="-4.831682">
        <ele>495.049897</ele>
        <time>2026-05-19T08:51:50.000Z</time>
      </trkpt>
      <trkpt lat="36.881806" lon="-4.831665">
        <ele>495.078105</ele>
        <time>2026-05-19T08:51:52.000Z</time>
      </trkpt>
      <trkpt lat="36.881782" lon="-4.831583">
        <ele>495.206921</ele>
        <time>2026-05-19T08:51:58.000Z</time>
      </trkpt>
      <trkpt lat="36.881786" lon="-4.831544">
        <ele>495.264927</ele>
        <time>2026-05-19T08:52:01.000Z</time>
      </trkpt>
      <trkpt lat="36.881797" lon="-4.8315">
        <ele>495.332935</ele>
        <time>2026-05-19T08:52:05.000Z</time>
      </trkpt>
      <trkpt lat="36.881803" lon="-4.831468">
        <ele>495.381423</ele>
        <time>2026-05-19T08:52:08.000Z</time>
      </trkpt>
      <trkpt lat="36.881819" lon="-4.831345">
        <ele>495.565264</ele>
        <time>2026-05-19T08:52:16.000Z</time>
      </trkpt>
      <trkpt lat="36.881851" lon="-4.831214">
        <ele>495.767335</ele>
        <time>2026-05-19T08:52:26.000Z</time>
      </trkpt>
      <trkpt lat="36.881859" lon="-4.83116">
        <ele>495.848354</ele>
        <time>2026-05-19T08:52:29.000Z</time>
      </trkpt>
      <trkpt lat="36.881871" lon="-4.831095">
        <ele>495.946767</ele>
        <time>2026-05-19T08:52:33.000Z</time>
      </trkpt>
      <trkpt lat="36.881872" lon="-4.831079">
        <ele>495.970443</ele>
        <time>2026-05-19T08:52:34.000Z</time>
      </trkpt>
      <trkpt lat="36.881873" lon="-4.831067">
        <ele>495.988242</ele>
        <time>2026-05-19T08:52:35.000Z</time>
      </trkpt>
      <trkpt lat="36.881886" lon="-4.831015">
        <ele>496.068615</ele>
        <time>2026-05-19T08:52:39.000Z</time>
      </trkpt>
      <trkpt lat="36.881886" lon="-4.831002">
        <ele>496.087793</ele>
        <time>2026-05-19T08:52:40.000Z</time>
      </trkpt>
      <trkpt lat="36.881887" lon="-4.83099">
        <ele>496.105592</ele>
        <time>2026-05-19T08:52:41.000Z</time>
      </trkpt>
      <trkpt lat="36.881888" lon="-4.830977">
        <ele>496.124859</ele>
        <time>2026-05-19T08:52:42.000Z</time>
      </trkpt>
      <trkpt lat="36.881884" lon="-4.830939">
        <ele>496.181402</ele>
        <time>2026-05-19T08:52:45.000Z</time>
      </trkpt>
      <trkpt lat="36.881882" lon="-4.830906">
        <ele>496.230225</ele>
        <time>2026-05-19T08:52:47.000Z</time>
      </trkpt>
      <trkpt lat="36.881881" lon="-4.830894">
        <ele>496.248024</ele>
        <time>2026-05-19T08:52:48.000Z</time>
      </trkpt>
      <trkpt lat="36.881873" lon="-4.830852">
        <ele>496.311718</ele>
        <time>2026-05-19T08:52:51.000Z</time>
      </trkpt>
      <trkpt lat="36.881865" lon="-4.830805">
        <ele>496.382608</ele>
        <time>2026-05-19T08:52:54.000Z</time>
      </trkpt>
      <trkpt lat="36.881863" lon="-4.830768">
        <ele>496.437317</ele>
        <time>2026-05-19T08:52:56.000Z</time>
      </trkpt>
      <trkpt lat="36.881858" lon="-4.830719">
        <ele>496.510191</ele>
        <time>2026-05-19T08:52:59.000Z</time>
      </trkpt>
      <trkpt lat="36.881856" lon="-4.830634">
        <ele>496.635642</ele>
        <time>2026-05-19T08:53:05.000Z</time>
      </trkpt>
      <trkpt lat="36.881856" lon="-4.830621">
        <ele>496.65482</ele>
        <time>2026-05-19T08:53:07.000Z</time>
      </trkpt>
      <trkpt lat="36.881835" lon="-4.830516">
        <ele>496.814492</ele>
        <time>2026-05-19T08:53:14.000Z</time>
      </trkpt>
      <trkpt lat="36.88183" lon="-4.830442">
        <ele>496.92405</ele>
        <time>2026-05-19T08:53:19.000Z</time>
      </trkpt>
      <trkpt lat="36.881829" lon="-4.830428">
        <ele>496.944786</ele>
        <time>2026-05-19T08:53:20.000Z</time>
      </trkpt>
      <trkpt lat="36.88184" lon="-4.830337">
        <ele>497.080559</ele>
        <time>2026-05-19T08:53:27.000Z</time>
      </trkpt>
      <trkpt lat="36.881879" lon="-4.830269">
        <ele>497.204</ele>
        <time>2026-05-19T08:53:33.000Z</time>
      </trkpt>
      <trkpt lat="36.881895" lon="-4.830186">
        <ele>497.329952</ele>
        <time>2026-05-19T08:53:40.000Z</time>
      </trkpt>
      <trkpt lat="36.881902" lon="-4.830176">
        <ele>497.349556</ele>
        <time>2026-05-19T08:53:41.000Z</time>
      </trkpt>
      <trkpt lat="36.881913" lon="-4.830155">
        <ele>497.386588</ele>
        <time>2026-05-19T08:53:43.000Z</time>
      </trkpt>
      <trkpt lat="36.881923" lon="-4.830133">
        <ele>497.423919</ele>
        <time>2026-05-19T08:53:45.000Z</time>
      </trkpt>
      <trkpt lat="36.881925" lon="-4.830107">
        <ele>497.462452</ele>
        <time>2026-05-19T08:53:48.000Z</time>
      </trkpt>
      <trkpt lat="36.881876" lon="-4.830004">
        <ele>497.557324</ele>
        <time>2026-05-19T08:53:56.000Z</time>
      </trkpt>
      <trkpt lat="36.881824" lon="-4.829903">
        <ele>497.551842</ele>
        <time>2026-05-19T08:54:04.000Z</time>
      </trkpt>
      <trkpt lat="36.881791" lon="-4.829832">
        <ele>497.548094</ele>
        <time>2026-05-19T08:54:09.000Z</time>
      </trkpt>
      <trkpt lat="36.881765" lon="-4.829767">
        <ele>497.544777</ele>
        <time>2026-05-19T08:54:14.000Z</time>
      </trkpt>
      <trkpt lat="36.88175" lon="-4.829729">
        <ele>497.542843</ele>
        <time>2026-05-19T08:54:17.000Z</time>
      </trkpt>
      <trkpt lat="36.881738" lon="-4.829689">
        <ele>497.540893</ele>
        <time>2026-05-19T08:54:19.000Z</time>
      </trkpt>
      <trkpt lat="36.881736" lon="-4.829645">
        <ele>497.538882</ele>
        <time>2026-05-19T08:54:22.000Z</time>
      </trkpt>
      <trkpt lat="36.88175" lon="-4.829578">
        <ele>497.535721</ele>
        <time>2026-05-19T08:54:27.000Z</time>
      </trkpt>
      <trkpt lat="36.88175" lon="-4.829532">
        <ele>497.533622</ele>
        <time>2026-05-19T08:54:31.000Z</time>
      </trkpt>
      <trkpt lat="36.881725" lon="-4.82945">
        <ele>497.529617</ele>
        <time>2026-05-19T08:54:37.000Z</time>
      </trkpt>
      <trkpt lat="36.881707" lon="-4.829408">
        <ele>497.527442</ele>
        <time>2026-05-19T08:54:40.000Z</time>
      </trkpt>
      <trkpt lat="36.881696" lon="-4.829284">
        <ele>497.521748</ele>
        <time>2026-05-19T08:54:46.000Z</time>
      </trkpt>
      <trkpt lat="36.881709" lon="-4.829183">
        <ele>497.517079</ele>
        <time>2026-05-19T08:54:53.000Z</time>
      </trkpt>
      <trkpt lat="36.881717" lon="-4.82917">
        <ele>497.51633</ele>
        <time>2026-05-19T08:54:54.000Z</time>
      </trkpt>
      <trkpt lat="36.88176" lon="-4.829109">
        <ele>497.512619</ele>
        <time>2026-05-19T08:54:59.000Z</time>
      </trkpt>
      <trkpt lat="36.881772" lon="-4.829077">
        <ele>497.511006</ele>
        <time>2026-05-19T08:55:01.000Z</time>
      </trkpt>
      <trkpt lat="36.881809" lon="-4.828953">
        <ele>497.504965</ele>
        <time>2026-05-19T08:55:09.000Z</time>
      </trkpt>
      <trkpt lat="36.881831" lon="-4.828829">
        <ele>497.499168</ele>
        <time>2026-05-19T08:55:17.000Z</time>
      </trkpt>
      <trkpt lat="36.88183" lon="-4.828683">
        <ele>497.492505</ele>
        <time>2026-05-19T08:55:26.000Z</time>
      </trkpt>
      <trkpt lat="36.881837" lon="-4.828555">
        <ele>497.486649</ele>
        <time>2026-05-19T08:55:34.000Z</time>
      </trkpt>
      <trkpt lat="36.881829" lon="-4.828459">
        <ele>497.482244</ele>
        <time>2026-05-19T08:55:41.000Z</time>
      </trkpt>
      <trkpt lat="36.881756" lon="-4.828371">
        <ele>497.476457</ele>
        <time>2026-05-19T08:55:48.000Z</time>
      </trkpt>
      <trkpt lat="36.881714" lon="-4.828361">
        <ele>497.474018</ele>
        <time>2026-05-19T08:55:52.000Z</time>
      </trkpt>
      <trkpt lat="36.881705" lon="-4.828359">
        <ele>497.473496</ele>
        <time>2026-05-19T08:55:55.000Z</time>
      </trkpt>
      <trkpt lat="36.881643" lon="-4.828372">
        <ele>497.469909</ele>
        <time>2026-05-19T08:56:02.000Z</time>
      </trkpt>
      <trkpt lat="36.881632" lon="-4.828375">
        <ele>497.469266</ele>
        <time>2026-05-19T08:56:03.000Z</time>
      </trkpt>
      <trkpt lat="36.88155" lon="-4.828424">
        <ele>497.46408</ele>
        <time>2026-05-19T08:56:11.000Z</time>
      </trkpt>
      <trkpt lat="36.881508" lon="-4.828447">
        <ele>497.461464</ele>
        <time>2026-05-19T08:56:16.000Z</time>
      </trkpt>
      <trkpt lat="36.881498" lon="-4.828453">
        <ele>497.460831</ele>
        <time>2026-05-19T08:56:17.000Z</time>
      </trkpt>
      <trkpt lat="36.881464" lon="-4.828466">
        <ele>497.458802</ele>
        <time>2026-05-19T08:56:20.000Z</time>
      </trkpt>
      <trkpt lat="36.88136" lon="-4.828477">
        <ele>497.662052</ele>
        <time>2026-05-19T08:56:29.000Z</time>
      </trkpt>
      <trkpt lat="36.881278" lon="-4.828481">
        <ele>497.884945</ele>
        <time>2026-05-19T08:56:36.000Z</time>
      </trkpt>
      <trkpt lat="36.88119" lon="-4.828491">
        <ele>498.124951</ele>
        <time>2026-05-19T08:56:44.000Z</time>
      </trkpt>
      <trkpt lat="36.881183" lon="-4.82849">
        <ele>498.144088</ele>
        <time>2026-05-19T08:56:45.000Z</time>
      </trkpt>
      <trkpt lat="36.881091" lon="-4.828487">
        <ele>498.394057</ele>
        <time>2026-05-19T08:56:53.000Z</time>
      </trkpt>
      <trkpt lat="36.881015" lon="-4.828411">
        <ele>498.658397</ele>
        <time>2026-05-19T08:57:01.000Z</time>
      </trkpt>
      <trkpt lat="36.880987" lon="-4.828313">
        <ele>498.884487</ele>
        <time>2026-05-19T08:57:09.000Z</time>
      </trkpt>
      <trkpt lat="36.880947" lon="-4.828178">
        <ele>499.197263</ele>
        <time>2026-05-19T08:57:19.000Z</time>
      </trkpt>
      <trkpt lat="36.88096" lon="-4.828106">
        <ele>499.357626</ele>
        <time>2026-05-19T08:57:24.000Z</time>
      </trkpt>
      <trkpt lat="36.88097" lon="-4.828067">
        <ele>499.446604</ele>
        <time>2026-05-19T08:57:27.000Z</time>
      </trkpt>
      <trkpt lat="36.880994" lon="-4.828041">
        <ele>499.532861</ele>
        <time>2026-05-19T08:57:33.000Z</time>
      </trkpt>
      <trkpt lat="36.881007" lon="-4.828007">
        <ele>499.614734</ele>
        <time>2026-05-19T08:57:42.000Z</time>
      </trkpt>
      <trkpt lat="36.88101" lon="-4.828008">
        <ele>499.623168</ele>
        <time>2026-05-19T08:57:45.000Z</time>
      </trkpt>
      <trkpt lat="36.881003" lon="-4.828031">
        <ele>499.676632</ele>
        <time>2026-05-19T08:57:50.000Z</time>
      </trkpt>
      <trkpt lat="36.881006" lon="-4.828025">
        <ele>499.692005</ele>
        <time>2026-05-19T08:57:52.000Z</time>
      </trkpt>
      <trkpt lat="36.881007" lon="-4.828021">
        <ele>499.70111</ele>
        <time>2026-05-19T08:57:53.000Z</time>
      </trkpt>
      <trkpt lat="36.881003" lon="-4.827984">
        <ele>499.782227</ele>
        <time>2026-05-19T08:58:04.000Z</time>
      </trkpt>
      <trkpt lat="36.880997" lon="-4.82797">
        <ele>499.816734</ele>
        <time>2026-05-19T08:58:14.000Z</time>
      </trkpt>
      <trkpt lat="36.881009" lon="-4.82799">
        <ele>499.871052</ele>
        <time>2026-05-19T08:58:25.000Z</time>
      </trkpt>
      <trkpt lat="36.881027" lon="-4.828014">
        <ele>499.94253</ele>
        <time>2026-05-19T08:58:35.000Z</time>
      </trkpt>
      <trkpt lat="36.881007" lon="-4.828024">
        <ele>500.001036</ele>
        <time>2026-05-19T08:58:42.000Z</time>
      </trkpt>
      <trkpt lat="36.881003" lon="-4.828022">
        <ele>500.012737</ele>
        <time>2026-05-19T08:58:44.000Z</time>
      </trkpt>
      <trkpt lat="36.880994" lon="-4.827982">
        <ele>500.103014</ele>
        <time>2026-05-19T08:58:52.000Z</time>
      </trkpt>
      <trkpt lat="36.880991" lon="-4.82797">
        <ele>500.130328</ele>
        <time>2026-05-19T08:58:56.000Z</time>
      </trkpt>
      <trkpt lat="36.880964" lon="-4.827954">
        <ele>500.211486</ele>
        <time>2026-05-19T08:59:05.000Z</time>
      </trkpt>
      <trkpt lat="36.88095" lon="-4.827955">
        <ele>500.249574</ele>
        <time>2026-05-19T08:59:06.000Z</time>
      </trkpt>
      <trkpt lat="36.880935" lon="-4.827954">
        <ele>500.290374</ele>
        <time>2026-05-19T08:59:08.000Z</time>
      </trkpt>
      <trkpt lat="36.880937" lon="-4.827955">
        <ele>500.296224</ele>
        <time>2026-05-19T08:59:09.000Z</time>
      </trkpt>
      <trkpt lat="36.880949" lon="-4.827959">
        <ele>500.329957</ele>
        <time>2026-05-19T08:59:11.000Z</time>
      </trkpt>
      <trkpt lat="36.880957" lon="-4.827961">
        <ele>500.352116</ele>
        <time>2026-05-19T08:59:13.000Z</time>
      </trkpt>
      <trkpt lat="36.88096" lon="-4.827964">
        <ele>500.36255</ele>
        <time>2026-05-19T08:59:14.000Z</time>
      </trkpt>
      <trkpt lat="36.880963" lon="-4.827968">
        <ele>500.374463</ele>
        <time>2026-05-19T08:59:15.000Z</time>
      </trkpt>
      <trkpt lat="36.880964" lon="-4.827971">
        <ele>500.381524</ele>
        <time>2026-05-19T08:59:16.000Z</time>
      </trkpt>
      <trkpt lat="36.880966" lon="-4.827977">
        <ele>500.395647</ele>
        <time>2026-05-19T08:59:18.000Z</time>
      </trkpt>
      <trkpt lat="36.880966" lon="-4.827979">
        <ele>500.399992</ele>
        <time>2026-05-19T08:59:19.000Z</time>
      </trkpt>
      <trkpt lat="36.880967" lon="-4.827982">
        <ele>500.407053</ele>
        <time>2026-05-19T08:59:20.000Z</time>
      </trkpt>
      <trkpt lat="36.880967" lon="-4.827999">
        <ele>500.443987</ele>
        <time>2026-05-19T08:59:23.000Z</time>
      </trkpt>
      <trkpt lat="36.880991" lon="-4.828034">
        <ele>500.544145</ele>
        <time>2026-05-19T08:59:34.000Z</time>
      </trkpt>
      <trkpt lat="36.88101" lon="-4.827989">
        <ele>500.654696</ele>
        <time>2026-05-19T08:59:43.000Z</time>
      </trkpt>
      <trkpt lat="36.881007" lon="-4.827988">
        <ele>500.663129</ele>
        <time>2026-05-19T08:59:50.000Z</time>
      </trkpt>
      <trkpt lat="36.881004" lon="-4.827992">
        <ele>500.675042</ele>
        <time>2026-05-19T08:59:51.000Z</time>
      </trkpt>
      <trkpt lat="36.880989" lon="-4.827989">
        <ele>500.716302</ele>
        <time>2026-05-19T08:59:57.000Z</time>
      </trkpt>
      <trkpt lat="36.880985" lon="-4.827977">
        <ele>500.744547</ele>
        <time>2026-05-19T09:00:00.000Z</time>
      </trkpt>
      <trkpt lat="36.880997" lon="-4.827957">
        <ele>500.798865</ele>
        <time>2026-05-19T09:00:08.000Z</time>
      </trkpt>
      <trkpt lat="36.881003" lon="-4.827906">
        <ele>500.910859</ele>
        <time>2026-05-19T09:00:16.000Z</time>
      </trkpt>
      <trkpt lat="36.881022" lon="-4.827798">
        <ele>501.151107</ele>
        <time>2026-05-19T09:00:24.000Z</time>
      </trkpt>
      <trkpt lat="36.881034" lon="-4.827723">
        <ele>501.31728</ele>
        <time>2026-05-19T09:00:29.000Z</time>
      </trkpt>
      <trkpt lat="36.881034" lon="-4.827682">
        <ele>501.406356</ele>
        <time>2026-05-19T09:00:32.000Z</time>
      </trkpt>
      <trkpt lat="36.881018" lon="-4.827588">
        <ele>501.615153</ele>
        <time>2026-05-19T09:00:39.000Z</time>
      </trkpt>
      <trkpt lat="36.880987" lon="-4.827535">
        <ele>501.757802</ele>
        <time>2026-05-19T09:00:45.000Z</time>
      </trkpt>
      <trkpt lat="36.880936" lon="-4.827438">
        <ele>502.009994</ele>
        <time>2026-05-19T09:00:54.000Z</time>
      </trkpt>
      <trkpt lat="36.880902" lon="-4.827333">
        <ele>502.2561</ele>
        <time>2026-05-19T09:01:01.000Z</time>
      </trkpt>
      <trkpt lat="36.88086" lon="-4.827247">
        <ele>502.841095</ele>
        <time>2026-05-19T09:01:07.000Z</time>
      </trkpt>
      <trkpt lat="36.880848" lon="-4.827231">
        <ele>503.020403</ele>
        <time>2026-05-19T09:01:08.000Z</time>
      </trkpt>
      <trkpt lat="36.880808" lon="-4.827178">
        <ele>503.616114</ele>
        <time>2026-05-19T09:01:13.000Z</time>
      </trkpt>
      <trkpt lat="36.88079" lon="-4.827172">
        <ele>503.80651</ele>
        <time>2026-05-19T09:01:15.000Z</time>
      </trkpt>
      <trkpt lat="36.880746" lon="-4.827144">
        <ele>504.311119</ele>
        <time>2026-05-19T09:01:23.000Z</time>
      </trkpt>
      <trkpt lat="36.880717" lon="-4.827131">
        <ele>504.625992</ele>
        <time>2026-05-19T09:01:29.000Z</time>
      </trkpt>
      <trkpt lat="36.880695" lon="-4.827125">
        <ele>504.856131</ele>
        <time>2026-05-19T09:01:31.000Z</time>
      </trkpt>
      <trkpt lat="36.880653" lon="-4.827104">
        <ele>505.31845</ele>
        <time>2026-05-19T09:01:35.000Z</time>
      </trkpt>
      <trkpt lat="36.880649" lon="-4.827096">
        <ele>505.395578</ele>
        <time>2026-05-19T09:01:36.000Z</time>
      </trkpt>
      <trkpt lat="36.880585" lon="-4.827064">
        <ele>506.100064</ele>
        <time>2026-05-19T09:01:42.000Z</time>
      </trkpt>
      <trkpt lat="36.880581" lon="-4.827064">
        <ele>506.140946</ele>
        <time>2026-05-19T09:01:43.000Z</time>
      </trkpt>
      <trkpt lat="36.880535" lon="-4.827054">
        <ele>506.618144</ele>
        <time>2026-05-19T09:01:47.000Z</time>
      </trkpt>
      <trkpt lat="36.880509" lon="-4.827047">
        <ele>506.88997</ele>
        <time>2026-05-19T09:01:50.000Z</time>
      </trkpt>
      <trkpt lat="36.880491" lon="-4.827049">
        <ele>507.074664</ele>
        <time>2026-05-19T09:01:52.000Z</time>
      </trkpt>
      <trkpt lat="36.880476" lon="-4.827053">
        <ele>507.23142</ele>
        <time>2026-05-19T09:01:57.000Z</time>
      </trkpt>
      <trkpt lat="36.880472" lon="-4.827063">
        <ele>507.322825</ele>
        <time>2026-05-19T09:02:03.000Z</time>
      </trkpt>
      <trkpt lat="36.88048" lon="-4.827063">
        <ele>507.404589</ele>
        <time>2026-05-19T09:02:06.000Z</time>
      </trkpt>
      <trkpt lat="36.880482" lon="-4.827068">
        <ele>507.450291</ele>
        <time>2026-05-19T09:02:12.000Z</time>
      </trkpt>
      <trkpt lat="36.88048" lon="-4.82707">
        <ele>507.476467</ele>
        <time>2026-05-19T09:02:13.000Z</time>
      </trkpt>
      <trkpt lat="36.880485" lon="-4.827064">
        <ele>507.547302</ele>
        <time>2026-05-19T09:02:17.000Z</time>
      </trkpt>
      <trkpt lat="36.880481" lon="-4.827057">
        <ele>507.617631</ele>
        <time>2026-05-19T09:02:23.000Z</time>
      </trkpt>
      <trkpt lat="36.880476" lon="-4.827055">
        <ele>507.671286</ele>
        <time>2026-05-19T09:02:25.000Z</time>
      </trkpt>
      <trkpt lat="36.880473" lon="-4.827054">
        <ele>507.703018</ele>
        <time>2026-05-19T09:02:26.000Z</time>
      </trkpt>
      <trkpt lat="36.880469" lon="-4.827053">
        <ele>507.74471</ele>
        <time>2026-05-19T09:02:28.000Z</time>
      </trkpt>
      <trkpt lat="36.880462" lon="-4.827053">
        <ele>507.816253</ele>
        <time>2026-05-19T09:02:31.000Z</time>
      </trkpt>
      <trkpt lat="36.880462" lon="-4.827053">
        <ele>507.816253</ele>
        <time>2026-05-19T09:02:34.000Z</time>
      </trkpt>
      <trkpt lat="36.880464" lon="-4.827053">
        <ele>507.836694</ele>
        <time>2026-05-19T09:02:36.000Z</time>
      </trkpt>
      <trkpt lat="36.880464" lon="-4.827051">
        <ele>507.853045</ele>
        <time>2026-05-19T09:02:39.000Z</time>
      </trkpt>
      <trkpt lat="36.880464" lon="-4.82705">
        <ele>507.86122</ele>
        <time>2026-05-19T09:02:40.000Z</time>
      </trkpt>
      <trkpt lat="36.88046" lon="-4.827059">
        <ele>507.945392</ele>
        <time>2026-05-19T09:02:47.000Z</time>
      </trkpt>
      <trkpt lat="36.880459" lon="-4.827062">
        <ele>507.971962</ele>
        <time>2026-05-19T09:02:49.000Z</time>
      </trkpt>
      <trkpt lat="36.880462" lon="-4.827079">
        <ele>508.114284</ele>
        <time>2026-05-19T09:02:53.000Z</time>
      </trkpt>
      <trkpt lat="36.880465" lon="-4.827099">
        <ele>508.280639</ele>
        <time>2026-05-19T09:02:58.000Z</time>
      </trkpt>
      <trkpt lat="36.880462" lon="-4.827101">
        <ele>508.315388</ele>
        <time>2026-05-19T09:02:59.000Z</time>
      </trkpt>
      <trkpt lat="36.880454" lon="-4.827103">
        <ele>508.398771</ele>
        <time>2026-05-19T09:03:02.000Z</time>
      </trkpt>
      <trkpt lat="36.880433" lon="-4.82708">
        <ele>508.684116</ele>
        <time>2026-05-19T09:03:05.000Z</time>
      </trkpt>
      <trkpt lat="36.880428" lon="-4.827056">
        <ele>508.886868</ele>
        <time>2026-05-19T09:03:08.000Z</time>
      </trkpt>
      <trkpt lat="36.880387" lon="-4.827018">
        <ele>509.408505</ele>
        <time>2026-05-19T09:03:18.000Z</time>
      </trkpt>
      <trkpt lat="36.880406" lon="-4.826994">
        <ele>509.684561</ele>
        <time>2026-05-19T09:03:26.000Z</time>
      </trkpt>
      <trkpt lat="36.880366" lon="-4.826988">
        <ele>510.096313</ele>
        <time>2026-05-19T09:03:34.000Z</time>
      </trkpt>
      <trkpt lat="36.880358" lon="-4.826985">
        <ele>510.181676</ele>
        <time>2026-05-19T09:03:35.000Z</time>
      </trkpt>
      <trkpt lat="36.880274" lon="-4.826945">
        <ele>511.100369</ele>
        <time>2026-05-19T09:03:43.000Z</time>
      </trkpt>
      <trkpt lat="36.880254" lon="-4.826932">
        <ele>511.330756</ele>
        <time>2026-05-19T09:03:45.000Z</time>
      </trkpt>
      <trkpt lat="36.880217" lon="-4.826909">
        <ele>511.753083</ele>
        <time>2026-05-19T09:03:49.000Z</time>
      </trkpt>
      <trkpt lat="36.880192" lon="-4.826892">
        <ele>512.043947</ele>
        <time>2026-05-19T09:03:53.000Z</time>
      </trkpt>
      <trkpt lat="36.880175" lon="-4.826881">
        <ele>512.239589</ele>
        <time>2026-05-19T09:03:56.000Z</time>
      </trkpt>
      <trkpt lat="36.880171" lon="-4.82688">
        <ele>512.28128</ele>
        <time>2026-05-19T09:03:57.000Z</time>
      </trkpt>
      <trkpt lat="36.880163" lon="-4.826877">
        <ele>512.366644</ele>
        <time>2026-05-19T09:03:58.000Z</time>
      </trkpt>
      <trkpt lat="36.880153" lon="-4.826875">
        <ele>512.470148</ele>
        <time>2026-05-19T09:03:59.000Z</time>
      </trkpt>
      <trkpt lat="36.880138" lon="-4.826871">
        <ele>512.626905</ele>
        <time>2026-05-19T09:04:00.000Z</time>
      </trkpt>
      <trkpt lat="36.880121" lon="-4.826868">
        <ele>512.802375</ele>
        <time>2026-05-19T09:04:01.000Z</time>
      </trkpt>
      <trkpt lat="36.880092" lon="-4.826853">
        <ele>513.123137</ele>
        <time>2026-05-19T09:04:04.000Z</time>
      </trkpt>
      <trkpt lat="36.880043" lon="-4.826853">
        <ele>513.623941</ele>
        <time>2026-05-19T09:04:09.000Z</time>
      </trkpt>
      <trkpt lat="36.879979" lon="-4.826876">
        <ele>514.304543</ele>
        <time>2026-05-19T09:04:14.000Z</time>
      </trkpt>
      <trkpt lat="36.879971" lon="-4.826881">
        <ele>514.395955</ele>
        <time>2026-05-19T09:04:15.000Z</time>
      </trkpt>
      <trkpt lat="36.87995" lon="-4.826891">
        <ele>514.625628</ele>
        <time>2026-05-19T09:04:17.000Z</time>
      </trkpt>
      <trkpt lat="36.879932" lon="-4.826896">
        <ele>514.814084</ele>
        <time>2026-05-19T09:04:19.000Z</time>
      </trkpt>
      <trkpt lat="36.879915" lon="-4.82691">
        <ele>515.022143</ele>
        <time>2026-05-19T09:04:21.000Z</time>
      </trkpt>
      <trkpt lat="36.879909" lon="-4.826913">
        <ele>515.088188</ele>
        <time>2026-05-19T09:04:22.000Z</time>
      </trkpt>
      <trkpt lat="36.879904" lon="-4.826917">
        <ele>515.148858</ele>
        <time>2026-05-19T09:04:23.000Z</time>
      </trkpt>
      <trkpt lat="36.879885" lon="-4.826924">
        <ele>515.351305</ele>
        <time>2026-05-19T09:04:26.000Z</time>
      </trkpt>
      <trkpt lat="36.879878" lon="-4.826925">
        <ele>515.423314</ele>
        <time>2026-05-19T09:04:27.000Z</time>
      </trkpt>
      <trkpt lat="36.87979" lon="-4.826931">
        <ele>516.324054</ele>
        <time>2026-05-19T09:04:35.000Z</time>
      </trkpt>
      <trkpt lat="36.879766" lon="-4.826926">
        <ele>516.572729</ele>
        <time>2026-05-19T09:04:37.000Z</time>
      </trkpt>
      <trkpt lat="36.879712" lon="-4.826934">
        <ele>517.128497</ele>
        <time>2026-05-19T09:04:42.000Z</time>
      </trkpt>
      <trkpt lat="36.879688" lon="-4.826939">
        <ele>517.377172</ele>
        <time>2026-05-19T09:04:45.000Z</time>
      </trkpt>
      <trkpt lat="36.879674" lon="-4.82694">
        <ele>517.520492</ele>
        <time>2026-05-19T09:04:46.000Z</time>
      </trkpt>
      <trkpt lat="36.879645" lon="-4.826938">
        <ele>517.817337</ele>
        <time>2026-05-19T09:04:48.000Z</time>
      </trkpt>
      <trkpt lat="36.879634" lon="-4.826939">
        <ele>517.93006</ele>
        <time>2026-05-19T09:04:49.000Z</time>
      </trkpt>
      <trkpt lat="36.879604" lon="-4.82694">
        <ele>518.236784</ele>
        <time>2026-05-19T09:04:51.000Z</time>
      </trkpt>
      <trkpt lat="36.879537" lon="-4.826923">
        <ele>518.935519</ele>
        <time>2026-05-19T09:04:57.000Z</time>
      </trkpt>
      <trkpt lat="36.87953" lon="-4.826911">
        <ele>519.056939</ele>
        <time>2026-05-19T09:04:59.000Z</time>
      </trkpt>
      <trkpt lat="36.879515" lon="-4.826881">
        <ele>519.346173</ele>
        <time>2026-05-19T09:05:03.000Z</time>
      </trkpt>
      <trkpt lat="36.879501" lon="-4.826827">
        <ele>519.810252</ele>
        <time>2026-05-19T09:05:08.000Z</time>
      </trkpt>
      <trkpt lat="36.879497" lon="-4.826812">
        <ele>519.939518</ele>
        <time>2026-05-19T09:05:09.000Z</time>
      </trkpt>
      <trkpt lat="36.879472" lon="-4.826767">
        <ele>520.387436</ele>
        <time>2026-05-19T09:05:14.000Z</time>
      </trkpt>
      <trkpt lat="36.879462" lon="-4.826769">
        <ele>520.490941</ele>
        <time>2026-05-19T09:05:20.000Z</time>
      </trkpt>
      <trkpt lat="36.879463" lon="-4.82677">
        <ele>520.504029</ele>
        <time>2026-05-19T09:05:22.000Z</time>
      </trkpt>
      <trkpt lat="36.87947" lon="-4.826777">
        <ele>520.595645</ele>
        <time>2026-05-19T09:05:27.000Z</time>
      </trkpt>
      <trkpt lat="36.879467" lon="-4.826779">
        <ele>520.630394</ele>
        <time>2026-05-19T09:05:29.000Z</time>
      </trkpt>
      <trkpt lat="36.879459" lon="-4.826774">
        <ele>520.721806</ele>
        <time>2026-05-19T09:05:31.000Z</time>
      </trkpt>
      <trkpt lat="36.879455" lon="-4.826772">
        <ele>520.744996</ele>
        <time>2026-05-19T09:05:32.000Z</time>
      </trkpt>
      <trkpt lat="36.879449" lon="-4.826771">
        <ele>520.774859</ele>
        <time>2026-05-19T09:05:39.000Z</time>
      </trkpt>
      <trkpt lat="36.879457" lon="-4.826779">
        <ele>520.825401</ele>
        <time>2026-05-19T09:05:42.000Z</time>
      </trkpt>
      <trkpt lat="36.879459" lon="-4.82678">
        <ele>520.836028</ele>
        <time>2026-05-19T09:05:43.000Z</time>
      </trkpt>
      <trkpt lat="36.879461" lon="-4.826779">
        <ele>520.846655</ele>
        <time>2026-05-19T09:05:44.000Z</time>
      </trkpt>
      <trkpt lat="36.879461" lon="-4.826779">
        <ele>520.846655</ele>
        <time>2026-05-19T09:05:45.000Z</time>
      </trkpt>
      <trkpt lat="36.879451" lon="-4.82676">
        <ele>520.936412</ele>
        <time>2026-05-19T09:05:54.000Z</time>
      </trkpt>
      <trkpt lat="36.879442" lon="-4.826767">
        <ele>520.988706</ele>
        <time>2026-05-19T09:05:58.000Z</time>
      </trkpt>
      <trkpt lat="36.879448" lon="-4.826772">
        <ele>521.024281</ele>
        <time>2026-05-19T09:06:03.000Z</time>
      </trkpt>
      <trkpt lat="36.879443" lon="-4.826774">
        <ele>521.050181</ele>
        <time>2026-05-19T09:06:06.000Z</time>
      </trkpt>
      <trkpt lat="36.879444" lon="-4.826768">
        <ele>521.074368</ele>
        <time>2026-05-19T09:06:13.000Z</time>
      </trkpt>
      <trkpt lat="36.879457" lon="-4.826771">
        <ele>521.139588</ele>
        <time>2026-05-19T09:06:15.000Z</time>
      </trkpt>
      <trkpt lat="36.879459" lon="-4.826775">
        <ele>521.158203</ele>
        <time>2026-05-19T09:06:16.000Z</time>
      </trkpt>
      <trkpt lat="36.879461" lon="-4.826774">
        <ele>521.16883</ele>
        <time>2026-05-19T09:06:17.000Z</time>
      </trkpt>
      <trkpt lat="36.879462" lon="-4.826776">
        <ele>521.178138</ele>
        <time>2026-05-19T09:06:18.000Z</time>
      </trkpt>
      <trkpt lat="36.879466" lon="-4.826781">
        <ele>521.206045</ele>
        <time>2026-05-19T09:06:22.000Z</time>
      </trkpt>
      <trkpt lat="36.879449" lon="-4.826786">
        <ele>521.292206</ele>
        <time>2026-05-19T09:06:31.000Z</time>
      </trkpt>
      <trkpt lat="36.879451" lon="-4.826784">
        <ele>521.304841</ele>
        <time>2026-05-19T09:06:33.000Z</time>
      </trkpt>
      <trkpt lat="36.87947" lon="-4.826703">
        <ele>521.637958</ele>
        <time>2026-05-19T09:06:40.000Z</time>
      </trkpt>
      <trkpt lat="36.879477" lon="-4.826662">
        <ele>521.803404</ele>
        <time>2026-05-19T09:06:42.000Z</time>
      </trkpt>
      <trkpt lat="36.879493" lon="-4.826606">
        <ele>522.038075</ele>
        <time>2026-05-19T09:06:45.000Z</time>
      </trkpt>
      <trkpt lat="36.879507" lon="-4.826494">
        <ele>522.485433</ele>
        <time>2026-05-19T09:06:52.000Z</time>
      </trkpt>
      <trkpt lat="36.879493" lon="-4.826382">
        <ele>522.93279</ele>
        <time>2026-05-19T09:07:00.000Z</time>
      </trkpt>
      <trkpt lat="36.879496" lon="-4.826303">
        <ele>523.244905</ele>
        <time>2026-05-19T09:07:05.000Z</time>
      </trkpt>
      <trkpt lat="36.879505" lon="-4.826243">
        <ele>523.485814</ele>
        <time>2026-05-19T09:07:09.000Z</time>
      </trkpt>
      <trkpt lat="36.879493" lon="-4.826177">
        <ele>523.752918</ele>
        <time>2026-05-19T09:07:14.000Z</time>
      </trkpt>
      <trkpt lat="36.879476" lon="-4.826134">
        <ele>523.942207</ele>
        <time>2026-05-19T09:07:17.000Z</time>
      </trkpt>
      <trkpt lat="36.879424" lon="-4.826051">
        <ele>524.358265</ele>
        <time>2026-05-19T09:07:25.000Z</time>
      </trkpt>
      <trkpt lat="36.87939" lon="-4.825998">
        <ele>524.626378</ele>
        <time>2026-05-19T09:07:30.000Z</time>
      </trkpt>
      <trkpt lat="36.879353" lon="-4.825914">
        <ele>525.00481</ele>
        <time>2026-05-19T09:07:35.000Z</time>
      </trkpt>
      <trkpt lat="36.879341" lon="-4.825789">
        <ele>525.501647</ele>
        <time>2026-05-19T09:07:43.000Z</time>
      </trkpt>
      <trkpt lat="36.879306" lon="-4.825651">
        <ele>526.072967</ele>
        <time>2026-05-19T09:07:52.000Z</time>
      </trkpt>
      <trkpt lat="36.87922" lon="-4.825607">
        <ele>526.531411</ele>
        <time>2026-05-19T09:07:59.000Z</time>
      </trkpt>
      <trkpt lat="36.879145" lon="-4.825549">
        <ele>526.966503</ele>
        <time>2026-05-19T09:08:05.000Z</time>
      </trkpt>
      <trkpt lat="36.879135" lon="-4.825537">
        <ele>527.034889</ele>
        <time>2026-05-19T09:08:06.000Z</time>
      </trkpt>
      <trkpt lat="36.879126" lon="-4.825527">
        <ele>527.094294</ele>
        <time>2026-05-19T09:08:07.000Z</time>
      </trkpt>
      <trkpt lat="36.879106" lon="-4.825505">
        <ele>527.225724</ele>
        <time>2026-05-19T09:08:09.000Z</time>
      </trkpt>
      <trkpt lat="36.879082" lon="-4.825473">
        <ele>527.398836</ele>
        <time>2026-05-19T09:08:11.000Z</time>
      </trkpt>
      <trkpt lat="36.879063" lon="-4.825437">
        <ele>527.569044</ele>
        <time>2026-05-19T09:08:13.000Z</time>
      </trkpt>
      <trkpt lat="36.879058" lon="-4.825423">
        <ele>527.62955</ele>
        <time>2026-05-19T09:08:14.000Z</time>
      </trkpt>
      <trkpt lat="36.879068" lon="-4.825364">
        <ele>527.867557</ele>
        <time>2026-05-19T09:08:19.000Z</time>
      </trkpt>
      <trkpt lat="36.879086" lon="-4.825283">
        <ele>528.199321</ele>
        <time>2026-05-19T09:08:25.000Z</time>
      </trkpt>
      <trkpt lat="36.87909" lon="-4.825267">
        <ele>528.265475</ele>
        <time>2026-05-19T09:08:26.000Z</time>
      </trkpt>
      <trkpt lat="36.879118" lon="-4.825179">
        <ele>528.639223</ele>
        <time>2026-05-19T09:08:32.000Z</time>
      </trkpt>
      <trkpt lat="36.879126" lon="-4.825148">
        <ele>528.76777</ele>
        <time>2026-05-19T09:08:34.000Z</time>
      </trkpt>
      <trkpt lat="36.879132" lon="-4.825135">
        <ele>528.827001</ele>
        <time>2026-05-19T09:08:35.000Z</time>
      </trkpt>
      <trkpt lat="36.879158" lon="-4.825084">
        <ele>529.065668</ele>
        <time>2026-05-19T09:08:39.000Z</time>
      </trkpt>
      <trkpt lat="36.879234" lon="-4.825028">
        <ele>529.500902</ele>
        <time>2026-05-19T09:08:46.000Z</time>
      </trkpt>
      <trkpt lat="36.879279" lon="-4.824943">
        <ele>529.837756</ele>
        <time>2026-05-19T09:08:52.000Z</time>
      </trkpt>
      <trkpt lat="36.879307" lon="-4.824904">
        <ele>530.000053</ele>
        <time>2026-05-19T09:08:55.000Z</time>
      </trkpt>
      <trkpt lat="36.879365" lon="-4.824791">
        <ele>530.415859</ele>
        <time>2026-05-19T09:09:04.000Z</time>
      </trkpt>
      <trkpt lat="36.879396" lon="-4.824666">
        <ele>530.821157</ele>
        <time>2026-05-19T09:09:12.000Z</time>
      </trkpt>
      <trkpt lat="36.879346" lon="-4.824567">
        <ele>531.183755</ele>
        <time>2026-05-19T09:09:19.000Z</time>
      </trkpt>
      <trkpt lat="36.879294" lon="-4.824482">
        <ele>531.515159</ele>
        <time>2026-05-19T09:09:25.000Z</time>
      </trkpt>
      <trkpt lat="36.879301" lon="-4.82444">
        <ele>531.648024</ele>
        <time>2026-05-19T09:09:29.000Z</time>
      </trkpt>
      <trkpt lat="36.879297" lon="-4.824391">
        <ele>531.800563</ele>
        <time>2026-05-19T09:09:32.000Z</time>
      </trkpt>
      <trkpt lat="36.879273" lon="-4.824246">
        <ele>532.259135</ele>
        <time>2026-05-19T09:09:40.000Z</time>
      </trkpt>
      <trkpt lat="36.879239" lon="-4.824187">
        <ele>532.484335</ele>
        <time>2026-05-19T09:09:45.000Z</time>
      </trkpt>
      <trkpt lat="36.879203" lon="-4.824165">
        <ele>532.639477</ele>
        <time>2026-05-19T09:09:48.000Z</time>
      </trkpt>
      <trkpt lat="36.879189" lon="-4.824166">
        <ele>532.693769</ele>
        <time>2026-05-19T09:09:49.000Z</time>
      </trkpt>
      <trkpt lat="36.879128" lon="-4.82415">
        <ele>532.935083</ele>
        <time>2026-05-19T09:09:54.000Z</time>
      </trkpt>
      <trkpt lat="36.87912" lon="-4.824148">
        <ele>532.966669</ele>
        <time>2026-05-19T09:09:55.000Z</time>
      </trkpt>
      <trkpt lat="36.879053" lon="-4.824132">
        <ele>533.230762</ele>
        <time>2026-05-19T09:10:02.000Z</time>
      </trkpt>
      <trkpt lat="36.878923" lon="-4.824097">
        <ele>533.745619</ele>
        <time>2026-05-19T09:10:10.000Z</time>
      </trkpt>
      <trkpt lat="36.878854" lon="-4.824037">
        <ele>534.071034</ele>
        <time>2026-05-19T09:10:17.000Z</time>
      </trkpt>
      <trkpt lat="36.87884" lon="-4.824023">
        <ele>534.140445</ele>
        <time>2026-05-19T09:10:18.000Z</time>
      </trkpt>
      <trkpt lat="36.878815" lon="-4.824001">
        <ele>534.258812</ele>
        <time>2026-05-19T09:10:20.000Z</time>
      </trkpt>
      <trkpt lat="36.878786" lon="-4.823975">
        <ele>534.396979</ele>
        <time>2026-05-19T09:10:24.000Z</time>
      </trkpt>
      <trkpt lat="36.878702" lon="-4.823915">
        <ele>534.771542</ele>
        <time>2026-05-19T09:10:31.000Z</time>
      </trkpt>
      <trkpt lat="36.878635" lon="-4.823871">
        <ele>535.064557</ele>
        <time>2026-05-19T09:10:38.000Z</time>
      </trkpt>
      <trkpt lat="36.878542" lon="-4.823815">
        <ele>535.464214</ele>
        <time>2026-05-19T09:10:45.000Z</time>
      </trkpt>
      <trkpt lat="36.878493" lon="-4.823788">
        <ele>535.671537</ele>
        <time>2026-05-19T09:10:51.000Z</time>
      </trkpt>
      <trkpt lat="36.878398" lon="-4.82374">
        <ele>536.068251</ele>
        <time>2026-05-19T09:10:59.000Z</time>
      </trkpt>
      <trkpt lat="36.878375" lon="-4.823729">
        <ele>536.163593</ele>
        <time>2026-05-19T09:11:02.000Z</time>
      </trkpt>
      <trkpt lat="36.878328" lon="-4.823697">
        <ele>536.370799</ele>
        <time>2026-05-19T09:11:07.000Z</time>
      </trkpt>
      <trkpt lat="36.878258" lon="-4.823617">
        <ele>536.761132</ele>
        <time>2026-05-19T09:11:14.000Z</time>
      </trkpt>
      <trkpt lat="36.87824" lon="-4.823596">
        <ele>536.869061</ele>
        <time>2026-05-19T09:11:16.000Z</time>
      </trkpt>
      <trkpt lat="36.87814" lon="-4.82351">
        <ele>537.401137</ele>
        <time>2026-05-19T09:11:24.000Z</time>
      </trkpt>
      <trkpt lat="36.878062" lon="-4.823458">
        <ele>537.788644</ele>
        <time>2026-05-19T09:11:32.000Z</time>
      </trkpt>
      <trkpt lat="36.877981" lon="-4.823455">
        <ele>538.143877</ele>
        <time>2026-05-19T09:11:39.000Z</time>
      </trkpt>
      <trkpt lat="36.877895" lon="-4.823453">
        <ele>538.520937</ele>
        <time>2026-05-19T09:11:45.000Z</time>
      </trkpt>
      <trkpt lat="36.877844" lon="-4.823458">
        <ele>538.74519</ele>
        <time>2026-05-19T09:11:51.000Z</time>
      </trkpt>
      <trkpt lat="36.877759" lon="-4.823412">
        <ele>539.151217</ele>
        <time>2026-05-19T09:11:57.000Z</time>
      </trkpt>
      <trkpt lat="36.8777" lon="-4.823364">
        <ele>539.459799</ele>
        <time>2026-05-19T09:12:03.000Z</time>
      </trkpt>
      <trkpt lat="36.877648" lon="-4.823335">
        <ele>539.709403</ele>
        <time>2026-05-19T09:12:06.000Z</time>
      </trkpt>
      <trkpt lat="36.877618" lon="-4.823317">
        <ele>539.855276</ele>
        <time>2026-05-19T09:12:09.000Z</time>
      </trkpt>
      <trkpt lat="36.877559" lon="-4.823265">
        <ele>540.171727</ele>
        <time>2026-05-19T09:12:15.000Z</time>
      </trkpt>
      <trkpt lat="36.877535" lon="-4.823245">
        <ele>540.298167</ele>
        <time>2026-05-19T09:12:17.000Z</time>
      </trkpt>
      <trkpt lat="36.877508" lon="-4.823199">
        <ele>540.498236</ele>
        <time>2026-05-19T09:12:23.000Z</time>
      </trkpt>
      <trkpt lat="36.877434" lon="-4.823121">
        <ele>540.922546</ele>
        <time>2026-05-19T09:12:30.000Z</time>
      </trkpt>
      <trkpt lat="36.877425" lon="-4.823114">
        <ele>540.969012</ele>
        <time>2026-05-19T09:12:31.000Z</time>
      </trkpt>
      <trkpt lat="36.877385" lon="-4.82308">
        <ele>541.181051</ele>
        <time>2026-05-19T09:12:36.000Z</time>
      </trkpt>
      <trkpt lat="36.877331" lon="-4.823044">
        <ele>541.449326</ele>
        <time>2026-05-19T09:12:40.000Z</time>
      </trkpt>
      <trkpt lat="36.877312" lon="-4.823035">
        <ele>541.538394</ele>
        <time>2026-05-19T09:12:42.000Z</time>
      </trkpt>
      <trkpt lat="36.877269" lon="-4.82299">
        <ele>541.784221</ele>
        <time>2026-05-19T09:12:48.000Z</time>
      </trkpt>
      <trkpt lat="36.877203" lon="-4.822953">
        <ele>542.101303</ele>
        <time>2026-05-19T09:12:52.000Z</time>
      </trkpt>
      <trkpt lat="36.877161" lon="-4.822929">
        <ele>542.303739</ele>
        <time>2026-05-19T09:12:55.000Z</time>
      </trkpt>
      <trkpt lat="36.877082" lon="-4.822905">
        <ele>542.660128</ele>
        <time>2026-05-19T09:13:04.000Z</time>
      </trkpt>
      <trkpt lat="36.876999" lon="-4.822882">
        <ele>543.032804</ele>
        <time>2026-05-19T09:13:11.000Z</time>
      </trkpt>
      <trkpt lat="36.876986" lon="-4.822881">
        <ele>543.089899</ele>
        <time>2026-05-19T09:13:12.000Z</time>
      </trkpt>
      <trkpt lat="36.876973" lon="-4.822882">
        <ele>543.146994</ele>
        <time>2026-05-19T09:13:13.000Z</time>
      </trkpt>
      <trkpt lat="36.87692" lon="-4.822882">
        <ele>543.379329</ele>
        <time>2026-05-19T09:13:20.000Z</time>
      </trkpt>
      <trkpt lat="36.876915" lon="-4.822911">
        <ele>543.483356</ele>
        <time>2026-05-19T09:13:27.000Z</time>
      </trkpt>
      <trkpt lat="36.876925" lon="-4.822899">
        <ele>543.54412</ele>
        <time>2026-05-19T09:13:31.000Z</time>
      </trkpt>
      <trkpt lat="36.876937" lon="-4.822919">
        <ele>543.631788</ele>
        <time>2026-05-19T09:13:34.000Z</time>
      </trkpt>
      <trkpt lat="36.87694" lon="-4.822926">
        <ele>543.659635</ele>
        <time>2026-05-19T09:13:35.000Z</time>
      </trkpt>
      <trkpt lat="36.87694" lon="-4.82294">
        <ele>543.708728</ele>
        <time>2026-05-19T09:13:39.000Z</time>
      </trkpt>
      <trkpt lat="36.876936" lon="-4.822936">
        <ele>543.731182</ele>
        <time>2026-05-19T09:13:41.000Z</time>
      </trkpt>
      <trkpt lat="36.876934" lon="-4.822936">
        <ele>543.73995</ele>
        <time>2026-05-19T09:13:42.000Z</time>
      </trkpt>
      <trkpt lat="36.876939" lon="-4.822937">
        <ele>543.762147</ele>
        <time>2026-05-19T09:13:47.000Z</time>
      </trkpt>
      <trkpt lat="36.876939" lon="-4.822944">
        <ele>543.786693</ele>
        <time>2026-05-19T09:13:50.000Z</time>
      </trkpt>
      <trkpt lat="36.876928" lon="-4.82296">
        <ele>543.860673</ele>
        <time>2026-05-19T09:13:55.000Z</time>
      </trkpt>
      <trkpt lat="36.876928" lon="-4.822959">
        <ele>543.86418</ele>
        <time>2026-05-19T09:13:56.000Z</time>
      </trkpt>
      <trkpt lat="36.876943" lon="-4.822945">
        <ele>543.946239</ele>
        <time>2026-05-19T09:14:04.000Z</time>
      </trkpt>
      <trkpt lat="36.876946" lon="-4.822936">
        <ele>543.980429</ele>
        <time>2026-05-19T09:14:06.000Z</time>
      </trkpt>
      <trkpt lat="36.876924" lon="-4.822873">
        <ele>544.221479</ele>
        <time>2026-05-19T09:14:12.000Z</time>
      </trkpt>
      <trkpt lat="36.876908" lon="-4.822851">
        <ele>544.325742</ele>
        <time>2026-05-19T09:14:14.000Z</time>
      </trkpt>
      <trkpt lat="36.876835" lon="-4.822796">
        <ele>544.918444</ele>
        <time>2026-05-19T09:14:20.000Z</time>
      </trkpt>
      <trkpt lat="36.876786" lon="-4.822772">
        <ele>545.349957</ele>
        <time>2026-05-19T09:14:24.000Z</time>
      </trkpt>
      <trkpt lat="36.876753" lon="-4.822745">
        <ele>545.673341</ele>
        <time>2026-05-19T09:14:27.000Z</time>
      </trkpt>
      <trkpt lat="36.87673" lon="-4.822694">
        <ele>546.057349</ele>
        <time>2026-05-19T09:14:32.000Z</time>
      </trkpt>
      <trkpt lat="36.876726" lon="-4.82268">
        <ele>546.154857</ele>
        <time>2026-05-19T09:14:33.000Z</time>
      </trkpt>
      <trkpt lat="36.876657" lon="-4.82262">
        <ele>546.844034</ele>
        <time>2026-05-19T09:14:40.000Z</time>
      </trkpt>
      <trkpt lat="36.876604" lon="-4.822586">
        <ele>547.332486</ele>
        <time>2026-05-19T09:14:46.000Z</time>
      </trkpt>
      <trkpt lat="36.876566" lon="-4.822573">
        <ele>547.655523</ele>
        <time>2026-05-19T09:14:49.000Z</time>
      </trkpt>
      <trkpt lat="36.87653" lon="-4.822564">
        <ele>547.95655</ele>
        <time>2026-05-19T09:14:53.000Z</time>
      </trkpt>
      <trkpt lat="36.876475" lon="-4.822566">
        <ele>548.407713</ele>
        <time>2026-05-19T09:14:57.000Z</time>
      </trkpt>
      <trkpt lat="36.876435" lon="-4.822573">
        <ele>548.738891</ele>
        <time>2026-05-19T09:15:00.000Z</time>
      </trkpt>
      <trkpt lat="36.876395" lon="-4.822588">
        <ele>549.08131</ele>
        <time>2026-05-19T09:15:04.000Z</time>
      </trkpt>
      <trkpt lat="36.876389" lon="-4.82259">
        <ele>549.132225</ele>
        <time>2026-05-19T09:15:05.000Z</time>
      </trkpt>
      <trkpt lat="36.876377" lon="-4.822594">
        <ele>549.234057</ele>
        <time>2026-05-19T09:15:07.000Z</time>
      </trkpt>
      <trkpt lat="36.87637" lon="-4.822597">
        <ele>549.294733</ele>
        <time>2026-05-19T09:15:08.000Z</time>
      </trkpt>
      <trkpt lat="36.87633" lon="-4.822613">
        <ele>549.639093</ele>
        <time>2026-05-19T09:15:11.000Z</time>
      </trkpt>
      <trkpt lat="36.876304" lon="-4.822622">
        <ele>549.860302</ele>
        <time>2026-05-19T09:15:14.000Z</time>
      </trkpt>
      <trkpt lat="36.876275" lon="-4.822634">
        <ele>550.110776</ele>
        <time>2026-05-19T09:15:17.000Z</time>
      </trkpt>
      <trkpt lat="36.876245" lon="-4.822636">
        <ele>550.35711</ele>
        <time>2026-05-19T09:15:21.000Z</time>
      </trkpt>
      <trkpt lat="36.876222" lon="-4.822637">
        <ele>550.545812</ele>
        <time>2026-05-19T09:15:23.000Z</time>
      </trkpt>
      <trkpt lat="36.876202" lon="-4.822635">
        <ele>550.710326</ele>
        <time>2026-05-19T09:15:25.000Z</time>
      </trkpt>
      <trkpt lat="36.876194" lon="-4.822633">
        <ele>550.777221</ele>
        <time>2026-05-19T09:15:26.000Z</time>
      </trkpt>
      <trkpt lat="36.876181" lon="-4.822627">
        <ele>550.890847</ele>
        <time>2026-05-19T09:15:28.000Z</time>
      </trkpt>
      <trkpt lat="36.876169" lon="-4.822626">
        <ele>550.98946</ele>
        <time>2026-05-19T09:15:29.000Z</time>
      </trkpt>
      <trkpt lat="36.876143" lon="-4.822625">
        <ele>551.202747</ele>
        <time>2026-05-19T09:15:31.000Z</time>
      </trkpt>
      <trkpt lat="36.87612" lon="-4.822627">
        <ele>551.391791</ele>
        <time>2026-05-19T09:15:34.000Z</time>
      </trkpt>
      <trkpt lat="36.876109" lon="-4.822628">
        <ele>551.482224</ele>
        <time>2026-05-19T09:15:35.000Z</time>
      </trkpt>
      <trkpt lat="36.876055" lon="-4.822615">
        <ele>551.933132</ele>
        <time>2026-05-19T09:15:39.000Z</time>
      </trkpt>
      <trkpt lat="36.876033" lon="-4.822614">
        <ele>552.11364</ele>
        <time>2026-05-19T09:15:41.000Z</time>
      </trkpt>
      <trkpt lat="36.87602" lon="-4.822616">
        <ele>552.221038</ele>
        <time>2026-05-19T09:15:42.000Z</time>
      </trkpt>
      <trkpt lat="36.875989" lon="-4.822609">
        <ele>552.479336</ele>
        <time>2026-05-19T09:15:46.000Z</time>
      </trkpt>
      <trkpt lat="36.875963" lon="-4.822592">
        <ele>552.719922</ele>
        <time>2026-05-19T09:15:49.000Z</time>
      </trkpt>
      <trkpt lat="36.875953" lon="-4.822585">
        <ele>552.813897</ele>
        <time>2026-05-19T09:15:50.000Z</time>
      </trkpt>
      <trkpt lat="36.875886" lon="-4.822555">
        <ele>553.39744</ele>
        <time>2026-05-19T09:15:56.000Z</time>
      </trkpt>
      <trkpt lat="36.875878" lon="-4.822554">
        <ele>553.463363</ele>
        <time>2026-05-19T09:15:57.000Z</time>
      </trkpt>
      <trkpt lat="36.875827" lon="-4.822536">
        <ele>553.897884</ele>
        <time>2026-05-19T09:16:02.000Z</time>
      </trkpt>
      <trkpt lat="36.875814" lon="-4.822528">
        <ele>554.016693</ele>
        <time>2026-05-19T09:16:03.000Z</time>
      </trkpt>
      <trkpt lat="36.875788" lon="-4.822513">
        <ele>554.251488</ele>
        <time>2026-05-19T09:16:08.000Z</time>
      </trkpt>
      <trkpt lat="36.875781" lon="-4.822513">
        <ele>554.308884</ele>
        <time>2026-05-19T09:16:18.000Z</time>
      </trkpt>
      <trkpt lat="36.875766" lon="-4.82251">
        <ele>554.433441</ele>
        <time>2026-05-19T09:16:26.000Z</time>
      </trkpt>
      <trkpt lat="36.875754" lon="-4.822505">
        <ele>554.537156</ele>
        <time>2026-05-19T09:16:27.000Z</time>
      </trkpt>
      <trkpt lat="36.875702" lon="-4.822486">
        <ele>554.98137</ele>
        <time>2026-05-19T09:16:32.000Z</time>
      </trkpt>
      <trkpt lat="36.875669" lon="-4.822477">
        <ele>555.258318</ele>
        <time>2026-05-19T09:16:35.000Z</time>
      </trkpt>
      <trkpt lat="36.875636" lon="-4.82247">
        <ele>555.532769</ele>
        <time>2026-05-19T09:16:37.000Z</time>
      </trkpt>
      <trkpt lat="36.875588" lon="-4.822452">
        <ele>555.943671</ele>
        <time>2026-05-19T09:16:41.000Z</time>
      </trkpt>
      <trkpt lat="36.87558" lon="-4.822447">
        <ele>556.017009</ele>
        <time>2026-05-19T09:16:42.000Z</time>
      </trkpt>
      <trkpt lat="36.87556" lon="-4.822444">
        <ele>556.182175</ele>
        <time>2026-05-19T09:16:44.000Z</time>
      </trkpt>
      <trkpt lat="36.875533" lon="-4.822436">
        <ele>556.409695</ele>
        <time>2026-05-19T09:16:47.000Z</time>
      </trkpt>
      <trkpt lat="36.875514" lon="-4.822433">
        <ele>556.566723</ele>
        <time>2026-05-19T09:16:49.000Z</time>
      </trkpt>
      <trkpt lat="36.875504" lon="-4.822432">
        <ele>556.64898</ele>
        <time>2026-05-19T09:16:50.000Z</time>
      </trkpt>
      <trkpt lat="36.875457" lon="-4.822417">
        <ele>557.046717</ele>
        <time>2026-05-19T09:16:55.000Z</time>
      </trkpt>
      <trkpt lat="36.875428" lon="-4.8224">
        <ele>557.309349</ele>
        <time>2026-05-19T09:16:58.000Z</time>
      </trkpt>
      <trkpt lat="36.875374" lon="-4.82237">
        <ele>557.793877</ele>
        <time>2026-05-19T09:17:04.000Z</time>
      </trkpt>
      <trkpt lat="36.875296" lon="-4.822379">
        <ele>558.436156</ele>
        <time>2026-05-19T09:17:12.000Z</time>
      </trkpt>
      <trkpt lat="36.875266" lon="-4.82239">
        <ele>558.692504</ele>
        <time>2026-05-19T09:17:15.000Z</time>
      </trkpt>
      <trkpt lat="36.875237" lon="-4.822393">
        <ele>558.931102</ele>
        <time>2026-05-19T09:17:19.000Z</time>
      </trkpt>
      <trkpt lat="36.875238" lon="-4.822394">
        <ele>558.941602</ele>
        <time>2026-05-19T09:17:21.000Z</time>
      </trkpt>
      <trkpt lat="36.875247" lon="-4.82239">
        <ele>559.019923</ele>
        <time>2026-05-19T09:17:23.000Z</time>
      </trkpt>
      <trkpt lat="36.875247" lon="-4.822383">
        <ele>559.065837</ele>
        <time>2026-05-19T09:17:24.000Z</time>
      </trkpt>
      <trkpt lat="36.87523" lon="-4.822382">
        <ele>559.18982</ele>
        <time>2026-05-19T09:17:26.000Z</time>
      </trkpt>
      <trkpt lat="36.875226" lon="-4.822381">
        <ele>559.169666</ele>
        <time>2026-05-19T09:17:27.000Z</time>
      </trkpt>
      <trkpt lat="36.875198" lon="-4.822362">
        <ele>559.012265</ele>
        <time>2026-05-19T09:17:36.000Z</time>
      </trkpt>
      <trkpt lat="36.875202" lon="-4.822369">
        <ele>558.978267</ele>
        <time>2026-05-19T09:17:39.000Z</time>
      </trkpt>
      <trkpt lat="36.875197" lon="-4.82237">
        <ele>558.95325</ele>
        <time>2026-05-19T09:17:40.000Z</time>
      </trkpt>
      <trkpt lat="36.875167" lon="-4.822371">
        <ele>558.804982</ele>
        <time>2026-05-19T09:17:44.000Z</time>
      </trkpt>
      <trkpt lat="36.875161" lon="-4.822376">
        <ele>558.769356</ele>
        <time>2026-05-19T09:17:46.000Z</time>
      </trkpt>
      <trkpt lat="36.875123" lon="-4.822381">
        <ele>558.580579</ele>
        <time>2026-05-19T09:17:51.000Z</time>
      </trkpt>
      <trkpt lat="36.875112" lon="-4.822383">
        <ele>558.525662</ele>
        <time>2026-05-19T09:17:52.000Z</time>
      </trkpt>
      <trkpt lat="36.87503" lon="-4.822374">
        <ele>558.11898</ele>
        <time>2026-05-19T09:17:58.000Z</time>
      </trkpt>
      <trkpt lat="36.874998" lon="-4.822346">
        <ele>557.926003</ele>
        <time>2026-05-19T09:18:02.000Z</time>
      </trkpt>
      <trkpt lat="36.874963" lon="-4.822322">
        <ele>557.728778</ele>
        <time>2026-05-19T09:18:05.000Z</time>
      </trkpt>
      <trkpt lat="36.874911" lon="-4.822301">
        <ele>557.458798</ele>
        <time>2026-05-19T09:18:11.000Z</time>
      </trkpt>
      <trkpt lat="36.874852" lon="-4.82224">
        <ele>557.080529</ele>
        <time>2026-05-19T09:18:19.000Z</time>
      </trkpt>
      <trkpt lat="36.874823" lon="-4.822161">
        <ele>556.737004</ele>
        <time>2026-05-19T09:18:26.000Z</time>
      </trkpt>
      <trkpt lat="36.874802" lon="-4.822088">
        <ele>556.430408</ele>
        <time>2026-05-19T09:18:30.000Z</time>
      </trkpt>
      <trkpt lat="36.874796" lon="-4.822038">
        <ele>556.230589</ele>
        <time>2026-05-19T09:18:33.000Z</time>
      </trkpt>
      <trkpt lat="36.874791" lon="-4.821966">
        <ele>555.944963</ele>
        <time>2026-05-19T09:18:38.000Z</time>
      </trkpt>
      <trkpt lat="36.874781" lon="-4.821936">
        <ele>555.816516</ele>
        <time>2026-05-19T09:18:40.000Z</time>
      </trkpt>
      <trkpt lat="36.874769" lon="-4.821864">
        <ele>555.52585</ele>
        <time>2026-05-19T09:18:44.000Z</time>
      </trkpt>
      <trkpt lat="36.874766" lon="-4.821831">
        <ele>555.394589</ele>
        <time>2026-05-19T09:18:46.000Z</time>
      </trkpt>
      <trkpt lat="36.874763" lon="-4.821774">
        <ele>555.168828</ele>
        <time>2026-05-19T09:18:50.000Z</time>
      </trkpt>
      <trkpt lat="36.874761" lon="-4.821746">
        <ele>555.057727</ele>
        <time>2026-05-19T09:18:53.000Z</time>
      </trkpt>
      <trkpt lat="36.874748" lon="-4.821656">
        <ele>554.69628</ele>
        <time>2026-05-19T09:18:59.000Z</time>
      </trkpt>
      <trkpt lat="36.874748" lon="-4.821593">
        <ele>554.447294</ele>
        <time>2026-05-19T09:19:03.000Z</time>
      </trkpt>
      <trkpt lat="36.874747" lon="-4.821575">
        <ele>554.375983</ele>
        <time>2026-05-19T09:19:05.000Z</time>
      </trkpt>
      <trkpt lat="36.874747" lon="-4.821544">
        <ele>554.253466</ele>
        <time>2026-05-19T09:19:07.000Z</time>
      </trkpt>
      <trkpt lat="36.874751" lon="-4.821533">
        <ele>554.205712</ele>
        <time>2026-05-19T09:19:08.000Z</time>
      </trkpt>
      <trkpt lat="36.874759" lon="-4.821491">
        <ele>554.03508</ele>
        <time>2026-05-19T09:19:11.000Z</time>
      </trkpt>
      <trkpt lat="36.874767" lon="-4.82143">
        <ele>553.790779</ele>
        <time>2026-05-19T09:19:15.000Z</time>
      </trkpt>
      <trkpt lat="36.874765" lon="-4.821395">
        <ele>553.652101</ele>
        <time>2026-05-19T09:19:17.000Z</time>
      </trkpt>
      <trkpt lat="36.874759" lon="-4.821318">
        <ele>553.346344</ele>
        <time>2026-05-19T09:19:22.000Z</time>
      </trkpt>
      <trkpt lat="36.874751" lon="-4.821234">
        <ele>553.012018</ele>
        <time>2026-05-19T09:19:28.000Z</time>
      </trkpt>
      <trkpt lat="36.874748" lon="-4.821205">
        <ele>552.89645</ele>
        <time>2026-05-19T09:19:30.000Z</time>
      </trkpt>
      <trkpt lat="36.87472" lon="-4.821093">
        <ele>552.432695</ele>
        <time>2026-05-19T09:19:37.000Z</time>
      </trkpt>
      <trkpt lat="36.874705" lon="-4.820943">
        <ele>551.835256</ele>
        <time>2026-05-19T09:19:46.000Z</time>
      </trkpt>
      <trkpt lat="36.874701" lon="-4.820902">
        <ele>551.672016</ele>
        <time>2026-05-19T09:19:49.000Z</time>
      </trkpt>
      <trkpt lat="36.87468" lon="-4.820831">
        <ele>551.372846</ele>
        <time>2026-05-19T09:19:54.000Z</time>
      </trkpt>
      <trkpt lat="36.874619" lon="-4.820725">
        <ele>550.856777</ele>
        <time>2026-05-19T09:20:01.000Z</time>
      </trkpt>
      <trkpt lat="36.874613" lon="-4.820716">
        <ele>550.810474</ele>
        <time>2026-05-19T09:20:02.000Z</time>
      </trkpt>
      <trkpt lat="36.874553" lon="-4.820647">
        <ele>550.407688</ele>
        <time>2026-05-19T09:20:10.000Z</time>
      </trkpt>
      <trkpt lat="36.874525" lon="-4.820623">
        <ele>550.243347</ele>
        <time>2026-05-19T09:20:12.000Z</time>
      </trkpt>
      <trkpt lat="36.87447" lon="-4.820597">
        <ele>549.967008</ele>
        <time>2026-05-19T09:20:17.000Z</time>
      </trkpt>
      <trkpt lat="36.874382" lon="-4.820546">
        <ele>549.511167</ele>
        <time>2026-05-19T09:20:25.000Z</time>
      </trkpt>
      <trkpt lat="36.87434" lon="-4.820466">
        <ele>549.151429</ele>
        <time>2026-05-19T09:20:31.000Z</time>
      </trkpt>
      <trkpt lat="36.874342" lon="-4.820452">
        <ele>549.097965</ele>
        <time>2026-05-19T09:20:32.000Z</time>
      </trkpt>
      <trkpt lat="36.874345" lon="-4.820441">
        <ele>549.054274</ele>
        <time>2026-05-19T09:20:33.000Z</time>
      </trkpt>
      <trkpt lat="36.874364" lon="-4.820369">
        <ele>548.769249</ele>
        <time>2026-05-19T09:20:38.000Z</time>
      </trkpt>
      <trkpt lat="36.874406" lon="-4.820312">
        <ele>548.477911</ele>
        <time>2026-05-19T09:20:44.000Z</time>
      </trkpt>
      <trkpt lat="36.874464" lon="-4.820244">
        <ele>548.104217</ele>
        <time>2026-05-19T09:20:50.000Z</time>
      </trkpt>
      <trkpt lat="36.874485" lon="-4.820152">
        <ele>547.744547</ele>
        <time>2026-05-19T09:20:57.000Z</time>
      </trkpt>
      <trkpt lat="36.874472" lon="-4.820108">
        <ele>547.568211</ele>
        <time>2026-05-19T09:21:00.000Z</time>
      </trkpt>
      <trkpt lat="36.874458" lon="-4.820072">
        <ele>547.417728</ele>
        <time>2026-05-19T09:21:03.000Z</time>
      </trkpt>
      <trkpt lat="36.874451" lon="-4.820071">
        <ele>547.384617</ele>
        <time>2026-05-19T09:21:09.000Z</time>
      </trkpt>
      <trkpt lat="36.874397" lon="-4.820001">
        <ele>547.01903</ele>
        <time>2026-05-19T09:21:16.000Z</time>
      </trkpt>
      <trkpt lat="36.874328" lon="-4.819916">
        <ele>546.56377</ele>
        <time>2026-05-19T09:21:23.000Z</time>
      </trkpt>
      <trkpt lat="36.874308" lon="-4.819869">
        <ele>546.363634</ele>
        <time>2026-05-19T09:21:28.000Z</time>
      </trkpt>
      <trkpt lat="36.874309" lon="-4.819742">
        <ele>545.886165</ele>
        <time>2026-05-19T09:21:37.000Z</time>
      </trkpt>
      <trkpt lat="36.874318" lon="-4.819654">
        <ele>545.552644</ele>
        <time>2026-05-19T09:21:42.000Z</time>
      </trkpt>
      <trkpt lat="36.874319" lon="-4.819637">
        <ele>545.488562</ele>
        <time>2026-05-19T09:21:43.000Z</time>
      </trkpt>
      <trkpt lat="36.874326" lon="-4.819594">
        <ele>545.323594</ele>
        <time>2026-05-19T09:21:46.000Z</time>
      </trkpt>
      <trkpt lat="36.874336" lon="-4.81954">
        <ele>545.115217</ele>
        <time>2026-05-19T09:21:54.000Z</time>
      </trkpt>
      <trkpt lat="36.874331" lon="-4.81952">
        <ele>545.036443</ele>
        <time>2026-05-19T09:21:59.000Z</time>
      </trkpt>
      <trkpt lat="36.874332" lon="-4.819503">
        <ele>544.97236</ele>
        <time>2026-05-19T09:22:00.000Z</time>
      </trkpt>
      <trkpt lat="36.874334" lon="-4.819489">
        <ele>544.918896</ele>
        <time>2026-05-19T09:22:01.000Z</time>
      </trkpt>
      <trkpt lat="36.87434" lon="-4.819438">
        <ele>544.725104</ele>
        <time>2026-05-19T09:22:05.000Z</time>
      </trkpt>
      <trkpt lat="36.874323" lon="-4.81935">
        <ele>544.384766</ele>
        <time>2026-05-19T09:22:10.000Z</time>
      </trkpt>
      <trkpt lat="36.874253" lon="-4.819253">
        <ele>543.893646</ele>
        <time>2026-05-19T09:22:18.000Z</time>
      </trkpt>
      <trkpt lat="36.874191" lon="-4.819181">
        <ele>543.495948</ele>
        <time>2026-05-19T09:22:25.000Z</time>
      </trkpt>
      <trkpt lat="36.874158" lon="-4.819149">
        <ele>543.299673</ele>
        <time>2026-05-19T09:22:29.000Z</time>
      </trkpt>
      <trkpt lat="36.87406" lon="-4.819129">
        <ele>542.833022</ele>
        <time>2026-05-19T09:22:38.000Z</time>
      </trkpt>
      <trkpt lat="36.873933" lon="-4.819073">
        <ele>542.200139</ele>
        <time>2026-05-19T09:22:50.000Z</time>
      </trkpt>
      <trkpt lat="36.873887" lon="-4.819025">
        <ele>541.918543</ele>
        <time>2026-05-19T09:22:54.000Z</time>
      </trkpt>
      <trkpt lat="36.873848" lon="-4.818993">
        <ele>541.718225</ele>
        <time>2026-05-19T09:22:57.000Z</time>
      </trkpt>
      <trkpt lat="36.87381" lon="-4.818937">
        <ele>541.475353</ele>
        <time>2026-05-19T09:23:02.000Z</time>
      </trkpt>
      <trkpt lat="36.873804" lon="-4.818926">
        <ele>541.431319</ele>
        <time>2026-05-19T09:23:03.000Z</time>
      </trkpt>
      <trkpt lat="36.873764" lon="-4.818828">
        <ele>541.067442</ele>
        <time>2026-05-19T09:23:09.000Z</time>
      </trkpt>
      <trkpt lat="36.87375" lon="-4.818774">
        <ele>540.879698</ele>
        <time>2026-05-19T09:23:14.000Z</time>
      </trkpt>
      <trkpt lat="36.873753" lon="-4.818774">
        <ele>540.867295</ele>
        <time>2026-05-19T09:23:15.000Z</time>
      </trkpt>
      <trkpt lat="36.873754" lon="-4.818751">
        <ele>540.791113</ele>
        <time>2026-05-19T09:23:22.000Z</time>
      </trkpt>
      <trkpt lat="36.873742" lon="-4.818704">
        <ele>540.62794</ele>
        <time>2026-05-19T09:23:25.000Z</time>
      </trkpt>
      <trkpt lat="36.873731" lon="-4.818655">
        <ele>540.459618</ele>
        <time>2026-05-19T09:23:29.000Z</time>
      </trkpt>
      <trkpt lat="36.873724" lon="-4.818635">
        <ele>540.387416</ele>
        <time>2026-05-19T09:23:31.000Z</time>
      </trkpt>
      <trkpt lat="36.873705" lon="-4.818588">
        <ele>540.213247</ele>
        <time>2026-05-19T09:23:37.000Z</time>
      </trkpt>
      <trkpt lat="36.873694" lon="-4.818556">
        <ele>540.098053</ele>
        <time>2026-05-19T09:23:40.000Z</time>
      </trkpt>
      <trkpt lat="36.873662" lon="-4.81843">
        <ele>539.660825</ele>
        <time>2026-05-19T09:23:49.000Z</time>
      </trkpt>
      <trkpt lat="36.873645" lon="-4.818381">
        <ele>539.484178</ele>
        <time>2026-05-19T09:23:52.000Z</time>
      </trkpt>
      <trkpt lat="36.873628" lon="-4.818343">
        <ele>539.340179</ele>
        <time>2026-05-19T09:23:56.000Z</time>
      </trkpt>
      <trkpt lat="36.873622" lon="-4.818332">
        <ele>539.296145</ele>
        <time>2026-05-19T09:23:57.000Z</time>
      </trkpt>
      <trkpt lat="36.873615" lon="-4.818319">
        <ele>539.244316</ele>
        <time>2026-05-19T09:23:58.000Z</time>
      </trkpt>
      <trkpt lat="36.873603" lon="-4.818296">
        <ele>539.153497</ele>
        <time>2026-05-19T09:23:59.000Z</time>
      </trkpt>
      <trkpt lat="36.873593" lon="-4.818276">
        <ele>539.075491</ele>
        <time>2026-05-19T09:24:01.000Z</time>
      </trkpt>
      <trkpt lat="36.873599" lon="-4.818272">
        <ele>539.047377</ele>
        <time>2026-05-19T09:24:08.000Z</time>
      </trkpt>
      <trkpt lat="36.873615" lon="-4.818263">
        <ele>538.974837</ele>
        <time>2026-05-19T09:24:14.000Z</time>
      </trkpt>
      <trkpt lat="36.873626" lon="-4.818264">
        <ele>538.929238</ele>
        <time>2026-05-19T09:24:16.000Z</time>
      </trkpt>
      <trkpt lat="36.873629" lon="-4.818267">
        <ele>538.913354</ele>
        <time>2026-05-19T09:24:18.000Z</time>
      </trkpt>
      <trkpt lat="36.873621" lon="-4.818267">
        <ele>538.880279</ele>
        <time>2026-05-19T09:24:21.000Z</time>
      </trkpt>
      <trkpt lat="36.873605" lon="-4.818262">
        <ele>538.812092</ele>
        <time>2026-05-19T09:24:28.000Z</time>
      </trkpt>
      <trkpt lat="36.873609" lon="-4.818263">
        <ele>538.795227</ele>
        <time>2026-05-19T09:24:39.000Z</time>
      </trkpt>
      <trkpt lat="36.873652" lon="-4.81827">
        <ele>538.615945</ele>
        <time>2026-05-19T09:24:44.000Z</time>
      </trkpt>
      <trkpt lat="36.873667" lon="-4.818279">
        <ele>538.547154</ele>
        <time>2026-05-19T09:24:46.000Z</time>
      </trkpt>
      <trkpt lat="36.873674" lon="-4.818282">
        <ele>538.51656</ele>
        <time>2026-05-19T09:24:47.000Z</time>
      </trkpt>
      <trkpt lat="36.873722" lon="-4.818327">
        <ele>538.268498</ele>
        <time>2026-05-19T09:24:56.000Z</time>
      </trkpt>
      <trkpt lat="36.873722" lon="-4.818308">
        <ele>538.205657</ele>
        <time>2026-05-19T09:25:03.000Z</time>
      </trkpt>
      <trkpt lat="36.873721" lon="-4.818287">
        <ele>538.136079</ele>
        <time>2026-05-19T09:25:06.000Z</time>
      </trkpt>
      <trkpt lat="36.873729" lon="-4.818261">
        <ele>538.043945</ele>
        <time>2026-05-19T09:25:10.000Z</time>
      </trkpt>
      <trkpt lat="36.873727" lon="-4.81828">
        <ele>537.980563</ele>
        <time>2026-05-19T09:25:13.000Z</time>
      </trkpt>
      <trkpt lat="36.873735" lon="-4.818289">
        <ele>537.936066</ele>
        <time>2026-05-19T09:25:15.000Z</time>
      </trkpt>
      <trkpt lat="36.873749" lon="-4.818332">
        <ele>537.78252</ele>
        <time>2026-05-19T09:25:21.000Z</time>
      </trkpt>
      <trkpt lat="36.873758" lon="-4.818351">
        <ele>537.709489</ele>
        <time>2026-05-19T09:25:24.000Z</time>
      </trkpt>
      <trkpt lat="36.873761" lon="-4.818353">
        <ele>537.695432</ele>
        <time>2026-05-19T09:25:25.000Z</time>
      </trkpt>
      <trkpt lat="36.873781" lon="-4.818387">
        <ele>537.555852</ele>
        <time>2026-05-19T09:25:32.000Z</time>
      </trkpt>
      <trkpt lat="36.873788" lon="-4.8184">
        <ele>537.504023</ele>
        <time>2026-05-19T09:25:33.000Z</time>
      </trkpt>
      <trkpt lat="36.873796" lon="-4.818442">
        <ele>537.361229</ele>
        <time>2026-05-19T09:25:37.000Z</time>
      </trkpt>
      <trkpt lat="36.873814" lon="-4.818427">
        <ele>537.271789</ele>
        <time>2026-05-19T09:25:42.000Z</time>
      </trkpt>
      <trkpt lat="36.873816" lon="-4.818386">
        <ele>537.135934</ele>
        <time>2026-05-19T09:25:47.000Z</time>
      </trkpt>
      <trkpt lat="36.873817" lon="-4.81838">
        <ele>537.115664</ele>
        <time>2026-05-19T09:25:48.000Z</time>
      </trkpt>
      <trkpt lat="36.87383" lon="-4.818403">
        <ele>537.022522</ele>
        <time>2026-05-19T09:25:51.000Z</time>
      </trkpt>
      <trkpt lat="36.873826" lon="-4.818444">
        <ele>536.885915</ele>
        <time>2026-05-19T09:25:58.000Z</time>
      </trkpt>
      <trkpt lat="36.873763" lon="-4.818446">
        <ele>536.625361</ele>
        <time>2026-05-19T09:26:06.000Z</time>
      </trkpt>
      <trkpt lat="36.873753" lon="-4.818434">
        <ele>536.56805</ele>
        <time>2026-05-19T09:26:10.000Z</time>
      </trkpt>
      <trkpt lat="36.873796" lon="-4.818403">
        <ele>536.362822</ele>
        <time>2026-05-19T09:26:13.000Z</time>
      </trkpt>
      <trkpt lat="36.87382" lon="-4.818352">
        <ele>536.167124</ele>
        <time>2026-05-19T09:26:25.000Z</time>
      </trkpt>
      <trkpt lat="36.873808" lon="-4.818373">
        <ele>536.081769</ele>
        <time>2026-05-19T09:26:36.000Z</time>
      </trkpt>
      <trkpt lat="36.873809" lon="-4.818358">
        <ele>536.031986</ele>
        <time>2026-05-19T09:26:44.000Z</time>
      </trkpt>
      <trkpt lat="36.873803" lon="-4.818342">
        <ele>535.973542</ele>
        <time>2026-05-19T09:26:48.000Z</time>
      </trkpt>
      <trkpt lat="36.873787" lon="-4.818328">
        <ele>535.892796</ele>
        <time>2026-05-19T09:26:52.000Z</time>
      </trkpt>
      <trkpt lat="36.873786" lon="-4.81832">
        <ele>535.866016</ele>
        <time>2026-05-19T09:26:53.000Z</time>
      </trkpt>
      <trkpt lat="36.873777" lon="-4.818304">
        <ele>535.801325</ele>
        <time>2026-05-19T09:26:58.000Z</time>
      </trkpt>
      <trkpt lat="36.873769" lon="-4.818271">
        <ele>535.68728</ele>
        <time>2026-05-19T09:27:03.000Z</time>
      </trkpt>
      <trkpt lat="36.873765" lon="-4.818268">
        <ele>535.667994</ele>
        <time>2026-05-19T09:27:04.000Z</time>
      </trkpt>
      <trkpt lat="36.873752" lon="-4.818317">
        <ele>535.497252</ele>
        <time>2026-05-19T09:27:11.000Z</time>
      </trkpt>
      <trkpt lat="36.87371" lon="-4.818298">
        <ele>535.312584</ele>
        <time>2026-05-19T09:27:16.000Z</time>
      </trkpt>
      <trkpt lat="36.873695" lon="-4.818286">
        <ele>535.238955</ele>
        <time>2026-05-19T09:27:18.000Z</time>
      </trkpt>
      <trkpt lat="36.873692" lon="-4.818281">
        <ele>535.218283</ele>
        <time>2026-05-19T09:27:19.000Z</time>
      </trkpt>
      <trkpt lat="36.873655" lon="-4.81826">
        <ele>535.05028</ele>
        <time>2026-05-19T09:27:22.000Z</time>
      </trkpt>
      <trkpt lat="36.873636" lon="-4.818255">
        <ele>534.970004</ele>
        <time>2026-05-19T09:27:25.000Z</time>
      </trkpt>
      <trkpt lat="36.873632" lon="-4.818255">
        <ele>534.953466</ele>
        <time>2026-05-19T09:27:26.000Z</time>
      </trkpt>
      <trkpt lat="36.873627" lon="-4.818257">
        <ele>534.931761</ele>
        <time>2026-05-19T09:27:27.000Z</time>
      </trkpt>
      <trkpt lat="36.873606" lon="-4.818268">
        <ele>534.837624</ele>
        <time>2026-05-19T09:27:30.000Z</time>
      </trkpt>
      <trkpt lat="36.873588" lon="-4.818264">
        <ele>534.762037</ele>
        <time>2026-05-19T09:27:33.000Z</time>
      </trkpt>
      <trkpt lat="36.873574" lon="-4.818251">
        <ele>534.689933</ele>
        <time>2026-05-19T09:27:35.000Z</time>
      </trkpt>
      <trkpt lat="36.873544" lon="-4.818225">
        <ele>534.539006</ele>
        <time>2026-05-19T09:27:39.000Z</time>
      </trkpt>
      <trkpt lat="36.873532" lon="-4.818215">
        <ele>534.479379</ele>
        <time>2026-05-19T09:27:40.000Z</time>
      </trkpt>
      <trkpt lat="36.873522" lon="-4.818207">
        <ele>534.430293</ele>
        <time>2026-05-19T09:27:41.000Z</time>
      </trkpt>
      <trkpt lat="36.873509" lon="-4.818198">
        <ele>534.471522</ele>
        <time>2026-05-19T09:27:42.000Z</time>
      </trkpt>
      <trkpt lat="36.873466" lon="-4.818163">
        <ele>534.683056</ele>
        <time>2026-05-19T09:27:47.000Z</time>
      </trkpt>
      <trkpt lat="36.873449" lon="-4.81814">
        <ele>534.786326</ele>
        <time>2026-05-19T09:27:49.000Z</time>
      </trkpt>
      <trkpt lat="36.8734" lon="-4.81812">
        <ele>534.998824</ele>
        <time>2026-05-19T09:27:53.000Z</time>
      </trkpt>
      <trkpt lat="36.87338" lon="-4.8181">
        <ele>535.104409</ele>
        <time>2026-05-19T09:27:55.000Z</time>
      </trkpt>
      <trkpt lat="36.873346" lon="-4.818041">
        <ele>535.344211</ele>
        <time>2026-05-19T09:28:00.000Z</time>
      </trkpt>
      <trkpt lat="36.873332" lon="-4.818022">
        <ele>535.4294</ele>
        <time>2026-05-19T09:28:02.000Z</time>
      </trkpt>
      <trkpt lat="36.873312" lon="-4.817961">
        <ele>535.646809</ele>
        <time>2026-05-19T09:28:07.000Z</time>
      </trkpt>
      <trkpt lat="36.873325" lon="-4.817942">
        <ele>535.729261</ele>
        <time>2026-05-19T09:28:12.000Z</time>
      </trkpt>
      <trkpt lat="36.873348" lon="-4.817943">
        <ele>535.824136</ele>
        <time>2026-05-19T09:28:21.000Z</time>
      </trkpt>
      <trkpt lat="36.873369" lon="-4.817935">
        <ele>535.914639</ele>
        <time>2026-05-19T09:28:29.000Z</time>
      </trkpt>
      <trkpt lat="36.873366" lon="-4.817894">
        <ele>536.050415</ele>
        <time>2026-05-19T09:28:37.000Z</time>
      </trkpt>
      <trkpt lat="36.873319" lon="-4.817881">
        <ele>536.248859</ele>
        <time>2026-05-19T09:28:49.000Z</time>
      </trkpt>
      <trkpt lat="36.873319" lon="-4.817889">
        <ele>536.275242</ele>
        <time>2026-05-19T09:28:52.000Z</time>
      </trkpt>
      <trkpt lat="36.873344" lon="-4.817891">
        <ele>536.378515</ele>
        <time>2026-05-19T09:29:00.000Z</time>
      </trkpt>
      <trkpt lat="36.873316" lon="-4.817878">
        <ele>536.501649</ele>
        <time>2026-05-19T09:29:09.000Z</time>
      </trkpt>
      <trkpt lat="36.873312" lon="-4.817876">
        <ele>536.519409</ele>
        <time>2026-05-19T09:29:10.000Z</time>
      </trkpt>
      <trkpt lat="36.873307" lon="-4.817872">
        <ele>536.543881</ele>
        <time>2026-05-19T09:29:11.000Z</time>
      </trkpt>
      <trkpt lat="36.873299" lon="-4.817867">
        <ele>536.580754</ele>
        <time>2026-05-19T09:29:14.000Z</time>
      </trkpt>
      <trkpt lat="36.873303" lon="-4.817866">
        <ele>536.59757</ele>
        <time>2026-05-19T09:29:17.000Z</time>
      </trkpt>
      <trkpt lat="36.873311" lon="-4.817866">
        <ele>536.63055</ele>
        <time>2026-05-19T09:29:19.000Z</time>
      </trkpt>
      <trkpt lat="36.873318" lon="-4.817865">
        <ele>536.659595</ele>
        <time>2026-05-19T09:29:21.000Z</time>
      </trkpt>
      <trkpt lat="36.873321" lon="-4.817864">
        <ele>536.672395</ele>
        <time>2026-05-19T09:29:22.000Z</time>
      </trkpt>
      <trkpt lat="36.873344" lon="-4.817846">
        <ele>536.784262</ele>
        <time>2026-05-19T09:29:34.000Z</time>
      </trkpt>
      <trkpt lat="36.873347" lon="-4.817869">
        <ele>536.861114</ele>
        <time>2026-05-19T09:29:41.000Z</time>
      </trkpt>
      <trkpt lat="36.87335" lon="-4.81792">
        <ele>537.029758</ele>
        <time>2026-05-19T09:29:45.000Z</time>
      </trkpt>
      <trkpt lat="36.873362" lon="-4.817941">
        <ele>537.114867</ele>
        <time>2026-05-19T09:29:51.000Z</time>
      </trkpt>
      <trkpt lat="36.873355" lon="-4.817898">
        <ele>537.25958</ele>
        <time>2026-05-19T09:29:59.000Z</time>
      </trkpt>
      <trkpt lat="36.873348" lon="-4.817894">
        <ele>537.29131</ele>
        <time>2026-05-19T09:30:01.000Z</time>
      </trkpt>
      <trkpt lat="36.873333" lon="-4.817897">
        <ele>537.353934</ele>
        <time>2026-05-19T09:30:05.000Z</time>
      </trkpt>
      <trkpt lat="36.873311" lon="-4.81792">
        <ele>537.472166</ele>
        <time>2026-05-19T09:30:12.000Z</time>
      </trkpt>
      <trkpt lat="36.873326" lon="-4.817913">
        <ele>537.538172</ele>
        <time>2026-05-19T09:30:13.000Z</time>
      </trkpt>
      <trkpt lat="36.87334" lon="-4.817907">
        <ele>537.599185</ele>
        <time>2026-05-19T09:30:14.000Z</time>
      </trkpt>
      <trkpt lat="36.87335" lon="-4.817905">
        <ele>537.640934</ele>
        <time>2026-05-19T09:30:15.000Z</time>
      </trkpt>
      <trkpt lat="36.873353" lon="-4.817895">
        <ele>537.676155</ele>
        <time>2026-05-19T09:30:17.000Z</time>
      </trkpt>
      <trkpt lat="36.873392" lon="-4.817858">
        <ele>537.877992</ele>
        <time>2026-05-19T09:30:24.000Z</time>
      </trkpt>
      <trkpt lat="36.87341" lon="-4.817847">
        <ele>537.96059</ele>
        <time>2026-05-19T09:30:31.000Z</time>
      </trkpt>
      <trkpt lat="36.873417" lon="-4.817847">
        <ele>537.989447</ele>
        <time>2026-05-19T09:30:32.000Z</time>
      </trkpt>
      <trkpt lat="36.873492" lon="-4.817846">
        <ele>538.298652</ele>
        <time>2026-05-19T09:30:39.000Z</time>
      </trkpt>
      <trkpt lat="36.873531" lon="-4.817854">
        <ele>538.461579</ele>
        <time>2026-05-19T09:30:44.000Z</time>
      </trkpt>
      <trkpt lat="36.873562" lon="-4.817865">
        <ele>538.594426</ele>
        <time>2026-05-19T09:30:47.000Z</time>
      </trkpt>
      <trkpt lat="36.873583" lon="-4.817867">
        <ele>538.681249</ele>
        <time>2026-05-19T09:30:49.000Z</time>
      </trkpt>
      <trkpt lat="36.873647" lon="-4.817858">
        <ele>538.946753</ele>
        <time>2026-05-19T09:30:53.000Z</time>
      </trkpt>
      <trkpt lat="36.873693" lon="-4.81785">
        <ele>539.138214</ele>
        <time>2026-05-19T09:30:56.000Z</time>
      </trkpt>
      <trkpt lat="36.873733" lon="-4.817822">
        <ele>539.327207</ele>
        <time>2026-05-19T09:30:59.000Z</time>
      </trkpt>
      <trkpt lat="36.873793" lon="-4.817776">
        <ele>539.617371</ele>
        <time>2026-05-19T09:31:04.000Z</time>
      </trkpt>
      <trkpt lat="36.873825" lon="-4.817747">
        <ele>539.78031</ele>
        <time>2026-05-19T09:31:07.000Z</time>
      </trkpt>
      <trkpt lat="36.873853" lon="-4.81772">
        <ele>539.926092</ele>
        <time>2026-05-19T09:31:10.000Z</time>
      </trkpt>
      <trkpt lat="36.873869" lon="-4.817694">
        <ele>540.034271</ele>
        <time>2026-05-19T09:31:13.000Z</time>
      </trkpt>
      <trkpt lat="36.873912" lon="-4.817652">
        <ele>540.259234</ele>
        <time>2026-05-19T09:31:17.000Z</time>
      </trkpt>
      <trkpt lat="36.873939" lon="-4.817618">
        <ele>540.417226</ele>
        <time>2026-05-19T09:31:20.000Z</time>
      </trkpt>
      <trkpt lat="36.873973" lon="-4.817529">
        <ele>540.742483</ele>
        <time>2026-05-19T09:31:28.000Z</time>
      </trkpt>
      <trkpt lat="36.873986" lon="-4.817496">
        <ele>540.863791</ele>
        <time>2026-05-19T09:31:30.000Z</time>
      </trkpt>
      <trkpt lat="36.873997" lon="-4.817468">
        <ele>540.966664</ele>
        <time>2026-05-19T09:31:32.000Z</time>
      </trkpt>
      <trkpt lat="36.873998" lon="-4.817452">
        <ele>541.01959</ele>
        <time>2026-05-19T09:31:34.000Z</time>
      </trkpt>
      <trkpt lat="36.874022" lon="-4.817355">
        <ele>541.35443</ele>
        <time>2026-05-19T09:31:40.000Z</time>
      </trkpt>
      <trkpt lat="36.87403" lon="-4.81733">
        <ele>541.443227</ele>
        <time>2026-05-19T09:31:42.000Z</time>
      </trkpt>
      <trkpt lat="36.874032" lon="-4.817202">
        <ele>541.890086</ele>
        <time>2026-05-19T09:31:50.000Z</time>
      </trkpt>
      <trkpt lat="36.874051" lon="-4.817118">
        <ele>542.412477</ele>
        <time>2026-05-19T09:31:59.000Z</time>
      </trkpt>
      <trkpt lat="36.874055" lon="-4.817115">
        <ele>542.447372</ele>
        <time>2026-05-19T09:32:00.000Z</time>
      </trkpt>
      <trkpt lat="36.874054" lon="-4.817121">
        <ele>542.484049</ele>
        <time>2026-05-19T09:32:04.000Z</time>
      </trkpt>
      <trkpt lat="36.874039" lon="-4.817137">
        <ele>542.63156</ele>
        <time>2026-05-19T09:32:06.000Z</time>
      </trkpt>
      <trkpt lat="36.874035" lon="-4.817142">
        <ele>542.673876</ele>
        <time>2026-05-19T09:32:07.000Z</time>
      </trkpt>
      <trkpt lat="36.874029" lon="-4.817145">
        <ele>542.722218</ele>
        <time>2026-05-19T09:32:08.000Z</time>
      </trkpt>
      <trkpt lat="36.873999" lon="-4.817172">
        <ele>542.998756</ele>
        <time>2026-05-19T09:32:15.000Z</time>
      </trkpt>
      <trkpt lat="36.873997" lon="-4.817174">
        <ele>543.017916</ele>
        <time>2026-05-19T09:32:16.000Z</time>
      </trkpt>
      <trkpt lat="36.873987" lon="-4.817172">
        <ele>543.093675</ele>
        <time>2026-05-19T09:32:19.000Z</time>
      </trkpt>
      <trkpt lat="36.873979" lon="-4.817155">
        <ele>543.211706</ele>
        <time>2026-05-19T09:32:23.000Z</time>
      </trkpt>
      <trkpt lat="36.873977" lon="-4.817154">
        <ele>543.22782</ele>
        <time>2026-05-19T09:32:24.000Z</time>
      </trkpt>
      <trkpt lat="36.87399" lon="-4.817145">
        <ele>543.338988</ele>
        <time>2026-05-19T09:32:30.000Z</time>
      </trkpt>
      <trkpt lat="36.874003" lon="-4.817123">
        <ele>543.502666</ele>
        <time>2026-05-19T09:32:32.000Z</time>
      </trkpt>
      <trkpt lat="36.874" lon="-4.817079">
        <ele>543.766931</ele>
        <time>2026-05-19T09:32:42.000Z</time>
      </trkpt>
      <trkpt lat="36.87399" lon="-4.817071">
        <ele>543.855746</ele>
        <time>2026-05-19T09:32:45.000Z</time>
      </trkpt>
      <trkpt lat="36.873986" lon="-4.817065">
        <ele>543.902486</ele>
        <time>2026-05-19T09:32:50.000Z</time>
      </trkpt>
      <trkpt lat="36.873989" lon="-4.817064">
        <ele>543.925713</ele>
        <time>2026-05-19T09:32:51.000Z</time>
      </trkpt>
      <trkpt lat="36.874007" lon="-4.817033">
        <ele>544.154945</ele>
        <time>2026-05-19T09:32:56.000Z</time>
      </trkpt>
      <trkpt lat="36.874015" lon="-4.81701">
        <ele>544.305032</ele>
        <time>2026-05-19T09:32:59.000Z</time>
      </trkpt>
      <trkpt lat="36.874031" lon="-4.81693">
        <ele>544.798512</ele>
        <time>2026-05-19T09:33:05.000Z</time>
      </trkpt>
      <trkpt lat="36.874034" lon="-4.816906">
        <ele>544.943878</ele>
        <time>2026-05-19T09:33:07.000Z</time>
      </trkpt>
      <trkpt lat="36.874042" lon="-4.81684">
        <ele>545.343351</ele>
        <time>2026-05-19T09:33:12.000Z</time>
      </trkpt>
      <trkpt lat="36.87404" lon="-4.816802">
        <ele>545.571247</ele>
        <time>2026-05-19T09:33:15.000Z</time>
      </trkpt>
      <trkpt lat="36.874026" lon="-4.816748">
        <ele>545.910947</ele>
        <time>2026-05-19T09:33:19.000Z</time>
      </trkpt>
      <trkpt lat="36.87401" lon="-4.816704">
        <ele>546.200184</ele>
        <time>2026-05-19T09:33:22.000Z</time>
      </trkpt>
      <trkpt lat="36.873995" lon="-4.816688">
        <ele>546.347695</ele>
        <time>2026-05-19T09:33:24.000Z</time>
      </trkpt>
      <trkpt lat="36.873967" lon="-4.816659">
        <ele>546.61971</ele>
        <time>2026-05-19T09:33:28.000Z</time>
      </trkpt>
      <trkpt lat="36.873941" lon="-4.816609">
        <ele>546.976587</ele>
        <time>2026-05-19T09:33:34.000Z</time>
      </trkpt>
      <trkpt lat="36.873927" lon="-4.816576">
        <ele>547.200122</ele>
        <time>2026-05-19T09:33:37.000Z</time>
      </trkpt>
      <trkpt lat="36.873914" lon="-4.816504">
        <ele>547.641831</ele>
        <time>2026-05-19T09:33:42.000Z</time>
      </trkpt>
      <trkpt lat="36.873902" lon="-4.816478">
        <ele>547.821463</ele>
        <time>2026-05-19T09:33:44.000Z</time>
      </trkpt>
      <trkpt lat="36.873878" lon="-4.816395">
        <ele>548.349614</ele>
        <time>2026-05-19T09:33:51.000Z</time>
      </trkpt>
      <trkpt lat="36.873873" lon="-4.816356">
        <ele>548.585981</ele>
        <time>2026-05-19T09:33:54.000Z</time>
      </trkpt>
      <trkpt lat="36.87386" lon="-4.816322">
        <ele>548.811495</ele>
        <time>2026-05-19T09:33:57.000Z</time>
      </trkpt>
      <trkpt lat="36.873856" lon="-4.816312">
        <ele>548.878402</ele>
        <time>2026-05-19T09:33:58.000Z</time>
      </trkpt>
      <trkpt lat="36.873832" lon="-4.816239">
        <ele>549.350713</ele>
        <time>2026-05-19T09:34:04.000Z</time>
      </trkpt>
      <trkpt lat="36.873818" lon="-4.816197">
        <ele>549.623002</ele>
        <time>2026-05-19T09:34:07.000Z</time>
      </trkpt>
      <trkpt lat="36.873821" lon="-4.816172">
        <ele>549.774284</ele>
        <time>2026-05-19T09:34:09.000Z</time>
      </trkpt>
      <trkpt lat="36.873817" lon="-4.816092">
        <ele>550.253964</ele>
        <time>2026-05-19T09:34:15.000Z</time>
      </trkpt>
      <trkpt lat="36.873815" lon="-4.816053">
        <ele>550.487832</ele>
        <time>2026-05-19T09:34:19.000Z</time>
      </trkpt>
      <trkpt lat="36.873828" lon="-4.816055">
        <ele>550.585816</ele>
        <time>2026-05-19T09:34:20.000Z</time>
      </trkpt>
      <trkpt lat="36.873849" lon="-4.816022">
        <ele>550.838163</ele>
        <time>2026-05-19T09:34:22.000Z</time>
      </trkpt>
      <trkpt lat="36.873856" lon="-4.816005">
        <ele>550.952582</ele>
        <time>2026-05-19T09:34:23.000Z</time>
      </trkpt>
      <trkpt lat="36.873883" lon="-4.815945">
        <ele>551.364554</ele>
        <time>2026-05-19T09:34:29.000Z</time>
      </trkpt>
      <trkpt lat="36.873895" lon="-4.815921">
        <ele>551.533924</ele>
        <time>2026-05-19T09:34:31.000Z</time>
      </trkpt>
      <trkpt lat="36.873934" lon="-4.815863">
        <ele>551.987345</ele>
        <time>2026-05-19T09:34:37.000Z</time>
      </trkpt>
      <trkpt lat="36.873947" lon="-4.815849">
        <ele>552.115707</ele>
        <time>2026-05-19T09:34:38.000Z</time>
      </trkpt>
      <trkpt lat="36.87402" lon="-4.815751">
        <ele>552.917057</ele>
        <time>2026-05-19T09:34:45.000Z</time>
      </trkpt>
      <trkpt lat="36.874061" lon="-4.81569">
        <ele>553.393847</ele>
        <time>2026-05-19T09:34:50.000Z</time>
      </trkpt>
      <trkpt lat="36.874063" lon="-4.815648">
        <ele>553.645633</ele>
        <time>2026-05-19T09:34:54.000Z</time>
      </trkpt>
      <trkpt lat="36.874079" lon="-4.815593">
        <ele>553.995857</ele>
        <time>2026-05-19T09:34:58.000Z</time>
      </trkpt>
      <trkpt lat="36.874098" lon="-4.815532">
        <ele>554.387595</ele>
        <time>2026-05-19T09:35:03.000Z</time>
      </trkpt>
      <trkpt lat="36.874135" lon="-4.815424">
        <ele>555.090676</ele>
        <time>2026-05-19T09:35:11.000Z</time>
      </trkpt>
      <trkpt lat="36.874167" lon="-4.815335">
        <ele>555.533608</ele>
        <time>2026-05-19T09:35:17.000Z</time>
      </trkpt>
      <trkpt lat="36.87417" lon="-4.815309">
        <ele>555.633115</ele>
        <time>2026-05-19T09:35:19.000Z</time>
      </trkpt>
      <trkpt lat="36.874171" lon="-4.815298">
        <ele>555.675051</ele>
        <time>2026-05-19T09:35:20.000Z</time>
      </trkpt>
      <trkpt lat="36.874156" lon="-4.815251">
        <ele>555.866731</ele>
        <time>2026-05-19T09:35:24.000Z</time>
      </trkpt>
      <trkpt lat="36.874145" lon="-4.815201">
        <ele>556.063162</ele>
        <time>2026-05-19T09:35:27.000Z</time>
      </trkpt>
      <trkpt lat="36.874179" lon="-4.815124">
        <ele>556.39632</ele>
        <time>2026-05-19T09:35:35.000Z</time>
      </trkpt>
      <trkpt lat="36.87419" lon="-4.815116">
        <ele>556.456582</ele>
        <time>2026-05-19T09:35:36.000Z</time>
      </trkpt>
      <trkpt lat="36.874238" lon="-4.815115">
        <ele>556.683904</ele>
        <time>2026-05-19T09:35:43.000Z</time>
      </trkpt>
      <trkpt lat="36.874256" lon="-4.815124">
        <ele>556.775704</ele>
        <time>2026-05-19T09:35:45.000Z</time>
      </trkpt>
      <trkpt lat="36.874346" lon="-4.815153">
        <ele>557.215805</ele>
        <time>2026-05-19T09:35:52.000Z</time>
      </trkpt>
      <trkpt lat="36.874419" lon="-4.815169">
        <ele>557.56675</ele>
        <time>2026-05-19T09:35:58.000Z</time>
      </trkpt>
      <trkpt lat="36.874433" lon="-4.815175">
        <ele>557.636831</ele>
        <time>2026-05-19T09:35:59.000Z</time>
      </trkpt>
      <trkpt lat="36.874481" lon="-4.815179">
        <ele>557.864627</ele>
        <time>2026-05-19T09:36:03.000Z</time>
      </trkpt>
      <trkpt lat="36.874523" lon="-4.81516">
        <ele>558.076129</ele>
        <time>2026-05-19T09:36:07.000Z</time>
      </trkpt>
      <trkpt lat="36.87457" lon="-4.815137">
        <ele>558.31513</ele>
        <time>2026-05-19T09:36:13.000Z</time>
      </trkpt>
      <trkpt lat="36.874637" lon="-4.815101">
        <ele>558.660457</ele>
        <time>2026-05-19T09:36:20.000Z</time>
      </trkpt>
      <trkpt lat="36.874688" lon="-4.815051">
        <ele>558.967364</ele>
        <time>2026-05-19T09:36:25.000Z</time>
      </trkpt>
      <trkpt lat="36.874701" lon="-4.815031">
        <ele>559.06498</ele>
        <time>2026-05-19T09:36:27.000Z</time>
      </trkpt>
      <trkpt lat="36.874704" lon="-4.81502">
        <ele>559.109002</ele>
        <time>2026-05-19T09:36:29.000Z</time>
      </trkpt>
      <trkpt lat="36.874697" lon="-4.815012">
        <ele>559.153914</ele>
        <time>2026-05-19T09:36:35.000Z</time>
      </trkpt>
      <trkpt lat="36.874685" lon="-4.815012">
        <ele>559.210736</ele>
        <time>2026-05-19T09:36:48.000Z</time>
      </trkpt>
      <trkpt lat="36.874709" lon="-4.814992">
        <ele>559.347319</ele>
        <time>2026-05-19T09:36:54.000Z</time>
      </trkpt>
      <trkpt lat="36.874719" lon="-4.814971">
        <ele>559.439893</ele>
        <time>2026-05-19T09:36:56.000Z</time>
      </trkpt>
      <trkpt lat="36.874726" lon="-4.814938">
        <ele>559.569215</ele>
        <time>2026-05-19T09:37:00.000Z</time>
      </trkpt>
      <trkpt lat="36.874714" lon="-4.814892">
        <ele>559.752492</ele>
        <time>2026-05-19T09:37:05.000Z</time>
      </trkpt>
      <trkpt lat="36.874711" lon="-4.814878">
        <ele>559.807393</ele>
        <time>2026-05-19T09:37:06.000Z</time>
      </trkpt>
      <trkpt lat="36.874731" lon="-4.814773">
        <ele>560.216248</ele>
        <time>2026-05-19T09:37:12.000Z</time>
      </trkpt>
      <trkpt lat="36.874744" lon="-4.814669">
        <ele>560.614975</ele>
        <time>2026-05-19T09:37:18.000Z</time>
      </trkpt>
      <trkpt lat="36.874743" lon="-4.814658">
        <ele>560.65691</ele>
        <time>2026-05-19T09:37:19.000Z</time>
      </trkpt>
      <trkpt lat="36.874737" lon="-4.814634">
        <ele>560.752157</ele>
        <time>2026-05-19T09:37:21.000Z</time>
      </trkpt>
      <trkpt lat="36.874732" lon="-4.814625">
        <ele>560.793664</ele>
        <time>2026-05-19T09:37:22.000Z</time>
      </trkpt>
      <trkpt lat="36.874707" lon="-4.814586">
        <ele>560.982974</ele>
        <time>2026-05-19T09:37:25.000Z</time>
      </trkpt>
      <trkpt lat="36.874641" lon="-4.814523">
        <ele>561.376193</ele>
        <time>2026-05-19T09:37:31.000Z</time>
      </trkpt>
      <trkpt lat="36.874565" lon="-4.814479">
        <ele>561.772793</ele>
        <time>2026-05-19T09:37:38.000Z</time>
      </trkpt>
      <trkpt lat="36.874519" lon="-4.814443">
        <ele>562.029778</ele>
        <time>2026-05-19T09:37:45.000Z</time>
      </trkpt>
      <trkpt lat="36.874504" lon="-4.814421">
        <ele>562.139276</ele>
        <time>2026-05-19T09:37:47.000Z</time>
      </trkpt>
      <trkpt lat="36.87446" lon="-4.814361">
        <ele>562.447603</ele>
        <time>2026-05-19T09:37:53.000Z</time>
      </trkpt>
      <trkpt lat="36.874438" lon="-4.814314">
        <ele>562.653876</ele>
        <time>2026-05-19T09:37:56.000Z</time>
      </trkpt>
      <trkpt lat="36.874427" lon="-4.814248">
        <ele>562.90925</ele>
        <time>2026-05-19T09:38:00.000Z</time>
      </trkpt>
      <trkpt lat="36.87445" lon="-4.814147">
        <ele>563.307034</ele>
        <time>2026-05-19T09:38:09.000Z</time>
      </trkpt>
      <trkpt lat="36.874455" lon="-4.814133">
        <ele>563.365111</ele>
        <time>2026-05-19T09:38:10.000Z</time>
      </trkpt>
      <trkpt lat="36.874493" lon="-4.814096">
        <ele>563.593193</ele>
        <time>2026-05-19T09:38:13.000Z</time>
      </trkpt>
      <trkpt lat="36.87452" lon="-4.814054">
        <ele>563.797293</ele>
        <time>2026-05-19T09:38:16.000Z</time>
      </trkpt>
      <trkpt lat="36.874545" lon="-4.813996">
        <ele>564.055817</ele>
        <time>2026-05-19T09:38:21.000Z</time>
      </trkpt>
      <trkpt lat="36.874554" lon="-4.813968">
        <ele>564.174398</ele>
        <time>2026-05-19T09:38:23.000Z</time>
      </trkpt>
      <trkpt lat="36.874583" lon="-4.81387">
        <ele>564.585012</ele>
        <time>2026-05-19T09:38:30.000Z</time>
      </trkpt>
      <trkpt lat="36.874588" lon="-4.813849">
        <ele>564.671114</ele>
        <time>2026-05-19T09:38:31.000Z</time>
      </trkpt>
      <trkpt lat="36.874603" lon="-4.813778">
        <ele>564.959688</ele>
        <time>2026-05-19T09:38:35.000Z</time>
      </trkpt>
      <trkpt lat="36.874602" lon="-4.813715">
        <ele>565.207307</ele>
        <time>2026-05-19T09:38:40.000Z</time>
      </trkpt>
      <trkpt lat="36.874599" lon="-4.813695">
        <ele>565.28727</ele>
        <time>2026-05-19T09:38:41.000Z</time>
      </trkpt>
      <trkpt lat="36.874567" lon="-4.813607">
        <ele>565.667135</ele>
        <time>2026-05-19T09:38:47.000Z</time>
      </trkpt>
      <trkpt lat="36.874515" lon="-4.813543">
        <ele>566.025611</ele>
        <time>2026-05-19T09:38:52.000Z</time>
      </trkpt>
      <trkpt lat="36.874507" lon="-4.813534">
        <ele>566.078481</ele>
        <time>2026-05-19T09:38:53.000Z</time>
      </trkpt>
      <trkpt lat="36.874451" lon="-4.813494">
        <ele>566.395317</ele>
        <time>2026-05-19T09:39:00.000Z</time>
      </trkpt>
      <trkpt lat="36.874434" lon="-4.813484">
        <ele>566.487612</ele>
        <time>2026-05-19T09:39:01.000Z</time>
      </trkpt>
      <trkpt lat="36.874418" lon="-4.813477">
        <ele>566.570885</ele>
        <time>2026-05-19T09:39:02.000Z</time>
      </trkpt>
      <trkpt lat="36.874397" lon="-4.813468">
        <ele>566.67994</ele>
        <time>2026-05-19T09:39:04.000Z</time>
      </trkpt>
      <trkpt lat="36.874388" lon="-4.813465">
        <ele>566.725697</ele>
        <time>2026-05-19T09:39:05.000Z</time>
      </trkpt>
      <trkpt lat="36.874306" lon="-4.813435">
        <ele>567.145411</ele>
        <time>2026-05-19T09:39:14.000Z</time>
      </trkpt>
      <trkpt lat="36.874272" lon="-4.813428">
        <ele>567.314684</ele>
        <time>2026-05-19T09:39:17.000Z</time>
      </trkpt>
      <trkpt lat="36.874207" lon="-4.813418">
        <ele>567.636399</ele>
        <time>2026-05-19T09:39:22.000Z</time>
      </trkpt>
      <trkpt lat="36.874199" lon="-4.813417">
        <ele>567.675895</ele>
        <time>2026-05-19T09:39:23.000Z</time>
      </trkpt>
      <trkpt lat="36.874156" lon="-4.813405">
        <ele>567.892328</ele>
        <time>2026-05-19T09:39:27.000Z</time>
      </trkpt>
      <trkpt lat="36.874097" lon="-4.813348">
        <ele>568.258628</ele>
        <time>2026-05-19T09:39:32.000Z</time>
      </trkpt>
      <trkpt lat="36.874077" lon="-4.813323">
        <ele>568.397568</ele>
        <time>2026-05-19T09:39:34.000Z</time>
      </trkpt>
      <trkpt lat="36.874072" lon="-4.813301">
        <ele>568.487444</ele>
        <time>2026-05-19T09:39:36.000Z</time>
      </trkpt>
      <trkpt lat="36.874073" lon="-4.813273">
        <ele>568.597585</ele>
        <time>2026-05-19T09:39:38.000Z</time>
      </trkpt>
      <trkpt lat="36.874088" lon="-4.813259">
        <ele>568.689544</ele>
        <time>2026-05-19T09:39:43.000Z</time>
      </trkpt>
      <trkpt lat="36.874101" lon="-4.813284">
        <ele>568.806719</ele>
        <time>2026-05-19T09:39:45.000Z</time>
      </trkpt>
      <trkpt lat="36.874065" lon="-4.81319">
        <ele>569.216262</ele>
        <time>2026-05-19T09:39:48.000Z</time>
      </trkpt>
      <trkpt lat="36.874075" lon="-4.81318">
        <ele>569.279171</ele>
        <time>2026-05-19T09:39:50.000Z</time>
      </trkpt>
      <trkpt lat="36.874094" lon="-4.813183">
        <ele>569.373248</ele>
        <time>2026-05-19T09:39:53.000Z</time>
      </trkpt>
      <trkpt lat="36.874111" lon="-4.81314">
        <ele>569.561736</ele>
        <time>2026-05-19T09:39:56.000Z</time>
      </trkpt>
      <trkpt lat="36.874118" lon="-4.813123">
        <ele>569.636871</ele>
        <time>2026-05-19T09:39:57.000Z</time>
      </trkpt>
      <trkpt lat="36.874138" lon="-4.813077">
        <ele>569.842612</ele>
        <time>2026-05-19T09:40:02.000Z</time>
      </trkpt>
      <trkpt lat="36.874143" lon="-4.813069">
        <ele>569.882507</ele>
        <time>2026-05-19T09:40:03.000Z</time>
      </trkpt>
      <trkpt lat="36.874177" lon="-4.81302">
        <ele>570.137408</ele>
        <time>2026-05-19T09:40:07.000Z</time>
      </trkpt>
      <trkpt lat="36.874193" lon="-4.812999">
        <ele>570.251372</ele>
        <time>2026-05-19T09:40:10.000Z</time>
      </trkpt>
      <trkpt lat="36.874201" lon="-4.812985">
        <ele>570.318983</ele>
        <time>2026-05-19T09:40:11.000Z</time>
      </trkpt>
      <trkpt lat="36.87424" lon="-4.812935">
        <ele>570.593411</ele>
        <time>2026-05-19T09:40:16.000Z</time>
      </trkpt>
      <trkpt lat="36.874279" lon="-4.812882">
        <ele>570.8764</ele>
        <time>2026-05-19T09:40:22.000Z</time>
      </trkpt>
      <trkpt lat="36.874291" lon="-4.81286">
        <ele>570.981038</ele>
        <time>2026-05-19T09:40:24.000Z</time>
      </trkpt>
      <trkpt lat="36.874327" lon="-4.812748">
        <ele>571.455365</ele>
        <time>2026-05-19T09:40:31.000Z</time>
      </trkpt>
      <trkpt lat="36.874333" lon="-4.812731">
        <ele>571.528383</ele>
        <time>2026-05-19T09:40:32.000Z</time>
      </trkpt>
      <trkpt lat="36.874352" lon="-4.812705">
        <ele>571.66677</ele>
        <time>2026-05-19T09:40:34.000Z</time>
      </trkpt>
      <trkpt lat="36.87438" lon="-4.812695">
        <ele>571.809821</ele>
        <time>2026-05-19T09:40:37.000Z</time>
      </trkpt>
      <trkpt lat="36.874394" lon="-4.812683">
        <ele>571.893209</ele>
        <time>2026-05-19T09:40:38.000Z</time>
      </trkpt>
      <trkpt lat="36.874437" lon="-4.812647">
        <ele>572.147439</ele>
        <time>2026-05-19T09:40:42.000Z</time>
      </trkpt>
      <trkpt lat="36.874455" lon="-4.812645">
        <ele>572.236211</ele>
        <time>2026-05-19T09:40:44.000Z</time>
      </trkpt>
      <trkpt lat="36.874465" lon="-4.812644">
        <ele>572.285492</ele>
        <time>2026-05-19T09:40:45.000Z</time>
      </trkpt>
      <trkpt lat="36.874483" lon="-4.812634">
        <ele>572.382255</ele>
        <time>2026-05-19T09:40:47.000Z</time>
      </trkpt>
      <trkpt lat="36.874551" lon="-4.812616">
        <ele>572.76347</ele>
        <time>2026-05-19T09:40:53.000Z</time>
      </trkpt>
      <trkpt lat="36.874578" lon="-4.8126">
        <ele>572.982674</ele>
        <time>2026-05-19T09:40:55.000Z</time>
      </trkpt>
      <trkpt lat="36.874628" lon="-4.812536">
        <ele>573.507662</ele>
        <time>2026-05-19T09:41:02.000Z</time>
      </trkpt>
      <trkpt lat="36.87466" lon="-4.812443">
        <ele>574.101783</ele>
        <time>2026-05-19T09:41:08.000Z</time>
      </trkpt>
      <trkpt lat="36.874668" lon="-4.812425">
        <ele>574.222625</ele>
        <time>2026-05-19T09:41:09.000Z</time>
      </trkpt>
      <trkpt lat="36.874705" lon="-4.812342">
        <ele>574.780238</ele>
        <time>2026-05-19T09:41:16.000Z</time>
      </trkpt>
      <trkpt lat="36.874717" lon="-4.812309">
        <ele>574.99297</ele>
        <time>2026-05-19T09:41:18.000Z</time>
      </trkpt>
      <trkpt lat="36.874721" lon="-4.812293">
        <ele>575.091345</ele>
        <time>2026-05-19T09:41:19.000Z</time>
      </trkpt>
      <trkpt lat="36.874741" lon="-4.812217">
        <ele>575.560867</ele>
        <time>2026-05-19T09:41:25.000Z</time>
      </trkpt>
      <trkpt lat="36.874764" lon="-4.812163">
        <ele>575.919888</ele>
        <time>2026-05-19T09:41:30.000Z</time>
      </trkpt>
      <trkpt lat="36.874778" lon="-4.812104">
        <ele>576.281043</ele>
        <time>2026-05-19T09:41:35.000Z</time>
      </trkpt>
      <trkpt lat="36.874778" lon="-4.812088">
        <ele>576.374939</ele>
        <time>2026-05-19T09:41:36.000Z</time>
      </trkpt>
      <trkpt lat="36.874767" lon="-4.811963">
        <ele>577.112931</ele>
        <time>2026-05-19T09:41:43.000Z</time>
      </trkpt>
      <trkpt lat="36.874764" lon="-4.811948">
        <ele>577.203668</ele>
        <time>2026-05-19T09:41:44.000Z</time>
      </trkpt>
      <trkpt lat="36.874728" lon="-4.811839">
        <ele>577.895713</ele>
        <time>2026-05-19T09:41:51.000Z</time>
      </trkpt>
      <trkpt lat="36.874727" lon="-4.811825">
        <ele>577.978199</ele>
        <time>2026-05-19T09:41:52.000Z</time>
      </trkpt>
      <trkpt lat="36.874735" lon="-4.81179">
        <ele>578.191818</ele>
        <time>2026-05-19T09:41:56.000Z</time>
      </trkpt>
      <trkpt lat="36.874743" lon="-4.811738">
        <ele>578.502574</ele>
        <time>2026-05-19T09:42:01.000Z</time>
      </trkpt>
      <trkpt lat="36.874745" lon="-4.811728">
        <ele>578.563066</ele>
        <time>2026-05-19T09:42:02.000Z</time>
      </trkpt>
      <trkpt lat="36.874744" lon="-4.811674">
        <ele>578.880051</ele>
        <time>2026-05-19T09:42:08.000Z</time>
      </trkpt>
      <trkpt lat="36.874747" lon="-4.811664">
        <ele>578.942728</ele>
        <time>2026-05-19T09:42:09.000Z</time>
      </trkpt>
      <trkpt lat="36.874769" lon="-4.811573">
        <ele>579.500619</ele>
        <time>2026-05-19T09:42:15.000Z</time>
      </trkpt>
      <trkpt lat="36.874772" lon="-4.811559">
        <ele>579.585675</ele>
        <time>2026-05-19T09:42:16.000Z</time>
      </trkpt>
      <trkpt lat="36.874793" lon="-4.811524">
        <ele>579.842429</ele>
        <time>2026-05-19T09:42:20.000Z</time>
      </trkpt>
      <trkpt lat="36.874805" lon="-4.811477">
        <ele>580.131958</ele>
        <time>2026-05-19T09:42:23.000Z</time>
      </trkpt>
      <trkpt lat="36.874816" lon="-4.811431">
        <ele>580.413713</ele>
        <time>2026-05-19T09:42:26.000Z</time>
      </trkpt>
      <trkpt lat="36.874822" lon="-4.81139">
        <ele>580.658316</ele>
        <time>2026-05-19T09:42:29.000Z</time>
      </trkpt>
      <trkpt lat="36.874809" lon="-4.811339">
        <ele>580.972438</ele>
        <time>2026-05-19T09:42:34.000Z</time>
      </trkpt>
      <trkpt lat="36.874795" lon="-4.811336">
        <ele>581.076642</ele>
        <time>2026-05-19T09:42:41.000Z</time>
      </trkpt>
      <trkpt lat="36.874792" lon="-4.811335">
        <ele>581.099419</ele>
        <time>2026-05-19T09:42:42.000Z</time>
      </trkpt>
      <trkpt lat="36.874792" lon="-4.811332">
        <ele>581.117025</ele>
        <time>2026-05-19T09:42:44.000Z</time>
      </trkpt>
      <trkpt lat="36.874796" lon="-4.811336">
        <ele>581.154603</ele>
        <time>2026-05-19T09:42:48.000Z</time>
      </trkpt>
      <trkpt lat="36.874803" lon="-4.811337">
        <ele>581.20629</ele>
        <time>2026-05-19T09:42:51.000Z</time>
      </trkpt>
      <trkpt lat="36.87483" lon="-4.811323">
        <ele>581.420729</ele>
        <time>2026-05-19T09:43:02.000Z</time>
      </trkpt>
      <trkpt lat="36.874835" lon="-4.811317">
        <ele>581.471575</ele>
        <time>2026-05-19T09:43:03.000Z</time>
      </trkpt>
      <trkpt lat="36.874837" lon="-4.811312">
        <ele>581.504381</ele>
        <time>2026-05-19T09:43:05.000Z</time>
      </trkpt>
      <trkpt lat="36.874835" lon="-4.811313">
        <ele>581.520184</ele>
        <time>2026-05-19T09:43:07.000Z</time>
      </trkpt>
      <trkpt lat="36.874833" lon="-4.811311">
        <ele>581.538973</ele>
        <time>2026-05-19T09:43:11.000Z</time>
      </trkpt>
      <trkpt lat="36.874829" lon="-4.811309">
        <ele>581.570578</ele>
        <time>2026-05-19T09:43:13.000Z</time>
      </trkpt>
      <trkpt lat="36.874823" lon="-4.811302">
        <ele>581.630786</ele>
        <time>2026-05-19T09:43:15.000Z</time>
      </trkpt>
      <trkpt lat="36.874824" lon="-4.811294">
        <ele>581.678304</ele>
        <time>2026-05-19T09:43:16.000Z</time>
      </trkpt>
      <trkpt lat="36.874823" lon="-4.81129">
        <ele>581.702897</ele>
        <time>2026-05-19T09:43:17.000Z</time>
      </trkpt>
      <trkpt lat="36.874822" lon="-4.811284">
        <ele>581.738865</ele>
        <time>2026-05-19T09:43:19.000Z</time>
      </trkpt>
      <trkpt lat="36.874819" lon="-4.811284">
        <ele>581.760873</ele>
        <time>2026-05-19T09:43:20.000Z</time>
      </trkpt>
      <trkpt lat="36.874803" lon="-4.811334">
        <ele>582.076906</ele>
        <time>2026-05-19T09:43:26.000Z</time>
      </trkpt>
      <trkpt lat="36.874805" lon="-4.811349">
        <ele>582.166148</ele>
        <time>2026-05-19T09:43:28.000Z</time>
      </trkpt>
      <trkpt lat="36.874805" lon="-4.811374">
        <ele>582.312861</ele>
        <time>2026-05-19T09:43:35.000Z</time>
      </trkpt>
      <trkpt lat="36.874805" lon="-4.811376">
        <ele>582.324598</ele>
        <time>2026-05-19T09:43:38.000Z</time>
      </trkpt>
      <trkpt lat="36.874806" lon="-4.811371">
        <ele>582.354844</ele>
        <time>2026-05-19T09:43:39.000Z</time>
      </trkpt>
      <trkpt lat="36.874804" lon="-4.811359">
        <ele>582.426778</ele>
        <time>2026-05-19T09:43:41.000Z</time>
      </trkpt>
      <trkpt lat="36.874803" lon="-4.811353">
        <ele>582.462746</ele>
        <time>2026-05-19T09:43:42.000Z</time>
      </trkpt>
      <trkpt lat="36.874805" lon="-4.811346">
        <ele>582.506367</ele>
        <time>2026-05-19T09:43:43.000Z</time>
      </trkpt>
      <trkpt lat="36.874808" lon="-4.811339">
        <ele>582.552971</ele>
        <time>2026-05-19T09:43:44.000Z</time>
      </trkpt>
      <trkpt lat="36.874831" lon="-4.811293">
        <ele>582.871317</ele>
        <time>2026-05-19T09:43:51.000Z</time>
      </trkpt>
      <trkpt lat="36.874848" lon="-4.811276">
        <ele>583.031025</ele>
        <time>2026-05-19T09:43:54.000Z</time>
      </trkpt>
      <trkpt lat="36.874868" lon="-4.81128">
        <ele>583.179613</ele>
        <time>2026-05-19T09:44:02.000Z</time>
      </trkpt>
      <trkpt lat="36.874916" lon="-4.811236">
        <ele>583.616275</ele>
        <time>2026-05-19T09:44:09.000Z</time>
      </trkpt>
      <trkpt lat="36.874969" lon="-4.811174">
        <ele>584.14878</ele>
        <time>2026-05-19T09:44:15.000Z</time>
      </trkpt>
      <trkpt lat="36.874982" lon="-4.811138">
        <ele>584.380575</ele>
        <time>2026-05-19T09:44:18.000Z</time>
      </trkpt>
      <trkpt lat="36.874996" lon="-4.811117">
        <ele>584.541</ele>
        <time>2026-05-19T09:44:20.000Z</time>
      </trkpt>
      <trkpt lat="36.875006" lon="-4.811099">
        <ele>584.669609</ele>
        <time>2026-05-19T09:44:21.000Z</time>
      </trkpt>
      <trkpt lat="36.875015" lon="-4.81109">
        <ele>584.754161</ele>
        <time>2026-05-19T09:44:22.000Z</time>
      </trkpt>
      <trkpt lat="36.875027" lon="-4.811082">
        <ele>584.85393</ele>
        <time>2026-05-19T09:44:24.000Z</time>
      </trkpt>
      <trkpt lat="36.875068" lon="-4.811037">
        <ele>585.254192</ele>
        <time>2026-05-19T09:44:29.000Z</time>
      </trkpt>
      <trkpt lat="36.875103" lon="-4.810992">
        <ele>585.622523</ele>
        <time>2026-05-19T09:44:34.000Z</time>
      </trkpt>
      <trkpt lat="36.875112" lon="-4.810976">
        <ele>585.737308</ele>
        <time>2026-05-19T09:44:35.000Z</time>
      </trkpt>
      <trkpt lat="36.875158" lon="-4.810895">
        <ele>585.84183</ele>
        <time>2026-05-19T09:44:42.000Z</time>
      </trkpt>
      <trkpt lat="36.875229" lon="-4.810818">
        <ele>585.847041</ele>
        <time>2026-05-19T09:44:49.000Z</time>
      </trkpt>
      <trkpt lat="36.875235" lon="-4.81081">
        <ele>585.847527</ele>
        <time>2026-05-19T09:44:50.000Z</time>
      </trkpt>
      <trkpt lat="36.875241" lon="-4.810798">
        <ele>585.848155</ele>
        <time>2026-05-19T09:44:51.000Z</time>
      </trkpt>
      <trkpt lat="36.875276" lon="-4.810735">
        <ele>585.851556</ele>
        <time>2026-05-19T09:44:56.000Z</time>
      </trkpt>
      <trkpt lat="36.875293" lon="-4.810698">
        <ele>585.853448</ele>
        <time>2026-05-19T09:45:00.000Z</time>
      </trkpt>
      <trkpt lat="36.875307" lon="-4.810662">
        <ele>585.855224</ele>
        <time>2026-05-19T09:45:02.000Z</time>
      </trkpt>
      <trkpt lat="36.875324" lon="-4.81061">
        <ele>585.857715</ele>
        <time>2026-05-19T09:45:06.000Z</time>
      </trkpt>
      <trkpt lat="36.875336" lon="-4.810578">
        <ele>585.859282</ele>
        <time>2026-05-19T09:45:08.000Z</time>
      </trkpt>
      <trkpt lat="36.875368" lon="-4.810519">
        <ele>585.862443</ele>
        <time>2026-05-19T09:45:13.000Z</time>
      </trkpt>
      <trkpt lat="36.875379" lon="-4.810509">
        <ele>585.863197</ele>
        <time>2026-05-19T09:45:15.000Z</time>
      </trkpt>
      <trkpt lat="36.875396" lon="-4.810476">
        <ele>585.864938</ele>
        <time>2026-05-19T09:45:18.000Z</time>
      </trkpt>
      <trkpt lat="36.875405" lon="-4.810446">
        <ele>585.866359</ele>
        <time>2026-05-19T09:45:20.000Z</time>
      </trkpt>
      <trkpt lat="36.875406" lon="-4.810417">
        <ele>585.867646</ele>
        <time>2026-05-19T09:45:22.000Z</time>
      </trkpt>
      <trkpt lat="36.875419" lon="-4.810373">
        <ele>585.869727</ele>
        <time>2026-05-19T09:45:25.000Z</time>
      </trkpt>
      <trkpt lat="36.875431" lon="-4.810344">
        <ele>585.871174</ele>
        <time>2026-05-19T09:45:28.000Z</time>
      </trkpt>
      <trkpt lat="36.875444" lon="-4.810319">
        <ele>585.872497</ele>
        <time>2026-05-19T09:45:30.000Z</time>
      </trkpt>
      <trkpt lat="36.875476" lon="-4.810243">
        <ele>585.876306</ele>
        <time>2026-05-19T09:45:37.000Z</time>
      </trkpt>
      <trkpt lat="36.875505" lon="-4.810179">
        <ele>585.879568</ele>
        <time>2026-05-19T09:45:42.000Z</time>
      </trkpt>
      <trkpt lat="36.875508" lon="-4.810132">
        <ele>585.881659</ele>
        <time>2026-05-19T09:45:46.000Z</time>
      </trkpt>
      <trkpt lat="36.875482" lon="-4.810118">
        <ele>585.883228</ele>
        <time>2026-05-19T09:45:52.000Z</time>
      </trkpt>
      <trkpt lat="36.875481" lon="-4.810109">
        <ele>585.883631</ele>
        <time>2026-05-19T09:45:54.000Z</time>
      </trkpt>
      <trkpt lat="36.875501" lon="-4.810088">
        <ele>585.885079</ele>
        <time>2026-05-19T09:45:57.000Z</time>
      </trkpt>
      <trkpt lat="36.875514" lon="-4.810082">
        <ele>585.885847</ele>
        <time>2026-05-19T09:45:58.000Z</time>
      </trkpt>
      <trkpt lat="36.875547" lon="-4.810061">
        <ele>585.8879</ele>
        <time>2026-05-19T09:46:01.000Z</time>
      </trkpt>
      <trkpt lat="36.875614" lon="-4.81">
        <ele>585.892495</ele>
        <time>2026-05-19T09:46:07.000Z</time>
      </trkpt>
      <trkpt lat="36.875664" lon="-4.809958">
        <ele>585.895835</ele>
        <time>2026-05-19T09:46:13.000Z</time>
      </trkpt>
      <trkpt lat="36.875675" lon="-4.80994">
        <ele>585.896839</ele>
        <time>2026-05-19T09:46:16.000Z</time>
      </trkpt>
      <trkpt lat="36.875695" lon="-4.809901">
        <ele>585.898894</ele>
        <time>2026-05-19T09:46:19.000Z</time>
      </trkpt>
      <trkpt lat="36.875704" lon="-4.809879">
        <ele>585.89999</ele>
        <time>2026-05-19T09:46:21.000Z</time>
      </trkpt>
      <trkpt lat="36.875734" lon="-4.809847">
        <ele>585.902176</ele>
        <time>2026-05-19T09:46:26.000Z</time>
      </trkpt>
      <trkpt lat="36.875764" lon="-4.809832">
        <ele>585.903967</ele>
        <time>2026-05-19T09:46:29.000Z</time>
      </trkpt>
      <trkpt lat="36.875796" lon="-4.809798">
        <ele>585.906296</ele>
        <time>2026-05-19T09:46:32.000Z</time>
      </trkpt>
      <trkpt lat="36.875874" lon="-4.809724">
        <ele>585.911724</ele>
        <time>2026-05-19T09:46:41.000Z</time>
      </trkpt>
      <trkpt lat="36.875893" lon="-4.809696">
        <ele>585.913352</ele>
        <time>2026-05-19T09:46:45.000Z</time>
      </trkpt>
      <trkpt lat="36.875915" lon="-4.809662">
        <ele>585.915292</ele>
        <time>2026-05-19T09:46:48.000Z</time>
      </trkpt>
      <trkpt lat="36.875923" lon="-4.809652">
        <ele>585.915919</ele>
        <time>2026-05-19T09:46:49.000Z</time>
      </trkpt>
      <trkpt lat="36.875947" lon="-4.809618">
        <ele>585.91793</ele>
        <time>2026-05-19T09:46:53.000Z</time>
      </trkpt>
      <trkpt lat="36.875958" lon="-4.809598">
        <ele>585.919006</ele>
        <time>2026-05-19T09:46:55.000Z</time>
      </trkpt>
      <trkpt lat="36.875983" lon="-4.809562">
        <ele>585.921121</ele>
        <time>2026-05-19T09:46:58.000Z</time>
      </trkpt>
      <trkpt lat="36.876013" lon="-4.809526">
        <ele>585.923426</ele>
        <time>2026-05-19T09:47:01.000Z</time>
      </trkpt>
      <trkpt lat="36.876032" lon="-4.809498">
        <ele>585.925054</ele>
        <time>2026-05-19T09:47:05.000Z</time>
      </trkpt>
      <trkpt lat="36.876039" lon="-4.809474">
        <ele>585.926187</ele>
        <time>2026-05-19T09:47:07.000Z</time>
      </trkpt>
      <trkpt lat="36.876066" lon="-4.809405">
        <ele>585.929594</ele>
        <time>2026-05-19T09:47:11.000Z</time>
      </trkpt>
      <trkpt lat="36.87608" lon="-4.809381">
        <ele>585.930911</ele>
        <time>2026-05-19T09:47:13.000Z</time>
      </trkpt>
      <trkpt lat="36.876091" lon="-4.809361">
        <ele>585.931987</ele>
        <time>2026-05-19T09:47:15.000Z</time>
      </trkpt>
      <trkpt lat="36.876118" lon="-4.809314">
        <ele>585.934553</ele>
        <time>2026-05-19T09:47:20.000Z</time>
      </trkpt>
      <trkpt lat="36.876123" lon="-4.8093">
        <ele>585.935233</ele>
        <time>2026-05-19T09:47:21.000Z</time>
      </trkpt>
      <trkpt lat="36.876133" lon="-4.809273">
        <ele>585.936553</ele>
        <time>2026-05-19T09:47:23.000Z</time>
      </trkpt>
      <trkpt lat="36.876143" lon="-4.809246">
        <ele>585.937872</ele>
        <time>2026-05-19T09:47:25.000Z</time>
      </trkpt>
      <trkpt lat="36.876158" lon="-4.809205">
        <ele>585.569123</ele>
        <time>2026-05-19T09:47:28.000Z</time>
      </trkpt>
      <trkpt lat="36.876175" lon="-4.80917">
        <ele>585.229229</ele>
        <time>2026-05-19T09:47:31.000Z</time>
      </trkpt>
      <trkpt lat="36.876188" lon="-4.809142">
        <ele>584.960493</ele>
        <time>2026-05-19T09:47:34.000Z</time>
      </trkpt>
      <trkpt lat="36.876202" lon="-4.809099">
        <ele>584.575123</ele>
        <time>2026-05-19T09:47:40.000Z</time>
      </trkpt>
      <trkpt lat="36.876208" lon="-4.809055">
        <ele>584.204615</ele>
        <time>2026-05-19T09:47:45.000Z</time>
      </trkpt>
      <trkpt lat="36.876217" lon="-4.809003">
        <ele>583.762982</ele>
        <time>2026-05-19T09:47:49.000Z</time>
      </trkpt>
      <trkpt lat="36.876227" lon="-4.808976">
        <ele>583.516001</ele>
        <time>2026-05-19T09:47:53.000Z</time>
      </trkpt>
      <trkpt lat="36.876232" lon="-4.808953">
        <ele>583.318157</ele>
        <time>2026-05-19T09:47:55.000Z</time>
      </trkpt>
      <trkpt lat="36.876233" lon="-4.80888">
        <ele>582.712104</ele>
        <time>2026-05-19T09:48:02.000Z</time>
      </trkpt>
      <trkpt lat="36.876219" lon="-4.808821">
        <ele>582.201259</ele>
        <time>2026-05-19T09:48:05.000Z</time>
      </trkpt>
      <trkpt lat="36.876215" lon="-4.808789">
        <ele>581.932408</ele>
        <time>2026-05-19T09:48:07.000Z</time>
      </trkpt>
      <trkpt lat="36.87619" lon="-4.808712">
        <ele>581.242599</ele>
        <time>2026-05-19T09:48:14.000Z</time>
      </trkpt>
      <trkpt lat="36.876157" lon="-4.808652">
        <ele>580.638181</ele>
        <time>2026-05-19T09:48:19.000Z</time>
      </trkpt>
      <trkpt lat="36.876149" lon="-4.808627">
        <ele>580.414671</ele>
        <time>2026-05-19T09:48:21.000Z</time>
      </trkpt>
      <trkpt lat="36.8761" lon="-4.808542">
        <ele>579.54497</ele>
        <time>2026-05-19T09:48:28.000Z</time>
      </trkpt>
      <trkpt lat="36.876077" lon="-4.808508">
        <ele>579.175352</ele>
        <time>2026-05-19T09:48:32.000Z</time>
      </trkpt>
      <trkpt lat="36.876068" lon="-4.808495">
        <ele>579.032639</ele>
        <time>2026-05-19T09:48:34.000Z</time>
      </trkpt>
      <trkpt lat="36.875993" lon="-4.808405">
        <ele>577.953827</ele>
        <time>2026-05-19T09:48:42.000Z</time>
      </trkpt>
      <trkpt lat="36.875948" lon="-4.808326">
        <ele>577.148786</ele>
        <time>2026-05-19T09:48:49.000Z</time>
      </trkpt>
      <trkpt lat="36.875938" lon="-4.808305">
        <ele>576.945919</ele>
        <time>2026-05-19T09:48:50.000Z</time>
      </trkpt>
      <trkpt lat="36.875911" lon="-4.808226">
        <ele>576.232802</ele>
        <time>2026-05-19T09:48:56.000Z</time>
      </trkpt>
      <trkpt lat="36.875888" lon="-4.808137">
        <ele>575.456425</ele>
        <time>2026-05-19T09:49:02.000Z</time>
      </trkpt>
      <trkpt lat="36.875884" lon="-4.808124">
        <ele>575.340806</ele>
        <time>2026-05-19T09:49:03.000Z</time>
      </trkpt>
      <trkpt lat="36.875899" lon="-4.808083">
        <ele>574.966563</ele>
        <time>2026-05-19T09:49:10.000Z</time>
      </trkpt>
      <trkpt lat="36.8759" lon="-4.808084">
        <ele>574.953274</ele>
        <time>2026-05-19T09:49:11.000Z</time>
      </trkpt>
      <trkpt lat="36.875905" lon="-4.80808">
        <ele>574.891675</ele>
        <time>2026-05-19T09:49:14.000Z</time>
      </trkpt>
      <trkpt lat="36.8759" lon="-4.80809">
        <ele>574.793784</ele>
        <time>2026-05-19T09:49:21.000Z</time>
      </trkpt>
      <trkpt lat="36.875897" lon="-4.808093">
        <ele>574.753918</ele>
        <time>2026-05-19T09:49:22.000Z</time>
      </trkpt>
      <trkpt lat="36.875889" lon="-4.808101">
        <ele>574.64761</ele>
        <time>2026-05-19T09:49:32.000Z</time>
      </trkpt>
      <trkpt lat="36.87588" lon="-4.808072">
        <ele>574.389402</ele>
        <time>2026-05-19T09:49:43.000Z</time>
      </trkpt>
      <trkpt lat="36.875878" lon="-4.808063">
        <ele>574.311864</ele>
        <time>2026-05-19T09:49:44.000Z</time>
      </trkpt>
      <trkpt lat="36.875869" lon="-4.808029">
        <ele>574.014582</ele>
        <time>2026-05-19T09:49:48.000Z</time>
      </trkpt>
      <trkpt lat="36.875865" lon="-4.808021">
        <ele>573.93627</ele>
        <time>2026-05-19T09:49:49.000Z</time>
      </trkpt>
      <trkpt lat="36.875862" lon="-4.80801">
        <ele>573.839799</ele>
        <time>2026-05-19T09:49:50.000Z</time>
      </trkpt>
      <trkpt lat="36.875843" lon="-4.807982">
        <ele>573.535013</ele>
        <time>2026-05-19T09:49:55.000Z</time>
      </trkpt>
      <trkpt lat="36.875835" lon="-4.807987">
        <ele>573.4422</ele>
        <time>2026-05-19T09:49:57.000Z</time>
      </trkpt>
      <trkpt lat="36.875783" lon="-4.80799">
        <ele>572.902024</ele>
        <time>2026-05-19T09:50:04.000Z</time>
      </trkpt>
      <trkpt lat="36.875782" lon="-4.807991">
        <ele>572.888736</ele>
        <time>2026-05-19T09:50:05.000Z</time>
      </trkpt>
      <trkpt lat="36.875791" lon="-4.807983">
        <ele>572.77414</ele>
        <time>2026-05-19T09:50:17.000Z</time>
      </trkpt>
      <trkpt lat="36.875782" lon="-4.807987">
        <ele>572.675021</ele>
        <time>2026-05-19T09:50:23.000Z</time>
      </trkpt>
      <trkpt lat="36.875781" lon="-4.807987">
        <ele>572.664644</ele>
        <time>2026-05-19T09:50:24.000Z</time>
      </trkpt>
      <trkpt lat="36.87578" lon="-4.807987">
        <ele>572.654267</ele>
        <time>2026-05-19T09:50:25.000Z</time>
      </trkpt>
      <trkpt lat="36.875787" lon="-4.80798">
        <ele>572.561247</ele>
        <time>2026-05-19T09:50:28.000Z</time>
      </trkpt>
      <trkpt lat="36.875791" lon="-4.807976">
        <ele>572.508093</ele>
        <time>2026-05-19T09:50:31.000Z</time>
      </trkpt>
      <trkpt lat="36.87577" lon="-4.807976">
        <ele>572.290177</ele>
        <time>2026-05-19T09:50:35.000Z</time>
      </trkpt>
      <trkpt lat="36.875769" lon="-4.807974">
        <ele>572.270598</ele>
        <time>2026-05-19T09:50:36.000Z</time>
      </trkpt>
      <trkpt lat="36.875772" lon="-4.807947">
        <ele>572.044322</ele>
        <time>2026-05-19T09:50:39.000Z</time>
      </trkpt>
      <trkpt lat="36.875767" lon="-4.807878">
        <ele>571.469213</ele>
        <time>2026-05-19T09:50:48.000Z</time>
      </trkpt>
      <trkpt lat="36.875731" lon="-4.807836">
        <ele>570.95823</ele>
        <time>2026-05-19T09:50:54.000Z</time>
      </trkpt>
      <trkpt lat="36.875703" lon="-4.807781">
        <ele>570.417063</ele>
        <time>2026-05-19T09:50:59.000Z</time>
      </trkpt>
      <trkpt lat="36.875686" lon="-4.807743">
        <ele>570.05565</ele>
        <time>2026-05-19T09:51:03.000Z</time>
      </trkpt>
      <trkpt lat="36.875678" lon="-4.807733">
        <ele>569.938253</ele>
        <time>2026-05-19T09:51:04.000Z</time>
      </trkpt>
      <trkpt lat="36.87561" lon="-4.807675">
        <ele>569.084019</ele>
        <time>2026-05-19T09:51:12.000Z</time>
      </trkpt>
      <trkpt lat="36.875593" lon="-4.807653">
        <ele>568.830109</ele>
        <time>2026-05-19T09:51:14.000Z</time>
      </trkpt>
      <trkpt lat="36.875579" lon="-4.807615">
        <ele>568.482826</ele>
        <time>2026-05-19T09:51:18.000Z</time>
      </trkpt>
      <trkpt lat="36.875566" lon="-4.807587">
        <ele>568.214088</ele>
        <time>2026-05-19T09:51:20.000Z</time>
      </trkpt>
      <trkpt lat="36.87552" lon="-4.807529">
        <ele>567.536112</ele>
        <time>2026-05-19T09:51:25.000Z</time>
      </trkpt>
      <trkpt lat="36.87551" lon="-4.807518">
        <ele>567.397888</ele>
        <time>2026-05-19T09:51:26.000Z</time>
      </trkpt>
      <trkpt lat="36.875449" lon="-4.807491">
        <ele>566.885583</ele>
        <time>2026-05-19T09:51:33.000Z</time>
      </trkpt>
      <trkpt lat="36.875405" lon="-4.807475">
        <ele>566.548443</ele>
        <time>2026-05-19T09:51:37.000Z</time>
      </trkpt>
      <trkpt lat="36.875377" lon="-4.807446">
        <ele>566.280919</ele>
        <time>2026-05-19T09:51:40.000Z</time>
      </trkpt>
      <trkpt lat="36.875378" lon="-4.807361">
        <ele>565.780602</ele>
        <time>2026-05-19T09:51:46.000Z</time>
      </trkpt>
      <trkpt lat="36.875387" lon="-4.80735">
        <ele>565.687996</ele>
        <time>2026-05-19T09:51:47.000Z</time>
      </trkpt>
      <trkpt lat="36.875401" lon="-4.807339">
        <ele>565.566338</ele>
        <time>2026-05-19T09:51:48.000Z</time>
      </trkpt>
      <trkpt lat="36.87544" lon="-4.80734">
        <ele>565.279341</ele>
        <time>2026-05-19T09:51:51.000Z</time>
      </trkpt>
      <trkpt lat="36.875479" lon="-4.807352">
        <ele>564.983841</ele>
        <time>2026-05-19T09:51:54.000Z</time>
      </trkpt>
      <trkpt lat="36.875554" lon="-4.807395">
        <ele>564.376775</ele>
        <time>2026-05-19T09:52:02.000Z</time>
      </trkpt>
      <trkpt lat="36.875613" lon="-4.807428">
        <ele>563.901224</ele>
        <time>2026-05-19T09:52:07.000Z</time>
      </trkpt>
      <trkpt lat="36.87563" lon="-4.807435">
        <ele>563.769539</ele>
        <time>2026-05-19T09:52:08.000Z</time>
      </trkpt>
      <trkpt lat="36.875699" lon="-4.807438">
        <ele>563.261576</ele>
        <time>2026-05-19T09:52:15.000Z</time>
      </trkpt>
      <trkpt lat="36.875792" lon="-4.807419">
        <ele>562.568267</ele>
        <time>2026-05-19T09:52:23.000Z</time>
      </trkpt>
      <trkpt lat="36.875893" lon="-4.807433">
        <ele>561.820622</ele>
        <time>2026-05-19T09:52:31.000Z</time>
      </trkpt>
      <trkpt lat="36.875997" lon="-4.807436">
        <ele>561.055256</ele>
        <time>2026-05-19T09:52:39.000Z</time>
      </trkpt>
      <trkpt lat="36.876068" lon="-4.807453">
        <ele>560.52339</ele>
        <time>2026-05-19T09:52:46.000Z</time>
      </trkpt>
      <trkpt lat="36.876142" lon="-4.807529">
        <ele>559.818773</ele>
        <time>2026-05-19T09:52:53.000Z</time>
      </trkpt>
      <trkpt lat="36.876176" lon="-4.807596">
        <ele>559.3518</ele>
        <time>2026-05-19T09:52:59.000Z</time>
      </trkpt>
      <trkpt lat="36.87619" lon="-4.807614">
        <ele>559.204043</ele>
        <time>2026-05-19T09:53:01.000Z</time>
      </trkpt>
      <trkpt lat="36.876239" lon="-4.807623">
        <ele>558.839663</ele>
        <time>2026-05-19T09:53:06.000Z</time>
      </trkpt>
      <trkpt lat="36.876272" lon="-4.807636">
        <ele>558.585101</ele>
        <time>2026-05-19T09:53:09.000Z</time>
      </trkpt>
      <trkpt lat="36.876309" lon="-4.807618">
        <ele>558.292993</ele>
        <time>2026-05-19T09:53:12.000Z</time>
      </trkpt>
      <trkpt lat="36.876369" lon="-4.807623">
        <ele>557.850574</ele>
        <time>2026-05-19T09:53:17.000Z</time>
      </trkpt>
      <trkpt lat="36.876445" lon="-4.807596">
        <ele>557.269275</ele>
        <time>2026-05-19T09:53:25.000Z</time>
      </trkpt>
      <trkpt lat="36.876464" lon="-4.807587">
        <ele>557.119787</ele>
        <time>2026-05-19T09:53:28.000Z</time>
      </trkpt>
      <trkpt lat="36.876505" lon="-4.807528">
        <ele>556.659824</ele>
        <time>2026-05-19T09:53:32.000Z</time>
      </trkpt>
      <trkpt lat="36.876541" lon="-4.807433">
        <ele>556.041152</ele>
        <time>2026-05-19T09:53:39.000Z</time>
      </trkpt>
      <trkpt lat="36.876555" lon="-4.80737">
        <ele>555.656333</ele>
        <time>2026-05-19T09:53:43.000Z</time>
      </trkpt>
      <trkpt lat="36.87656" lon="-4.807345">
        <ele>555.50467</ele>
        <time>2026-05-19T09:53:46.000Z</time>
      </trkpt>
      <trkpt lat="36.876562" lon="-4.807252">
        <ele>554.957135</ele>
        <time>2026-05-19T09:53:52.000Z</time>
      </trkpt>
      <trkpt lat="36.876564" lon="-4.80724">
        <ele>554.884994</ele>
        <time>2026-05-19T09:53:53.000Z</time>
      </trkpt>
      <trkpt lat="36.876568" lon="-4.807203">
        <ele>554.665256</ele>
        <time>2026-05-19T09:53:56.000Z</time>
      </trkpt>
      <trkpt lat="36.87657" lon="-4.807124">
        <ele>554.200081</ele>
        <time>2026-05-19T09:54:01.000Z</time>
      </trkpt>
      <trkpt lat="36.876562" lon="-4.807105">
        <ele>554.073714</ele>
        <time>2026-05-19T09:54:03.000Z</time>
      </trkpt>
      <trkpt lat="36.876555" lon="-4.807042">
        <ele>553.641507</ele>
        <time>2026-05-19T09:54:09.000Z</time>
      </trkpt>
      <trkpt lat="36.876554" lon="-4.807032">
        <ele>553.572126</ele>
        <time>2026-05-19T09:54:10.000Z</time>
      </trkpt>
      <trkpt lat="36.876555" lon="-4.807008">
        <ele>553.406673</ele>
        <time>2026-05-19T09:54:12.000Z</time>
      </trkpt>
      <trkpt lat="36.876565" lon="-4.806944">
        <ele>552.957737</ele>
        <time>2026-05-19T09:54:16.000Z</time>
      </trkpt>
      <trkpt lat="36.876573" lon="-4.806918">
        <ele>552.765955</ele>
        <time>2026-05-19T09:54:18.000Z</time>
      </trkpt>
      <trkpt lat="36.876592" lon="-4.80688">
        <ele>552.457442</ele>
        <time>2026-05-19T09:54:23.000Z</time>
      </trkpt>
      <trkpt lat="36.876601" lon="-4.806773">
        <ele>551.716737</ele>
        <time>2026-05-19T09:54:29.000Z</time>
      </trkpt>
      <trkpt lat="36.876603" lon="-4.806734">
        <ele>551.44769</ele>
        <time>2026-05-19T09:54:31.000Z</time>
      </trkpt>
      <trkpt lat="36.876606" lon="-4.806647">
        <ele>550.848181</ele>
        <time>2026-05-19T09:54:36.000Z</time>
      </trkpt>
      <trkpt lat="36.876624" lon="-4.806532">
        <ele>550.041448</ele>
        <time>2026-05-19T09:54:43.000Z</time>
      </trkpt>
      <trkpt lat="36.876626" lon="-4.806514">
        <ele>549.916337</ele>
        <time>2026-05-19T09:54:44.000Z</time>
      </trkpt>
      <trkpt lat="36.876609" lon="-4.806428">
        <ele>549.306459</ele>
        <time>2026-05-19T09:54:51.000Z</time>
      </trkpt>
      <trkpt lat="36.876601" lon="-4.806419">
        <ele>549.213833</ele>
        <time>2026-05-19T09:54:52.000Z</time>
      </trkpt>
      <trkpt lat="36.876531" lon="-4.806344">
        <ele>548.420391</ele>
        <time>2026-05-19T09:54:58.000Z</time>
      </trkpt>
      <trkpt lat="36.87651" lon="-4.806336">
        <ele>548.231451</ele>
        <time>2026-05-19T09:55:01.000Z</time>
      </trkpt>
      <trkpt lat="36.876486" lon="-4.806317">
        <ele>547.986963</ele>
        <time>2026-05-19T09:55:03.000Z</time>
      </trkpt>
      <trkpt lat="36.876436" lon="-4.806239">
        <ele>547.298822</ele>
        <time>2026-05-19T09:55:10.000Z</time>
      </trkpt>
      <trkpt lat="36.876431" lon="-4.806201">
        <ele>547.033694</ele>
        <time>2026-05-19T09:55:13.000Z</time>
      </trkpt>
      <trkpt lat="36.876428" lon="-4.806157">
        <ele>546.729677</ele>
        <time>2026-05-19T09:55:16.000Z</time>
      </trkpt>
      <trkpt lat="36.876428" lon="-4.806143">
        <ele>546.633293</ele>
        <time>2026-05-19T09:55:17.000Z</time>
      </trkpt>
      <trkpt lat="36.876445" lon="-4.80604">
        <ele>545.90925</ele>
        <time>2026-05-19T09:55:23.000Z</time>
      </trkpt>
      <trkpt lat="36.876477" lon="-4.805976">
        <ele>545.389649</ele>
        <time>2026-05-19T09:55:29.000Z</time>
      </trkpt>
      <trkpt lat="36.876501" lon="-4.805927">
        <ele>544.994094</ele>
        <time>2026-05-19T09:55:34.000Z</time>
      </trkpt>
      <trkpt lat="36.876506" lon="-4.805895">
        <ele>544.769626</ele>
        <time>2026-05-19T09:55:37.000Z</time>
      </trkpt>
      <trkpt lat="36.876507" lon="-4.805881">
        <ele>544.672859</ele>
        <time>2026-05-19T09:55:38.000Z</time>
      </trkpt>
      <trkpt lat="36.876526" lon="-4.80579">
        <ele>544.025378</ele>
        <time>2026-05-19T09:55:45.000Z</time>
      </trkpt>
      <trkpt lat="36.876528" lon="-4.805782">
        <ele>543.967675</ele>
        <time>2026-05-19T09:55:46.000Z</time>
      </trkpt>
      <trkpt lat="36.876516" lon="-4.805752">
        <ele>543.736757</ele>
        <time>2026-05-19T09:55:49.000Z</time>
      </trkpt>
      <trkpt lat="36.876495" lon="-4.80572">
        <ele>543.451802</ele>
        <time>2026-05-19T09:55:52.000Z</time>
      </trkpt>
      <trkpt lat="36.876485" lon="-4.805705">
        <ele>543.317373</ele>
        <time>2026-05-19T09:55:53.000Z</time>
      </trkpt>
      <trkpt lat="36.876435" lon="-4.805647">
        <ele>542.730331</ele>
        <time>2026-05-19T09:55:59.000Z</time>
      </trkpt>
      <trkpt lat="36.876332" lon="-4.805594">
        <ele>541.771713</ele>
        <time>2026-05-19T09:56:06.000Z</time>
      </trkpt>
      <trkpt lat="36.876319" lon="-4.805587">
        <ele>541.649893</ele>
        <time>2026-05-19T09:56:09.000Z</time>
      </trkpt>
      <trkpt lat="36.876308" lon="-4.805576">
        <ele>541.528659</ele>
        <time>2026-05-19T09:56:11.000Z</time>
      </trkpt>
      <trkpt lat="36.876249" lon="-4.80553">
        <ele>540.930219</ele>
        <time>2026-05-19T09:56:16.000Z</time>
      </trkpt>
      <trkpt lat="36.876225" lon="-4.805512">
        <ele>540.689344</ele>
        <time>2026-05-19T09:56:18.000Z</time>
      </trkpt>
      <trkpt lat="36.87618" lon="-4.805468">
        <ele>540.19766</ele>
        <time>2026-05-19T09:56:23.000Z</time>
      </trkpt>
      <trkpt lat="36.876157" lon="-4.805437">
        <ele>539.906573</ele>
        <time>2026-05-19T09:56:26.000Z</time>
      </trkpt>
      <trkpt lat="36.876125" lon="-4.805387">
        <ele>539.465732</ele>
        <time>2026-05-19T09:56:30.000Z</time>
      </trkpt>
      <trkpt lat="36.876085" lon="-4.805327">
        <ele>538.928013</ele>
        <time>2026-05-19T09:56:36.000Z</time>
      </trkpt>
      <trkpt lat="36.876079" lon="-4.805296">
        <ele>538.708433</ele>
        <time>2026-05-19T09:56:39.000Z</time>
      </trkpt>
      <trkpt lat="36.876066" lon="-4.805246">
        <ele>538.354681</ele>
        <time>2026-05-19T09:56:42.000Z</time>
      </trkpt>
      <trkpt lat="36.876053" lon="-4.80519">
        <ele>537.968632</ele>
        <time>2026-05-19T09:56:45.000Z</time>
      </trkpt>
      <trkpt lat="36.876059" lon="-4.805085">
        <ele>537.271699</ele>
        <time>2026-05-19T09:56:51.000Z</time>
      </trkpt>
      <trkpt lat="36.876059" lon="-4.804987">
        <ele>536.622881</ele>
        <time>2026-05-19T09:56:58.000Z</time>
      </trkpt>
      <trkpt lat="36.876054" lon="-4.804879">
        <ele>535.90666</ele>
        <time>2026-05-19T09:57:04.000Z</time>
      </trkpt>
      <trkpt lat="36.876049" lon="-4.804834">
        <ele>535.605874</ele>
        <time>2026-05-19T09:57:09.000Z</time>
      </trkpt>
      <trkpt lat="36.876029" lon="-4.804734">
        <ele>534.923435</ele>
        <time>2026-05-19T09:57:16.000Z</time>
      </trkpt>
      <trkpt lat="36.875983" lon="-4.804651">
        <ele>534.254926</ele>
        <time>2026-05-19T09:57:23.000Z</time>
      </trkpt>
      <trkpt lat="36.875955" lon="-4.804598">
        <ele>533.834417</ele>
        <time>2026-05-19T09:57:29.000Z</time>
      </trkpt>
      <trkpt lat="36.875915" lon="-4.804526">
        <ele>533.254051</ele>
        <time>2026-05-19T09:57:34.000Z</time>
      </trkpt>
      <trkpt lat="36.87591" lon="-4.804517">
        <ele>533.181505</ele>
        <time>2026-05-19T09:57:36.000Z</time>
      </trkpt>
      <trkpt lat="36.875882" lon="-4.804447">
        <ele>532.663353</ele>
        <time>2026-05-19T09:57:42.000Z</time>
      </trkpt>
      <trkpt lat="36.875877" lon="-4.804434">
        <ele>532.567853</ele>
        <time>2026-05-19T09:57:43.000Z</time>
      </trkpt>
      <trkpt lat="36.875872" lon="-4.80441">
        <ele>532.403658</ele>
        <time>2026-05-19T09:57:45.000Z</time>
      </trkpt>
      <trkpt lat="36.875867" lon="-4.804393">
        <ele>532.283741</ele>
        <time>2026-05-19T09:57:46.000Z</time>
      </trkpt>
      <trkpt lat="36.87586" lon="-4.804372">
        <ele>532.133121</ele>
        <time>2026-05-19T09:57:47.000Z</time>
      </trkpt>
      <trkpt lat="36.87585" lon="-4.804338">
        <ele>531.893287</ele>
        <time>2026-05-19T09:57:49.000Z</time>
      </trkpt>
      <trkpt lat="36.875839" lon="-4.804274">
        <ele>531.459898</ele>
        <time>2026-05-19T09:57:54.000Z</time>
      </trkpt>
      <trkpt lat="36.875821" lon="-4.804228">
        <ele>531.120865</ele>
        <time>2026-05-19T09:57:57.000Z</time>
      </trkpt>
      <trkpt lat="36.875796" lon="-4.804167">
        <ele>530.667089</ele>
        <time>2026-05-19T09:58:01.000Z</time>
      </trkpt>
      <trkpt lat="36.875776" lon="-4.804103">
        <ele>530.212186</ele>
        <time>2026-05-19T09:58:07.000Z</time>
      </trkpt>
      <trkpt lat="36.875733" lon="-4.804033">
        <ele>529.627862</ele>
        <time>2026-05-19T09:58:14.000Z</time>
      </trkpt>
      <trkpt lat="36.875665" lon="-4.803959">
        <ele>528.881694</ele>
        <time>2026-05-19T09:58:21.000Z</time>
      </trkpt>
      <trkpt lat="36.875629" lon="-4.803942">
        <ele>528.563194</ele>
        <time>2026-05-19T09:58:24.000Z</time>
      </trkpt>
      <trkpt lat="36.875617" lon="-4.803938">
        <ele>528.460407</ele>
        <time>2026-05-19T09:58:28.000Z</time>
      </trkpt>
      <trkpt lat="36.875599" lon="-4.803939">
        <ele>528.311285</ele>
        <time>2026-05-19T09:58:31.000Z</time>
      </trkpt>
      <trkpt lat="36.875552" lon="-4.803937">
        <ele>527.922069</ele>
        <time>2026-05-19T09:58:37.000Z</time>
      </trkpt>
      <trkpt lat="36.875532" lon="-4.80393">
        <ele>527.750175</ele>
        <time>2026-05-19T09:58:39.000Z</time>
      </trkpt>
      <trkpt lat="36.875487" lon="-4.803909">
        <ele>527.352632</ele>
        <time>2026-05-19T09:58:43.000Z</time>
      </trkpt>
      <trkpt lat="36.875454" lon="-4.80389">
        <ele>527.051935</ele>
        <time>2026-05-19T09:58:46.000Z</time>
      </trkpt>
      <trkpt lat="36.87542" lon="-4.803874">
        <ele>526.751259</ele>
        <time>2026-05-19T09:58:50.000Z</time>
      </trkpt>
      <trkpt lat="36.875396" lon="-4.803856">
        <ele>526.519619</ele>
        <time>2026-05-19T09:58:52.000Z</time>
      </trkpt>
      <trkpt lat="36.875365" lon="-4.803796">
        <ele>526.046727</ele>
        <time>2026-05-19T09:58:57.000Z</time>
      </trkpt>
      <trkpt lat="36.875365" lon="-4.803782">
        <ele>525.954038</ele>
        <time>2026-05-19T09:58:58.000Z</time>
      </trkpt>
      <trkpt lat="36.875373" lon="-4.80373">
        <ele>525.603455</ele>
        <time>2026-05-19T09:59:02.000Z</time>
      </trkpt>
      <trkpt lat="36.875384" lon="-4.803681">
        <ele>525.266511</ele>
        <time>2026-05-19T09:59:06.000Z</time>
      </trkpt>
      <trkpt lat="36.875385" lon="-4.803661">
        <ele>525.13384</ele>
        <time>2026-05-19T09:59:08.000Z</time>
      </trkpt>
      <trkpt lat="36.875384" lon="-4.803586">
        <ele>524.637222</ele>
        <time>2026-05-19T09:59:14.000Z</time>
      </trkpt>
      <trkpt lat="36.875383" lon="-4.803571">
        <ele>524.537568</ele>
        <time>2026-05-19T09:59:16.000Z</time>
      </trkpt>
      <trkpt lat="36.875388" lon="-4.803562">
        <ele>524.465022</ele>
        <time>2026-05-19T09:59:21.000Z</time>
      </trkpt>
      <trkpt lat="36.875414" lon="-4.80357">
        <ele>524.243413</ele>
        <time>2026-05-19T09:59:27.000Z</time>
      </trkpt>
      <trkpt lat="36.87543" lon="-4.803576">
        <ele>524.105161</ele>
        <time>2026-05-19T09:59:30.000Z</time>
      </trkpt>
      <trkpt lat="36.875432" lon="-4.803577">
        <ele>524.087333</ele>
        <time>2026-05-19T09:59:31.000Z</time>
      </trkpt>
      <trkpt lat="36.875451" lon="-4.803532">
        <ele>523.75045</ele>
        <time>2026-05-19T09:59:39.000Z</time>
      </trkpt>
      <trkpt lat="36.875453" lon="-4.803522">
        <ele>523.682206</ele>
        <time>2026-05-19T09:59:40.000Z</time>
      </trkpt>
      <trkpt lat="36.875474" lon="-4.803449">
        <ele>522.81837</ele>
        <time>2026-05-19T09:59:47.000Z</time>
      </trkpt>
      <trkpt lat="36.875485" lon="-4.803445">
        <ele>522.657867</ele>
        <time>2026-05-19T09:59:54.000Z</time>
      </trkpt>
      <trkpt lat="36.875493" lon="-4.803431">
        <ele>522.465039</ele>
        <time>2026-05-19T09:59:57.000Z</time>
      </trkpt>
      <trkpt lat="36.875497" lon="-4.803423">
        <ele>522.359305</ele>
        <time>2026-05-19T09:59:59.000Z</time>
      </trkpt>
      <trkpt lat="36.875511" lon="-4.803422">
        <ele>522.162838</ele>
        <time>2026-05-19T10:00:06.000Z</time>
      </trkpt>
      <trkpt lat="36.875539" lon="-4.80339">
        <ele>521.631313</ele>
        <time>2026-05-19T10:00:12.000Z</time>
      </trkpt>
      <trkpt lat="36.875611" lon="-4.803357">
        <ele>520.556892</ele>
        <time>2026-05-19T10:00:22.000Z</time>
      </trkpt>
      <trkpt lat="36.875621" lon="-4.803359">
        <ele>520.415006</ele>
        <time>2026-05-19T10:00:23.000Z</time>
      </trkpt>
      <trkpt lat="36.875673" lon="-4.8034">
        <ele>519.553652</ele>
        <time>2026-05-19T10:00:29.000Z</time>
      </trkpt>
      <trkpt lat="36.875714" lon="-4.803443">
        <ele>518.803838</ele>
        <time>2026-05-19T10:00:35.000Z</time>
      </trkpt>
      <trkpt lat="36.875731" lon="-4.803451">
        <ele>518.549342</ele>
        <time>2026-05-19T10:00:37.000Z</time>
      </trkpt>
      <trkpt lat="36.875736" lon="-4.803468">
        <ele>518.346343</ele>
        <time>2026-05-19T10:00:39.000Z</time>
      </trkpt>
      <trkpt lat="36.875761" lon="-4.803533">
        <ele>517.538023</ele>
        <time>2026-05-19T10:00:44.000Z</time>
      </trkpt>
      <trkpt lat="36.875775" lon="-4.803544">
        <ele>517.30635</ele>
        <time>2026-05-19T10:00:45.000Z</time>
      </trkpt>
      <trkpt lat="36.87579" lon="-4.803576">
        <ele>516.89067</ele>
        <time>2026-05-19T10:00:47.000Z</time>
      </trkpt>
      <trkpt lat="36.875809" lon="-4.803593">
        <ele>516.563312</ele>
        <time>2026-05-19T10:00:49.000Z</time>
      </trkpt>
      <trkpt lat="36.875872" lon="-4.80362">
        <ele>515.63022</ele>
        <time>2026-05-19T10:00:56.000Z</time>
      </trkpt>
      <trkpt lat="36.875884" lon="-4.803625">
        <ele>515.453001</ele>
        <time>2026-05-19T10:00:57.000Z</time>
      </trkpt>
      <trkpt lat="36.875977" lon="-4.803642">
        <ele>514.136167</ele>
        <time>2026-05-19T10:01:05.000Z</time>
      </trkpt>
      <trkpt lat="36.875998" lon="-4.803655">
        <ele>513.807848</ele>
        <time>2026-05-19T10:01:07.000Z</time>
      </trkpt>
      <trkpt lat="36.876051" lon="-4.803672">
        <ele>513.041237</ele>
        <time>2026-05-19T10:01:12.000Z</time>
      </trkpt>
      <trkpt lat="36.876076" lon="-4.803698">
        <ele>512.585611</ele>
        <time>2026-05-19T10:01:16.000Z</time>
      </trkpt>
      <trkpt lat="36.876088" lon="-4.803727">
        <ele>512.219684</ele>
        <time>2026-05-19T10:01:20.000Z</time>
      </trkpt>
      <trkpt lat="36.876122" lon="-4.803764">
        <ele>511.58812</ele>
        <time>2026-05-19T10:01:24.000Z</time>
      </trkpt>
      <trkpt lat="36.876138" lon="-4.803794">
        <ele>511.184018</ele>
        <time>2026-05-19T10:01:26.000Z</time>
      </trkpt>
      <trkpt lat="36.876166" lon="-4.803847">
        <ele>510.47217</ele>
        <time>2026-05-19T10:01:32.000Z</time>
      </trkpt>
      <trkpt lat="36.8762" lon="-4.803912">
        <ele>509.601763</ele>
        <time>2026-05-19T10:01:37.000Z</time>
      </trkpt>
      <trkpt lat="36.876233" lon="-4.803941">
        <ele>509.036608</ele>
        <time>2026-05-19T10:01:42.000Z</time>
      </trkpt>
      <trkpt lat="36.87625" lon="-4.803964">
        <ele>508.685644</ele>
        <time>2026-05-19T10:01:45.000Z</time>
      </trkpt>
      <trkpt lat="36.876301" lon="-4.804041">
        <ele>507.565248</ele>
        <time>2026-05-19T10:01:51.000Z</time>
      </trkpt>
      <trkpt lat="36.876308" lon="-4.80405">
        <ele>507.424562</ele>
        <time>2026-05-19T10:01:52.000Z</time>
      </trkpt>
      <trkpt lat="36.876372" lon="-4.804137">
        <ele>506.099895</ele>
        <time>2026-05-19T10:01:59.000Z</time>
      </trkpt>
      <trkpt lat="36.876387" lon="-4.804147">
        <ele>505.861721</ele>
        <time>2026-05-19T10:02:00.000Z</time>
      </trkpt>
      <trkpt lat="36.876402" lon="-4.804155">
        <ele>505.633237</ele>
        <time>2026-05-19T10:02:01.000Z</time>
      </trkpt>
      <trkpt lat="36.876473" lon="-4.804112">
        <ele>504.527901</ele>
        <time>2026-05-19T10:02:08.000Z</time>
      </trkpt>
      <trkpt lat="36.876508" lon="-4.80407">
        <ele>503.848173</ele>
        <time>2026-05-19T10:02:12.000Z</time>
      </trkpt>
      <trkpt lat="36.876547" lon="-4.804007">
        <ele>502.95537</ele>
        <time>2026-05-19T10:02:17.000Z</time>
      </trkpt>
      <trkpt lat="36.876552" lon="-4.803994">
        <ele>502.793707</ele>
        <time>2026-05-19T10:02:18.000Z</time>
      </trkpt>
      <trkpt lat="36.876566" lon="-4.803935">
        <ele>502.10399</ele>
        <time>2026-05-19T10:02:23.000Z</time>
      </trkpt>
      <trkpt lat="36.876569" lon="-4.803922">
        <ele>501.952352</ele>
        <time>2026-05-19T10:02:24.000Z</time>
      </trkpt>
      <trkpt lat="36.876573" lon="-4.803883">
        <ele>501.511684</ele>
        <time>2026-05-19T10:02:27.000Z</time>
      </trkpt>
      <trkpt lat="36.876572" lon="-4.803873">
        <ele>501.398738</ele>
        <time>2026-05-19T10:02:28.000Z</time>
      </trkpt>
      <trkpt lat="36.876574" lon="-4.803827">
        <ele>500.882435</ele>
        <time>2026-05-19T10:02:33.000Z</time>
      </trkpt>
      <trkpt lat="36.876581" lon="-4.803793">
        <ele>500.488964</ele>
        <time>2026-05-19T10:02:35.000Z</time>
      </trkpt>
      <trkpt lat="36.876606" lon="-4.803723">
        <ele>499.629805</ele>
        <time>2026-05-19T10:02:43.000Z</time>
      </trkpt>
      <trkpt lat="36.876607" lon="-4.803713">
        <ele>499.516858</ele>
        <time>2026-05-19T10:02:44.000Z</time>
      </trkpt>
      <trkpt lat="36.876622" lon="-4.803634">
        <ele>498.606872</ele>
        <time>2026-05-19T10:02:50.000Z</time>
      </trkpt>
      <trkpt lat="36.876626" lon="-4.803615">
        <ele>498.383524</ele>
        <time>2026-05-19T10:02:52.000Z</time>
      </trkpt>
      <trkpt lat="36.87664" lon="-4.803565">
        <ele>497.768408</ele>
        <time>2026-05-19T10:03:00.000Z</time>
      </trkpt>
      <trkpt lat="36.876647" lon="-4.803487">
        <ele>496.857026</ele>
        <time>2026-05-19T10:03:05.000Z</time>
      </trkpt>
      <trkpt lat="36.876637" lon="-4.803467">
        <ele>496.583162</ele>
        <time>2026-05-19T10:03:09.000Z</time>
      </trkpt>
      <trkpt lat="36.876647" lon="-4.803459">
        <ele>496.410826</ele>
        <time>2026-05-19T10:03:15.000Z</time>
      </trkpt>
      <trkpt lat="36.876652" lon="-4.803423">
        <ele>495.986557</ele>
        <time>2026-05-19T10:03:18.000Z</time>
      </trkpt>
      <trkpt lat="36.876654" lon="-4.8034">
        <ele>495.717918</ele>
        <time>2026-05-19T10:03:20.000Z</time>
      </trkpt>
      <trkpt lat="36.876664" lon="-4.803359">
        <ele>495.220207</ele>
        <time>2026-05-19T10:03:24.000Z</time>
      </trkpt>
      <trkpt lat="36.876688" lon="-4.803342">
        <ele>494.819793</ele>
        <time>2026-05-19T10:03:28.000Z</time>
      </trkpt>
      <trkpt lat="36.876726" lon="-4.80332">
        <ele>494.211915</ele>
        <time>2026-05-19T10:03:35.000Z</time>
      </trkpt>
      <trkpt lat="36.876732" lon="-4.803308">
        <ele>494.047596</ele>
        <time>2026-05-19T10:03:38.000Z</time>
      </trkpt>
      <trkpt lat="36.87675" lon="-4.803277">
        <ele>493.602807</ele>
        <time>2026-05-19T10:03:45.000Z</time>
      </trkpt>
      <trkpt lat="36.876756" lon="-4.80327">
        <ele>493.483677</ele>
        <time>2026-05-19T10:03:46.000Z</time>
      </trkpt>
      <trkpt lat="36.876807" lon="-4.80321">
        <ele>492.467102</ele>
        <time>2026-05-19T10:03:52.000Z</time>
      </trkpt>
      <trkpt lat="36.876815" lon="-4.803203">
        <ele>492.325357</ele>
        <time>2026-05-19T10:03:53.000Z</time>
      </trkpt>
      <trkpt lat="36.876853" lon="-4.803161">
        <ele>491.589087</ele>
        <time>2026-05-19T10:03:59.000Z</time>
      </trkpt>
      <trkpt lat="36.876862" lon="-4.803151">
        <ele>491.414301</ele>
        <time>2026-05-19T10:04:01.000Z</time>
      </trkpt>
      <trkpt lat="36.876877" lon="-4.803137">
        <ele>491.142576</ele>
        <time>2026-05-19T10:04:05.000Z</time>
      </trkpt>
      <trkpt lat="36.876894" lon="-4.803104">
        <ele>490.686812</ele>
        <time>2026-05-19T10:04:09.000Z</time>
      </trkpt>
      <trkpt lat="36.876908" lon="-4.803079">
        <ele>490.33246</ele>
        <time>2026-05-19T10:04:11.000Z</time>
      </trkpt>
      <trkpt lat="36.876936" lon="-4.803047">
        <ele>489.781773</ele>
        <time>2026-05-19T10:04:16.000Z</time>
      </trkpt>
      <trkpt lat="36.87695" lon="-4.803039">
        <ele>489.558329</ele>
        <time>2026-05-19T10:04:18.000Z</time>
      </trkpt>
      <trkpt lat="36.876973" lon="-4.803013">
        <ele>489.108211</ele>
        <time>2026-05-19T10:04:21.000Z</time>
      </trkpt>
      <trkpt lat="36.877006" lon="-4.80295">
        <ele>488.233806</ele>
        <time>2026-05-19T10:04:26.000Z</time>
      </trkpt>
      <trkpt lat="36.87701" lon="-4.802941">
        <ele>488.114256</ele>
        <time>2026-05-19T10:04:27.000Z</time>
      </trkpt>
      <trkpt lat="36.877038" lon="-4.802883">
        <ele>487.327649</ele>
        <time>2026-05-19T10:04:34.000Z</time>
      </trkpt>
      <trkpt lat="36.877048" lon="-4.802861">
        <ele>487.033835</ele>
        <time>2026-05-19T10:04:37.000Z</time>
      </trkpt>
      <trkpt lat="36.877053" lon="-4.802854">
        <ele>486.924867</ele>
        <time>2026-05-19T10:04:38.000Z</time>
      </trkpt>
      <trkpt lat="36.87707" lon="-4.802809">
        <ele>486.347011</ele>
        <time>2026-05-19T10:04:43.000Z</time>
      </trkpt>
      <trkpt lat="36.877076" lon="-4.802766">
        <ele>485.840179</ele>
        <time>2026-05-19T10:04:47.000Z</time>
      </trkpt>
      <trkpt lat="36.877086" lon="-4.802692">
        <ele>484.968755</ele>
        <time>2026-05-19T10:04:51.000Z</time>
      </trkpt>
      <trkpt lat="36.877087" lon="-4.802675">
        <ele>484.770827</ele>
        <time>2026-05-19T10:04:53.000Z</time>
      </trkpt>
      <trkpt lat="36.877087" lon="-4.802666">
        <ele>484.666324</ele>
        <time>2026-05-19T10:04:54.000Z</time>
      </trkpt>
      <trkpt lat="36.877084" lon="-4.802625">
        <ele>484.188266</ele>
        <time>2026-05-19T10:04:59.000Z</time>
      </trkpt>
      <trkpt lat="36.877078" lon="-4.802608">
        <ele>483.972511</ele>
        <time>2026-05-19T10:05:03.000Z</time>
      </trkpt>
      <trkpt lat="36.877055" lon="-4.802592">
        <ele>483.590439</ele>
        <time>2026-05-19T10:05:12.000Z</time>
      </trkpt>
      <trkpt lat="36.877065" lon="-4.802597">
        <ele>483.434102</ele>
        <time>2026-05-19T10:05:14.000Z</time>
      </trkpt>
      <trkpt lat="36.877089" lon="-4.802583">
        <ele>483.049664</ele>
        <time>2026-05-19T10:05:18.000Z</time>
      </trkpt>
      <trkpt lat="36.877093" lon="-4.802575">
        <ele>482.940119</ele>
        <time>2026-05-19T10:05:19.000Z</time>
      </trkpt>
      <trkpt lat="36.877122" lon="-4.802566">
        <ele>482.506386</ele>
        <time>2026-05-19T10:05:24.000Z</time>
      </trkpt>
      <trkpt lat="36.877133" lon="-4.802551">
        <ele>482.2701</ele>
        <time>2026-05-19T10:05:26.000Z</time>
      </trkpt>
      <trkpt lat="36.877139" lon="-4.802516">
        <ele>481.854471</ele>
        <time>2026-05-19T10:05:29.000Z</time>
      </trkpt>
      <trkpt lat="36.877135" lon="-4.80247">
        <ele>481.317197</ele>
        <time>2026-05-19T10:05:33.000Z</time>
      </trkpt>
      <trkpt lat="36.877128" lon="-4.802428">
        <ele>480.819042</ele>
        <time>2026-05-19T10:05:42.000Z</time>
      </trkpt>
      <trkpt lat="36.87715" lon="-4.802391">
        <ele>480.283731</ele>
        <time>2026-05-19T10:05:47.000Z</time>
      </trkpt>
      <trkpt lat="36.877152" lon="-4.802384">
        <ele>480.197421</ele>
        <time>2026-05-19T10:05:48.000Z</time>
      </trkpt>
      <trkpt lat="36.877171" lon="-4.802352">
        <ele>479.734683</ele>
        <time>2026-05-19T10:05:54.000Z</time>
      </trkpt>
      <trkpt lat="36.87721" lon="-4.802317">
        <ele>479.037801</ele>
        <time>2026-05-19T10:05:59.000Z</time>
      </trkpt>
      <trkpt lat="36.877233" lon="-4.802314">
        <ele>478.702127</ele>
        <time>2026-05-19T10:06:02.000Z</time>
      </trkpt>
      <trkpt lat="36.877247" lon="-4.802313">
        <ele>478.498576</ele>
        <time>2026-05-19T10:06:04.000Z</time>
      </trkpt>
      <trkpt lat="36.87727" lon="-4.802309">
        <ele>478.1615</ele>
        <time>2026-05-19T10:06:07.000Z</time>
      </trkpt>
      <trkpt lat="36.877313" lon="-4.80232">
        <ele>477.52439</ele>
        <time>2026-05-19T10:06:11.000Z</time>
      </trkpt>
      <trkpt lat="36.877333" lon="-4.802331">
        <ele>477.207221</ele>
        <time>2026-05-19T10:06:13.000Z</time>
      </trkpt>
      <trkpt lat="36.877381" lon="-4.802366">
        <ele>476.400607</ele>
        <time>2026-05-19T10:06:18.000Z</time>
      </trkpt>
      <trkpt lat="36.877392" lon="-4.802375">
        <ele>476.209776</ele>
        <time>2026-05-19T10:06:19.000Z</time>
      </trkpt>
      <trkpt lat="36.877413" lon="-4.802394">
        <ele>475.833488</ele>
        <time>2026-05-19T10:06:22.000Z</time>
      </trkpt>
      <trkpt lat="36.877423" lon="-4.802416">
        <ele>475.539675</ele>
        <time>2026-05-19T10:06:25.000Z</time>
      </trkpt>
      <trkpt lat="36.877431" lon="-4.802473">
        <ele>474.867714</ele>
        <time>2026-05-19T10:06:35.000Z</time>
      </trkpt>
      <trkpt lat="36.877419" lon="-4.802482">
        <ele>474.664582</ele>
        <time>2026-05-19T10:06:37.000Z</time>
      </trkpt>
      <trkpt lat="36.877405" lon="-4.802498">
        <ele>474.38924</ele>
        <time>2026-05-19T10:06:44.000Z</time>
      </trkpt>
      <trkpt lat="36.877402" lon="-4.802496">
        <ele>474.339887</ele>
        <time>2026-05-19T10:06:45.000Z</time>
      </trkpt>
      <trkpt lat="36.877397" lon="-4.802464">
        <ele>473.9613</ele>
        <time>2026-05-19T10:06:52.000Z</time>
      </trkpt>
      <trkpt lat="36.877399" lon="-4.802457">
        <ele>473.874991</ele>
        <time>2026-05-19T10:06:55.000Z</time>
      </trkpt>
      <trkpt lat="36.877463" lon="-4.802427">
        <ele>472.882825</ele>
        <time>2026-05-19T10:07:03.000Z</time>
      </trkpt>
      <trkpt lat="36.877472" lon="-4.802426">
        <ele>472.751668</ele>
        <time>2026-05-19T10:07:04.000Z</time>
      </trkpt>
      <trkpt lat="36.877503" lon="-4.802428">
        <ele>472.409113</ele>
        <time>2026-05-19T10:07:14.000Z</time>
      </trkpt>
      <trkpt lat="36.877484" lon="-4.802439">
        <ele>472.613893</ele>
        <time>2026-05-19T10:07:22.000Z</time>
      </trkpt>
      <trkpt lat="36.877483" lon="-4.802455">
        <ele>472.739446</ele>
        <time>2026-05-19T10:07:25.000Z</time>
      </trkpt>
      <trkpt lat="36.877509" lon="-4.802444">
        <ele>473.007893</ele>
        <time>2026-05-19T10:07:31.000Z</time>
      </trkpt>
      <trkpt lat="36.877511" lon="-4.80243">
        <ele>473.119151</ele>
        <time>2026-05-19T10:07:38.000Z</time>
      </trkpt>
      <trkpt lat="36.877508" lon="-4.802434">
        <ele>473.162047</ele>
        <time>2026-05-19T10:07:39.000Z</time>
      </trkpt>
      <trkpt lat="36.877514" lon="-4.802416">
        <ele>473.314602</ele>
        <time>2026-05-19T10:07:47.000Z</time>
      </trkpt>
      <trkpt lat="36.877519" lon="-4.802433">
        <ele>473.456302</ele>
        <time>2026-05-19T10:07:50.000Z</time>
      </trkpt>
      <trkpt lat="36.877527" lon="-4.802444">
        <ele>473.572608</ele>
        <time>2026-05-19T10:07:59.000Z</time>
      </trkpt>
      <trkpt lat="36.877535" lon="-4.802445">
        <ele>473.651238</ele>
        <time>2026-05-19T10:08:01.000Z</time>
      </trkpt>
      <trkpt lat="36.877536" lon="-4.802442">
        <ele>473.676664</ele>
        <time>2026-05-19T10:08:03.000Z</time>
      </trkpt>
      <trkpt lat="36.877506" lon="-4.802419">
        <ele>474.020844</ele>
        <time>2026-05-19T10:08:08.000Z</time>
      </trkpt>
      <trkpt lat="36.877503" lon="-4.802433">
        <ele>474.134231</ele>
        <time>2026-05-19T10:08:12.000Z</time>
      </trkpt>
      <trkpt lat="36.877507" lon="-4.802453">
        <ele>474.295512</ele>
        <time>2026-05-19T10:08:16.000Z</time>
      </trkpt>
      <trkpt lat="36.877544" lon="-4.802459">
        <ele>474.660403</ele>
        <time>2026-05-19T10:08:20.000Z</time>
      </trkpt>
      <trkpt lat="36.877555" lon="-4.802464">
        <ele>474.774874</ele>
        <time>2026-05-19T10:08:23.000Z</time>
      </trkpt>
      <trkpt lat="36.877558" lon="-4.802486">
        <ele>474.949468</ele>
        <time>2026-05-19T10:08:33.000Z</time>
      </trkpt>
      <trkpt lat="36.877558" lon="-4.802485">
        <ele>474.957291</ele>
        <time>2026-05-19T10:08:35.000Z</time>
      </trkpt>
      <trkpt lat="36.877543" lon="-4.80247">
        <ele>475.145151</ele>
        <time>2026-05-19T10:08:42.000Z</time>
      </trkpt>
      <trkpt lat="36.877572" lon="-4.802459">
        <ele>475.441539</ele>
        <time>2026-05-19T10:08:50.000Z</time>
      </trkpt>
      <trkpt lat="36.877616" lon="-4.802423">
        <ele>475.955829</ele>
        <time>2026-05-19T10:08:57.000Z</time>
      </trkpt>
      <trkpt lat="36.877618" lon="-4.802413">
        <ele>476.03647</ele>
        <time>2026-05-19T10:08:58.000Z</time>
      </trkpt>
      <trkpt lat="36.877624" lon="-4.802402">
        <ele>476.140628</ele>
        <time>2026-05-19T10:08:59.000Z</time>
      </trkpt>
      <trkpt lat="36.877631" lon="-4.802382">
        <ele>476.311413</ele>
        <time>2026-05-19T10:09:01.000Z</time>
      </trkpt>
      <trkpt lat="36.877636" lon="-4.802353">
        <ele>476.543497</ele>
        <time>2026-05-19T10:09:04.000Z</time>
      </trkpt>
      <trkpt lat="36.87764" lon="-4.80234">
        <ele>476.652463</ele>
        <time>2026-05-19T10:09:05.000Z</time>
      </trkpt>
      <trkpt lat="36.877653" lon="-4.802307">
        <ele>476.940237</ele>
        <time>2026-05-19T10:09:09.000Z</time>
      </trkpt>
      <trkpt lat="36.877669" lon="-4.802276">
        <ele>477.228858</ele>
        <time>2026-05-19T10:09:12.000Z</time>
      </trkpt>
      <trkpt lat="36.877683" lon="-4.802262">
        <ele>477.404194</ele>
        <time>2026-05-19T10:09:14.000Z</time>
      </trkpt>
      <trkpt lat="36.877707" lon="-4.802233">
        <ele>477.730637</ele>
        <time>2026-05-19T10:09:17.000Z</time>
      </trkpt>
      <trkpt lat="36.877731" lon="-4.802203">
        <ele>478.062564</ele>
        <time>2026-05-19T10:09:20.000Z</time>
      </trkpt>
      <trkpt lat="36.877748" lon="-4.802179">
        <ele>478.313353</ele>
        <time>2026-05-19T10:09:23.000Z</time>
      </trkpt>
      <trkpt lat="36.877764" lon="-4.80215">
        <ele>478.588956</ele>
        <time>2026-05-19T10:09:25.000Z</time>
      </trkpt>
      <trkpt lat="36.87777" lon="-4.80214">
        <ele>478.68675</ele>
        <time>2026-05-19T10:09:26.000Z</time>
      </trkpt>
      <trkpt lat="36.877784" lon="-4.802107">
        <ele>478.978977</ele>
        <time>2026-05-19T10:09:30.000Z</time>
      </trkpt>
      <trkpt lat="36.877798" lon="-4.802089">
        <ele>479.175386</ele>
        <time>2026-05-19T10:09:32.000Z</time>
      </trkpt>
      <trkpt lat="36.877845" lon="-4.802065">
        <ele>479.671914</ele>
        <time>2026-05-19T10:09:38.000Z</time>
      </trkpt>
      <trkpt lat="36.877853" lon="-4.802064">
        <ele>479.750544</ele>
        <time>2026-05-19T10:09:39.000Z</time>
      </trkpt>
      <trkpt lat="36.877903" lon="-4.802043">
        <ele>480.266404</ele>
        <time>2026-05-19T10:09:43.000Z</time>
      </trkpt>
      <trkpt lat="36.877955" lon="-4.802018">
        <ele>480.811275</ele>
        <time>2026-05-19T10:09:46.000Z</time>
      </trkpt>
      <trkpt lat="36.877975" lon="-4.802015">
        <ele>481.008278</ele>
        <time>2026-05-19T10:09:49.000Z</time>
      </trkpt>
      <trkpt lat="36.878009" lon="-4.802015">
        <ele>481.340798</ele>
        <time>2026-05-19T10:09:52.000Z</time>
      </trkpt>
      <trkpt lat="36.878074" lon="-4.802017">
        <ele>481.976691</ele>
        <time>2026-05-19T10:09:57.000Z</time>
      </trkpt>
      <trkpt lat="36.878081" lon="-4.802017">
        <ele>482.045151</ele>
        <time>2026-05-19T10:09:58.000Z</time>
      </trkpt>
      <trkpt lat="36.878112" lon="-4.802017">
        <ele>482.348331</ele>
        <time>2026-05-19T10:10:03.000Z</time>
      </trkpt>
      <trkpt lat="36.878144" lon="-4.80201">
        <ele>482.666046</ele>
        <time>2026-05-19T10:10:07.000Z</time>
      </trkpt>
      <trkpt lat="36.878154" lon="-4.802011">
        <ele>482.764159</ele>
        <time>2026-05-19T10:10:08.000Z</time>
      </trkpt>
      <trkpt lat="36.878227" lon="-4.801995">
        <ele>483.488989</ele>
        <time>2026-05-19T10:10:14.000Z</time>
      </trkpt>
      <trkpt lat="36.878236" lon="-4.801996">
        <ele>483.577356</ele>
        <time>2026-05-19T10:10:16.000Z</time>
      </trkpt>
      <trkpt lat="36.87827" lon="-4.801984">
        <ele>483.922874</ele>
        <time>2026-05-19T10:10:19.000Z</time>
      </trkpt>
      <trkpt lat="36.878282" lon="-4.801977">
        <ele>484.052381</ele>
        <time>2026-05-19T10:10:20.000Z</time>
      </trkpt>
      <trkpt lat="36.878293" lon="-4.801972">
        <ele>484.166852</ele>
        <time>2026-05-19T10:10:21.000Z</time>
      </trkpt>
      <trkpt lat="36.878318" lon="-4.801961">
        <ele>484.426054</ele>
        <time>2026-05-19T10:10:23.000Z</time>
      </trkpt>
      <trkpt lat="36.878356" lon="-4.801941">
        <ele>484.829287</ele>
        <time>2026-05-19T10:10:26.000Z</time>
      </trkpt>
      <trkpt lat="36.87837" lon="-4.80193">
        <ele>484.991004</ele>
        <time>2026-05-19T10:10:27.000Z</time>
      </trkpt>
      <trkpt lat="36.878408" lon="-4.80188">
        <ele>485.53056</ele>
        <time>2026-05-19T10:10:32.000Z</time>
      </trkpt>
      <trkpt lat="36.878407" lon="-4.801798">
        <ele>486.172131</ele>
        <time>2026-05-19T10:10:37.000Z</time>
      </trkpt>
      <trkpt lat="36.878402" lon="-4.801793">
        <ele>486.234751</ele>
        <time>2026-05-19T10:10:38.000Z</time>
      </trkpt>
      <trkpt lat="36.878359" lon="-4.801737">
        <ele>486.842025</ele>
        <time>2026-05-19T10:10:43.000Z</time>
      </trkpt>
      <trkpt lat="36.878345" lon="-4.801715">
        <ele>487.061953</ele>
        <time>2026-05-19T10:10:45.000Z</time>
      </trkpt>
      <trkpt lat="36.878283" lon="-4.801634">
        <ele>487.939003</ele>
        <time>2026-05-19T10:10:52.000Z</time>
      </trkpt>
      <trkpt lat="36.878285" lon="-4.801623">
        <ele>488.027253</ele>
        <time>2026-05-19T10:10:53.000Z</time>
      </trkpt>
      <trkpt lat="36.878264" lon="-4.801535">
        <ele>488.745672</ele>
        <time>2026-05-19T10:11:00.000Z</time>
      </trkpt>
      <trkpt lat="36.878244" lon="-4.801468">
        <ele>489.30513</ele>
        <time>2026-05-19T10:11:05.000Z</time>
      </trkpt>
      <trkpt lat="36.87824" lon="-4.801442">
        <ele>489.51226</ele>
        <time>2026-05-19T10:11:07.000Z</time>
      </trkpt>
      <trkpt lat="36.87822" lon="-4.80139">
        <ele>489.956363</ele>
        <time>2026-05-19T10:11:12.000Z</time>
      </trkpt>
      <trkpt lat="36.878216" lon="-4.801381">
        <ele>489.956363</ele>
        <time>2026-05-19T10:11:13.000Z</time>
      </trkpt>
      <trkpt lat="36.878214" lon="-4.801369">
        <ele>489.956363</ele>
        <time>2026-05-19T10:11:14.000Z</time>
      </trkpt>
      <trkpt lat="36.878193" lon="-4.801316">
        <ele>489.956363</ele>
        <time>2026-05-19T10:11:17.000Z</time>
      </trkpt>
      <trkpt lat="36.878184" lon="-4.801255">
        <ele>489.956363</ele>
        <time>2026-05-19T10:11:22.000Z</time>
      </trkpt>
      <trkpt lat="36.878206" lon="-4.8012">
        <ele>489.956363</ele>
        <time>2026-05-19T10:11:27.000Z</time>
      </trkpt>
      <trkpt lat="36.878215" lon="-4.801141">
        <ele>489.956363</ele>
        <time>2026-05-19T10:11:30.000Z</time>
      </trkpt>
      <trkpt lat="36.878219" lon="-4.801086">
        <ele>489.956363</ele>
        <time>2026-05-19T10:11:34.000Z</time>
      </trkpt>
      <trkpt lat="36.878215" lon="-4.800986">
        <ele>489.956363</ele>
        <time>2026-05-19T10:11:42.000Z</time>
      </trkpt>
      <trkpt lat="36.878211" lon="-4.800937">
        <ele>489.956363</ele>
        <time>2026-05-19T10:11:46.000Z</time>
      </trkpt>
      <trkpt lat="36.878202" lon="-4.800894">
        <ele>489.956363</ele>
        <time>2026-05-19T10:11:49.000Z</time>
      </trkpt>
      <trkpt lat="36.878201" lon="-4.800844">
        <ele>489.956363</ele>
        <time>2026-05-19T10:11:54.000Z</time>
      </trkpt>
      <trkpt lat="36.878197" lon="-4.800812">
        <ele>489.956363</ele>
        <time>2026-05-19T10:11:56.000Z</time>
      </trkpt>
      <trkpt lat="36.878191" lon="-4.800731">
        <ele>489.956363</ele>
        <time>2026-05-19T10:12:02.000Z</time>
      </trkpt>
      <trkpt lat="36.878193" lon="-4.800673">
        <ele>489.956363</ele>
        <time>2026-05-19T10:12:07.000Z</time>
      </trkpt>
      <trkpt lat="36.878193" lon="-4.80067">
        <ele>489.956363</ele>
        <time>2026-05-19T10:12:08.000Z</time>
      </trkpt>
      <trkpt lat="36.878187" lon="-4.800629">
        <ele>489.956363</ele>
        <time>2026-05-19T10:12:14.000Z</time>
      </trkpt>
      <trkpt lat="36.878187" lon="-4.800631">
        <ele>489.956363</ele>
        <time>2026-05-19T10:12:16.000Z</time>
      </trkpt>
      <trkpt lat="36.878182" lon="-4.800629">
        <ele>489.956363</ele>
        <time>2026-05-19T10:12:20.000Z</time>
      </trkpt>
      <trkpt lat="36.87818" lon="-4.800628">
        <ele>489.956363</ele>
        <time>2026-05-19T10:12:21.000Z</time>
      </trkpt>
      <trkpt lat="36.878183" lon="-4.800628">
        <ele>489.956363</ele>
        <time>2026-05-19T10:12:29.000Z</time>
      </trkpt>
      <trkpt lat="36.878183" lon="-4.800624">
        <ele>489.956363</ele>
        <time>2026-05-19T10:12:31.000Z</time>
      </trkpt>
      <trkpt lat="36.878184" lon="-4.800618">
        <ele>489.956363</ele>
        <time>2026-05-19T10:12:32.000Z</time>
      </trkpt>
      <trkpt lat="36.878192" lon="-4.80061">
        <ele>489.956363</ele>
        <time>2026-05-19T10:12:34.000Z</time>
      </trkpt>
      <trkpt lat="36.878199" lon="-4.800573">
        <ele>489.956363</ele>
        <time>2026-05-19T10:12:37.000Z</time>
      </trkpt>
      <trkpt lat="36.878206" lon="-4.800545">
        <ele>489.956363</ele>
        <time>2026-05-19T10:12:39.000Z</time>
      </trkpt>
      <trkpt lat="36.878218" lon="-4.800517">
        <ele>489.956363</ele>
        <time>2026-05-19T10:12:42.000Z</time>
      </trkpt>
      <trkpt lat="36.878223" lon="-4.800506">
        <ele>489.956363</ele>
        <time>2026-05-19T10:12:43.000Z</time>
      </trkpt>
      <trkpt lat="36.878241" lon="-4.800475">
        <ele>489.956363</ele>
        <time>2026-05-19T10:12:46.000Z</time>
      </trkpt>
      <trkpt lat="36.878255" lon="-4.800447">
        <ele>489.956363</ele>
        <time>2026-05-19T10:12:49.000Z</time>
      </trkpt>
      <trkpt lat="36.878259" lon="-4.800439">
        <ele>489.956363</ele>
        <time>2026-05-19T10:12:50.000Z</time>
      </trkpt>
      <trkpt lat="36.878271" lon="-4.80042">
        <ele>489.956363</ele>
        <time>2026-05-19T10:12:52.000Z</time>
      </trkpt>
      <trkpt lat="36.878276" lon="-4.800409">
        <ele>489.956363</ele>
        <time>2026-05-19T10:12:53.000Z</time>
      </trkpt>
      <trkpt lat="36.878291" lon="-4.800391">
        <ele>489.956363</ele>
        <time>2026-05-19T10:12:56.000Z</time>
      </trkpt>
      <trkpt lat="36.878309" lon="-4.800369">
        <ele>489.956363</ele>
        <time>2026-05-19T10:12:59.000Z</time>
      </trkpt>
      <trkpt lat="36.878316" lon="-4.800361">
        <ele>489.956363</ele>
        <time>2026-05-19T10:13:00.000Z</time>
      </trkpt>
      <trkpt lat="36.878355" lon="-4.800322">
        <ele>489.956363</ele>
        <time>2026-05-19T10:13:05.000Z</time>
      </trkpt>
      <trkpt lat="36.878385" lon="-4.800316">
        <ele>489.956363</ele>
        <time>2026-05-19T10:13:08.000Z</time>
      </trkpt>
      <trkpt lat="36.878431" lon="-4.800298">
        <ele>489.956363</ele>
        <time>2026-05-19T10:13:11.000Z</time>
      </trkpt>
      <trkpt lat="36.878456" lon="-4.800293">
        <ele>489.956363</ele>
        <time>2026-05-19T10:13:13.000Z</time>
      </trkpt>
      <trkpt lat="36.878517" lon="-4.800267">
        <ele>489.956363</ele>
        <time>2026-05-19T10:13:18.000Z</time>
      </trkpt>
      <trkpt lat="36.878527" lon="-4.800258">
        <ele>489.956363</ele>
        <time>2026-05-19T10:13:19.000Z</time>
      </trkpt>
      <trkpt lat="36.878537" lon="-4.800249">
        <ele>489.956363</ele>
        <time>2026-05-19T10:13:20.000Z</time>
      </trkpt>
      <trkpt lat="36.878577" lon="-4.800198">
        <ele>489.956363</ele>
        <time>2026-05-19T10:13:26.000Z</time>
      </trkpt>
      <trkpt lat="36.878601" lon="-4.80014">
        <ele>489.956363</ele>
        <time>2026-05-19T10:13:33.000Z</time>
      </trkpt>
      <trkpt lat="36.878601" lon="-4.80014">
        <ele>489.956363</ele>
        <time>2026-05-19T10:13:40.000Z</time>
      </trkpt>
      <trkpt lat="36.878613" lon="-4.799713">
        <ele>523.860725</ele>
        <time>2026-05-19T11:01:29.000Z</time>
      </trkpt>
      <trkpt lat="36.878613" lon="-4.799713">
        <ele>523.860725</ele>
        <time>2026-05-19T11:01:40.000Z</time>
      </trkpt>
      <trkpt lat="36.878613" lon="-4.799713">
        <ele>523.860725</ele>
        <time>2026-05-19T11:01:42.000Z</time>
      </trkpt>
      <trkpt lat="36.878613" lon="-4.799713">
        <ele>523.860725</ele>
        <time>2026-05-19T11:01:54.000Z</time>
      </trkpt>
      <trkpt lat="36.878613" lon="-4.799713">
        <ele>523.860725</ele>
        <time>2026-05-19T11:01:59.000Z</time>
      </trkpt>
      <trkpt lat="36.878613" lon="-4.799713">
        <ele>523.860725</ele>
        <time>2026-05-19T11:02:03.000Z</time>
      </trkpt>
      <trkpt lat="36.878613" lon="-4.799713">
        <ele>523.860725</ele>
        <time>2026-05-19T11:02:04.000Z</time>
      </trkpt>
      <trkpt lat="36.878612" lon="-4.799689">
        <ele>523.860725</ele>
        <time>2026-05-19T11:02:05.000Z</time>
      </trkpt>
      <trkpt lat="36.878624" lon="-4.799667">
        <ele>523.860725</ele>
        <time>2026-05-19T11:02:07.000Z</time>
      </trkpt>
      <trkpt lat="36.878603" lon="-4.799603">
        <ele>523.860725</ele>
        <time>2026-05-19T11:02:11.000Z</time>
      </trkpt>
      <trkpt lat="36.878623" lon="-4.799579">
        <ele>523.860725</ele>
        <time>2026-05-19T11:02:14.000Z</time>
      </trkpt>
      <trkpt lat="36.878631" lon="-4.799562">
        <ele>523.860725</ele>
        <time>2026-05-19T11:02:15.000Z</time>
      </trkpt>
      <trkpt lat="36.878654" lon="-4.799501">
        <ele>523.860725</ele>
        <time>2026-05-19T11:02:19.000Z</time>
      </trkpt>
      <trkpt lat="36.878665" lon="-4.799479">
        <ele>523.860725</ele>
        <time>2026-05-19T11:02:21.000Z</time>
      </trkpt>
      <trkpt lat="36.878702" lon="-4.799418">
        <ele>523.860725</ele>
        <time>2026-05-19T11:02:25.000Z</time>
      </trkpt>
      <trkpt lat="36.878707" lon="-4.799407">
        <ele>523.860725</ele>
        <time>2026-05-19T11:02:26.000Z</time>
      </trkpt>
      <trkpt lat="36.878726" lon="-4.799364">
        <ele>523.860725</ele>
        <time>2026-05-19T11:02:30.000Z</time>
      </trkpt>
      <trkpt lat="36.878754" lon="-4.799354">
        <ele>523.860725</ele>
        <time>2026-05-19T11:02:32.000Z</time>
      </trkpt>
      <trkpt lat="36.878787" lon="-4.799327">
        <ele>523.860725</ele>
        <time>2026-05-19T11:02:35.000Z</time>
      </trkpt>
      <trkpt lat="36.878807" lon="-4.799278">
        <ele>523.860725</ele>
        <time>2026-05-19T11:02:39.000Z</time>
      </trkpt>
      <trkpt lat="36.878812" lon="-4.799264">
        <ele>523.860725</ele>
        <time>2026-05-19T11:02:40.000Z</time>
      </trkpt>
      <trkpt lat="36.878822" lon="-4.799248">
        <ele>523.860725</ele>
        <time>2026-05-19T11:02:41.000Z</time>
      </trkpt>
      <trkpt lat="36.878823" lon="-4.799236">
        <ele>523.860725</ele>
        <time>2026-05-19T11:02:42.000Z</time>
      </trkpt>
      <trkpt lat="36.878791" lon="-4.799235">
        <ele>523.860725</ele>
        <time>2026-05-19T11:02:46.000Z</time>
      </trkpt>
      <trkpt lat="36.878789" lon="-4.799241">
        <ele>523.860725</ele>
        <time>2026-05-19T11:02:47.000Z</time>
      </trkpt>
      <trkpt lat="36.878792" lon="-4.799236">
        <ele>523.860725</ele>
        <time>2026-05-19T11:02:51.000Z</time>
      </trkpt>
      <trkpt lat="36.878802" lon="-4.799237">
        <ele>523.860725</ele>
        <time>2026-05-19T11:02:54.000Z</time>
      </trkpt>
      <trkpt lat="36.878825" lon="-4.799227">
        <ele>523.860725</ele>
        <time>2026-05-19T11:02:59.000Z</time>
      </trkpt>
      <trkpt lat="36.878831" lon="-4.799227">
        <ele>523.860725</ele>
        <time>2026-05-19T11:03:04.000Z</time>
      </trkpt>
      <trkpt lat="36.878814" lon="-4.79921">
        <ele>523.860725</ele>
        <time>2026-05-19T11:03:09.000Z</time>
      </trkpt>
      <trkpt lat="36.878818" lon="-4.799191">
        <ele>523.860725</ele>
        <time>2026-05-19T11:03:11.000Z</time>
      </trkpt>
      <trkpt lat="36.878823" lon="-4.799169">
        <ele>523.860725</ele>
        <time>2026-05-19T11:03:13.000Z</time>
      </trkpt>
      <trkpt lat="36.878819" lon="-4.79907">
        <ele>523.860725</ele>
        <time>2026-05-19T11:03:18.000Z</time>
      </trkpt>
      <trkpt lat="36.878823" lon="-4.799035">
        <ele>523.860725</ele>
        <time>2026-05-19T11:03:20.000Z</time>
      </trkpt>
      <trkpt lat="36.878826" lon="-4.799007">
        <ele>523.860725</ele>
        <time>2026-05-19T11:03:23.000Z</time>
      </trkpt>
      <trkpt lat="36.878823" lon="-4.798983">
        <ele>523.860725</ele>
        <time>2026-05-19T11:03:25.000Z</time>
      </trkpt>
      <trkpt lat="36.87882" lon="-4.798931">
        <ele>523.860725</ele>
        <time>2026-05-19T11:03:28.000Z</time>
      </trkpt>
      <trkpt lat="36.878833" lon="-4.798844">
        <ele>523.860725</ele>
        <time>2026-05-19T11:03:33.000Z</time>
      </trkpt>
      <trkpt lat="36.878873" lon="-4.798691">
        <ele>524.430612</ele>
        <time>2026-05-19T11:03:43.000Z</time>
      </trkpt>
      <trkpt lat="36.878881" lon="-4.798671">
        <ele>524.527387</ele>
        <time>2026-05-19T11:03:45.000Z</time>
      </trkpt>
      <trkpt lat="36.878894" lon="-4.798639">
        <ele>524.682713</ele>
        <time>2026-05-19T11:03:49.000Z</time>
      </trkpt>
      <trkpt lat="36.878943" lon="-4.798565">
        <ele>525.098461</ele>
        <time>2026-05-19T11:03:56.000Z</time>
      </trkpt>
      <trkpt lat="36.878968" lon="-4.798541">
        <ele>525.268999</ele>
        <time>2026-05-19T11:03:59.000Z</time>
      </trkpt>
      <trkpt lat="36.879015" lon="-4.798481">
        <ele>525.63244</ele>
        <time>2026-05-19T11:04:04.000Z</time>
      </trkpt>
      <trkpt lat="36.879034" lon="-4.798455">
        <ele>525.784849</ele>
        <time>2026-05-19T11:04:06.000Z</time>
      </trkpt>
      <trkpt lat="36.879072" lon="-4.798379">
        <ele>526.172729</ele>
        <time>2026-05-19T11:04:13.000Z</time>
      </trkpt>
      <trkpt lat="36.879099" lon="-4.798303">
        <ele>526.532621</ele>
        <time>2026-05-19T11:04:18.000Z</time>
      </trkpt>
      <trkpt lat="36.879108" lon="-4.798261">
        <ele>526.720797</ele>
        <time>2026-05-19T11:04:21.000Z</time>
      </trkpt>
      <trkpt lat="36.87911" lon="-4.79824">
        <ele>526.812322</ele>
        <time>2026-05-19T11:04:23.000Z</time>
      </trkpt>
      <trkpt lat="36.8791" lon="-4.798194">
        <ele>527.01862</ele>
        <time>2026-05-19T11:04:28.000Z</time>
      </trkpt>
      <trkpt lat="36.879097" lon="-4.798184">
        <ele>527.064842</ele>
        <time>2026-05-19T11:04:29.000Z</time>
      </trkpt>
      <trkpt lat="36.879077" lon="-4.798147">
        <ele>527.258102</ele>
        <time>2026-05-19T11:04:32.000Z</time>
      </trkpt>
      <trkpt lat="36.87907" lon="-4.798139">
        <ele>527.309416</ele>
        <time>2026-05-19T11:04:33.000Z</time>
      </trkpt>
      <trkpt lat="36.879058" lon="-4.798119">
        <ele>527.417615</ele>
        <time>2026-05-19T11:04:35.000Z</time>
      </trkpt>
      <trkpt lat="36.87905" lon="-4.798104">
        <ele>527.495638</ele>
        <time>2026-05-19T11:04:36.000Z</time>
      </trkpt>
      <trkpt lat="36.879045" lon="-4.798012">
        <ele>527.894711</ele>
        <time>2026-05-19T11:04:44.000Z</time>
      </trkpt>
      <trkpt lat="36.8791" lon="-4.797885">
        <ele>528.519722</ele>
        <time>2026-05-19T11:04:52.000Z</time>
      </trkpt>
      <trkpt lat="36.879117" lon="-4.797886">
        <ele>528.6118</ele>
        <time>2026-05-19T11:04:53.000Z</time>
      </trkpt>
      <trkpt lat="36.879166" lon="-4.797845">
        <ele>528.930809</ele>
        <time>2026-05-19T11:04:58.000Z</time>
      </trkpt>
      <trkpt lat="36.879197" lon="-4.797816">
        <ele>529.14029</ele>
        <time>2026-05-19T11:05:01.000Z</time>
      </trkpt>
      <trkpt lat="36.87922" lon="-4.797796">
        <ele>529.291871</ele>
        <time>2026-05-19T11:05:05.000Z</time>
      </trkpt>
      <trkpt lat="36.879282" lon="-4.797721">
        <ele>529.758642</ele>
        <time>2026-05-19T11:05:12.000Z</time>
      </trkpt>
      <trkpt lat="36.879315" lon="-4.797673">
        <ele>530.032559</ele>
        <time>2026-05-19T11:05:16.000Z</time>
      </trkpt>
      <trkpt lat="36.879321" lon="-4.797659">
        <ele>530.101296</ele>
        <time>2026-05-19T11:05:17.000Z</time>
      </trkpt>
      <trkpt lat="36.879336" lon="-4.797627">
        <ele>530.261812</ele>
        <time>2026-05-19T11:05:19.000Z</time>
      </trkpt>
      <trkpt lat="36.87934" lon="-4.797612">
        <ele>530.33024</ele>
        <time>2026-05-19T11:05:20.000Z</time>
      </trkpt>
      <trkpt lat="36.879342" lon="-4.797596">
        <ele>530.400325</ele>
        <time>2026-05-19T11:05:21.000Z</time>
      </trkpt>
      <trkpt lat="36.879352" lon="-4.797582">
        <ele>530.481554</ele>
        <time>2026-05-19T11:05:23.000Z</time>
      </trkpt>
      <trkpt lat="36.879349" lon="-4.797576">
        <ele>530.512176</ele>
        <time>2026-05-19T11:05:25.000Z</time>
      </trkpt>
      <trkpt lat="36.879343" lon="-4.797573">
        <ele>530.547138</ele>
        <time>2026-05-19T11:05:26.000Z</time>
      </trkpt>
      <trkpt lat="36.879369" lon="-4.797538">
        <ele>530.753855</ele>
        <time>2026-05-19T11:05:35.000Z</time>
      </trkpt>
      <trkpt lat="36.879384" lon="-4.797517">
        <ele>530.875699</ele>
        <time>2026-05-19T11:05:37.000Z</time>
      </trkpt>
      <trkpt lat="36.879404" lon="-4.797498">
        <ele>531.011604</ele>
        <time>2026-05-19T11:05:39.000Z</time>
      </trkpt>
      <trkpt lat="36.879428" lon="-4.797472">
        <ele>531.183423</ele>
        <time>2026-05-19T11:05:41.000Z</time>
      </trkpt>
      <trkpt lat="36.879482" lon="-4.797381">
        <ele>531.673786</ele>
        <time>2026-05-19T11:05:48.000Z</time>
      </trkpt>
      <trkpt lat="36.879505" lon="-4.797299">
        <ele>532.049847</ele>
        <time>2026-05-19T11:05:55.000Z</time>
      </trkpt>
      <trkpt lat="36.879539" lon="-4.797214">
        <ele>532.461136</ele>
        <time>2026-05-19T11:05:59.000Z</time>
      </trkpt>
      <trkpt lat="36.879556" lon="-4.797163">
        <ele>532.700249</ele>
        <time>2026-05-19T11:06:02.000Z</time>
      </trkpt>
      <trkpt lat="36.879564" lon="-4.797142">
        <ele>532.800912</ele>
        <time>2026-05-19T11:06:03.000Z</time>
      </trkpt>
      <trkpt lat="36.87957" lon="-4.797092">
        <ele>533.019721</ele>
        <time>2026-05-19T11:06:07.000Z</time>
      </trkpt>
      <trkpt lat="36.879586" lon="-4.797065">
        <ele>533.165142</ele>
        <time>2026-05-19T11:06:10.000Z</time>
      </trkpt>
      <trkpt lat="36.879645" lon="-4.796961">
        <ele>533.49034</ele>
        <time>2026-05-19T11:06:18.000Z</time>
      </trkpt>
      <trkpt lat="36.879656" lon="-4.796926">
        <ele>533.35779</ele>
        <time>2026-05-19T11:06:21.000Z</time>
      </trkpt>
      <trkpt lat="36.879693" lon="-4.796855">
        <ele>533.059104</ele>
        <time>2026-05-19T11:06:25.000Z</time>
      </trkpt>
      <trkpt lat="36.879693" lon="-4.796819">
        <ele>532.932211</ele>
        <time>2026-05-19T11:06:30.000Z</time>
      </trkpt>
      <trkpt lat="36.879689" lon="-4.796809">
        <ele>532.892801</ele>
        <time>2026-05-19T11:06:32.000Z</time>
      </trkpt>
      <trkpt lat="36.879681" lon="-4.796776">
        <ele>532.771258</ele>
        <time>2026-05-19T11:06:38.000Z</time>
      </trkpt>
      <trkpt lat="36.879678" lon="-4.796776">
        <ele>532.758038</ele>
        <time>2026-05-19T11:06:41.000Z</time>
      </trkpt>
      <trkpt lat="36.879675" lon="-4.796775">
        <ele>532.744357</ele>
        <time>2026-05-19T11:06:43.000Z</time>
      </trkpt>
      <trkpt lat="36.879672" lon="-4.796778">
        <ele>532.727428</ele>
        <time>2026-05-19T11:06:45.000Z</time>
      </trkpt>
      <trkpt lat="36.879683" lon="-4.796823">
        <ele>532.56157</ele>
        <time>2026-05-19T11:06:53.000Z</time>
      </trkpt>
      <trkpt lat="36.879684" lon="-4.79682">
        <ele>532.550115</ele>
        <time>2026-05-19T11:06:54.000Z</time>
      </trkpt>
      <trkpt lat="36.879688" lon="-4.796819">
        <ele>532.532139</ele>
        <time>2026-05-19T11:06:55.000Z</time>
      </trkpt>
      <trkpt lat="36.879693" lon="-4.796816">
        <ele>532.5077</ele>
        <time>2026-05-19T11:06:56.000Z</time>
      </trkpt>
      <trkpt lat="36.879705" lon="-4.796807">
        <ele>532.446036</ele>
        <time>2026-05-19T11:07:01.000Z</time>
      </trkpt>
      <trkpt lat="36.879747" lon="-4.796753">
        <ele>532.180551</ele>
        <time>2026-05-19T11:07:06.000Z</time>
      </trkpt>
      <trkpt lat="36.879813" lon="-4.796658">
        <ele>531.737027</ele>
        <time>2026-05-19T11:07:14.000Z</time>
      </trkpt>
      <trkpt lat="36.87984" lon="-4.796599">
        <ele>531.497435</ele>
        <time>2026-05-19T11:07:18.000Z</time>
      </trkpt>
      <trkpt lat="36.879853" lon="-4.796526">
        <ele>531.233825</ele>
        <time>2026-05-19T11:07:24.000Z</time>
      </trkpt>
      <trkpt lat="36.879861" lon="-4.796486">
        <ele>531.088493</ele>
        <time>2026-05-19T11:07:27.000Z</time>
      </trkpt>
      <trkpt lat="36.87987" lon="-4.79643">
        <ele>530.88716</ele>
        <time>2026-05-19T11:07:32.000Z</time>
      </trkpt>
      <trkpt lat="36.8799" lon="-4.796321">
        <ele>530.480849</ele>
        <time>2026-05-19T11:07:39.000Z</time>
      </trkpt>
      <trkpt lat="36.879898" lon="-4.796285">
        <ele>530.353651</ele>
        <time>2026-05-19T11:07:42.000Z</time>
      </trkpt>
      <trkpt lat="36.879892" lon="-4.79628">
        <ele>530.321876</ele>
        <time>2026-05-19T11:07:44.000Z</time>
      </trkpt>
      <trkpt lat="36.879878" lon="-4.796283">
        <ele>530.259284</ele>
        <time>2026-05-19T11:07:46.000Z</time>
      </trkpt>
      <trkpt lat="36.879876" lon="-4.796295">
        <ele>530.216078</ele>
        <time>2026-05-19T11:07:50.000Z</time>
      </trkpt>
      <trkpt lat="36.879846" lon="-4.796284">
        <ele>530.078313</ele>
        <time>2026-05-19T11:07:56.000Z</time>
      </trkpt>
      <trkpt lat="36.879838" lon="-4.796279">
        <ele>530.0389</ele>
        <time>2026-05-19T11:07:58.000Z</time>
      </trkpt>
      <trkpt lat="36.879834" lon="-4.796275">
        <ele>530.016328</ele>
        <time>2026-05-19T11:07:59.000Z</time>
      </trkpt>
      <trkpt lat="36.879872" lon="-4.796278">
        <ele>529.848545</ele>
        <time>2026-05-19T11:08:04.000Z</time>
      </trkpt>
      <trkpt lat="36.879881" lon="-4.796294">
        <ele>529.7796</ele>
        <time>2026-05-19T11:08:09.000Z</time>
      </trkpt>
      <trkpt lat="36.879888" lon="-4.7963">
        <ele>529.7422</ele>
        <time>2026-05-19T11:08:11.000Z</time>
      </trkpt>
      <trkpt lat="36.87989" lon="-4.796303">
        <ele>529.728435</ele>
        <time>2026-05-19T11:08:12.000Z</time>
      </trkpt>
      <trkpt lat="36.879888" lon="-4.796307">
        <ele>529.711808</ele>
        <time>2026-05-19T11:08:14.000Z</time>
      </trkpt>
      <trkpt lat="36.879887" lon="-4.796307">
        <ele>529.707401</ele>
        <time>2026-05-19T11:08:19.000Z</time>
      </trkpt>
      <trkpt lat="36.879893" lon="-4.796285">
        <ele>529.625472</ele>
        <time>2026-05-19T11:08:23.000Z</time>
      </trkpt>
      <trkpt lat="36.879928" lon="-4.796266">
        <ele>529.457329</ele>
        <time>2026-05-19T11:08:29.000Z</time>
      </trkpt>
      <trkpt lat="36.879948" lon="-4.796236">
        <ele>529.319674</ele>
        <time>2026-05-19T11:08:32.000Z</time>
      </trkpt>
      <trkpt lat="36.880024" lon="-4.796118">
        <ele>528.785678</ele>
        <time>2026-05-19T11:08:42.000Z</time>
      </trkpt>
      <trkpt lat="36.880043" lon="-4.796088">
        <ele>528.650802</ele>
        <time>2026-05-19T11:08:45.000Z</time>
      </trkpt>
      <trkpt lat="36.880054" lon="-4.796062">
        <ele>528.547128</ele>
        <time>2026-05-19T11:08:49.000Z</time>
      </trkpt>
      <trkpt lat="36.879973" lon="-4.796043">
        <ele>528.183967</ele>
        <time>2026-05-19T11:08:56.000Z</time>
      </trkpt>
      <trkpt lat="36.87996" lon="-4.796045">
        <ele>528.126249</ele>
        <time>2026-05-19T11:08:59.000Z</time>
      </trkpt>
      <trkpt lat="36.879974" lon="-4.796034">
        <ele>528.053385</ele>
        <time>2026-05-19T11:09:10.000Z</time>
      </trkpt>
      <trkpt lat="36.879982" lon="-4.796003">
        <ele>527.93857</ele>
        <time>2026-05-19T11:09:11.000Z</time>
      </trkpt>
      <trkpt lat="36.880011" lon="-4.795997">
        <ele>527.809042</ele>
        <time>2026-05-19T11:09:12.000Z</time>
      </trkpt>
      <trkpt lat="36.880029" lon="-4.795965">
        <ele>527.671151</ele>
        <time>2026-05-19T11:09:14.000Z</time>
      </trkpt>
      <trkpt lat="36.880057" lon="-4.795911">
        <ele>527.44432</ele>
        <time>2026-05-19T11:09:19.000Z</time>
      </trkpt>
      <trkpt lat="36.88006" lon="-4.795899">
        <ele>527.400005</ele>
        <time>2026-05-19T11:09:20.000Z</time>
      </trkpt>
      <trkpt lat="36.880075" lon="-4.795874">
        <ele>527.28985</ele>
        <time>2026-05-19T11:09:22.000Z</time>
      </trkpt>
      <trkpt lat="36.880088" lon="-4.795847">
        <ele>527.17877</ele>
        <time>2026-05-19T11:09:24.000Z</time>
      </trkpt>
      <trkpt lat="36.880089" lon="-4.795793">
        <ele>526.98838</ele>
        <time>2026-05-19T11:09:28.000Z</time>
      </trkpt>
      <trkpt lat="36.880115" lon="-4.795714">
        <ele>526.687273</ele>
        <time>2026-05-19T11:09:35.000Z</time>
      </trkpt>
      <trkpt lat="36.880143" lon="-4.795666">
        <ele>526.477872</ele>
        <time>2026-05-19T11:09:40.000Z</time>
      </trkpt>
      <trkpt lat="36.880162" lon="-4.79562">
        <ele>526.295391</ele>
        <time>2026-05-19T11:09:43.000Z</time>
      </trkpt>
      <trkpt lat="36.88018" lon="-4.795542">
        <ele>526.009245</ele>
        <time>2026-05-19T11:09:49.000Z</time>
      </trkpt>
      <trkpt lat="36.880208" lon="-4.795446">
        <ele>525.6174</ele>
        <time>2026-05-19T11:09:57.000Z</time>
      </trkpt>
      <trkpt lat="36.880211" lon="-4.795432">
        <ele>525.471838</ele>
        <time>2026-05-19T11:09:58.000Z</time>
      </trkpt>
      <trkpt lat="36.880214" lon="-4.795339">
        <ele>524.537064</ele>
        <time>2026-05-19T11:10:06.000Z</time>
      </trkpt>
      <trkpt lat="36.880224" lon="-4.795254">
        <ele>523.67421</ele>
        <time>2026-05-19T11:10:12.000Z</time>
      </trkpt>
      <trkpt lat="36.880228" lon="-4.795247">
        <ele>523.587812</ele>
        <time>2026-05-19T11:10:13.000Z</time>
      </trkpt>
      <trkpt lat="36.880229" lon="-4.795202">
        <ele>523.135695</ele>
        <time>2026-05-19T11:10:19.000Z</time>
      </trkpt>
      <trkpt lat="36.880221" lon="-4.795202">
        <ele>523.035249</ele>
        <time>2026-05-19T11:10:22.000Z</time>
      </trkpt>
      <trkpt lat="36.880212" lon="-4.795197">
        <ele>522.911593</ele>
        <time>2026-05-19T11:10:32.000Z</time>
      </trkpt>
      <trkpt lat="36.88023" lon="-4.795168">
        <ele>522.542941</ele>
        <time>2026-05-19T11:10:36.000Z</time>
      </trkpt>
      <trkpt lat="36.880252" lon="-4.795133">
        <ele>522.095884</ele>
        <time>2026-05-19T11:10:41.000Z</time>
      </trkpt>
      <trkpt lat="36.880268" lon="-4.795123">
        <ele>521.871288</ele>
        <time>2026-05-19T11:10:44.000Z</time>
      </trkpt>
      <trkpt lat="36.880279" lon="-4.795122">
        <ele>521.732811</ele>
        <time>2026-05-19T11:10:47.000Z</time>
      </trkpt>
      <trkpt lat="36.880279" lon="-4.795121">
        <ele>521.722768</ele>
        <time>2026-05-19T11:10:49.000Z</time>
      </trkpt>
      <trkpt lat="36.880277" lon="-4.795121">
        <ele>521.697656</ele>
        <time>2026-05-19T11:10:50.000Z</time>
      </trkpt>
      <trkpt lat="36.880272" lon="-4.795131">
        <ele>521.579218</ele>
        <time>2026-05-19T11:10:55.000Z</time>
      </trkpt>
      <trkpt lat="36.88026" lon="-4.795116">
        <ele>521.366156</ele>
        <time>2026-05-19T11:10:58.000Z</time>
      </trkpt>
      <trkpt lat="36.880242" lon="-4.795069">
        <ele>520.842813</ele>
        <time>2026-05-19T11:11:02.000Z</time>
      </trkpt>
      <trkpt lat="36.880233" lon="-4.795033">
        <ele>520.464011</ele>
        <time>2026-05-19T11:11:04.000Z</time>
      </trkpt>
      <trkpt lat="36.880218" lon="-4.794965">
        <ele>519.755583</ele>
        <time>2026-05-19T11:11:11.000Z</time>
      </trkpt>
      <trkpt lat="36.880216" lon="-4.794952">
        <ele>519.622628</ele>
        <time>2026-05-19T11:11:12.000Z</time>
      </trkpt>
      <trkpt lat="36.880208" lon="-4.794926">
        <ele>519.342853</ele>
        <time>2026-05-19T11:11:14.000Z</time>
      </trkpt>
      <trkpt lat="36.880204" lon="-4.794917">
        <ele>519.239449</ele>
        <time>2026-05-19T11:11:15.000Z</time>
      </trkpt>
      <trkpt lat="36.880174" lon="-4.794856">
        <ele>518.520283</ele>
        <time>2026-05-19T11:11:20.000Z</time>
      </trkpt>
      <trkpt lat="36.880167" lon="-4.794839">
        <ele>518.328255</ele>
        <time>2026-05-19T11:11:21.000Z</time>
      </trkpt>
      <trkpt lat="36.880142" lon="-4.794779">
        <ele>517.648811</ele>
        <time>2026-05-19T11:11:25.000Z</time>
      </trkpt>
      <trkpt lat="36.880133" lon="-4.794745">
        <ele>517.289131</ele>
        <time>2026-05-19T11:11:27.000Z</time>
      </trkpt>
      <trkpt lat="36.880125" lon="-4.794728">
        <ele>517.091042</ele>
        <time>2026-05-19T11:11:29.000Z</time>
      </trkpt>
      <trkpt lat="36.880089" lon="-4.794665">
        <ele>516.313454</ele>
        <time>2026-05-19T11:11:35.000Z</time>
      </trkpt>
      <trkpt lat="36.88007" lon="-4.79464">
        <ele>515.967115</ele>
        <time>2026-05-19T11:11:37.000Z</time>
      </trkpt>
      <trkpt lat="36.880044" lon="-4.794594">
        <ele>515.40143</ele>
        <time>2026-05-19T11:11:44.000Z</time>
      </trkpt>
      <trkpt lat="36.880045" lon="-4.794591">
        <ele>515.368789</ele>
        <time>2026-05-19T11:11:46.000Z</time>
      </trkpt>
      <trkpt lat="36.880046" lon="-4.794587">
        <ele>515.3267</ele>
        <time>2026-05-19T11:11:55.000Z</time>
      </trkpt>
      <trkpt lat="36.880037" lon="-4.794598">
        <ele>515.168668</ele>
        <time>2026-05-19T11:12:02.000Z</time>
      </trkpt>
      <trkpt lat="36.880039" lon="-4.79461">
        <ele>515.045562</ele>
        <time>2026-05-19T11:12:05.000Z</time>
      </trkpt>
      <trkpt lat="36.880039" lon="-4.794614">
        <ele>515.005389</ele>
        <time>2026-05-19T11:12:06.000Z</time>
      </trkpt>
      <trkpt lat="36.880066" lon="-4.794601">
        <ele>514.642113</ele>
        <time>2026-05-19T11:12:16.000Z</time>
      </trkpt>
      <trkpt lat="36.880049" lon="-4.79458">
        <ele>514.342045</ele>
        <time>2026-05-19T11:12:21.000Z</time>
      </trkpt>
      <trkpt lat="36.880036" lon="-4.794537">
        <ele>513.880371</ele>
        <time>2026-05-19T11:12:24.000Z</time>
      </trkpt>
      <trkpt lat="36.880041" lon="-4.794449">
        <ele>512.994343</ele>
        <time>2026-05-19T11:12:30.000Z</time>
      </trkpt>
      <trkpt lat="36.880043" lon="-4.794415">
        <ele>512.651952</ele>
        <time>2026-05-19T11:12:32.000Z</time>
      </trkpt>
      <trkpt lat="36.880069" lon="-4.794346">
        <ele>511.885931</ele>
        <time>2026-05-19T11:12:39.000Z</time>
      </trkpt>
      <trkpt lat="36.880088" lon="-4.794332">
        <ele>511.60902</ele>
        <time>2026-05-19T11:12:42.000Z</time>
      </trkpt>
      <trkpt lat="36.88013" lon="-4.794324">
        <ele>511.075597</ele>
        <time>2026-05-19T11:12:46.000Z</time>
      </trkpt>
      <trkpt lat="36.880139" lon="-4.794331">
        <ele>510.942512</ele>
        <time>2026-05-19T11:12:47.000Z</time>
      </trkpt>
      <trkpt lat="36.880157" lon="-4.794337">
        <ele>510.708614</ele>
        <time>2026-05-19T11:12:48.000Z</time>
      </trkpt>
      <trkpt lat="36.880199" lon="-4.794358">
        <ele>510.140665</ele>
        <time>2026-05-19T11:12:51.000Z</time>
      </trkpt>
      <trkpt lat="36.880256" lon="-4.794393">
        <ele>509.343327</ele>
        <time>2026-05-19T11:12:57.000Z</time>
      </trkpt>
      <trkpt lat="36.88033" lon="-4.794425">
        <ele>508.360196</ele>
        <time>2026-05-19T11:13:04.000Z</time>
      </trkpt>
      <trkpt lat="36.880345" lon="-4.794434">
        <ele>508.151294</ele>
        <time>2026-05-19T11:13:06.000Z</time>
      </trkpt>
      <trkpt lat="36.880399" lon="-4.794457">
        <ele>507.435019</ele>
        <time>2026-05-19T11:13:12.000Z</time>
      </trkpt>
      <trkpt lat="36.880438" lon="-4.794478">
        <ele>506.90186</ele>
        <time>2026-05-19T11:13:16.000Z</time>
      </trkpt>
      <trkpt lat="36.88047" lon="-4.79449">
        <ele>506.482393</ele>
        <time>2026-05-19T11:13:19.000Z</time>
      </trkpt>
      <trkpt lat="36.880524" lon="-4.794512">
        <ele>505.769294</ele>
        <time>2026-05-19T11:13:24.000Z</time>
      </trkpt>
      <trkpt lat="36.880529" lon="-4.794523">
        <ele>505.642228</ele>
        <time>2026-05-19T11:13:25.000Z</time>
      </trkpt>
      <trkpt lat="36.880566" lon="-4.794587">
        <ele>504.849161</ele>
        <time>2026-05-19T11:13:31.000Z</time>
      </trkpt>
      <trkpt lat="36.880573" lon="-4.794597">
        <ele>504.715703</ele>
        <time>2026-05-19T11:13:32.000Z</time>
      </trkpt>
      <trkpt lat="36.880627" lon="-4.79464">
        <ele>503.911843</ele>
        <time>2026-05-19T11:13:37.000Z</time>
      </trkpt>
      <trkpt lat="36.880675" lon="-4.79465">
        <ele>503.300861</ele>
        <time>2026-05-19T11:13:41.000Z</time>
      </trkpt>
      <trkpt lat="36.880707" lon="-4.794668">
        <ele>502.83985</ele>
        <time>2026-05-19T11:13:44.000Z</time>
      </trkpt>
      <trkpt lat="36.880774" lon="-4.794746">
        <ele>501.584918</ele>
        <time>2026-05-19T11:13:52.000Z</time>
      </trkpt>
      <trkpt lat="36.88083" lon="-4.794837">
        <ele>500.32605</ele>
        <time>2026-05-19T11:14:00.000Z</time>
      </trkpt>
      <trkpt lat="36.880838" lon="-4.794846">
        <ele>500.178528</ele>
        <time>2026-05-19T11:14:01.000Z</time>
      </trkpt>
      <trkpt lat="36.880861" lon="-4.794886">
        <ele>499.638396</ele>
        <time>2026-05-19T11:14:05.000Z</time>
      </trkpt>
      <trkpt lat="36.880888" lon="-4.794947">
        <ele>498.874001</ele>
        <time>2026-05-19T11:14:10.000Z</time>
      </trkpt>
      <trkpt lat="36.880897" lon="-4.794958">
        <ele>498.701474</ele>
        <time>2026-05-19T11:14:12.000Z</time>
      </trkpt>
      <trkpt lat="36.880918" lon="-4.794978">
        <ele>498.339607</ele>
        <time>2026-05-19T11:14:15.000Z</time>
      </trkpt>
      <trkpt lat="36.880973" lon="-4.79502">
        <ele>497.456183</ele>
        <time>2026-05-19T11:14:20.000Z</time>
      </trkpt>
      <trkpt lat="36.880997" lon="-4.795043">
        <ele>497.04167</ele>
        <time>2026-05-19T11:14:23.000Z</time>
      </trkpt>
      <trkpt lat="36.881069" lon="-4.795082">
        <ele>495.966084</ele>
        <time>2026-05-19T11:14:29.000Z</time>
      </trkpt>
      <trkpt lat="36.881086" lon="-4.795098">
        <ele>495.674406</ele>
        <time>2026-05-19T11:14:31.000Z</time>
      </trkpt>
      <trkpt lat="36.881094" lon="-4.795111">
        <ele>495.494568</ele>
        <time>2026-05-19T11:14:32.000Z</time>
      </trkpt>
      <trkpt lat="36.881116" lon="-4.795175">
        <ele>494.730797</ele>
        <time>2026-05-19T11:14:37.000Z</time>
      </trkpt>
      <trkpt lat="36.881123" lon="-4.795197">
        <ele>494.471199</ele>
        <time>2026-05-19T11:14:39.000Z</time>
      </trkpt>
      <trkpt lat="36.881128" lon="-4.795272">
        <ele>493.646025</ele>
        <time>2026-05-19T11:14:44.000Z</time>
      </trkpt>
      <trkpt lat="36.881114" lon="-4.795336">
        <ele>492.918541</ele>
        <time>2026-05-19T11:14:47.000Z</time>
      </trkpt>
      <trkpt lat="36.881091" lon="-4.795404">
        <ele>492.109051</ele>
        <time>2026-05-19T11:14:51.000Z</time>
      </trkpt>
      <trkpt lat="36.881074" lon="-4.795432">
        <ele>491.723628</ele>
        <time>2026-05-19T11:14:53.000Z</time>
      </trkpt>
      <trkpt lat="36.881055" lon="-4.795476">
        <ele>491.175388</ele>
        <time>2026-05-19T11:14:57.000Z</time>
      </trkpt>
      <trkpt lat="36.881044" lon="-4.795548">
        <ele>490.371686</ele>
        <time>2026-05-19T11:15:04.000Z</time>
      </trkpt>
      <trkpt lat="36.88105" lon="-4.795553">
        <ele>490.272845</ele>
        <time>2026-05-19T11:15:05.000Z</time>
      </trkpt>
      <trkpt lat="36.881081" lon="-4.795558">
        <ele>489.844394</ele>
        <time>2026-05-19T11:15:09.000Z</time>
      </trkpt>
      <trkpt lat="36.881089" lon="-4.795553">
        <ele>489.721795</ele>
        <time>2026-05-19T11:15:10.000Z</time>
      </trkpt>
      <trkpt lat="36.881104" lon="-4.795543">
        <ele>489.488776</ele>
        <time>2026-05-19T11:15:12.000Z</time>
      </trkpt>
      <trkpt lat="36.881164" lon="-4.795489">
        <ele>488.475384</ele>
        <time>2026-05-19T11:15:18.000Z</time>
      </trkpt>
      <trkpt lat="36.881168" lon="-4.795481">
        <ele>488.371943</ele>
        <time>2026-05-19T11:15:19.000Z</time>
      </trkpt>
      <trkpt lat="36.881197" lon="-4.79544">
        <ele>487.771859</ele>
        <time>2026-05-19T11:15:23.000Z</time>
      </trkpt>
      <trkpt lat="36.881239" lon="-4.795389">
        <ele>486.969285</ele>
        <time>2026-05-19T11:15:28.000Z</time>
      </trkpt>
      <trkpt lat="36.881252" lon="-4.795378">
        <ele>486.754111</ele>
        <time>2026-05-19T11:15:30.000Z</time>
      </trkpt>
      <trkpt lat="36.8813" lon="-4.795333">
        <ele>485.931711</ele>
        <time>2026-05-19T11:15:35.000Z</time>
      </trkpt>
      <trkpt lat="36.881342" lon="-4.795296">
        <ele>485.227426</ele>
        <time>2026-05-19T11:15:40.000Z</time>
      </trkpt>
      <trkpt lat="36.881364" lon="-4.795264">
        <ele>484.76478</ele>
        <time>2026-05-19T11:15:43.000Z</time>
      </trkpt>
      <trkpt lat="36.881399" lon="-4.79521">
        <ele>484.002733</ele>
        <time>2026-05-19T11:15:48.000Z</time>
      </trkpt>
      <trkpt lat="36.881406" lon="-4.795206">
        <ele>483.897233</ele>
        <time>2026-05-19T11:15:51.000Z</time>
      </trkpt>
      <trkpt lat="36.88139" lon="-4.795184">
        <ele>483.57122</ele>
        <time>2026-05-19T11:16:00.000Z</time>
      </trkpt>
      <trkpt lat="36.881387" lon="-4.795181">
        <ele>483.518561</ele>
        <time>2026-05-19T11:16:07.000Z</time>
      </trkpt>
      <trkpt lat="36.881379" lon="-4.795177">
        <ele>483.400457</ele>
        <time>2026-05-19T11:16:09.000Z</time>
      </trkpt>
      <trkpt lat="36.881364" lon="-4.795176">
        <ele>483.194554</ele>
        <time>2026-05-19T11:16:12.000Z</time>
      </trkpt>
      <trkpt lat="36.881345" lon="-4.795197">
        <ele>482.846927</ele>
        <time>2026-05-19T11:16:19.000Z</time>
      </trkpt>
      <trkpt lat="36.881395" lon="-4.795173">
        <ele>482.112777</ele>
        <time>2026-05-19T11:16:22.000Z</time>
      </trkpt>
      <trkpt lat="36.881423" lon="-4.79515">
        <ele>481.653537</ele>
        <time>2026-05-19T11:16:24.000Z</time>
      </trkpt>
      <trkpt lat="36.881503" lon="-4.795102">
        <ele>480.437194</ele>
        <time>2026-05-19T11:16:31.000Z</time>
      </trkpt>
      <trkpt lat="36.881532" lon="-4.795085">
        <ele>479.99815</ele>
        <time>2026-05-19T11:16:33.000Z</time>
      </trkpt>
      <trkpt lat="36.881582" lon="-4.795064">
        <ele>479.275137</ele>
        <time>2026-05-19T11:16:39.000Z</time>
      </trkpt>
      <trkpt lat="36.88157" lon="-4.795067">
        <ele>479.107392</ele>
        <time>2026-05-19T11:16:41.000Z</time>
      </trkpt>
      <trkpt lat="36.881521" lon="-4.79508">
        <ele>478.424303</ele>
        <time>2026-05-19T11:16:49.000Z</time>
      </trkpt>
      <trkpt lat="36.881562" lon="-4.795028">
        <ele>477.997963</ele>
        <time>2026-05-19T11:16:55.000Z</time>
      </trkpt>
      <trkpt lat="36.881644" lon="-4.794947">
        <ele>477.235078</ele>
        <time>2026-05-19T11:17:03.000Z</time>
      </trkpt>
      <trkpt lat="36.881652" lon="-4.794939">
        <ele>477.160296</ele>
        <time>2026-05-19T11:17:04.000Z</time>
      </trkpt>
      <trkpt lat="36.88169" lon="-4.794889">
        <ele>476.757579</ele>
        <time>2026-05-19T11:17:09.000Z</time>
      </trkpt>
      <trkpt lat="36.881701" lon="-4.79487">
        <ele>476.620628</ele>
        <time>2026-05-19T11:17:11.000Z</time>
      </trkpt>
      <trkpt lat="36.881707" lon="-4.794852">
        <ele>476.506766</ele>
        <time>2026-05-19T11:17:13.000Z</time>
      </trkpt>
      <trkpt lat="36.881736" lon="-4.794788">
        <ele>476.077276</ele>
        <time>2026-05-19T11:17:19.000Z</time>
      </trkpt>
      <trkpt lat="36.881761" lon="-4.794753">
        <ele>475.803289</ele>
        <time>2026-05-19T11:17:22.000Z</time>
      </trkpt>
      <trkpt lat="36.881806" lon="-4.794703">
        <ele>475.363811</ele>
        <time>2026-05-19T11:17:27.000Z</time>
      </trkpt>
      <trkpt lat="36.881822" lon="-4.794683">
        <ele>475.198648</ele>
        <time>2026-05-19T11:17:29.000Z</time>
      </trkpt>
      <trkpt lat="36.881862" lon="-4.794628">
        <ele>474.764606</ele>
        <time>2026-05-19T11:17:34.000Z</time>
      </trkpt>
      <trkpt lat="36.881898" lon="-4.794574">
        <ele>474.354147</ele>
        <time>2026-05-19T11:17:38.000Z</time>
      </trkpt>
      <trkpt lat="36.881909" lon="-4.794561">
        <ele>474.24365</ele>
        <time>2026-05-19T11:17:39.000Z</time>
      </trkpt>
      <trkpt lat="36.88197" lon="-4.794485">
        <ele>473.614996</ele>
        <time>2026-05-19T11:17:45.000Z</time>
      </trkpt>
      <trkpt lat="36.881978" lon="-4.794462">
        <ele>473.468552</ele>
        <time>2026-05-19T11:17:47.000Z</time>
      </trkpt>
      <trkpt lat="36.881997" lon="-4.794393">
        <ele>473.04246</ele>
        <time>2026-05-19T11:17:52.000Z</time>
      </trkpt>
      <trkpt lat="36.882005" lon="-4.794351">
        <ele>472.790367</ele>
        <time>2026-05-19T11:17:55.000Z</time>
      </trkpt>
      <trkpt lat="36.882043" lon="-4.794251">
        <ele>472.143932</ele>
        <time>2026-05-19T11:18:02.000Z</time>
      </trkpt>
      <trkpt lat="36.882078" lon="-4.79415">
        <ele>471.501233</ele>
        <time>2026-05-19T11:18:09.000Z</time>
      </trkpt>
      <trkpt lat="36.882091" lon="-4.794078">
        <ele>471.070253</ele>
        <time>2026-05-19T11:18:15.000Z</time>
      </trkpt>
      <trkpt lat="36.882109" lon="-4.793986">
        <ele>470.517234</ele>
        <time>2026-05-19T11:18:21.000Z</time>
      </trkpt>
      <trkpt lat="36.882115" lon="-4.79392">
        <ele>470.129384</ele>
        <time>2026-05-19T11:18:26.000Z</time>
      </trkpt>
      <trkpt lat="36.882118" lon="-4.793908">
        <ele>470.055974</ele>
        <time>2026-05-19T11:18:27.000Z</time>
      </trkpt>
      <trkpt lat="36.882131" lon="-4.793857">
        <ele>469.743434</ele>
        <time>2026-05-19T11:18:31.000Z</time>
      </trkpt>
      <trkpt lat="36.882142" lon="-4.793811">
        <ele>469.463097</ele>
        <time>2026-05-19T11:18:34.000Z</time>
      </trkpt>
      <trkpt lat="36.882144" lon="-4.793797">
        <ele>469.380058</ele>
        <time>2026-05-19T11:18:35.000Z</time>
      </trkpt>
      <trkpt lat="36.882156" lon="-4.793735">
        <ele>469.007597</ele>
        <time>2026-05-19T11:18:41.000Z</time>
      </trkpt>
      <trkpt lat="36.88216" lon="-4.793702">
        <ele>468.812713</ele>
        <time>2026-05-19T11:18:43.000Z</time>
      </trkpt>
      <trkpt lat="36.88217" lon="-4.793627">
        <ele>468.368751</ele>
        <time>2026-05-19T11:18:48.000Z</time>
      </trkpt>
      <trkpt lat="36.882171" lon="-4.793534">
        <ele>467.825682</ele>
        <time>2026-05-19T11:18:53.000Z</time>
      </trkpt>
      <trkpt lat="36.882178" lon="-4.793454">
        <ele>467.355781</ele>
        <time>2026-05-19T11:18:59.000Z</time>
      </trkpt>
      <trkpt lat="36.882187" lon="-4.793431">
        <ele>467.206277</ele>
        <time>2026-05-19T11:19:03.000Z</time>
      </trkpt>
      <trkpt lat="36.882183" lon="-4.793437">
        <ele>467.160671</ele>
        <time>2026-05-19T11:19:07.000Z</time>
      </trkpt>
      <trkpt lat="36.88222" lon="-4.793358">
        <ele>466.626138</ele>
        <time>2026-05-19T11:19:14.000Z</time>
      </trkpt>
      <trkpt lat="36.882262" lon="-4.793304">
        <ele>466.186349</ele>
        <time>2026-05-19T11:19:18.000Z</time>
      </trkpt>
      <trkpt lat="36.882279" lon="-4.793296">
        <ele>466.053752</ele>
        <time>2026-05-19T11:19:21.000Z</time>
      </trkpt>
      <trkpt lat="36.88228" lon="-4.793301">
        <ele>466.023658</ele>
        <time>2026-05-19T11:19:27.000Z</time>
      </trkpt>
      <trkpt lat="36.882289" lon="-4.793303">
        <ele>465.95693</ele>
        <time>2026-05-19T11:19:30.000Z</time>
      </trkpt>
      <trkpt lat="36.882293" lon="-4.7933">
        <ele>465.92288</ele>
        <time>2026-05-19T11:19:31.000Z</time>
      </trkpt>
      <trkpt lat="36.882315" lon="-4.79328">
        <ele>465.724314</ele>
        <time>2026-05-19T11:19:36.000Z</time>
      </trkpt>
      <trkpt lat="36.882321" lon="-4.79327">
        <ele>465.651323</ele>
        <time>2026-05-19T11:19:39.000Z</time>
      </trkpt>
      <trkpt lat="36.882291" lon="-4.793271">
        <ele>465.432251</ele>
        <time>2026-05-19T11:19:44.000Z</time>
      </trkpt>
      <trkpt lat="36.882296" lon="-4.793274">
        <ele>465.391766</ele>
        <time>2026-05-19T11:19:45.000Z</time>
      </trkpt>
      <trkpt lat="36.882309" lon="-4.793286">
        <ele>465.291897</ele>
        <time>2026-05-19T11:19:50.000Z</time>
      </trkpt>
      <trkpt lat="36.882329" lon="-4.793273">
        <ele>465.247725</ele>
        <time>2026-05-19T11:19:54.000Z</time>
      </trkpt>
      <trkpt lat="36.882342" lon="-4.793235">
        <ele>465.182944</ele>
        <time>2026-05-19T11:19:57.000Z</time>
      </trkpt>
      <trkpt lat="36.882357" lon="-4.793184">
        <ele>465.097773</ele>
        <time>2026-05-19T11:20:01.000Z</time>
      </trkpt>
      <trkpt lat="36.882371" lon="-4.793146">
        <ele>465.032197</ele>
        <time>2026-05-19T11:20:04.000Z</time>
      </trkpt>
      <trkpt lat="36.882377" lon="-4.79312">
        <ele>464.989782</ele>
        <time>2026-05-19T11:20:06.000Z</time>
      </trkpt>
      <trkpt lat="36.88238" lon="-4.793103">
        <ele>464.962495</ele>
        <time>2026-05-19T11:20:07.000Z</time>
      </trkpt>
      <trkpt lat="36.882383" lon="-4.793019">
        <ele>464.830702</ele>
        <time>2026-05-19T11:20:12.000Z</time>
      </trkpt>
      <trkpt lat="36.882379" lon="-4.792963">
        <ele>464.742577</ele>
        <time>2026-05-19T11:20:16.000Z</time>
      </trkpt>
      <trkpt lat="36.882377" lon="-4.792927">
        <ele>464.686015</ele>
        <time>2026-05-19T11:20:18.000Z</time>
      </trkpt>
      <trkpt lat="36.882393" lon="-4.792855">
        <ele>464.568887</ele>
        <time>2026-05-19T11:20:24.000Z</time>
      </trkpt>
      <trkpt lat="36.8824" lon="-4.792822">
        <ele>464.515374</ele>
        <time>2026-05-19T11:20:26.000Z</time>
      </trkpt>
      <trkpt lat="36.882403" lon="-4.792805">
        <ele>464.488087</ele>
        <time>2026-05-19T11:20:27.000Z</time>
      </trkpt>
      <trkpt lat="36.882408" lon="-4.792725">
        <ele>464.362312</ele>
        <time>2026-05-19T11:20:31.000Z</time>
      </trkpt>
      <trkpt lat="36.88241" lon="-4.792623">
        <ele>464.202388</ele>
        <time>2026-05-19T11:20:38.000Z</time>
      </trkpt>
      <trkpt lat="36.88241" lon="-4.792601">
        <ele>464.167905</ele>
        <time>2026-05-19T11:20:39.000Z</time>
      </trkpt>
      <trkpt lat="36.882417" lon="-4.792518">
        <ele>464.037089</ele>
        <time>2026-05-19T11:20:44.000Z</time>
      </trkpt>
      <trkpt lat="36.882433" lon="-4.792445">
        <ele>463.91845</ele>
        <time>2026-05-19T11:20:49.000Z</time>
      </trkpt>
      <trkpt lat="36.882467" lon="-4.792349">
        <ele>463.753888</ele>
        <time>2026-05-19T11:20:55.000Z</time>
      </trkpt>
      <trkpt lat="36.88247" lon="-4.792333">
        <ele>463.72813</ele>
        <time>2026-05-19T11:20:56.000Z</time>
      </trkpt>
      <trkpt lat="36.882477" lon="-4.79231">
        <ele>463.689558</ele>
        <time>2026-05-19T11:20:58.000Z</time>
      </trkpt>
      <trkpt lat="36.882503" lon="-4.792147">
        <ele>463.42904</ele>
        <time>2026-05-19T11:21:08.000Z</time>
      </trkpt>
      <trkpt lat="36.882539" lon="-4.792042">
        <ele>463.24998</ele>
        <time>2026-05-19T11:21:15.000Z</time>
      </trkpt>
      <trkpt lat="36.882548" lon="-4.791983">
        <ele>463.155836</ele>
        <time>2026-05-19T11:21:20.000Z</time>
      </trkpt>
      <trkpt lat="36.882551" lon="-4.79197">
        <ele>463.134628</ele>
        <time>2026-05-19T11:21:21.000Z</time>
      </trkpt>
      <trkpt lat="36.882583" lon="-4.791888">
        <ele>462.99162</ele>
        <time>2026-05-19T11:21:27.000Z</time>
      </trkpt>
      <trkpt lat="36.88259" lon="-4.791875">
        <ele>462.967057</ele>
        <time>2026-05-19T11:21:28.000Z</time>
      </trkpt>
      <trkpt lat="36.882606" lon="-4.791833">
        <ele>462.894141</ele>
        <time>2026-05-19T11:21:31.000Z</time>
      </trkpt>
      <trkpt lat="36.882612" lon="-4.7918">
        <ele>462.841097</ele>
        <time>2026-05-19T11:21:33.000Z</time>
      </trkpt>
      <trkpt lat="36.882621" lon="-4.791736">
        <ele>462.739244</ele>
        <time>2026-05-19T11:21:37.000Z</time>
      </trkpt>
      <trkpt lat="36.882621" lon="-4.791697">
        <ele>462.678115</ele>
        <time>2026-05-19T11:21:40.000Z</time>
      </trkpt>
      <trkpt lat="36.882624" lon="-4.791664">
        <ele>462.626058</ele>
        <time>2026-05-19T11:21:43.000Z</time>
      </trkpt>
      <trkpt lat="36.88264" lon="-4.791597">
        <ele>462.516461</ele>
        <time>2026-05-19T11:21:48.000Z</time>
      </trkpt>
      <trkpt lat="36.882667" lon="-4.791543">
        <ele>462.416645</ele>
        <time>2026-05-19T11:21:53.000Z</time>
      </trkpt>
      <trkpt lat="36.882679" lon="-4.791513">
        <ele>462.364071</ele>
        <time>2026-05-19T11:21:55.000Z</time>
      </trkpt>
      <trkpt lat="36.88271" lon="-4.791422">
        <ele>462.20904</ele>
        <time>2026-05-19T11:22:01.000Z</time>
      </trkpt>
      <trkpt lat="36.882718" lon="-4.791378">
        <ele>462.138315</ele>
        <time>2026-05-19T11:22:04.000Z</time>
      </trkpt>
      <trkpt lat="36.882721" lon="-4.791352">
        <ele>462.09714</ele>
        <time>2026-05-19T11:22:06.000Z</time>
      </trkpt>
      <trkpt lat="36.882722" lon="-4.791341">
        <ele>462.079788</ele>
        <time>2026-05-19T11:22:07.000Z</time>
      </trkpt>
      <trkpt lat="36.882734" lon="-4.791294">
        <ele>462.002458</ele>
        <time>2026-05-19T11:22:11.000Z</time>
      </trkpt>
      <trkpt lat="36.882747" lon="-4.791245">
        <ele>461.92154</ele>
        <time>2026-05-19T11:22:14.000Z</time>
      </trkpt>
      <trkpt lat="36.882756" lon="-4.791216">
        <ele>461.872784</ele>
        <time>2026-05-19T11:22:16.000Z</time>
      </trkpt>
      <trkpt lat="36.882781" lon="-4.791144">
        <ele>461.844866</ele>
        <time>2026-05-19T11:22:21.000Z</time>
      </trkpt>
      <trkpt lat="36.882796" lon="-4.791096">
        <ele>462.081726</ele>
        <time>2026-05-19T11:22:24.000Z</time>
      </trkpt>
      <trkpt lat="36.88282" lon="-4.791024">
        <ele>462.440243</ele>
        <time>2026-05-19T11:22:29.000Z</time>
      </trkpt>
      <trkpt lat="36.882847" lon="-4.790944">
        <ele>462.839335</ele>
        <time>2026-05-19T11:22:34.000Z</time>
      </trkpt>
      <trkpt lat="36.882854" lon="-4.790915">
        <ele>462.978564</ele>
        <time>2026-05-19T11:22:36.000Z</time>
      </trkpt>
      <trkpt lat="36.882862" lon="-4.790864">
        <ele>463.217438</ele>
        <time>2026-05-19T11:22:39.000Z</time>
      </trkpt>
      <trkpt lat="36.882836" lon="-4.790832">
        <ele>463.427089</ele>
        <time>2026-05-19T11:22:45.000Z</time>
      </trkpt>
      <trkpt lat="36.882824" lon="-4.790816">
        <ele>463.527901</ele>
        <time>2026-05-19T11:22:48.000Z</time>
      </trkpt>
      <trkpt lat="36.88282" lon="-4.790815">
        <ele>463.551341</ele>
        <time>2026-05-19T11:22:50.000Z</time>
      </trkpt>
      <trkpt lat="36.882828" lon="-4.790839">
        <ele>463.670847</ele>
        <time>2026-05-19T11:22:55.000Z</time>
      </trkpt>
      <trkpt lat="36.882886" lon="-4.790807">
        <ele>464.035142</ele>
        <time>2026-05-19T11:23:01.000Z</time>
      </trkpt>
      <trkpt lat="36.88297" lon="-4.790689">
        <ele>464.761185</ele>
        <time>2026-05-19T11:23:11.000Z</time>
      </trkpt>
      <trkpt lat="36.883017" lon="-4.790635">
        <ele>465.127986</ele>
        <time>2026-05-19T11:23:16.000Z</time>
      </trkpt>
      <trkpt lat="36.883033" lon="-4.790621">
        <ele>465.240207</ele>
        <time>2026-05-19T11:23:18.000Z</time>
      </trkpt>
      <trkpt lat="36.883079" lon="-4.790591">
        <ele>465.538339</ele>
        <time>2026-05-19T11:23:22.000Z</time>
      </trkpt>
      <trkpt lat="36.883111" lon="-4.790576">
        <ele>465.73472</ele>
        <time>2026-05-19T11:23:25.000Z</time>
      </trkpt>
      <trkpt lat="36.883154" lon="-4.790553">
        <ele>466.003475</ele>
        <time>2026-05-19T11:23:28.000Z</time>
      </trkpt>
      <trkpt lat="36.883189" lon="-4.790526">
        <ele>466.2398</ele>
        <time>2026-05-19T11:23:31.000Z</time>
      </trkpt>
      <trkpt lat="36.88323" lon="-4.790477">
        <ele>466.565726</ele>
        <time>2026-05-19T11:23:35.000Z</time>
      </trkpt>
      <trkpt lat="36.883235" lon="-4.79046">
        <ele>466.648977</ele>
        <time>2026-05-19T11:23:36.000Z</time>
      </trkpt>
      <trkpt lat="36.883251" lon="-4.790423">
        <ele>466.8423</ele>
        <time>2026-05-19T11:23:39.000Z</time>
      </trkpt>
      <trkpt lat="36.883276" lon="-4.790384">
        <ele>467.072015</ele>
        <time>2026-05-19T11:23:43.000Z</time>
      </trkpt>
      <trkpt lat="36.883328" lon="-4.790334">
        <ele>467.448974</ele>
        <time>2026-05-19T11:23:49.000Z</time>
      </trkpt>
      <trkpt lat="36.883348" lon="-4.790315">
        <ele>467.593315</ele>
        <time>2026-05-19T11:23:52.000Z</time>
      </trkpt>
      <trkpt lat="36.883356" lon="-4.790307">
        <ele>467.652181</ele>
        <time>2026-05-19T11:23:53.000Z</time>
      </trkpt>
      <trkpt lat="36.883364" lon="-4.790299">
        <ele>467.711048</ele>
        <time>2026-05-19T11:23:54.000Z</time>
      </trkpt>
      <trkpt lat="36.883376" lon="-4.790289">
        <ele>467.793918</ele>
        <time>2026-05-19T11:23:55.000Z</time>
      </trkpt>
      <trkpt lat="36.883386" lon="-4.790279">
        <ele>467.867501</ele>
        <time>2026-05-19T11:23:56.000Z</time>
      </trkpt>
      <trkpt lat="36.883414" lon="-4.79024">
        <ele>468.108372</ele>
        <time>2026-05-19T11:23:59.000Z</time>
      </trkpt>
      <trkpt lat="36.883442" lon="-4.790219">
        <ele>468.295999</ele>
        <time>2026-05-19T11:24:01.000Z</time>
      </trkpt>
      <trkpt lat="36.883519" lon="-4.790183">
        <ele>468.768389</ele>
        <time>2026-05-19T11:24:07.000Z</time>
      </trkpt>
      <trkpt lat="36.883556" lon="-4.790157">
        <ele>469.012284</ele>
        <time>2026-05-19T11:24:11.000Z</time>
      </trkpt>
      <trkpt lat="36.883588" lon="-4.790134">
        <ele>469.224386</ele>
        <time>2026-05-19T11:24:13.000Z</time>
      </trkpt>
      <trkpt lat="36.8836" lon="-4.790127">
        <ele>469.300478</ele>
        <time>2026-05-19T11:24:14.000Z</time>
      </trkpt>
      <trkpt lat="36.88366" lon="-4.790082">
        <ele>469.702535</ele>
        <time>2026-05-19T11:24:21.000Z</time>
      </trkpt>
      <trkpt lat="36.883698" lon="-4.790058">
        <ele>469.947175</ele>
        <time>2026-05-19T11:24:24.000Z</time>
      </trkpt>
      <trkpt lat="36.883721" lon="-4.790054">
        <ele>470.080612</ele>
        <time>2026-05-19T11:24:26.000Z</time>
      </trkpt>
      <trkpt lat="36.883752" lon="-4.790046">
        <ele>470.262502</ele>
        <time>2026-05-19T11:24:29.000Z</time>
      </trkpt>
      <trkpt lat="36.883808" lon="-4.790019">
        <ele>470.607394</ele>
        <time>2026-05-19T11:24:34.000Z</time>
      </trkpt>
      <trkpt lat="36.883827" lon="-4.790009">
        <ele>470.725853</ele>
        <time>2026-05-19T11:24:36.000Z</time>
      </trkpt>
      <trkpt lat="36.883877" lon="-4.789978">
        <ele>471.046556</ele>
        <time>2026-05-19T11:24:41.000Z</time>
      </trkpt>
      <trkpt lat="36.883888" lon="-4.789974">
        <ele>471.112385</ele>
        <time>2026-05-19T11:24:42.000Z</time>
      </trkpt>
      <trkpt lat="36.883899" lon="-4.789972">
        <ele>471.176259</ele>
        <time>2026-05-19T11:24:43.000Z</time>
      </trkpt>
      <trkpt lat="36.883943" lon="-4.78997">
        <ele>471.429263</ele>
        <time>2026-05-19T11:24:46.000Z</time>
      </trkpt>
      <trkpt lat="36.883973" lon="-4.789964">
        <ele>471.603843</ele>
        <time>2026-05-19T11:24:48.000Z</time>
      </trkpt>
      <trkpt lat="36.884002" lon="-4.789964">
        <ele>471.770485</ele>
        <time>2026-05-19T11:24:53.000Z</time>
      </trkpt>
      <trkpt lat="36.884011" lon="-4.789961">
        <ele>471.824009</ele>
        <time>2026-05-19T11:24:54.000Z</time>
      </trkpt>
      <trkpt lat="36.884034" lon="-4.789943">
        <ele>471.979931</ele>
        <time>2026-05-19T11:24:57.000Z</time>
      </trkpt>
      <trkpt lat="36.884076" lon="-4.7899">
        <ele>472.290356</ele>
        <time>2026-05-19T11:25:03.000Z</time>
      </trkpt>
      <trkpt lat="36.884086" lon="-4.789892">
        <ele>472.358009</ele>
        <time>2026-05-19T11:25:04.000Z</time>
      </trkpt>
      <trkpt lat="36.884132" lon="-4.789832">
        <ele>472.736829</ele>
        <time>2026-05-19T11:25:10.000Z</time>
      </trkpt>
      <trkpt lat="36.884191" lon="-4.789745">
        <ele>473.25672</ele>
        <time>2026-05-19T11:25:17.000Z</time>
      </trkpt>
      <trkpt lat="36.8842" lon="-4.789733">
        <ele>473.3317</ele>
        <time>2026-05-19T11:25:18.000Z</time>
      </trkpt>
      <trkpt lat="36.884231" lon="-4.789688">
        <ele>473.602396</ele>
        <time>2026-05-19T11:25:22.000Z</time>
      </trkpt>
      <trkpt lat="36.884251" lon="-4.789655">
        <ele>473.791111</ele>
        <time>2026-05-19T11:25:26.000Z</time>
      </trkpt>
      <trkpt lat="36.884281" lon="-4.789622">
        <ele>474.018817</ele>
        <time>2026-05-19T11:25:30.000Z</time>
      </trkpt>
      <trkpt lat="36.884285" lon="-4.789618">
        <ele>474.048006</ele>
        <time>2026-05-19T11:25:31.000Z</time>
      </trkpt>
      <trkpt lat="36.884293" lon="-4.789613">
        <ele>474.098973</ele>
        <time>2026-05-19T11:25:32.000Z</time>
      </trkpt>
      <trkpt lat="36.884313" lon="-4.789601">
        <ele>474.225389</ele>
        <time>2026-05-19T11:25:35.000Z</time>
      </trkpt>
      <trkpt lat="36.884323" lon="-4.789594">
        <ele>474.290698</ele>
        <time>2026-05-19T11:25:36.000Z</time>
      </trkpt>
      <trkpt lat="36.884402" lon="-4.789555">
        <ele>474.774707</ele>
        <time>2026-05-19T11:25:42.000Z</time>
      </trkpt>
      <trkpt lat="36.884437" lon="-4.789552">
        <ele>474.974624</ele>
        <time>2026-05-19T11:25:45.000Z</time>
      </trkpt>
      <trkpt lat="36.884497" lon="-4.789558">
        <ele>475.317628</ele>
        <time>2026-05-19T11:25:50.000Z</time>
      </trkpt>
      <trkpt lat="36.884553" lon="-4.789574">
        <ele>475.644973</ele>
        <time>2026-05-19T11:25:55.000Z</time>
      </trkpt>
      <trkpt lat="36.884662" lon="-4.789608">
        <ele>476.285154</ele>
        <time>2026-05-19T11:26:04.000Z</time>
      </trkpt>
      <trkpt lat="36.88468" lon="-4.789615">
        <ele>476.392575</ele>
        <time>2026-05-19T11:26:06.000Z</time>
      </trkpt>
      <trkpt lat="36.884704" lon="-4.789623">
        <ele>476.534118</ele>
        <time>2026-05-19T11:26:08.000Z</time>
      </trkpt>
      <trkpt lat="36.884735" lon="-4.78963">
        <ele>476.71363</ele>
        <time>2026-05-19T11:26:11.000Z</time>
      </trkpt>
      <trkpt lat="36.884782" lon="-4.789636">
        <ele>476.982854</ele>
        <time>2026-05-19T11:26:16.000Z</time>
      </trkpt>
      <trkpt lat="36.884807" lon="-4.789643">
        <ele>477.128847</ele>
        <time>2026-05-19T11:26:19.000Z</time>
      </trkpt>
      <trkpt lat="36.884824" lon="-4.789646">
        <ele>477.226682</ele>
        <time>2026-05-19T11:26:21.000Z</time>
      </trkpt>
      <trkpt lat="36.884844" lon="-4.789648">
        <ele>477.341017</ele>
        <time>2026-05-19T11:26:23.000Z</time>
      </trkpt>
      <trkpt lat="36.884887" lon="-4.789653">
        <ele>477.587111</ele>
        <time>2026-05-19T11:26:27.000Z</time>
      </trkpt>
      <trkpt lat="36.884899" lon="-4.789655">
        <ele>477.656099</ele>
        <time>2026-05-19T11:26:28.000Z</time>
      </trkpt>
      <trkpt lat="36.884943" lon="-4.789654">
        <ele>477.906876</ele>
        <time>2026-05-19T11:26:31.000Z</time>
      </trkpt>
      <trkpt lat="36.885008" lon="-4.789652">
        <ele>478.277393</ele>
        <time>2026-05-19T11:26:35.000Z</time>
      </trkpt>
      <trkpt lat="36.885037" lon="-4.789663">
        <ele>478.450088</ele>
        <time>2026-05-19T11:26:38.000Z</time>
      </trkpt>
      <trkpt lat="36.885028" lon="-4.789664">
        <ele>478.501577</ele>
        <time>2026-05-19T11:26:43.000Z</time>
      </trkpt>
      <trkpt lat="36.885006" lon="-4.789651">
        <ele>478.640243</ele>
        <time>2026-05-19T11:26:45.000Z</time>
      </trkpt>
      <trkpt lat="36.885" lon="-4.78964">
        <ele>478.700928</ele>
        <time>2026-05-19T11:26:46.000Z</time>
      </trkpt>
      <trkpt lat="36.885001" lon="-4.789641">
        <ele>478.708226</ele>
        <time>2026-05-19T11:26:47.000Z</time>
      </trkpt>
      <trkpt lat="36.885021" lon="-4.789647">
        <ele>478.825431</ele>
        <time>2026-05-19T11:26:50.000Z</time>
      </trkpt>
      <trkpt lat="36.885082" lon="-4.789591">
        <ele>479.256688</ele>
        <time>2026-05-19T11:26:55.000Z</time>
      </trkpt>
      <trkpt lat="36.88519" lon="-4.789523">
        <ele>479.945768</ele>
        <time>2026-05-19T11:27:03.000Z</time>
      </trkpt>
      <trkpt lat="36.88523" lon="-4.789478">
        <ele>480.252404</ele>
        <time>2026-05-19T11:27:08.000Z</time>
      </trkpt>
      <trkpt lat="36.885236" lon="-4.789468">
        <ele>480.309382</ele>
        <time>2026-05-19T11:27:09.000Z</time>
      </trkpt>
      <trkpt lat="36.885263" lon="-4.789432">
        <ele>480.53432</ele>
        <time>2026-05-19T11:27:12.000Z</time>
      </trkpt>
      <trkpt lat="36.885288" lon="-4.789405">
        <ele>480.722576</ele>
        <time>2026-05-19T11:27:15.000Z</time>
      </trkpt>
      <trkpt lat="36.885295" lon="-4.789399">
        <ele>480.77094</ele>
        <time>2026-05-19T11:27:16.000Z</time>
      </trkpt>
      <trkpt lat="36.885348" lon="-4.789352">
        <ele>481.141222</ele>
        <time>2026-05-19T11:27:22.000Z</time>
      </trkpt>
      <trkpt lat="36.885414" lon="-4.789301">
        <ele>481.583363</ele>
        <time>2026-05-19T11:27:28.000Z</time>
      </trkpt>
      <trkpt lat="36.885435" lon="-4.789293">
        <ele>481.708464</ele>
        <time>2026-05-19T11:27:30.000Z</time>
      </trkpt>
      <trkpt lat="36.885466" lon="-4.789278">
        <ele>481.897887</ele>
        <time>2026-05-19T11:27:33.000Z</time>
      </trkpt>
      <trkpt lat="36.88548" lon="-4.789271">
        <ele>481.98381</ele>
        <time>2026-05-19T11:27:34.000Z</time>
      </trkpt>
      <trkpt lat="36.885512" lon="-4.789253">
        <ele>482.183769</ele>
        <time>2026-05-19T11:27:37.000Z</time>
      </trkpt>
      <trkpt lat="36.885571" lon="-4.789237">
        <ele>482.635822</ele>
        <time>2026-05-19T11:27:44.000Z</time>
      </trkpt>
      <trkpt lat="36.885644" lon="-4.789195">
        <ele>483.386957</ele>
        <time>2026-05-19T11:27:50.000Z</time>
      </trkpt>
      <trkpt lat="36.885652" lon="-4.789191">
        <ele>483.467494</ele>
        <time>2026-05-19T11:27:51.000Z</time>
      </trkpt>
      <trkpt lat="36.885688" lon="-4.78917">
        <ele>483.838821</ele>
        <time>2026-05-19T11:27:54.000Z</time>
      </trkpt>
      <trkpt lat="36.885702" lon="-4.789162">
        <ele>483.982703</ele>
        <time>2026-05-19T11:27:55.000Z</time>
      </trkpt>
      <trkpt lat="36.885733" lon="-4.789145">
        <ele>484.299118</ele>
        <time>2026-05-19T11:27:57.000Z</time>
      </trkpt>
      <trkpt lat="36.88578" lon="-4.789121">
        <ele>484.773671</ele>
        <time>2026-05-19T11:28:03.000Z</time>
      </trkpt>
      <trkpt lat="36.885813" lon="-4.789101">
        <ele>485.116462</ele>
        <time>2026-05-19T11:28:06.000Z</time>
      </trkpt>
      <trkpt lat="36.88583" lon="-4.789087">
        <ele>485.306741</ele>
        <time>2026-05-19T11:28:10.000Z</time>
      </trkpt>
      <trkpt lat="36.885893" lon="-4.789072">
        <ele>485.906203</ele>
        <time>2026-05-19T11:28:17.000Z</time>
      </trkpt>
      <trkpt lat="36.885977" lon="-4.789064">
        <ele>486.693651</ele>
        <time>2026-05-19T11:28:23.000Z</time>
      </trkpt>
      <trkpt lat="36.885997" lon="-4.78906">
        <ele>486.882974</ele>
        <time>2026-05-19T11:28:25.000Z</time>
      </trkpt>
      <trkpt lat="36.886021" lon="-4.789052">
        <ele>487.115145</ele>
        <time>2026-05-19T11:28:27.000Z</time>
      </trkpt>
      <trkpt lat="36.886034" lon="-4.789047">
        <ele>487.24228</ele>
        <time>2026-05-19T11:28:28.000Z</time>
      </trkpt>
      <trkpt lat="36.886071" lon="-4.789035">
        <ele>487.599577</ele>
        <time>2026-05-19T11:28:31.000Z</time>
      </trkpt>
      <trkpt lat="36.886131" lon="-4.789012">
        <ele>488.186184</ele>
        <time>2026-05-19T11:28:37.000Z</time>
      </trkpt>
      <trkpt lat="36.886137" lon="-4.789009">
        <ele>488.246586</ele>
        <time>2026-05-19T11:28:38.000Z</time>
      </trkpt>
      <trkpt lat="36.886146" lon="-4.789004">
        <ele>488.338643</ele>
        <time>2026-05-19T11:28:39.000Z</time>
      </trkpt>
      <trkpt lat="36.8862" lon="-4.788972">
        <ele>488.897224</ele>
        <time>2026-05-19T11:28:45.000Z</time>
      </trkpt>
      <trkpt lat="36.886219" lon="-4.788959">
        <ele>489.099677</ele>
        <time>2026-05-19T11:28:47.000Z</time>
      </trkpt>
      <trkpt lat="36.88623" lon="-4.788952">
        <ele>489.21505</ele>
        <time>2026-05-19T11:28:48.000Z</time>
      </trkpt>
      <trkpt lat="36.886285" lon="-4.788922">
        <ele>489.775946</ele>
        <time>2026-05-19T11:28:53.000Z</time>
      </trkpt>
      <trkpt lat="36.886312" lon="-4.788904">
        <ele>490.06196</ele>
        <time>2026-05-19T11:28:55.000Z</time>
      </trkpt>
      <trkpt lat="36.88635" lon="-4.788893">
        <ele>490.426553</ele>
        <time>2026-05-19T11:28:59.000Z</time>
      </trkpt>
      <trkpt lat="36.886387" lon="-4.788885">
        <ele>490.777537</ele>
        <time>2026-05-19T11:29:03.000Z</time>
      </trkpt>
      <trkpt lat="36.886427" lon="-4.78887">
        <ele>491.167885</ele>
        <time>2026-05-19T11:29:07.000Z</time>
      </trkpt>
      <trkpt lat="36.886478" lon="-4.788853">
        <ele>491.661249</ele>
        <time>2026-05-19T11:29:11.000Z</time>
      </trkpt>
      <trkpt lat="36.886506" lon="-4.788836">
        <ele>491.9522</ele>
        <time>2026-05-19T11:29:13.000Z</time>
      </trkpt>
      <trkpt lat="36.886569" lon="-4.788797">
        <ele>492.609311</ele>
        <time>2026-05-19T11:29:18.000Z</time>
      </trkpt>
      <trkpt lat="36.886597" lon="-4.788759">
        <ele>492.995588</ele>
        <time>2026-05-19T11:29:22.000Z</time>
      </trkpt>
      <trkpt lat="36.886633" lon="-4.78871">
        <ele>493.493016</ele>
        <time>2026-05-19T11:29:26.000Z</time>
      </trkpt>
      <trkpt lat="36.886639" lon="-4.788688">
        <ele>493.666791</ele>
        <time>2026-05-19T11:29:29.000Z</time>
      </trkpt>
      <trkpt lat="36.886652" lon="-4.788648">
        <ele>493.989585</ele>
        <time>2026-05-19T11:29:32.000Z</time>
      </trkpt>
      <trkpt lat="36.886678" lon="-4.788588">
        <ele>494.499761</ele>
        <time>2026-05-19T11:29:38.000Z</time>
      </trkpt>
      <trkpt lat="36.886732" lon="-4.78852">
        <ele>495.216161</ele>
        <time>2026-05-19T11:29:45.000Z</time>
      </trkpt>
      <trkpt lat="36.886773" lon="-4.788489">
        <ele>495.664029</ele>
        <time>2026-05-19T11:29:49.000Z</time>
      </trkpt>
      <trkpt lat="36.886802" lon="-4.788475">
        <ele>495.954606</ele>
        <time>2026-05-19T11:29:52.000Z</time>
      </trkpt>
      <trkpt lat="36.886882" lon="-4.788416">
        <ele>496.822791</ele>
        <time>2026-05-19T11:29:58.000Z</time>
      </trkpt>
      <trkpt lat="36.886938" lon="-4.788378">
        <ele>497.418365</ele>
        <time>2026-05-19T11:30:03.000Z</time>
      </trkpt>
      <trkpt lat="36.88695" lon="-4.788373">
        <ele>497.536597</ele>
        <time>2026-05-19T11:30:05.000Z</time>
      </trkpt>
      <trkpt lat="36.886958" lon="-4.78837">
        <ele>497.614667</ele>
        <time>2026-05-19T11:30:06.000Z</time>
      </trkpt>
      <trkpt lat="36.886969" lon="-4.788364">
        <ele>497.726846</ele>
        <time>2026-05-19T11:30:07.000Z</time>
      </trkpt>
      <trkpt lat="36.887016" lon="-4.788345">
        <ele>498.188562</ele>
        <time>2026-05-19T11:30:11.000Z</time>
      </trkpt>
      <trkpt lat="36.887058" lon="-4.788334">
        <ele>498.58967</ele>
        <time>2026-05-19T11:30:16.000Z</time>
      </trkpt>
      <trkpt lat="36.887073" lon="-4.788331">
        <ele>498.731662</ele>
        <time>2026-05-19T11:30:17.000Z</time>
      </trkpt>
      <trkpt lat="36.887132" lon="-4.788324">
        <ele>499.245759</ele>
        <time>2026-05-19T11:30:22.000Z</time>
      </trkpt>
      <trkpt lat="36.887155" lon="-4.788329">
        <ele>499.387705</ele>
        <time>2026-05-19T11:30:24.000Z</time>
      </trkpt>
      <trkpt lat="36.88719" lon="-4.788328">
        <ele>499.600572</ele>
        <time>2026-05-19T11:30:26.000Z</time>
      </trkpt>
      <trkpt lat="36.887234" lon="-4.788319">
        <ele>499.871664</ele>
        <time>2026-05-19T11:30:30.000Z</time>
      </trkpt>
      <trkpt lat="36.887242" lon="-4.788318">
        <ele>499.920549</ele>
        <time>2026-05-19T11:30:31.000Z</time>
      </trkpt>
      <trkpt lat="36.88729" lon="-4.788304">
        <ele>500.220242</ele>
        <time>2026-05-19T11:30:36.000Z</time>
      </trkpt>
      <trkpt lat="36.887302" lon="-4.788301">
        <ele>500.29465</ele>
        <time>2026-05-19T11:30:37.000Z</time>
      </trkpt>
      <trkpt lat="36.887339" lon="-4.78829">
        <ele>500.525895</ele>
        <time>2026-05-19T11:30:41.000Z</time>
      </trkpt>
      <trkpt lat="36.887392" lon="-4.788291">
        <ele>500.84819</ele>
        <time>2026-05-19T11:30:46.000Z</time>
      </trkpt>
      <trkpt lat="36.887436" lon="-4.788289">
        <ele>501.115902</ele>
        <time>2026-05-19T11:30:51.000Z</time>
      </trkpt>
      <trkpt lat="36.887458" lon="-4.788287">
        <ele>501.250023</ele>
        <time>2026-05-19T11:30:54.000Z</time>
      </trkpt>
      <trkpt lat="36.887536" lon="-4.788286">
        <ele>501.724314</ele>
        <time>2026-05-19T11:31:01.000Z</time>
      </trkpt>
      <trkpt lat="36.88758" lon="-4.788289">
        <ele>501.992247</ele>
        <time>2026-05-19T11:31:05.000Z</time>
      </trkpt>
      <trkpt lat="36.887621" lon="-4.788284">
        <ele>502.242724</ele>
        <time>2026-05-19T11:31:09.000Z</time>
      </trkpt>
      <trkpt lat="36.887628" lon="-4.788276">
        <ele>502.300388</ele>
        <time>2026-05-19T11:31:11.000Z</time>
      </trkpt>
      <trkpt lat="36.88763" lon="-4.788264">
        <ele>502.36</ele>
        <time>2026-05-19T11:31:15.000Z</time>
      </trkpt>
      <trkpt lat="36.887644" lon="-4.78825">
        <ele>502.469003</ele>
        <time>2026-05-19T11:31:18.000Z</time>
      </trkpt>
      <trkpt lat="36.887706" lon="-4.788246">
        <ele>502.846485</ele>
        <time>2026-05-19T11:31:26.000Z</time>
      </trkpt>
      <trkpt lat="36.887746" lon="-4.788229">
        <ele>503.103366</ele>
        <time>2026-05-19T11:31:29.000Z</time>
      </trkpt>
      <trkpt lat="36.88779" lon="-4.788209">
        <ele>503.388033</ele>
        <time>2026-05-19T11:31:33.000Z</time>
      </trkpt>
      <trkpt lat="36.887797" lon="-4.788203">
        <ele>503.439637</ele>
        <time>2026-05-19T11:31:34.000Z</time>
      </trkpt>
      <trkpt lat="36.887839" lon="-4.788165">
        <ele>503.754862</ele>
        <time>2026-05-19T11:31:41.000Z</time>
      </trkpt>
      <trkpt lat="36.887853" lon="-4.788155">
        <ele>503.852898</ele>
        <time>2026-05-19T11:31:43.000Z</time>
      </trkpt>
      <trkpt lat="36.887912" lon="-4.788105">
        <ele>504.28628</ele>
        <time>2026-05-19T11:31:47.000Z</time>
      </trkpt>
      <trkpt lat="36.887944" lon="-4.788074">
        <ele>504.532421</ele>
        <time>2026-05-19T11:31:52.000Z</time>
      </trkpt>
      <trkpt lat="36.887951" lon="-4.788066">
        <ele>504.590085</ele>
        <time>2026-05-19T11:31:53.000Z</time>
      </trkpt>
      <trkpt lat="36.887983" lon="-4.788018">
        <ele>504.893972</ele>
        <time>2026-05-19T11:31:59.000Z</time>
      </trkpt>
      <trkpt lat="36.887989" lon="-4.788009">
        <ele>504.950951</ele>
        <time>2026-05-19T11:32:00.000Z</time>
      </trkpt>
      <trkpt lat="36.888021" lon="-4.787965">
        <ele>505.240164</ele>
        <time>2026-05-19T11:32:04.000Z</time>
      </trkpt>
      <trkpt lat="36.888022" lon="-4.787961">
        <ele>505.260545</ele>
        <time>2026-05-19T11:32:05.000Z</time>
      </trkpt>
      <trkpt lat="36.888023" lon="-4.78796">
        <ele>505.268331</ele>
        <time>2026-05-19T11:32:08.000Z</time>
      </trkpt>
      <trkpt lat="36.888003" lon="-4.787962">
        <ele>505.390326</ele>
        <time>2026-05-19T11:32:19.000Z</time>
      </trkpt>
      <trkpt lat="36.888002" lon="-4.787961">
        <ele>505.398112</ele>
        <time>2026-05-19T11:32:20.000Z</time>
      </trkpt>
      <trkpt lat="36.888037" lon="-4.787931">
        <ele>505.656131</ele>
        <time>2026-05-19T11:32:29.000Z</time>
      </trkpt>
      <trkpt lat="36.888123" lon="-4.787868">
        <ele>506.262184</ele>
        <time>2026-05-19T11:32:37.000Z</time>
      </trkpt>
      <trkpt lat="36.888134" lon="-4.787865">
        <ele>506.330641</ele>
        <time>2026-05-19T11:32:38.000Z</time>
      </trkpt>
      <trkpt lat="36.888167" lon="-4.787866">
        <ele>506.531351</ele>
        <time>2026-05-19T11:32:43.000Z</time>
      </trkpt>
      <trkpt lat="36.888172" lon="-4.787869">
        <ele>506.565072</ele>
        <time>2026-05-19T11:32:44.000Z</time>
      </trkpt>
      <trkpt lat="36.88819" lon="-4.787857">
        <ele>506.689105</ele>
        <time>2026-05-19T11:32:46.000Z</time>
      </trkpt>
      <trkpt lat="36.888196" lon="-4.787851">
        <ele>506.73582</ele>
        <time>2026-05-19T11:32:47.000Z</time>
      </trkpt>
      <trkpt lat="36.888207" lon="-4.787843">
        <ele>506.813196</ele>
        <time>2026-05-19T11:32:50.000Z</time>
      </trkpt>
      <trkpt lat="36.888219" lon="-4.787836">
        <ele>506.893711</ele>
        <time>2026-05-19T11:32:52.000Z</time>
      </trkpt>
      <trkpt lat="36.888229" lon="-4.787833">
        <ele>506.95624</ele>
        <time>2026-05-19T11:32:55.000Z</time>
      </trkpt>
      <trkpt lat="36.888234" lon="-4.787832">
        <ele>506.987028</ele>
        <time>2026-05-19T11:32:58.000Z</time>
      </trkpt>
      <trkpt lat="36.888224" lon="-4.787848">
        <ele>507.085777</ele>
        <time>2026-05-19T11:33:09.000Z</time>
      </trkpt>
      <trkpt lat="36.888223" lon="-4.787851">
        <ele>507.101583</ele>
        <time>2026-05-19T11:33:10.000Z</time>
      </trkpt>
      <trkpt lat="36.888223" lon="-4.78783">
        <ele>507.203708</ele>
        <time>2026-05-19T11:33:18.000Z</time>
      </trkpt>
      <trkpt lat="36.888217" lon="-4.787828">
        <ele>507.241464</ele>
        <time>2026-05-19T11:33:20.000Z</time>
      </trkpt>
      <trkpt lat="36.888228" lon="-4.787835">
        <ele>507.316513</ele>
        <time>2026-05-19T11:33:25.000Z</time>
      </trkpt>
      <trkpt lat="36.888238" lon="-4.787835">
        <ele>507.377316</ele>
        <time>2026-05-19T11:33:30.000Z</time>
      </trkpt>
      <trkpt lat="36.888228" lon="-4.787831">
        <ele>507.441156</ele>
        <time>2026-05-19T11:33:35.000Z</time>
      </trkpt>
      <trkpt lat="36.888228" lon="-4.787831">
        <ele>507.441156</ele>
        <time>2026-05-19T11:33:36.000Z</time>
      </trkpt>
      <trkpt lat="36.888228" lon="-4.787831">
        <ele>507.441156</ele>
        <time>2026-05-19T11:33:37.000Z</time>
      </trkpt>
      <trkpt lat="36.888228" lon="-4.787831">
        <ele>507.441156</ele>
        <time>2026-05-19T11:33:38.000Z</time>
      </trkpt>
      <trkpt lat="36.888238" lon="-4.787833">
        <ele>507.502732</ele>
        <time>2026-05-19T11:33:43.000Z</time>
      </trkpt>
      <trkpt lat="36.888283" lon="-4.787828">
        <ele>507.777426</ele>
        <time>2026-05-19T11:33:48.000Z</time>
      </trkpt>
      <trkpt lat="36.888307" lon="-4.787831">
        <ele>507.924081</ele>
        <time>2026-05-19T11:33:50.000Z</time>
      </trkpt>
      <trkpt lat="36.888334" lon="-4.787834">
        <ele>508.088898</ele>
        <time>2026-05-19T11:33:52.000Z</time>
      </trkpt>
      <trkpt lat="36.888349" lon="-4.787837">
        <ele>508.181262</ele>
        <time>2026-05-19T11:33:53.000Z</time>
      </trkpt>
      <trkpt lat="36.888452" lon="-4.787853">
        <ele>508.812353</ele>
        <time>2026-05-19T11:34:01.000Z</time>
      </trkpt>
      <trkpt lat="36.888598" lon="-4.787828">
        <ele>509.708369</ele>
        <time>2026-05-19T11:34:10.000Z</time>
      </trkpt>
      <trkpt lat="36.888618" lon="-4.787822">
        <ele>509.833427</ele>
        <time>2026-05-19T11:34:11.000Z</time>
      </trkpt>
      <trkpt lat="36.888692" lon="-4.787775">
        <ele>510.167683</ele>
        <time>2026-05-19T11:34:18.000Z</time>
      </trkpt>
      <trkpt lat="36.888723" lon="-4.787741">
        <ele>510.232785</ele>
        <time>2026-05-19T11:34:24.000Z</time>
      </trkpt>
      <trkpt lat="36.88874" lon="-4.787719">
        <ele>510.271411</ele>
        <time>2026-05-19T11:34:26.000Z</time>
      </trkpt>
      <trkpt lat="36.88881" lon="-4.787628">
        <ele>510.430833</ele>
        <time>2026-05-19T11:34:34.000Z</time>
      </trkpt>
      <trkpt lat="36.888851" lon="-4.787539">
        <ele>510.56052</ele>
        <time>2026-05-19T11:34:39.000Z</time>
      </trkpt>
      <trkpt lat="36.888868" lon="-4.787508">
        <ele>510.60798</ele>
        <time>2026-05-19T11:34:41.000Z</time>
      </trkpt>
      <trkpt lat="36.888895" lon="-4.787456">
        <ele>510.686262</ele>
        <time>2026-05-19T11:34:46.000Z</time>
      </trkpt>
      <trkpt lat="36.888902" lon="-4.787446">
        <ele>510.703042</ele>
        <time>2026-05-19T11:34:47.000Z</time>
      </trkpt>
      <trkpt lat="36.888907" lon="-4.787438">
        <ele>510.715861</ele>
        <time>2026-05-19T11:34:48.000Z</time>
      </trkpt>
      <trkpt lat="36.888923" lon="-4.787387">
        <ele>510.785035</ele>
        <time>2026-05-19T11:34:54.000Z</time>
      </trkpt>
      <trkpt lat="36.888943" lon="-4.787323">
        <ele>510.871795</ele>
        <time>2026-05-19T11:34:58.000Z</time>
      </trkpt>
      <trkpt lat="36.888952" lon="-4.787301">
        <ele>510.902997</ele>
        <time>2026-05-19T11:35:00.000Z</time>
      </trkpt>
      <trkpt lat="36.888968" lon="-4.787272">
        <ele>510.947482</ele>
        <time>2026-05-19T11:35:04.000Z</time>
      </trkpt>
      <trkpt lat="36.888982" lon="-4.78724">
        <ele>510.993537</ele>
        <time>2026-05-19T11:35:07.000Z</time>
      </trkpt>
      <trkpt lat="36.889007" lon="-4.787199">
        <ele>511.058636</ele>
        <time>2026-05-19T11:35:11.000Z</time>
      </trkpt>
      <trkpt lat="36.889019" lon="-4.787183">
        <ele>511.086332</ele>
        <time>2026-05-19T11:35:13.000Z</time>
      </trkpt>
      <trkpt lat="36.889052" lon="-4.787126">
        <ele>511.175181</ele>
        <time>2026-05-19T11:35:17.000Z</time>
      </trkpt>
      <trkpt lat="36.889063" lon="-4.787102">
        <ele>511.210108</ele>
        <time>2026-05-19T11:35:19.000Z</time>
      </trkpt>
      <trkpt lat="36.889105" lon="-4.787017">
        <ele>511.336266</ele>
        <time>2026-05-19T11:35:25.000Z</time>
      </trkpt>
      <trkpt lat="36.889117" lon="-4.786989">
        <ele>511.376376</ele>
        <time>2026-05-19T11:35:27.000Z</time>
      </trkpt>
      <trkpt lat="36.889156" lon="-4.786921">
        <ele>511.482032</ele>
        <time>2026-05-19T11:35:33.000Z</time>
      </trkpt>
      <trkpt lat="36.889161" lon="-4.786908">
        <ele>511.500246</ele>
        <time>2026-05-19T11:35:34.000Z</time>
      </trkpt>
      <trkpt lat="36.889173" lon="-4.78688">
        <ele>511.540357</ele>
        <time>2026-05-19T11:35:37.000Z</time>
      </trkpt>
      <trkpt lat="36.889179" lon="-4.78686">
        <ele>511.567328</ele>
        <time>2026-05-19T11:35:39.000Z</time>
      </trkpt>
      <trkpt lat="36.889183" lon="-4.786849">
        <ele>511.582586</ele>
        <time>2026-05-19T11:35:40.000Z</time>
      </trkpt>
      <trkpt lat="36.889186" lon="-4.786836">
        <ele>511.59967</ele>
        <time>2026-05-19T11:35:41.000Z</time>
      </trkpt>
      <trkpt lat="36.889189" lon="-4.786821">
        <ele>511.619193</ele>
        <time>2026-05-19T11:35:42.000Z</time>
      </trkpt>
      <trkpt lat="36.889198" lon="-4.786785">
        <ele>511.666818</ele>
        <time>2026-05-19T11:35:44.000Z</time>
      </trkpt>
      <trkpt lat="36.889214" lon="-4.786719">
        <ele>511.753898</ele>
        <time>2026-05-19T11:35:49.000Z</time>
      </trkpt>
      <trkpt lat="36.889225" lon="-4.786672">
        <ele>511.815732</ele>
        <time>2026-05-19T11:35:52.000Z</time>
      </trkpt>
      <trkpt lat="36.889248" lon="-4.786606">
        <ele>511.906636</ele>
        <time>2026-05-19T11:35:56.000Z</time>
      </trkpt>
      <trkpt lat="36.889272" lon="-4.786536">
        <ele>512.002801</ele>
        <time>2026-05-19T11:36:02.000Z</time>
      </trkpt>
      <trkpt lat="36.889285" lon="-4.786504">
        <ele>512.04812</ele>
        <time>2026-05-19T11:36:04.000Z</time>
      </trkpt>
      <trkpt lat="36.889308" lon="-4.786443">
        <ele>512.133273</ele>
        <time>2026-05-19T11:36:08.000Z</time>
      </trkpt>
      <trkpt lat="36.889318" lon="-4.786392">
        <ele>512.199576</ele>
        <time>2026-05-19T11:36:11.000Z</time>
      </trkpt>
      <trkpt lat="36.889326" lon="-4.786347">
        <ele>512.257782</ele>
        <time>2026-05-19T11:36:15.000Z</time>
      </trkpt>
      <trkpt lat="36.889323" lon="-4.786328">
        <ele>512.282236</ele>
        <time>2026-05-19T11:36:17.000Z</time>
      </trkpt>
      <trkpt lat="36.889301" lon="-4.786304">
        <ele>512.32833</ele>
        <time>2026-05-19T11:36:23.000Z</time>
      </trkpt>
      <trkpt lat="36.889294" lon="-4.786305">
        <ele>512.339453</ele>
        <time>2026-05-19T11:36:26.000Z</time>
      </trkpt>
      <trkpt lat="36.889291" lon="-4.786306">
        <ele>512.344355</ele>
        <time>2026-05-19T11:36:27.000Z</time>
      </trkpt>
      <trkpt lat="36.889289" lon="-4.786306">
        <ele>512.347512</ele>
        <time>2026-05-19T11:36:28.000Z</time>
      </trkpt>
      <trkpt lat="36.889286" lon="-4.786306">
        <ele>512.352248</ele>
        <time>2026-05-19T11:36:30.000Z</time>
      </trkpt>
      <trkpt lat="36.889287" lon="-4.786305">
        <ele>512.35427</ele>
        <time>2026-05-19T11:36:31.000Z</time>
      </trkpt>
      <trkpt lat="36.889296" lon="-4.786308">
        <ele>512.368975</ele>
        <time>2026-05-19T11:36:34.000Z</time>
      </trkpt>
      <trkpt lat="36.889301" lon="-4.786306">
        <ele>512.377263</ele>
        <time>2026-05-19T11:36:35.000Z</time>
      </trkpt>
      <trkpt lat="36.889327" lon="-4.786286">
        <ele>512.425456</ele>
        <time>2026-05-19T11:36:39.000Z</time>
      </trkpt>
      <trkpt lat="36.889348" lon="-4.78624">
        <ele>512.492334</ele>
        <time>2026-05-19T11:36:43.000Z</time>
      </trkpt>
      <trkpt lat="36.889377" lon="-4.786124">
        <ele>512.645792</ele>
        <time>2026-05-19T11:36:52.000Z</time>
      </trkpt>
      <trkpt lat="36.889378" lon="-4.786111">
        <ele>512.662283</ele>
        <time>2026-05-19T11:36:53.000Z</time>
      </trkpt>
      <trkpt lat="36.889378" lon="-4.786096">
        <ele>512.681223</ele>
        <time>2026-05-19T11:36:54.000Z</time>
      </trkpt>
      <trkpt lat="36.88938" lon="-4.786084">
        <ele>512.6967</ele>
        <time>2026-05-19T11:36:55.000Z</time>
      </trkpt>
      <trkpt lat="36.889381" lon="-4.786072">
        <ele>512.711934</ele>
        <time>2026-05-19T11:36:56.000Z</time>
      </trkpt>
      <trkpt lat="36.889386" lon="-4.78604">
        <ele>512.753103</ele>
        <time>2026-05-19T11:36:58.000Z</time>
      </trkpt>
      <trkpt lat="36.889395" lon="-4.785965">
        <ele>512.848863</ele>
        <time>2026-05-19T11:37:02.000Z</time>
      </trkpt>
      <trkpt lat="36.889402" lon="-4.7859">
        <ele>512.931677</ele>
        <time>2026-05-19T11:37:07.000Z</time>
      </trkpt>
      <trkpt lat="36.889401" lon="-4.78589">
        <ele>512.944402</ele>
        <time>2026-05-19T11:37:08.000Z</time>
      </trkpt>
      <trkpt lat="36.889397" lon="-4.785848">
        <ele>512.744036</ele>
        <time>2026-05-19T11:37:12.000Z</time>
      </trkpt>
      <trkpt lat="36.889397" lon="-4.785816">
        <ele>512.580639</ele>
        <time>2026-05-19T11:37:14.000Z</time>
      </trkpt>
      <trkpt lat="36.889397" lon="-4.78574">
        <ele>512.192571</ele>
        <time>2026-05-19T11:37:19.000Z</time>
      </trkpt>
      <trkpt lat="36.889404" lon="-4.785678">
        <ele>511.872851</ele>
        <time>2026-05-19T11:37:23.000Z</time>
      </trkpt>
      <trkpt lat="36.889413" lon="-4.785645">
        <ele>511.694821</ele>
        <time>2026-05-19T11:37:26.000Z</time>
      </trkpt>
      <trkpt lat="36.889453" lon="-4.785579">
        <ele>511.271987</ele>
        <time>2026-05-19T11:37:31.000Z</time>
      </trkpt>
      <trkpt lat="36.889475" lon="-4.785547">
        <ele>511.05652</ele>
        <time>2026-05-19T11:37:33.000Z</time>
      </trkpt>
      <trkpt lat="36.889529" lon="-4.78547">
        <ele>510.533605</ele>
        <time>2026-05-19T11:37:39.000Z</time>
      </trkpt>
      <trkpt lat="36.889568" lon="-4.785388">
        <ele>510.046463</ele>
        <time>2026-05-19T11:37:46.000Z</time>
      </trkpt>
      <trkpt lat="36.889613" lon="-4.785286">
        <ele>509.451653</ele>
        <time>2026-05-19T11:37:53.000Z</time>
      </trkpt>
      <trkpt lat="36.889674" lon="-4.785205">
        <ele>508.883561</ele>
        <time>2026-05-19T11:38:00.000Z</time>
      </trkpt>
      <trkpt lat="36.889701" lon="-4.785175">
        <ele>508.652955</ele>
        <time>2026-05-19T11:38:03.000Z</time>
      </trkpt>
      <trkpt lat="36.889751" lon="-4.785135">
        <ele>508.27399</ele>
        <time>2026-05-19T11:38:08.000Z</time>
      </trkpt>
      <trkpt lat="36.889851" lon="-4.785043">
        <ele>507.481353</ele>
        <time>2026-05-19T11:38:17.000Z</time>
      </trkpt>
      <trkpt lat="36.889861" lon="-4.785034">
        <ele>507.40269</ele>
        <time>2026-05-19T11:38:18.000Z</time>
      </trkpt>
      <trkpt lat="36.88991" lon="-4.784981">
        <ele>506.989046</ele>
        <time>2026-05-19T11:38:24.000Z</time>
      </trkpt>
      <trkpt lat="36.889928" lon="-4.784965">
        <ele>506.848048</ele>
        <time>2026-05-19T11:38:27.000Z</time>
      </trkpt>
      <trkpt lat="36.889959" lon="-4.784944">
        <ele>506.622953</ele>
        <time>2026-05-19T11:38:32.000Z</time>
      </trkpt>
      <trkpt lat="36.88999" lon="-4.784925">
        <ele>506.402539</ele>
        <time>2026-05-19T11:38:34.000Z</time>
      </trkpt>
      <trkpt lat="36.890039" lon="-4.784896">
        <ele>506.056432</ele>
        <time>2026-05-19T11:38:41.000Z</time>
      </trkpt>
      <trkpt lat="36.890056" lon="-4.784886">
        <ele>505.936487</ele>
        <time>2026-05-19T11:38:44.000Z</time>
      </trkpt>
      <trkpt lat="36.890091" lon="-4.78487">
        <ele>505.698569</ele>
        <time>2026-05-19T11:38:48.000Z</time>
      </trkpt>
      <trkpt lat="36.890155" lon="-4.784847">
        <ele>505.27343</ele>
        <time>2026-05-19T11:38:54.000Z</time>
      </trkpt>
      <trkpt lat="36.890192" lon="-4.784835">
        <ele>505.029392</ele>
        <time>2026-05-19T11:38:57.000Z</time>
      </trkpt>
      <trkpt lat="36.89025" lon="-4.784815">
        <ele>504.645278</ele>
        <time>2026-05-19T11:39:01.000Z</time>
      </trkpt>
      <trkpt lat="36.8903" lon="-4.784805">
        <ele>504.322004</ele>
        <time>2026-05-19T11:39:05.000Z</time>
      </trkpt>
      <trkpt lat="36.890323" lon="-4.784805">
        <ele>504.175164</ele>
        <time>2026-05-19T11:39:07.000Z</time>
      </trkpt>
      <trkpt lat="36.890381" lon="-4.784778">
        <ele>503.780042</ele>
        <time>2026-05-19T11:39:15.000Z</time>
      </trkpt>
      <trkpt lat="36.890469" lon="-4.784747">
        <ele>503.196349</ele>
        <time>2026-05-19T11:39:22.000Z</time>
      </trkpt>
      <trkpt lat="36.890555" lon="-4.784734">
        <ele>502.6433</ele>
        <time>2026-05-19T11:39:30.000Z</time>
      </trkpt>
      <trkpt lat="36.890634" lon="-4.784741">
        <ele>502.137674</ele>
        <time>2026-05-19T11:39:36.000Z</time>
      </trkpt>
      <trkpt lat="36.890713" lon="-4.784773">
        <ele>501.607506</ele>
        <time>2026-05-19T11:39:43.000Z</time>
      </trkpt>
      <trkpt lat="36.890804" lon="-4.784828">
        <ele>501.21517</ele>
        <time>2026-05-19T11:39:51.000Z</time>
      </trkpt>
      <trkpt lat="36.890845" lon="-4.784854">
        <ele>501.069513</ele>
        <time>2026-05-19T11:39:55.000Z</time>
      </trkpt>
      <trkpt lat="36.890849" lon="-4.784847">
        <ele>501.047713</ele>
        <time>2026-05-19T11:39:57.000Z</time>
      </trkpt>
      <trkpt lat="36.890847" lon="-4.784842">
        <ele>501.033547</ele>
        <time>2026-05-19T11:39:59.000Z</time>
      </trkpt>
      <trkpt lat="36.890881" lon="-4.784855">
        <ele>500.920897</ele>
        <time>2026-05-19T11:40:09.000Z</time>
      </trkpt>
      <trkpt lat="36.890917" lon="-4.784869">
        <ele>500.801445</ele>
        <time>2026-05-19T11:40:14.000Z</time>
      </trkpt>
      <trkpt lat="36.890955" lon="-4.784893">
        <ele>500.666559</ele>
        <time>2026-05-19T11:40:17.000Z</time>
      </trkpt>
      <trkpt lat="36.890985" lon="-4.784892">
        <ele>500.571473</ele>
        <time>2026-05-19T11:40:22.000Z</time>
      </trkpt>
      <trkpt lat="36.891" lon="-4.784892">
        <ele>500.523947</ele>
        <time>2026-05-19T11:40:25.000Z</time>
      </trkpt>
      <trkpt lat="36.891024" lon="-4.784892">
        <ele>500.447906</ele>
        <time>2026-05-19T11:40:34.000Z</time>
      </trkpt>
      <trkpt lat="36.891026" lon="-4.784894">
        <ele>500.439792</ele>
        <time>2026-05-19T11:40:38.000Z</time>
      </trkpt>
      <trkpt lat="36.891021" lon="-4.784892">
        <ele>500.423159</ele>
        <time>2026-05-19T11:40:43.000Z</time>
      </trkpt>
      <trkpt lat="36.890989" lon="-4.784887">
        <ele>500.320982</ele>
        <time>2026-05-19T11:40:50.000Z</time>
      </trkpt>
      <trkpt lat="36.890981" lon="-4.784876">
        <ele>500.283306</ele>
        <time>2026-05-19T11:40:54.000Z</time>
      </trkpt>
      <trkpt lat="36.890982" lon="-4.784842">
        <ele>500.197092</ele>
        <time>2026-05-19T11:41:02.000Z</time>
      </trkpt>
      <trkpt lat="36.890979" lon="-4.784843">
        <ele>500.187255</ele>
        <time>2026-05-19T11:41:03.000Z</time>
      </trkpt>
      <trkpt lat="36.89098" lon="-4.784847">
        <ele>500.176635</ele>
        <time>2026-05-19T11:41:04.000Z</time>
      </trkpt>
      <trkpt lat="36.890975" lon="-4.784853">
        <ele>500.154678</ele>
        <time>2026-05-19T11:41:06.000Z</time>
      </trkpt>
      <trkpt lat="36.890954" lon="-4.784832">
        <ele>500.069479</ele>
        <time>2026-05-19T11:41:10.000Z</time>
      </trkpt>
      <trkpt lat="36.890952" lon="-4.784832">
        <ele>500.063142</ele>
        <time>2026-05-19T11:41:11.000Z</time>
      </trkpt>
      <trkpt lat="36.890955" lon="-4.784859">
        <ele>499.994067</ele>
        <time>2026-05-19T11:41:21.000Z</time>
      </trkpt>
      <trkpt lat="36.890957" lon="-4.784857">
        <ele>499.985952</ele>
        <time>2026-05-19T11:41:31.000Z</time>
      </trkpt>
      <trkpt lat="36.890961" lon="-4.784878">
        <ele>499.93125</ele>
        <time>2026-05-19T11:41:40.000Z</time>
      </trkpt>
      <trkpt lat="36.890965" lon="-4.784877">
        <ele>499.918325</ele>
        <time>2026-05-19T11:41:43.000Z</time>
      </trkpt>
      <trkpt lat="36.890965" lon="-4.78489">
        <ele>499.885383</ele>
        <time>2026-05-19T11:41:50.000Z</time>
      </trkpt>
      <trkpt lat="36.890969" lon="-4.784858">
        <ele>499.803311</ele>
        <time>2026-05-19T11:42:01.000Z</time>
      </trkpt>
      <trkpt lat="36.890943" lon="-4.784865">
        <ele>499.719044</ele>
        <time>2026-05-19T11:42:10.000Z</time>
      </trkpt>
      <trkpt lat="36.890972" lon="-4.784856">
        <ele>499.624373</ele>
        <time>2026-05-19T11:42:18.000Z</time>
      </trkpt>
      <trkpt lat="36.890969" lon="-4.784827">
        <ele>499.550275</ele>
        <time>2026-05-19T11:42:29.000Z</time>
      </trkpt>
      <trkpt lat="36.890971" lon="-4.784834">
        <ele>499.531439</ele>
        <time>2026-05-19T11:42:33.000Z</time>
      </trkpt>
      <trkpt lat="36.89097" lon="-4.784835">
        <ele>499.527381</ele>
        <time>2026-05-19T11:42:34.000Z</time>
      </trkpt>
      <trkpt lat="36.890956" lon="-4.784845">
        <ele>499.476296</ele>
        <time>2026-05-19T11:42:39.000Z</time>
      </trkpt>
      <trkpt lat="36.890935" lon="-4.78485">
        <ele>499.408564</ele>
        <time>2026-05-19T11:42:47.000Z</time>
      </trkpt>
      <trkpt lat="36.890935" lon="-4.784854">
        <ele>499.398428</ele>
        <time>2026-05-19T11:42:48.000Z</time>
      </trkpt>
      <trkpt lat="36.890943" lon="-4.784863">
        <ele>499.364332</ele>
        <time>2026-05-19T11:42:51.000Z</time>
      </trkpt>
      <trkpt lat="36.890997" lon="-4.784875">
        <ele>499.190557</ele>
        <time>2026-05-19T11:42:56.000Z</time>
      </trkpt>
      <trkpt lat="36.891043" lon="-4.78488">
        <ele>499.044262</ele>
        <time>2026-05-19T11:42:59.000Z</time>
      </trkpt>
      <trkpt lat="36.891121" lon="-4.784897">
        <ele>498.793401</ele>
        <time>2026-05-19T11:43:09.000Z</time>
      </trkpt>
      <trkpt lat="36.891198" lon="-4.784892">
        <ele>498.549107</ele>
        <time>2026-05-19T11:43:15.000Z</time>
      </trkpt>
      <trkpt lat="36.891211" lon="-4.784895">
        <ele>498.507222</ele>
        <time>2026-05-19T11:43:17.000Z</time>
      </trkpt>
      <trkpt lat="36.891227" lon="-4.784905">
        <ele>498.450547</ele>
        <time>2026-05-19T11:43:19.000Z</time>
      </trkpt>
      <trkpt lat="36.891288" lon="-4.784914">
        <ele>498.255935</ele>
        <time>2026-05-19T11:43:25.000Z</time>
      </trkpt>
      <trkpt lat="36.891355" lon="-4.784913">
        <ele>498.043637</ele>
        <time>2026-05-19T11:43:31.000Z</time>
      </trkpt>
      <trkpt lat="36.891466" lon="-4.784914">
        <ele>497.691937</ele>
        <time>2026-05-19T11:43:41.000Z</time>
      </trkpt>
      <trkpt lat="36.89148" lon="-4.784915">
        <ele>497.647507</ele>
        <time>2026-05-19T11:43:42.000Z</time>
      </trkpt>
      <trkpt lat="36.89152" lon="-4.784915">
        <ele>497.520772</ele>
        <time>2026-05-19T11:43:45.000Z</time>
      </trkpt>
      <trkpt lat="36.891558" lon="-4.784908">
        <ele>497.399073</ele>
        <time>2026-05-19T11:43:49.000Z</time>
      </trkpt>
      <trkpt lat="36.891572" lon="-4.784901">
        <ele>497.351301</ele>
        <time>2026-05-19T11:43:51.000Z</time>
      </trkpt>
      <trkpt lat="36.891605" lon="-4.784892">
        <ele>497.244286</ele>
        <time>2026-05-19T11:43:54.000Z</time>
      </trkpt>
      <trkpt lat="36.891632" lon="-4.784885">
        <ele>497.15692</ele>
        <time>2026-05-19T11:43:56.000Z</time>
      </trkpt>
      <trkpt lat="36.891696" lon="-4.784882">
        <ele>496.954</ele>
        <time>2026-05-19T11:44:03.000Z</time>
      </trkpt>
      <trkpt lat="36.891776" lon="-4.784888">
        <ele>496.700074</ele>
        <time>2026-05-19T11:44:09.000Z</time>
      </trkpt>
      <trkpt lat="36.891806" lon="-4.784892">
        <ele>496.604483</ele>
        <time>2026-05-19T11:44:11.000Z</time>
      </trkpt>
      <trkpt lat="36.891851" lon="-4.784899">
        <ele>496.460807</ele>
        <time>2026-05-19T11:44:16.000Z</time>
      </trkpt>
      <trkpt lat="36.891864" lon="-4.784899">
        <ele>496.419618</ele>
        <time>2026-05-19T11:44:17.000Z</time>
      </trkpt>
      <trkpt lat="36.891959" lon="-4.784896">
        <ele>496.118525</ele>
        <time>2026-05-19T11:44:25.000Z</time>
      </trkpt>
      <trkpt lat="36.891965" lon="-4.784897">
        <ele>496.099346</ele>
        <time>2026-05-19T11:44:26.000Z</time>
      </trkpt>
      <trkpt lat="36.891973" lon="-4.784898">
        <ele>496.073873</ele>
        <time>2026-05-19T11:44:27.000Z</time>
      </trkpt>
      <trkpt lat="36.892028" lon="-4.784874">
        <ele>495.889304</ele>
        <time>2026-05-19T11:44:32.000Z</time>
      </trkpt>
      <trkpt lat="36.892106" lon="-4.784833">
        <ele>495.838428</ele>
        <time>2026-05-19T11:44:40.000Z</time>
      </trkpt>
      <trkpt lat="36.892184" lon="-4.784759">
        <ele>495.994965</ele>
        <time>2026-05-19T11:44:47.000Z</time>
      </trkpt>
      <trkpt lat="36.892243" lon="-4.784709">
        <ele>496.108916</ele>
        <time>2026-05-19T11:44:53.000Z</time>
      </trkpt>
      <trkpt lat="36.892316" lon="-4.78467">
        <ele>496.235833</ele>
        <time>2026-05-19T11:45:00.000Z</time>
      </trkpt>
      <trkpt lat="36.892367" lon="-4.784639">
        <ele>496.326495</ele>
        <time>2026-05-19T11:45:05.000Z</time>
      </trkpt>
      <trkpt lat="36.892458" lon="-4.78457">
        <ele>496.496643</ele>
        <time>2026-05-19T11:45:14.000Z</time>
      </trkpt>
      <trkpt lat="36.892526" lon="-4.784539">
        <ele>496.61236</ele>
        <time>2026-05-19T11:45:21.000Z</time>
      </trkpt>
      <trkpt lat="36.892588" lon="-4.784493">
        <ele>496.72762</ele>
        <time>2026-05-19T11:45:27.000Z</time>
      </trkpt>
      <trkpt lat="36.892615" lon="-4.78445">
        <ele>496.797522</ele>
        <time>2026-05-19T11:45:31.000Z</time>
      </trkpt>
      <trkpt lat="36.89264" lon="-4.784408">
        <ele>496.864466</ele>
        <time>2026-05-19T11:45:35.000Z</time>
      </trkpt>
      <trkpt lat="36.892675" lon="-4.78435">
        <ele>496.95737</ele>
        <time>2026-05-19T11:45:41.000Z</time>
      </trkpt>
      <trkpt lat="36.892677" lon="-4.784342">
        <ele>496.968087</ele>
        <time>2026-05-19T11:45:43.000Z</time>
      </trkpt>
      <trkpt lat="36.892675" lon="-4.784344">
        <ele>496.972181</ele>
        <time>2026-05-19T11:45:44.000Z</time>
      </trkpt>
      <trkpt lat="36.892676" lon="-4.784344">
        <ele>496.97378</ele>
        <time>2026-05-19T11:45:47.000Z</time>
      </trkpt>
      <trkpt lat="36.892678" lon="-4.784344">
        <ele>496.976977</ele>
        <time>2026-05-19T11:45:55.000Z</time>
      </trkpt>
      <trkpt lat="36.892676" lon="-4.784335">
        <ele>496.988921</ele>
        <time>2026-05-19T11:46:02.000Z</time>
      </trkpt>
      <trkpt lat="36.89268" lon="-4.784328">
        <ele>496.999921</ele>
        <time>2026-05-19T11:46:07.000Z</time>
      </trkpt>
      <trkpt lat="36.892682" lon="-4.784321">
        <ele>497.009426</ele>
        <time>2026-05-19T11:46:15.000Z</time>
      </trkpt>
      <trkpt lat="36.892677" lon="-4.78432">
        <ele>497.017521</ele>
        <time>2026-05-19T11:46:19.000Z</time>
      </trkpt>
      <trkpt lat="36.892686" lon="-4.784297">
        <ele>497.050261</ele>
        <time>2026-05-19T11:46:23.000Z</time>
      </trkpt>
      <trkpt lat="36.892682" lon="-4.784301">
        <ele>497.05845</ele>
        <time>2026-05-19T11:46:24.000Z</time>
      </trkpt>
      <trkpt lat="36.892679" lon="-4.784291">
        <ele>497.072106</ele>
        <time>2026-05-19T11:46:30.000Z</time>
      </trkpt>
      <trkpt lat="36.892678" lon="-4.784304">
        <ele>497.088805</ele>
        <time>2026-05-19T11:46:34.000Z</time>
      </trkpt>
      <trkpt lat="36.892691" lon="-4.784267">
        <ele>497.140479</ele>
        <time>2026-05-19T11:46:44.000Z</time>
      </trkpt>
      <trkpt lat="36.892705" lon="-4.784211">
        <ele>497.215499</ele>
        <time>2026-05-19T11:46:52.000Z</time>
      </trkpt>
      <trkpt lat="36.892707" lon="-4.784089">
        <ele>497.371525</ele>
        <time>2026-05-19T11:47:01.000Z</time>
      </trkpt>
      <trkpt lat="36.892701" lon="-4.783953">
        <ele>497.545683</ele>
        <time>2026-05-19T11:47:10.000Z</time>
      </trkpt>
      <trkpt lat="36.892708" lon="-4.783864">
        <ele>497.660031</ele>
        <time>2026-05-19T11:47:16.000Z</time>
      </trkpt>
      <trkpt lat="36.892717" lon="-4.783817">
        <ele>497.721825</ele>
        <time>2026-05-19T11:47:19.000Z</time>
      </trkpt>
      <trkpt lat="36.892742" lon="-4.783753">
        <ele>497.812897</ele>
        <time>2026-05-19T11:47:23.000Z</time>
      </trkpt>
      <trkpt lat="36.892796" lon="-4.783661">
        <ele>497.958812</ele>
        <time>2026-05-19T11:47:29.000Z</time>
      </trkpt>
      <trkpt lat="36.892807" lon="-4.78365">
        <ele>497.981331</ele>
        <time>2026-05-19T11:47:30.000Z</time>
      </trkpt>
      <trkpt lat="36.892862" lon="-4.783624">
        <ele>498.075338</ele>
        <time>2026-05-19T11:47:34.000Z</time>
      </trkpt>
      <trkpt lat="36.892917" lon="-4.783611">
        <ele>498.164827</ele>
        <time>2026-05-19T11:47:38.000Z</time>
      </trkpt>
      <trkpt lat="36.892948" lon="-4.783607">
        <ele>498.214652</ele>
        <time>2026-05-19T11:47:41.000Z</time>
      </trkpt>
      <trkpt lat="36.892994" lon="-4.7836">
        <ele>498.288738</ele>
        <time>2026-05-19T11:47:45.000Z</time>
      </trkpt>
      <trkpt lat="36.893032" lon="-4.783579">
        <ele>498.35516</ele>
        <time>2026-05-19T11:47:48.000Z</time>
      </trkpt>
      <trkpt lat="36.893062" lon="-4.783561">
        <ele>498.40836</ele>
        <time>2026-05-19T11:47:51.000Z</time>
      </trkpt>
      <trkpt lat="36.893132" lon="-4.783545">
        <ele>498.522128</ele>
        <time>2026-05-19T11:47:56.000Z</time>
      </trkpt>
      <trkpt lat="36.893156" lon="-4.783541">
        <ele>498.560838</ele>
        <time>2026-05-19T11:47:58.000Z</time>
      </trkpt>
      <trkpt lat="36.893189" lon="-4.783537">
        <ele>498.613844</ele>
        <time>2026-05-19T11:48:01.000Z</time>
      </trkpt>
      <trkpt lat="36.893257" lon="-4.783504">
        <ele>498.409953</ele>
        <time>2026-05-19T11:48:07.000Z</time>
      </trkpt>
      <trkpt lat="36.893325" lon="-4.783493">
        <ele>498.125979</ele>
        <time>2026-05-19T11:48:12.000Z</time>
      </trkpt>
      <trkpt lat="36.893345" lon="-4.783495">
        <ele>498.042884</ele>
        <time>2026-05-19T11:48:14.000Z</time>
      </trkpt>
      <trkpt lat="36.893387" lon="-4.783496">
        <ele>497.868907</ele>
        <time>2026-05-19T11:48:17.000Z</time>
      </trkpt>
      <trkpt lat="36.89346" lon="-4.783483">
        <ele>497.563521</ele>
        <time>2026-05-19T11:48:23.000Z</time>
      </trkpt>
      <trkpt lat="36.893559" lon="-4.78345">
        <ele>497.139187</ele>
        <time>2026-05-19T11:48:31.000Z</time>
      </trkpt>
      <trkpt lat="36.893628" lon="-4.783413">
        <ele>496.82825</ele>
        <time>2026-05-19T11:48:38.000Z</time>
      </trkpt>
      <trkpt lat="36.893703" lon="-4.783358">
        <ele>496.468153</ele>
        <time>2026-05-19T11:48:44.000Z</time>
      </trkpt>
      <trkpt lat="36.89376" lon="-4.783343">
        <ele>496.226912</ele>
        <time>2026-05-19T11:48:50.000Z</time>
      </trkpt>
      <trkpt lat="36.893829" lon="-4.783327">
        <ele>495.936272</ele>
        <time>2026-05-19T11:48:55.000Z</time>
      </trkpt>
      <trkpt lat="36.893858" lon="-4.783318">
        <ele>495.812522</ele>
        <time>2026-05-19T11:48:57.000Z</time>
      </trkpt>
      <trkpt lat="36.893918" lon="-4.783305">
        <ele>495.560325</ele>
        <time>2026-05-19T11:49:02.000Z</time>
      </trkpt>
      <trkpt lat="36.893997" lon="-4.783253">
        <ele>495.190577</ele>
        <time>2026-05-19T11:49:09.000Z</time>
      </trkpt>
      <trkpt lat="36.894066" lon="-4.78322">
        <ele>494.884619</ele>
        <time>2026-05-19T11:49:16.000Z</time>
      </trkpt>
      <trkpt lat="36.894078" lon="-4.783216">
        <ele>494.833184</ele>
        <time>2026-05-19T11:49:17.000Z</time>
      </trkpt>
      <trkpt lat="36.894148" lon="-4.783192">
        <ele>494.532574</ele>
        <time>2026-05-19T11:49:22.000Z</time>
      </trkpt>
      <trkpt lat="36.894212" lon="-4.783187">
        <ele>494.266997</ele>
        <time>2026-05-19T11:49:28.000Z</time>
      </trkpt>
      <trkpt lat="36.894315" lon="-4.783177">
        <ele>493.839132</ele>
        <time>2026-05-19T11:49:37.000Z</time>
      </trkpt>
      <trkpt lat="36.894338" lon="-4.783179">
        <ele>493.743646</ele>
        <time>2026-05-19T11:49:39.000Z</time>
      </trkpt>
      <trkpt lat="36.894383" lon="-4.78318">
        <ele>493.557246</ele>
        <time>2026-05-19T11:49:44.000Z</time>
      </trkpt>
      <trkpt lat="36.894469" lon="-4.783173">
        <ele>493.200318</ele>
        <time>2026-05-19T11:49:50.000Z</time>
      </trkpt>
      <trkpt lat="36.894494" lon="-4.783177">
        <ele>493.095935</ele>
        <time>2026-05-19T11:49:52.000Z</time>
      </trkpt>
      <trkpt lat="36.894523" lon="-4.78318">
        <ele>492.975419</ele>
        <time>2026-05-19T11:49:55.000Z</time>
      </trkpt>
      <trkpt lat="36.894599" lon="-4.783182">
        <ele>492.66059</ele>
        <time>2026-05-19T11:50:02.000Z</time>
      </trkpt>
      <trkpt lat="36.894669" lon="-4.78318">
        <ele>492.370605</ele>
        <time>2026-05-19T11:50:07.000Z</time>
      </trkpt>
      <trkpt lat="36.894691" lon="-4.783185">
        <ele>492.277998</ele>
        <time>2026-05-19T11:50:09.000Z</time>
      </trkpt>
      <trkpt lat="36.894756" lon="-4.783167">
        <ele>492.002274</ele>
        <time>2026-05-19T11:50:15.000Z</time>
      </trkpt>
      <trkpt lat="36.894799" lon="-4.783163">
        <ele>491.823694</ele>
        <time>2026-05-19T11:50:18.000Z</time>
      </trkpt>
      <trkpt lat="36.894837" lon="-4.783164">
        <ele>491.66628</ele>
        <time>2026-05-19T11:50:21.000Z</time>
      </trkpt>
      <trkpt lat="36.894917" lon="-4.783169">
        <ele>491.334541</ele>
        <time>2026-05-19T11:50:27.000Z</time>
      </trkpt>
      <trkpt lat="36.894928" lon="-4.78317">
        <ele>491.288864</ele>
        <time>2026-05-19T11:50:28.000Z</time>
      </trkpt>
      <trkpt lat="36.89503" lon="-4.783162">
        <ele>490.865284</ele>
        <time>2026-05-19T11:50:37.000Z</time>
      </trkpt>
      <trkpt lat="36.89512" lon="-4.783132">
        <ele>490.479159</ele>
        <time>2026-05-19T11:50:44.000Z</time>
      </trkpt>
      <trkpt lat="36.895127" lon="-4.783126">
        <ele>490.443977</ele>
        <time>2026-05-19T11:50:45.000Z</time>
      </trkpt>
      <trkpt lat="36.895215" lon="-4.783074">
        <ele>490.040489</ele>
        <time>2026-05-19T11:50:53.000Z</time>
      </trkpt>
      <trkpt lat="36.895244" lon="-4.783055">
        <ele>489.904767</ele>
        <time>2026-05-19T11:50:55.000Z</time>
      </trkpt>
      <trkpt lat="36.895294" lon="-4.783033">
        <ele>489.685033</ele>
        <time>2026-05-19T11:51:00.000Z</time>
      </trkpt>
      <trkpt lat="36.895353" lon="-4.783004">
        <ele>489.42223</ele>
        <time>2026-05-19T11:51:05.000Z</time>
      </trkpt>
      <trkpt lat="36.895369" lon="-4.782997">
        <ele>489.35196</ele>
        <time>2026-05-19T11:51:07.000Z</time>
      </trkpt>
      <trkpt lat="36.895418" lon="-4.78295">
        <ele>489.095949</ele>
        <time>2026-05-19T11:51:14.000Z</time>
      </trkpt>
      <trkpt lat="36.895431" lon="-4.782937">
        <ele>489.026944</ele>
        <time>2026-05-19T11:51:15.000Z</time>
      </trkpt>
      <trkpt lat="36.895471" lon="-4.782904">
        <ele>488.828284</ele>
        <time>2026-05-19T11:51:20.000Z</time>
      </trkpt>
      <trkpt lat="36.895556" lon="-4.782894">
        <ele>488.47436</ele>
        <time>2026-05-19T11:51:27.000Z</time>
      </trkpt>
      <trkpt lat="36.895664" lon="-4.782911">
        <ele>488.023112</ele>
        <time>2026-05-19T11:51:37.000Z</time>
      </trkpt>
      <trkpt lat="36.895675" lon="-4.782918">
        <ele>487.971946</ele>
        <time>2026-05-19T11:51:39.000Z</time>
      </trkpt>
      <trkpt lat="36.895726" lon="-4.782971">
        <ele>487.697041</ele>
        <time>2026-05-19T11:51:45.000Z</time>
      </trkpt>
      <trkpt lat="36.895741" lon="-4.782987">
        <ele>487.615307</ele>
        <time>2026-05-19T11:51:47.000Z</time>
      </trkpt>
      <trkpt lat="36.89576" lon="-4.782997">
        <ele>487.52985</ele>
        <time>2026-05-19T11:51:52.000Z</time>
      </trkpt>
      <trkpt lat="36.895801" lon="-4.783014">
        <ele>487.350783</ele>
        <time>2026-05-19T11:51:56.000Z</time>
      </trkpt>
      <trkpt lat="36.895831" lon="-4.783029">
        <ele>487.216844</ele>
        <time>2026-05-19T11:51:58.000Z</time>
      </trkpt>
      <trkpt lat="36.895937" lon="-4.783033">
        <ele>486.777221</ele>
        <time>2026-05-19T11:52:07.000Z</time>
      </trkpt>
      <trkpt lat="36.895988" lon="-4.783026">
        <ele>486.56453</ele>
        <time>2026-05-19T11:52:12.000Z</time>
      </trkpt>
      <trkpt lat="36.896016" lon="-4.783034">
        <ele>486.445465</ele>
        <time>2026-05-19T11:52:14.000Z</time>
      </trkpt>
      <trkpt lat="36.896054" lon="-4.783049">
        <ele>486.280273</ele>
        <time>2026-05-19T11:52:17.000Z</time>
      </trkpt>
      <trkpt lat="36.896066" lon="-4.783051">
        <ele>486.230087</ele>
        <time>2026-05-19T11:52:19.000Z</time>
      </trkpt>
      <trkpt lat="36.896083" lon="-4.783059">
        <ele>486.154788</ele>
        <time>2026-05-19T11:52:21.000Z</time>
      </trkpt>
      <trkpt lat="36.896171" lon="-4.783097">
        <ele>485.768843</ele>
        <time>2026-05-19T11:52:29.000Z</time>
      </trkpt>
      <trkpt lat="36.896287" lon="-4.783145">
        <ele>485.262318</ele>
        <time>2026-05-19T11:52:36.000Z</time>
      </trkpt>
      <trkpt lat="36.896372" lon="-4.783114">
        <ele>484.895269</ele>
        <time>2026-05-19T11:52:44.000Z</time>
      </trkpt>
      <trkpt lat="36.896374" lon="-4.783096">
        <ele>484.835021</ele>
        <time>2026-05-19T11:52:45.000Z</time>
      </trkpt>
      <trkpt lat="36.896387" lon="-4.78308">
        <ele>484.759404</ele>
        <time>2026-05-19T11:52:46.000Z</time>
      </trkpt>
      <trkpt lat="36.896436" lon="-4.783006">
        <ele>484.440895</ele>
        <time>2026-05-19T11:52:52.000Z</time>
      </trkpt>
      <trkpt lat="36.89645" lon="-4.782992">
        <ele>484.366581</ele>
        <time>2026-05-19T11:52:54.000Z</time>
      </trkpt>
      <trkpt lat="36.896525" lon="-4.782909">
        <ele>483.951391</ele>
        <time>2026-05-19T11:53:02.000Z</time>
      </trkpt>
      <trkpt lat="36.896567" lon="-4.782855">
        <ele>483.728723</ele>
        <time>2026-05-19T11:53:06.000Z</time>
      </trkpt>
      <trkpt lat="36.896604" lon="-4.782817">
        <ele>483.687957</ele>
        <time>2026-05-19T11:53:10.000Z</time>
      </trkpt>
      <trkpt lat="36.896668" lon="-4.782763">
        <ele>483.622222</ele>
        <time>2026-05-19T11:53:16.000Z</time>
      </trkpt>
      <trkpt lat="36.896717" lon="-4.782702">
        <ele>483.563353</ele>
        <time>2026-05-19T11:53:23.000Z</time>
      </trkpt>
      <trkpt lat="36.89673" lon="-4.782645">
        <ele>483.522995</ele>
        <time>2026-05-19T11:53:30.000Z</time>
      </trkpt>
      <trkpt lat="36.896772" lon="-4.782586">
        <ele>483.469213</ele>
        <time>2026-05-19T11:53:36.000Z</time>
      </trkpt>
      <trkpt lat="36.896849" lon="-4.782542">
        <ele>483.397133</ele>
        <time>2026-05-19T11:53:43.000Z</time>
      </trkpt>
      <trkpt lat="36.896885" lon="-4.782507">
        <ele>483.358308</ele>
        <time>2026-05-19T11:53:47.000Z</time>
      </trkpt>
      <trkpt lat="36.896904" lon="-4.782485">
        <ele>483.336261</ele>
        <time>2026-05-19T11:53:49.000Z</time>
      </trkpt>
      <trkpt lat="36.89695" lon="-4.782428">
        <ele>483.281123</ele>
        <time>2026-05-19T11:53:55.000Z</time>
      </trkpt>
      <trkpt lat="36.897" lon="-4.782357">
        <ele>483.216708</ele>
        <time>2026-05-19T11:54:01.000Z</time>
      </trkpt>
      <trkpt lat="36.897046" lon="-4.782281">
        <ele>483.151811</ele>
        <time>2026-05-19T11:54:08.000Z</time>
      </trkpt>
      <trkpt lat="36.897093" lon="-4.782195">
        <ele>483.080887</ele>
        <time>2026-05-19T11:54:15.000Z</time>
      </trkpt>
      <trkpt lat="36.897127" lon="-4.78209">
        <ele>483.003756</ele>
        <time>2026-05-19T11:54:21.000Z</time>
      </trkpt>
      <trkpt lat="36.897129" lon="-4.78208">
        <ele>482.996737</ele>
        <time>2026-05-19T11:54:22.000Z</time>
      </trkpt>
      <trkpt lat="36.897144" lon="-4.782065">
        <ele>482.980385</ele>
        <time>2026-05-19T11:54:25.000Z</time>
      </trkpt>
      <trkpt lat="36.897168" lon="-4.782043">
        <ele>482.955048</ele>
        <time>2026-05-19T11:54:28.000Z</time>
      </trkpt>
      <trkpt lat="36.897208" lon="-4.782029">
        <ele>482.919683</ele>
        <time>2026-05-19T11:54:33.000Z</time>
      </trkpt>
      <trkpt lat="36.897226" lon="-4.782023">
        <ele>482.903823</ele>
        <time>2026-05-19T11:54:35.000Z</time>
      </trkpt>
      <trkpt lat="36.897308" lon="-4.782001">
        <ele>482.832418</ele>
        <time>2026-05-19T11:54:43.000Z</time>
      </trkpt>
      <trkpt lat="36.897392" lon="-4.781978">
        <ele>482.759205</ele>
        <time>2026-05-19T11:54:49.000Z</time>
      </trkpt>
      <trkpt lat="36.897462" lon="-4.781979">
        <ele>482.699602</ele>
        <time>2026-05-19T11:54:55.000Z</time>
      </trkpt>
      <trkpt lat="36.897545" lon="-4.781974">
        <ele>482.628853</ele>
        <time>2026-05-19T11:55:02.000Z</time>
      </trkpt>
      <trkpt lat="36.897558" lon="-4.781975">
        <ele>482.617764</ele>
        <time>2026-05-19T11:55:03.000Z</time>
      </trkpt>
      <trkpt lat="36.897647" lon="-4.781971">
        <ele>482.54194</ele>
        <time>2026-05-19T11:55:10.000Z</time>
      </trkpt>
      <trkpt lat="36.897701" lon="-4.781967">
        <ele>482.495883</ele>
        <time>2026-05-19T11:55:17.000Z</time>
      </trkpt>
      <trkpt lat="36.897777" lon="-4.781969">
        <ele>482.431161</ele>
        <time>2026-05-19T11:55:24.000Z</time>
      </trkpt>
      <trkpt lat="36.897861" lon="-4.782028">
        <ele>482.349133</ele>
        <time>2026-05-19T11:55:31.000Z</time>
      </trkpt>
      <trkpt lat="36.897948" lon="-4.782061">
        <ele>482.271727</ele>
        <time>2026-05-19T11:55:39.000Z</time>
      </trkpt>
      <trkpt lat="36.898008" lon="-4.782065">
        <ele>482.22057</ele>
        <time>2026-05-19T11:55:45.000Z</time>
      </trkpt>
      <trkpt lat="36.898034" lon="-4.782053">
        <ele>482.218123</ele>
        <time>2026-05-19T11:55:53.000Z</time>
      </trkpt>
      <trkpt lat="36.898045" lon="-4.782">
        <ele>482.287981</ele>
        <time>2026-05-19T11:55:58.000Z</time>
      </trkpt>
      <trkpt lat="36.898066" lon="-4.781947">
        <ele>482.363443</ele>
        <time>2026-05-19T11:56:02.000Z</time>
      </trkpt>
      <trkpt lat="36.898099" lon="-4.781896">
        <ele>482.447141</ele>
        <time>2026-05-19T11:56:06.000Z</time>
      </trkpt>
      <trkpt lat="36.898176" lon="-4.78182">
        <ele>482.603638</ele>
        <time>2026-05-19T11:56:14.000Z</time>
      </trkpt>
      <trkpt lat="36.898233" lon="-4.781777">
        <ele>482.709839</ele>
        <time>2026-05-19T11:56:19.000Z</time>
      </trkpt>
      <trkpt lat="36.898276" lon="-4.781736">
        <ele>482.796107</ele>
        <time>2026-05-19T11:56:22.000Z</time>
      </trkpt>
      <trkpt lat="36.898302" lon="-4.781709">
        <ele>482.850024</ele>
        <time>2026-05-19T11:56:25.000Z</time>
      </trkpt>
      <trkpt lat="36.898314" lon="-4.781678">
        <ele>482.893964</ele>
        <time>2026-05-19T11:56:28.000Z</time>
      </trkpt>
      <trkpt lat="36.898335" lon="-4.781639">
        <ele>482.953948</ele>
        <time>2026-05-19T11:56:31.000Z</time>
      </trkpt>
      <trkpt lat="36.898349" lon="-4.781616">
        <ele>482.990824</ele>
        <time>2026-05-19T11:56:33.000Z</time>
      </trkpt>
      <trkpt lat="36.898388" lon="-4.781566">
        <ele>483.079933</ele>
        <time>2026-05-19T11:56:39.000Z</time>
      </trkpt>
      <trkpt lat="36.898455" lon="-4.781483">
        <ele>483.230392</ele>
        <time>2026-05-19T11:56:46.000Z</time>
      </trkpt>
      <trkpt lat="36.898495" lon="-4.781428">
        <ele>483.325239</ele>
        <time>2026-05-19T11:56:52.000Z</time>
      </trkpt>
      <trkpt lat="36.89854" lon="-4.781335">
        <ele>483.463916</ele>
        <time>2026-05-19T11:57:00.000Z</time>
      </trkpt>
      <trkpt lat="36.898566" lon="-4.781301">
        <ele>483.523934</ele>
        <time>2026-05-19T11:57:05.000Z</time>
      </trkpt>
      <trkpt lat="36.898585" lon="-4.781276">
        <ele>483.567934</ele>
        <time>2026-05-19T11:57:07.000Z</time>
      </trkpt>
      <trkpt lat="36.898659" lon="-4.781205">
        <ele>483.716737</ele>
        <time>2026-05-19T11:57:13.000Z</time>
      </trkpt>
      <trkpt lat="36.89875" lon="-4.781163">
        <ele>483.871486</ele>
        <time>2026-05-19T11:57:20.000Z</time>
      </trkpt>
      <trkpt lat="36.898837" lon="-4.781088">
        <ele>484.040067</ele>
        <time>2026-05-19T11:57:28.000Z</time>
      </trkpt>
      <trkpt lat="36.898926" lon="-4.781024">
        <ele>484.203856</ele>
        <time>2026-05-19T11:57:36.000Z</time>
      </trkpt>
      <trkpt lat="36.898979" lon="-4.780959">
        <ele>484.322288</ele>
        <time>2026-05-19T11:57:44.000Z</time>
      </trkpt>
      <trkpt lat="36.899045" lon="-4.780924">
        <ele>484.436657</ele>
        <time>2026-05-19T11:57:51.000Z</time>
      </trkpt>
      <trkpt lat="36.899056" lon="-4.780917">
        <ele>484.456348</ele>
        <time>2026-05-19T11:57:52.000Z</time>
      </trkpt>
      <trkpt lat="36.89914" lon="-4.780875">
        <ele>484.600672</ele>
        <time>2026-05-19T11:57:59.000Z</time>
      </trkpt>
      <trkpt lat="36.899155" lon="-4.780872">
        <ele>484.624906</ele>
        <time>2026-05-19T11:58:00.000Z</time>
      </trkpt>
      <trkpt lat="36.89924" lon="-4.780882">
        <ele>484.76111</ele>
        <time>2026-05-19T11:58:07.000Z</time>
      </trkpt>
      <trkpt lat="36.899256" lon="-4.780885">
        <ele>484.78692</ele>
        <time>2026-05-19T11:58:08.000Z</time>
      </trkpt>
      <trkpt lat="36.899314" lon="-4.780895">
        <ele>484.880326</ele>
        <time>2026-05-19T11:58:13.000Z</time>
      </trkpt>
      <trkpt lat="36.899335" lon="-4.780897">
        <ele>484.913925</ele>
        <time>2026-05-19T11:58:15.000Z</time>
      </trkpt>
      <trkpt lat="36.899358" lon="-4.780898">
        <ele>484.95064</ele>
        <time>2026-05-19T11:58:17.000Z</time>
      </trkpt>
      <trkpt lat="36.899428" lon="-4.780895">
        <ele>485.06238</ele>
        <time>2026-05-19T11:58:23.000Z</time>
      </trkpt>
      <trkpt lat="36.899466" lon="-4.780887">
        <ele>485.229357</ele>
        <time>2026-05-19T11:58:27.000Z</time>
      </trkpt>
      <trkpt lat="36.899476" lon="-4.780884">
        <ele>485.280335</ele>
        <time>2026-05-19T11:58:28.000Z</time>
      </trkpt>
      <trkpt lat="36.899484" lon="-4.780882">
        <ele>485.320776</ele>
        <time>2026-05-19T11:58:29.000Z</time>
      </trkpt>
      <trkpt lat="36.899519" lon="-4.780864">
        <ele>485.508374</ele>
        <time>2026-05-19T11:58:33.000Z</time>
      </trkpt>
      <trkpt lat="36.899547" lon="-4.780838">
        <ele>485.681255</ele>
        <time>2026-05-19T11:58:36.000Z</time>
      </trkpt>
      <trkpt lat="36.89961" lon="-4.780759">
        <ele>486.123524</ele>
        <time>2026-05-19T11:58:42.000Z</time>
      </trkpt>
      <trkpt lat="36.899619" lon="-4.780741">
        <ele>486.207678</ele>
        <time>2026-05-19T11:58:43.000Z</time>
      </trkpt>
      <trkpt lat="36.89964" lon="-4.780663">
        <ele>486.533933</ele>
        <time>2026-05-19T11:58:49.000Z</time>
      </trkpt>
      <trkpt lat="36.899642" lon="-4.780652">
        <ele>486.578651</ele>
        <time>2026-05-19T11:58:50.000Z</time>
      </trkpt>
      <trkpt lat="36.899656" lon="-4.780578">
        <ele>486.880094</ele>
        <time>2026-05-19T11:58:56.000Z</time>
      </trkpt>
      <trkpt lat="36.899664" lon="-4.780544">
        <ele>487.020587</ele>
        <time>2026-05-19T11:58:59.000Z</time>
      </trkpt>
      <trkpt lat="36.899686" lon="-4.780478">
        <ele>487.304038</ele>
        <time>2026-05-19T11:59:04.000Z</time>
      </trkpt>
      <trkpt lat="36.899726" lon="-4.780407">
        <ele>487.648322</ele>
        <time>2026-05-19T11:59:10.000Z</time>
      </trkpt>
      <trkpt lat="36.899751" lon="-4.780351">
        <ele>487.902562</ele>
        <time>2026-05-19T11:59:16.000Z</time>
      </trkpt>
      <trkpt lat="36.899754" lon="-4.780264">
        <ele>488.247761</ele>
        <time>2026-05-19T11:59:23.000Z</time>
      </trkpt>
      <trkpt lat="36.899745" lon="-4.780239">
        <ele>488.356443</ele>
        <time>2026-05-19T11:59:25.000Z</time>
      </trkpt>
      <trkpt lat="36.899744" lon="-4.780191">
        <ele>488.546785</ele>
        <time>2026-05-19T11:59:30.000Z</time>
      </trkpt>
      <trkpt lat="36.89977" lon="-4.780154">
        <ele>488.742038</ele>
        <time>2026-05-19T11:59:37.000Z</time>
      </trkpt>
      <trkpt lat="36.899771" lon="-4.780153">
        <ele>488.748386</ele>
        <time>2026-05-19T11:59:38.000Z</time>
      </trkpt>
      <trkpt lat="36.899769" lon="-4.780156">
        <ele>488.763869</ele>
        <time>2026-05-19T11:59:39.000Z</time>
      </trkpt>
      <trkpt lat="36.899769" lon="-4.780159">
        <ele>488.775761</ele>
        <time>2026-05-19T11:59:40.000Z</time>
      </trkpt>
      <trkpt lat="36.89977" lon="-4.780166">
        <ele>488.803949</ele>
        <time>2026-05-19T11:59:49.000Z</time>
      </trkpt>
      <trkpt lat="36.899766" lon="-4.780172">
        <ele>488.834915</ele>
        <time>2026-05-19T11:59:52.000Z</time>
      </trkpt>
      <trkpt lat="36.899757" lon="-4.780183">
        <ele>488.897299</ele>
        <time>2026-05-19T11:59:55.000Z</time>
      </trkpt>
      <trkpt lat="36.899753" lon="-4.780187">
        <ele>488.922688</ele>
        <time>2026-05-19T11:59:56.000Z</time>
      </trkpt>
      <trkpt lat="36.899735" lon="-4.780198">
        <ele>489.022</ele>
        <time>2026-05-19T12:00:01.000Z</time>
      </trkpt>
      <trkpt lat="36.899732" lon="-4.780199">
        <ele>489.037391</ele>
        <time>2026-05-19T12:00:02.000Z</time>
      </trkpt>
      <trkpt lat="36.899701" lon="-4.780195">
        <ele>489.191876</ele>
        <time>2026-05-19T12:00:10.000Z</time>
      </trkpt>
      <trkpt lat="36.899687" lon="-4.780198">
        <ele>489.262287</ele>
        <time>2026-05-19T12:00:16.000Z</time>
      </trkpt>
      <trkpt lat="36.899687" lon="-4.780198">
        <ele>489.262287</ele>
        <time>2026-05-19T12:00:19.000Z</time>
      </trkpt>
      <trkpt lat="36.89969" lon="-4.780198">
        <ele>489.277158</ele>
        <time>2026-05-19T12:00:20.000Z</time>
      </trkpt>
      <trkpt lat="36.899693" lon="-4.780198">
        <ele>489.29203</ele>
        <time>2026-05-19T12:00:22.000Z</time>
      </trkpt>
      <trkpt lat="36.899693" lon="-4.780199">
        <ele>489.295994</ele>
        <time>2026-05-19T12:00:24.000Z</time>
      </trkpt>
      <trkpt lat="36.89968" lon="-4.780206">
        <ele>489.366156</ele>
        <time>2026-05-19T12:00:27.000Z</time>
      </trkpt>
      <trkpt lat="36.899677" lon="-4.780207">
        <ele>489.381547</ele>
        <time>2026-05-19T12:00:28.000Z</time>
      </trkpt>
      <trkpt lat="36.899702" lon="-4.780189">
        <ele>489.524548</ele>
        <time>2026-05-19T12:00:39.000Z</time>
      </trkpt>
      <trkpt lat="36.899755" lon="-4.78017">
        <ele>489.797857</ele>
        <time>2026-05-19T12:00:44.000Z</time>
      </trkpt>
      <trkpt lat="36.899765" lon="-4.780161">
        <ele>489.858931</ele>
        <time>2026-05-19T12:00:47.000Z</time>
      </trkpt>
      <trkpt lat="36.899769" lon="-4.78016">
        <ele>489.879152</ele>
        <time>2026-05-19T12:00:49.000Z</time>
      </trkpt>
      <trkpt lat="36.899799" lon="-4.780152">
        <ele>490.031208</ele>
        <time>2026-05-19T12:00:59.000Z</time>
      </trkpt>
      <trkpt lat="36.899787" lon="-4.78015">
        <ele>490.09122</ele>
        <time>2026-05-19T12:01:06.000Z</time>
      </trkpt>
      <trkpt lat="36.899773" lon="-4.780147">
        <ele>490.16163</ele>
        <time>2026-05-19T12:01:09.000Z</time>
      </trkpt>
      <trkpt lat="36.899761" lon="-4.780122">
        <ele>490.277215</ele>
        <time>2026-05-19T12:01:18.000Z</time>
      </trkpt>
      <trkpt lat="36.899751" lon="-4.780166">
        <ele>490.458544</ele>
        <time>2026-05-19T12:01:29.000Z</time>
      </trkpt>
      <trkpt lat="36.899745" lon="-4.780156">
        <ele>490.508102</ele>
        <time>2026-05-19T12:01:39.000Z</time>
      </trkpt>
      <trkpt lat="36.899758" lon="-4.78016">
        <ele>490.574466</ele>
        <time>2026-05-19T12:01:48.000Z</time>
      </trkpt>
      <trkpt lat="36.899764" lon="-4.780157">
        <ele>490.606498</ele>
        <time>2026-05-19T12:01:51.000Z</time>
      </trkpt>
      <trkpt lat="36.899771" lon="-4.78014">
        <ele>490.682297</ele>
        <time>2026-05-19T12:02:05.000Z</time>
      </trkpt>
      <trkpt lat="36.899771" lon="-4.780136">
        <ele>490.698154</ele>
        <time>2026-05-19T12:02:09.000Z</time>
      </trkpt>
      <trkpt lat="36.899776" lon="-4.780138">
        <ele>490.724176</ele>
        <time>2026-05-19T12:02:12.000Z</time>
      </trkpt>
      <trkpt lat="36.899778" lon="-4.780139">
        <ele>490.734853</ele>
        <time>2026-05-19T12:02:13.000Z</time>
      </trkpt>
      <trkpt lat="36.899781" lon="-4.780143">
        <ele>490.756592</ele>
        <time>2026-05-19T12:02:16.000Z</time>
      </trkpt>
      <trkpt lat="36.899772" lon="-4.780152">
        <ele>490.813717</ele>
        <time>2026-05-19T12:02:28.000Z</time>
      </trkpt>
      <trkpt lat="36.899798" lon="-4.780124">
        <ele>490.983809</ele>
        <time>2026-05-19T12:02:39.000Z</time>
      </trkpt>
      <trkpt lat="36.899799" lon="-4.780093">
        <ele>491.106796</ele>
        <time>2026-05-19T12:02:49.000Z</time>
      </trkpt>
      <trkpt lat="36.899762" lon="-4.78009">
        <ele>491.290593</ele>
        <time>2026-05-19T12:02:59.000Z</time>
      </trkpt>
      <trkpt lat="36.899754" lon="-4.780173">
        <ele>491.621996</ele>
        <time>2026-05-19T12:03:08.000Z</time>
      </trkpt>
      <trkpt lat="36.899757" lon="-4.780187">
        <ele>491.679452</ele>
        <time>2026-05-19T12:03:14.000Z</time>
      </trkpt>
      <trkpt lat="36.899748" lon="-4.780185">
        <ele>491.724765</ele>
        <time>2026-05-19T12:03:15.000Z</time>
      </trkpt>
      <trkpt lat="36.899744" lon="-4.780082">
        <ele>492.13355</ele>
        <time>2026-05-19T12:03:22.000Z</time>
      </trkpt>
      <trkpt lat="36.899746" lon="-4.779972">
        <ele>492.569716</ele>
        <time>2026-05-19T12:03:30.000Z</time>
      </trkpt>
      <trkpt lat="36.899739" lon="-4.779943">
        <ele>492.689798</ele>
        <time>2026-05-19T12:03:32.000Z</time>
      </trkpt>
      <trkpt lat="36.89974" lon="-4.779901">
        <ele>492.856365</ele>
        <time>2026-05-19T12:03:36.000Z</time>
      </trkpt>
      <trkpt lat="36.899732" lon="-4.779825">
        <ele>493.160237</ele>
        <time>2026-05-19T12:03:41.000Z</time>
      </trkpt>
      <trkpt lat="36.899727" lon="-4.779804">
        <ele>493.247095</ele>
        <time>2026-05-19T12:03:43.000Z</time>
      </trkpt>
      <trkpt lat="36.899721" lon="-4.779797">
        <ele>493.287771</ele>
        <time>2026-05-19T12:03:44.000Z</time>
      </trkpt>
      <trkpt lat="36.899719" lon="-4.779793">
        <ele>493.306472</ele>
        <time>2026-05-19T12:03:45.000Z</time>
      </trkpt>
      <trkpt lat="36.899714" lon="-4.779766">
        <ele>493.416336</ele>
        <time>2026-05-19T12:03:47.000Z</time>
      </trkpt>
      <trkpt lat="36.899708" lon="-4.779737">
        <ele>493.53508</ele>
        <time>2026-05-19T12:03:49.000Z</time>
      </trkpt>
      <trkpt lat="36.899705" lon="-4.779724">
        <ele>493.588717</ele>
        <time>2026-05-19T12:03:50.000Z</time>
      </trkpt>
      <trkpt lat="36.899701" lon="-4.779709">
        <ele>493.651398</ele>
        <time>2026-05-19T12:03:52.000Z</time>
      </trkpt>
      <trkpt lat="36.899696" lon="-4.779685">
        <ele>493.749712</ele>
        <time>2026-05-19T12:03:54.000Z</time>
      </trkpt>
      <trkpt lat="36.899692" lon="-4.779676">
        <ele>493.790529</ele>
        <time>2026-05-19T12:03:55.000Z</time>
      </trkpt>
      <trkpt lat="36.899681" lon="-4.779641">
        <ele>493.939604</ele>
        <time>2026-05-19T12:03:59.000Z</time>
      </trkpt>
      <trkpt lat="36.899668" lon="-4.779595">
        <ele>494.205714</ele>
        <time>2026-05-19T12:04:02.000Z</time>
      </trkpt>
      <trkpt lat="36.899664" lon="-4.779587">
        <ele>494.262107</ele>
        <time>2026-05-19T12:04:03.000Z</time>
      </trkpt>
      <trkpt lat="36.89965" lon="-4.779548">
        <ele>494.517621</ele>
        <time>2026-05-19T12:04:07.000Z</time>
      </trkpt>
      <trkpt lat="36.899643" lon="-4.779529">
        <ele>494.642657</ele>
        <time>2026-05-19T12:04:09.000Z</time>
      </trkpt>
      <trkpt lat="36.899654" lon="-4.779535">
        <ele>494.732355</ele>
        <time>2026-05-19T12:04:10.000Z</time>
      </trkpt>
      <trkpt lat="36.89965" lon="-4.779445">
        <ele>495.271119</ele>
        <time>2026-05-19T12:04:17.000Z</time>
      </trkpt>
      <trkpt lat="36.899662" lon="-4.779301">
        <ele>496.136474</ele>
        <time>2026-05-19T12:04:26.000Z</time>
      </trkpt>
      <trkpt lat="36.899658" lon="-4.779215">
        <ele>496.651368</ele>
        <time>2026-05-19T12:04:31.000Z</time>
      </trkpt>
      <trkpt lat="36.899641" lon="-4.779153">
        <ele>497.043123</ele>
        <time>2026-05-19T12:04:34.000Z</time>
      </trkpt>
      <trkpt lat="36.899638" lon="-4.779137">
        <ele>497.141349</ele>
        <time>2026-05-19T12:04:35.000Z</time>
      </trkpt>
      <trkpt lat="36.899622" lon="-4.779033">
        <ele>497.774361</ele>
        <time>2026-05-19T12:04:42.000Z</time>
      </trkpt>
      <trkpt lat="36.899619" lon="-4.779015">
        <ele>497.884259</ele>
        <time>2026-05-19T12:04:43.000Z</time>
      </trkpt>
      <trkpt lat="36.899612" lon="-4.778879">
        <ele>498.69882</ele>
        <time>2026-05-19T12:04:52.000Z</time>
      </trkpt>
      <trkpt lat="36.899613" lon="-4.778865">
        <ele>498.782832</ele>
        <time>2026-05-19T12:04:53.000Z</time>
      </trkpt>
      <trkpt lat="36.899571" lon="-4.778749">
        <ele>499.543924</ele>
        <time>2026-05-19T12:05:04.000Z</time>
      </trkpt>
      <trkpt lat="36.899568" lon="-4.778739">
        <ele>499.607762</ele>
        <time>2026-05-19T12:05:05.000Z</time>
      </trkpt>
      <trkpt lat="36.899557" lon="-4.778709">
        <ele>499.805023</ele>
        <time>2026-05-19T12:05:08.000Z</time>
      </trkpt>
      <trkpt lat="36.899539" lon="-4.778641">
        <ele>500.233151</ele>
        <time>2026-05-19T12:05:13.000Z</time>
      </trkpt>
      <trkpt lat="36.899534" lon="-4.778627">
        <ele>500.324795</ele>
        <time>2026-05-19T12:05:14.000Z</time>
      </trkpt>
      <trkpt lat="36.899527" lon="-4.778597">
        <ele>500.511584</ele>
        <time>2026-05-19T12:05:16.000Z</time>
      </trkpt>
      <trkpt lat="36.899528" lon="-4.778588">
        <ele>500.565894</ele>
        <time>2026-05-19T12:05:17.000Z</time>
      </trkpt>
      <trkpt lat="36.899521" lon="-4.778515">
        <ele>501.005345</ele>
        <time>2026-05-19T12:05:22.000Z</time>
      </trkpt>
      <trkpt lat="36.899499" lon="-4.778419">
        <ele>501.602238</ele>
        <time>2026-05-19T12:05:28.000Z</time>
      </trkpt>
      <trkpt lat="36.899493" lon="-4.778402">
        <ele>501.713304</ele>
        <time>2026-05-19T12:05:30.000Z</time>
      </trkpt>
      <trkpt lat="36.899448" lon="-4.778332">
        <ele>502.250126</ele>
        <time>2026-05-19T12:05:36.000Z</time>
      </trkpt>
      <trkpt lat="36.899425" lon="-4.77831">
        <ele>502.466559</ele>
        <time>2026-05-19T12:05:38.000Z</time>
      </trkpt>
      <trkpt lat="36.899415" lon="-4.778297">
        <ele>502.574373</ele>
        <time>2026-05-19T12:05:39.000Z</time>
      </trkpt>
      <trkpt lat="36.89939" lon="-4.778259">
        <ele>502.868486</ele>
        <time>2026-05-19T12:05:42.000Z</time>
      </trkpt>
      <trkpt lat="36.899368" lon="-4.778223">
        <ele>503.139296</ele>
        <time>2026-05-19T12:05:44.000Z</time>
      </trkpt>
      <trkpt lat="36.899363" lon="-4.778207">
        <ele>503.241972</ele>
        <time>2026-05-19T12:05:45.000Z</time>
      </trkpt>
      <trkpt lat="36.899344" lon="-4.778127">
        <ele>503.740779</ele>
        <time>2026-05-19T12:05:51.000Z</time>
      </trkpt>
      <trkpt lat="36.899339" lon="-4.778118">
        <ele>503.80628</ele>
        <time>2026-05-19T12:05:52.000Z</time>
      </trkpt>
      <trkpt lat="36.899277" lon="-4.778043">
        <ele>504.451025</ele>
        <time>2026-05-19T12:06:00.000Z</time>
      </trkpt>
      <trkpt lat="36.899193" lon="-4.777935">
        <ele>505.351513</ele>
        <time>2026-05-19T12:06:07.000Z</time>
      </trkpt>
      <trkpt lat="36.899112" lon="-4.777864">
        <ele>506.090847</ele>
        <time>2026-05-19T12:06:17.000Z</time>
      </trkpt>
      <trkpt lat="36.899043" lon="-4.777806">
        <ele>506.712256</ele>
        <time>2026-05-19T12:06:23.000Z</time>
      </trkpt>
      <trkpt lat="36.898953" lon="-4.777761">
        <ele>507.437663</ele>
        <time>2026-05-19T12:06:31.000Z</time>
      </trkpt>
      <trkpt lat="36.898936" lon="-4.777762">
        <ele>507.599804</ele>
        <time>2026-05-19T12:06:32.000Z</time>
      </trkpt>
      <trkpt lat="36.898899" lon="-4.777745">
        <ele>507.97535</ele>
        <time>2026-05-19T12:06:35.000Z</time>
      </trkpt>
      <trkpt lat="36.898867" lon="-4.777715">
        <ele>508.356385</ele>
        <time>2026-05-19T12:06:39.000Z</time>
      </trkpt>
      <trkpt lat="36.898859" lon="-4.777708">
        <ele>508.449408</ele>
        <time>2026-05-19T12:06:40.000Z</time>
      </trkpt>
      <trkpt lat="36.898773" lon="-4.777666">
        <ele>509.329013</ele>
        <time>2026-05-19T12:06:46.000Z</time>
      </trkpt>
      <trkpt lat="36.898744" lon="-4.777648">
        <ele>509.637464</ele>
        <time>2026-05-19T12:06:49.000Z</time>
      </trkpt>
      <trkpt lat="36.898695" lon="-4.777617">
        <ele>510.160641</ele>
        <time>2026-05-19T12:06:54.000Z</time>
      </trkpt>
      <trkpt lat="36.898661" lon="-4.777598">
        <ele>510.515438</ele>
        <time>2026-05-19T12:06:59.000Z</time>
      </trkpt>
      <trkpt lat="36.898643" lon="-4.77758">
        <ele>510.735019</ele>
        <time>2026-05-19T12:07:01.000Z</time>
      </trkpt>
      <trkpt lat="36.898603" lon="-4.777514">
        <ele>511.365954</ele>
        <time>2026-05-19T12:07:07.000Z</time>
      </trkpt>
      <trkpt lat="36.898595" lon="-4.777481">
        <ele>511.628675</ele>
        <time>2026-05-19T12:07:10.000Z</time>
      </trkpt>
      <trkpt lat="36.898596" lon="-4.77741">
        <ele>512.169698</ele>
        <time>2026-05-19T12:07:14.000Z</time>
      </trkpt>
      <trkpt lat="36.898658" lon="-4.777387">
        <ele>512.785826</ele>
        <time>2026-05-19T12:07:20.000Z</time>
      </trkpt>
      <trkpt lat="36.898672" lon="-4.777385">
        <ele>512.920074</ele>
        <time>2026-05-19T12:07:21.000Z</time>
      </trkpt>
      <trkpt lat="36.898734" lon="-4.777405">
        <ele>513.530095</ele>
        <time>2026-05-19T12:07:26.000Z</time>
      </trkpt>
      <trkpt lat="36.898746" lon="-4.777415">
        <ele>513.667482</ele>
        <time>2026-05-19T12:07:27.000Z</time>
      </trkpt>
      <trkpt lat="36.898796" lon="-4.777473">
        <ele>514.31724</ele>
        <time>2026-05-19T12:07:32.000Z</time>
      </trkpt>
      <trkpt lat="36.898822" lon="-4.777492">
        <ele>514.604143</ele>
        <time>2026-05-19T12:07:35.000Z</time>
      </trkpt>
      <trkpt lat="36.89884" lon="-4.777498">
        <ele>514.78162</ele>
        <time>2026-05-19T12:07:37.000Z</time>
      </trkpt>
      <trkpt lat="36.898909" lon="-4.77749">
        <ele>515.441813</ele>
        <time>2026-05-19T12:07:43.000Z</time>
      </trkpt>
      <trkpt lat="36.898921" lon="-4.777493">
        <ele>515.558402</ele>
        <time>2026-05-19T12:07:44.000Z</time>
      </trkpt>
      <trkpt lat="36.899002" lon="-4.77749">
        <ele>516.33044</ele>
        <time>2026-05-19T12:07:50.000Z</time>
      </trkpt>
      <trkpt lat="36.899014" lon="-4.777489">
        <ele>516.445019</ele>
        <time>2026-05-19T12:07:51.000Z</time>
      </trkpt>
      <trkpt lat="36.899095" lon="-4.777522">
        <ele>517.256643</ele>
        <time>2026-05-19T12:08:01.000Z</time>
      </trkpt>
      <trkpt lat="36.899089" lon="-4.777527">
        <ele>517.325336</ele>
        <time>2026-05-19T12:08:06.000Z</time>
      </trkpt>
      <trkpt lat="36.899087" lon="-4.777528">
        <ele>517.345857</ele>
        <time>2026-05-19T12:08:08.000Z</time>
      </trkpt>
      <trkpt lat="36.899097" lon="-4.777524">
        <ele>517.445884</ele>
        <time>2026-05-19T12:08:11.000Z</time>
      </trkpt>
      <trkpt lat="36.899096" lon="-4.777524">
        <ele>517.455411</ele>
        <time>2026-05-19T12:08:16.000Z</time>
      </trkpt>
      <trkpt lat="36.899091" lon="-4.777528">
        <ele>517.511961</ele>
        <time>2026-05-19T12:08:21.000Z</time>
      </trkpt>
      <trkpt lat="36.899098" lon="-4.777533">
        <ele>517.588764</ele>
        <time>2026-05-19T12:08:23.000Z</time>
      </trkpt>
      <trkpt lat="36.899125" lon="-4.777535">
        <ele>517.846448</ele>
        <time>2026-05-19T12:08:26.000Z</time>
      </trkpt>
      <trkpt lat="36.899152" lon="-4.777547">
        <ele>518.119446</ele>
        <time>2026-05-19T12:08:29.000Z</time>
      </trkpt>
      <trkpt lat="36.899202" lon="-4.777578">
        <ele>518.65114</ele>
        <time>2026-05-19T12:08:34.000Z</time>
      </trkpt>
      <trkpt lat="36.899229" lon="-4.777602">
        <ele>518.96674</ele>
        <time>2026-05-19T12:08:37.000Z</time>
      </trkpt>
      <trkpt lat="36.899308" lon="-4.777684">
        <ele>519.94489</ele>
        <time>2026-05-19T12:08:43.000Z</time>
      </trkpt>
      <trkpt lat="36.899321" lon="-4.777698">
        <ele>520.108342</ele>
        <time>2026-05-19T12:08:44.000Z</time>
      </trkpt>
      <trkpt lat="36.899332" lon="-4.77771">
        <ele>520.247415</ele>
        <time>2026-05-19T12:08:45.000Z</time>
      </trkpt>
      <trkpt lat="36.899389" lon="-4.777766">
        <ele>520.938019</ele>
        <time>2026-05-19T12:08:51.000Z</time>
      </trkpt>
      <trkpt lat="36.899416" lon="-4.777785">
        <ele>521.233185</ele>
        <time>2026-05-19T12:08:54.000Z</time>
      </trkpt>
      <trkpt lat="36.899463" lon="-4.777815">
        <ele>521.735923</ele>
        <time>2026-05-19T12:09:00.000Z</time>
      </trkpt>
      <trkpt lat="36.899514" lon="-4.777859">
        <ele>522.326228</ele>
        <time>2026-05-19T12:09:04.000Z</time>
      </trkpt>
      <trkpt lat="36.899532" lon="-4.777879">
        <ele>522.555633</ele>
        <time>2026-05-19T12:09:06.000Z</time>
      </trkpt>
      <trkpt lat="36.899541" lon="-4.777892">
        <ele>522.686636</ele>
        <time>2026-05-19T12:09:07.000Z</time>
      </trkpt>
      <trkpt lat="36.899548" lon="-4.7779">
        <ele>522.776983</ele>
        <time>2026-05-19T12:09:08.000Z</time>
      </trkpt>
      <trkpt lat="36.899618" lon="-4.777954">
        <ele>523.560576</ele>
        <time>2026-05-19T12:09:14.000Z</time>
      </trkpt>
      <trkpt lat="36.899647" lon="-4.777969">
        <ele>523.859566</ele>
        <time>2026-05-19T12:09:16.000Z</time>
      </trkpt>
      <trkpt lat="36.899692" lon="-4.777992">
        <ele>524.322716</ele>
        <time>2026-05-19T12:09:20.000Z</time>
      </trkpt>
      <trkpt lat="36.899736" lon="-4.778016">
        <ele>524.824452</ele>
        <time>2026-05-19T12:09:25.000Z</time>
      </trkpt>
      <trkpt lat="36.899792" lon="-4.77813">
        <ele>526.058416</ele>
        <time>2026-05-19T12:09:33.000Z</time>
      </trkpt>
      <trkpt lat="36.899813" lon="-4.778225">
        <ele>526.967471</ele>
        <time>2026-05-19T12:09:43.000Z</time>
      </trkpt>
      <trkpt lat="36.899815" lon="-4.778243">
        <ele>527.135082</ele>
        <time>2026-05-19T12:09:45.000Z</time>
      </trkpt>
      <trkpt lat="36.899835" lon="-4.778247">
        <ele>527.368682</ele>
        <time>2026-05-19T12:09:50.000Z</time>
      </trkpt>
      <trkpt lat="36.899855" lon="-4.778248">
        <ele>527.599535</ele>
        <time>2026-05-19T12:09:54.000Z</time>
      </trkpt>
      <trkpt lat="36.899845" lon="-4.778245">
        <ele>527.718141</ele>
        <time>2026-05-19T12:10:01.000Z</time>
      </trkpt>
      <trkpt lat="36.89984" lon="-4.77827">
        <ele>527.955821</ele>
        <time>2026-05-19T12:10:07.000Z</time>
      </trkpt>
      <trkpt lat="36.89984" lon="-4.778281">
        <ele>528.057275</ele>
        <time>2026-05-19T12:10:09.000Z</time>
      </trkpt>
      <trkpt lat="36.899852" lon="-4.778313">
        <ele>528.383254</ele>
        <time>2026-05-19T12:10:13.000Z</time>
      </trkpt>
      <trkpt lat="36.89989" lon="-4.778369">
        <ele>529.060636</ele>
        <time>2026-05-19T12:10:19.000Z</time>
      </trkpt>
      <trkpt lat="36.899925" lon="-4.778408">
        <ele>529.601315</ele>
        <time>2026-05-19T12:10:23.000Z</time>
      </trkpt>
      <trkpt lat="36.899933" lon="-4.778419">
        <ele>529.738451</ele>
        <time>2026-05-19T12:10:24.000Z</time>
      </trkpt>
      <trkpt lat="36.899965" lon="-4.778466">
        <ele>530.307768</ele>
        <time>2026-05-19T12:10:28.000Z</time>
      </trkpt>
      <trkpt lat="36.89998" lon="-4.778491">
        <ele>530.59603</ele>
        <time>2026-05-19T12:10:30.000Z</time>
      </trkpt>
      <trkpt lat="36.900005" lon="-4.778529">
        <ele>531.049871</ele>
        <time>2026-05-19T12:10:34.000Z</time>
      </trkpt>
      <trkpt lat="36.900054" lon="-4.778611">
        <ele>531.99399</ele>
        <time>2026-05-19T12:10:40.000Z</time>
      </trkpt>
      <trkpt lat="36.900066" lon="-4.778629">
        <ele>532.210128</ele>
        <time>2026-05-19T12:10:42.000Z</time>
      </trkpt>
      <trkpt lat="36.900093" lon="-4.7787">
        <ele>532.935239</ele>
        <time>2026-05-19T12:10:48.000Z</time>
      </trkpt>
      <trkpt lat="36.900092" lon="-4.778711">
        <ele>533.037346</ele>
        <time>2026-05-19T12:10:49.000Z</time>
      </trkpt>
      <trkpt lat="36.900088" lon="-4.778758">
        <ele>533.473279</ele>
        <time>2026-05-19T12:10:53.000Z</time>
      </trkpt>
      <trkpt lat="36.900099" lon="-4.778818">
        <ele>534.04102</ele>
        <time>2026-05-19T12:10:57.000Z</time>
      </trkpt>
      <trkpt lat="36.900108" lon="-4.778851">
        <ele>534.362595</ele>
        <time>2026-05-19T12:10:59.000Z</time>
      </trkpt>
      <trkpt lat="36.900149" lon="-4.778916">
        <ele>535.126144</ele>
        <time>2026-05-19T12:11:04.000Z</time>
      </trkpt>
      <trkpt lat="36.900158" lon="-4.778931">
        <ele>535.299101</ele>
        <time>2026-05-19T12:11:05.000Z</time>
      </trkpt>
      <trkpt lat="36.900193" lon="-4.778967">
        <ele>535.82178</ele>
        <time>2026-05-19T12:11:09.000Z</time>
      </trkpt>
      <trkpt lat="36.900249" lon="-4.779002">
        <ele>536.543828</ele>
        <time>2026-05-19T12:11:13.000Z</time>
      </trkpt>
      <trkpt lat="36.900269" lon="-4.779021">
        <ele>536.833511</ele>
        <time>2026-05-19T12:11:15.000Z</time>
      </trkpt>
      <trkpt lat="36.900303" lon="-4.77905">
        <ele>537.30818</ele>
        <time>2026-05-19T12:11:19.000Z</time>
      </trkpt>
      <trkpt lat="36.900318" lon="-4.779068">
        <ele>537.547951</ele>
        <time>2026-05-19T12:11:21.000Z</time>
      </trkpt>
      <trkpt lat="36.900323" lon="-4.779079">
        <ele>537.664649</ele>
        <time>2026-05-19T12:11:22.000Z</time>
      </trkpt>
      <trkpt lat="36.900337" lon="-4.779094">
        <ele>537.877279</ele>
        <time>2026-05-19T12:11:24.000Z</time>
      </trkpt>
      <trkpt lat="36.900345" lon="-4.7791">
        <ele>537.984869</ele>
        <time>2026-05-19T12:11:25.000Z</time>
      </trkpt>
      <trkpt lat="36.900361" lon="-4.779118">
        <ele>538.23309</ele>
        <time>2026-05-19T12:11:28.000Z</time>
      </trkpt>
      <trkpt lat="36.900369" lon="-4.779125">
        <ele>538.345702</ele>
        <time>2026-05-19T12:11:29.000Z</time>
      </trkpt>
      <trkpt lat="36.900432" lon="-4.779178">
        <ele>539.221431</ele>
        <time>2026-05-19T12:11:35.000Z</time>
      </trkpt>
      <trkpt lat="36.900495" lon="-4.779235">
        <ele>540.118275</ele>
        <time>2026-05-19T12:11:41.000Z</time>
      </trkpt>
      <trkpt lat="36.900507" lon="-4.779245">
        <ele>540.284591</ele>
        <time>2026-05-19T12:11:42.000Z</time>
      </trkpt>
      <trkpt lat="36.900547" lon="-4.779319">
        <ele>541.108389</ele>
        <time>2026-05-19T12:11:49.000Z</time>
      </trkpt>
      <trkpt lat="36.900554" lon="-4.779329">
        <ele>541.230963</ele>
        <time>2026-05-19T12:11:50.000Z</time>
      </trkpt>
      <trkpt lat="36.900593" lon="-4.779373">
        <ele>541.836774</ele>
        <time>2026-05-19T12:11:56.000Z</time>
      </trkpt>
      <trkpt lat="36.900598" lon="-4.77938">
        <ele>541.92334</ele>
        <time>2026-05-19T12:11:57.000Z</time>
      </trkpt>
      <trkpt lat="36.90064" lon="-4.779487">
        <ele>543.022678</ele>
        <time>2026-05-19T12:12:03.000Z</time>
      </trkpt>
      <trkpt lat="36.900677" lon="-4.779587">
        <ele>544.038918</ele>
        <time>2026-05-19T12:12:09.000Z</time>
      </trkpt>
      <trkpt lat="36.900683" lon="-4.779604">
        <ele>544.210301</ele>
        <time>2026-05-19T12:12:10.000Z</time>
      </trkpt>
      <trkpt lat="36.90069" lon="-4.779647">
        <ele>544.615025</ele>
        <time>2026-05-19T12:12:15.000Z</time>
      </trkpt>
      <trkpt lat="36.900689" lon="-4.779663">
        <ele>544.763043</ele>
        <time>2026-05-19T12:12:18.000Z</time>
      </trkpt>
      <trkpt lat="36.900681" lon="-4.779668">
        <ele>544.866193</ele>
        <time>2026-05-19T12:12:20.000Z</time>
      </trkpt>
      <trkpt lat="36.900681" lon="-4.779681">
        <ele>544.986092</ele>
        <time>2026-05-19T12:12:24.000Z</time>
      </trkpt>
      <trkpt lat="36.900695" lon="-4.779681">
        <ele>545.14756</ele>
        <time>2026-05-19T12:12:27.000Z</time>
      </trkpt>
      <trkpt lat="36.900731" lon="-4.779694">
        <ele>545.553798</ele>
        <time>2026-05-19T12:12:31.000Z</time>
      </trkpt>
      <trkpt lat="36.900758" lon="-4.779708">
        <ele>545.85805</ele>
        <time>2026-05-19T12:12:34.000Z</time>
      </trkpt>
      <trkpt lat="36.900775" lon="-4.779721">
        <ele>546.065471</ele>
        <time>2026-05-19T12:12:36.000Z</time>
      </trkpt>
      <trkpt lat="36.900841" lon="-4.77974">
        <ele>546.770448</ele>
        <time>2026-05-19T12:12:42.000Z</time>
      </trkpt>
      <trkpt lat="36.900847" lon="-4.779738">
        <ele>546.835084</ele>
        <time>2026-05-19T12:12:43.000Z</time>
      </trkpt>
      <trkpt lat="36.900858" lon="-4.779739">
        <ele>546.949887</ele>
        <time>2026-05-19T12:12:44.000Z</time>
      </trkpt>
      <trkpt lat="36.900909" lon="-4.779742">
        <ele>547.481344</ele>
        <time>2026-05-19T12:12:48.000Z</time>
      </trkpt>
      <trkpt lat="36.90092" lon="-4.779741">
        <ele>547.596148</ele>
        <time>2026-05-19T12:12:49.000Z</time>
      </trkpt>
      <trkpt lat="36.900944" lon="-4.779742">
        <ele>547.846107</ele>
        <time>2026-05-19T12:12:51.000Z</time>
      </trkpt>
      <trkpt lat="36.90098" lon="-4.779735">
        <ele>548.225342</ele>
        <time>2026-05-19T12:12:55.000Z</time>
      </trkpt>
      <trkpt lat="36.900996" lon="-4.77973">
        <ele>548.397011</ele>
        <time>2026-05-19T12:12:57.000Z</time>
      </trkpt>
      <trkpt lat="36.901017" lon="-4.779717">
        <ele>548.640922</ele>
        <time>2026-05-19T12:13:00.000Z</time>
      </trkpt>
      <trkpt lat="36.901025" lon="-4.779715">
        <ele>548.725844</ele>
        <time>2026-05-19T12:13:01.000Z</time>
      </trkpt>
      <trkpt lat="36.901059" lon="-4.779667">
        <ele>549.259599</ele>
        <time>2026-05-19T12:13:07.000Z</time>
      </trkpt>
      <trkpt lat="36.90112" lon="-4.779619">
        <ele>550.009811</ele>
        <time>2026-05-19T12:13:14.000Z</time>
      </trkpt>
      <trkpt lat="36.901129" lon="-4.779611">
        <ele>550.124749</ele>
        <time>2026-05-19T12:13:15.000Z</time>
      </trkpt>
      <trkpt lat="36.901197" lon="-4.779531">
        <ele>551.096584</ele>
        <time>2026-05-19T12:13:22.000Z</time>
      </trkpt>
      <trkpt lat="36.901207" lon="-4.779514">
        <ele>551.272253</ele>
        <time>2026-05-19T12:13:23.000Z</time>
      </trkpt>
      <trkpt lat="36.901216" lon="-4.779505">
        <ele>551.392206</ele>
        <time>2026-05-19T12:13:24.000Z</time>
      </trkpt>
      <trkpt lat="36.901258" lon="-4.779443">
        <ele>552.068576</ele>
        <time>2026-05-19T12:13:30.000Z</time>
      </trkpt>
      <trkpt lat="36.901284" lon="-4.779423">
        <ele>552.386319</ele>
        <time>2026-05-19T12:13:34.000Z</time>
      </trkpt>
      <trkpt lat="36.901326" lon="-4.779403">
        <ele>552.85413</ele>
        <time>2026-05-19T12:13:39.000Z</time>
      </trkpt>
      <trkpt lat="36.901353" lon="-4.77939">
        <ele>553.155292</ele>
        <time>2026-05-19T12:13:42.000Z</time>
      </trkpt>
      <trkpt lat="36.901372" lon="-4.779378">
        <ele>553.37686</ele>
        <time>2026-05-19T12:13:45.000Z</time>
      </trkpt>
      <trkpt lat="36.901412" lon="-4.779342">
        <ele>553.88985</ele>
        <time>2026-05-19T12:13:50.000Z</time>
      </trkpt>
      <trkpt lat="36.901441" lon="-4.779317">
        <ele>554.256495</ele>
        <time>2026-05-19T12:13:54.000Z</time>
      </trkpt>
      <trkpt lat="36.901461" lon="-4.779303">
        <ele>554.495077</ele>
        <time>2026-05-19T12:13:57.000Z</time>
      </trkpt>
      <trkpt lat="36.901468" lon="-4.779298">
        <ele>554.57899</ele>
        <time>2026-05-19T12:13:58.000Z</time>
      </trkpt>
      <trkpt lat="36.90151" lon="-4.779304">
        <ele>555.01902</ele>
        <time>2026-05-19T12:14:04.000Z</time>
      </trkpt>
      <trkpt lat="36.901576" lon="-4.779296">
        <ele>555.709248</ele>
        <time>2026-05-19T12:14:09.000Z</time>
      </trkpt>
      <trkpt lat="36.901616" lon="-4.779283">
        <ele>556.139448</ele>
        <time>2026-05-19T12:14:12.000Z</time>
      </trkpt>
      <trkpt lat="36.901625" lon="-4.779276">
        <ele>556.249773</ele>
        <time>2026-05-19T12:14:13.000Z</time>
      </trkpt>
      <trkpt lat="36.901714" lon="-4.779242">
        <ele>557.218457</ele>
        <time>2026-05-19T12:14:20.000Z</time>
      </trkpt>
      <trkpt lat="36.901726" lon="-4.77924">
        <ele>557.344472</ele>
        <time>2026-05-19T12:14:21.000Z</time>
      </trkpt>
      <trkpt lat="36.90179" lon="-4.77925">
        <ele>558.015841</ele>
        <time>2026-05-19T12:14:27.000Z</time>
      </trkpt>
      <trkpt lat="36.901802" lon="-4.779255">
        <ele>558.147503</ele>
        <time>2026-05-19T12:14:28.000Z</time>
      </trkpt>
      <trkpt lat="36.901907" lon="-4.77927">
        <ele>559.247579</ele>
        <time>2026-05-19T12:14:36.000Z</time>
      </trkpt>
      <trkpt lat="36.901945" lon="-4.77926">
        <ele>559.651792</ele>
        <time>2026-05-19T12:14:39.000Z</time>
      </trkpt>
      <trkpt lat="36.902017" lon="-4.779243">
        <ele>560.414497</ele>
        <time>2026-05-19T12:14:45.000Z</time>
      </trkpt>
      <trkpt lat="36.902026" lon="-4.779241">
        <ele>560.509647</ele>
        <time>2026-05-19T12:14:46.000Z</time>
      </trkpt>
      <trkpt lat="36.902127" lon="-4.77922">
        <ele>561.57541</ele>
        <time>2026-05-19T12:14:55.000Z</time>
      </trkpt>
      <trkpt lat="36.902136" lon="-4.779218">
        <ele>561.670561</ele>
        <time>2026-05-19T12:14:56.000Z</time>
      </trkpt>
      <trkpt lat="36.902221" lon="-4.77916">
        <ele>562.678489</ele>
        <time>2026-05-19T12:15:04.000Z</time>
      </trkpt>
      <trkpt lat="36.902236" lon="-4.779147">
        <ele>562.868459</ele>
        <time>2026-05-19T12:15:06.000Z</time>
      </trkpt>
      <trkpt lat="36.902305" lon="-4.7791">
        <ele>563.686331</ele>
        <time>2026-05-19T12:15:12.000Z</time>
      </trkpt>
      <trkpt lat="36.902335" lon="-4.779089">
        <ele>564.011754</ele>
        <time>2026-05-19T12:15:15.000Z</time>
      </trkpt>
      <trkpt lat="36.902373" lon="-4.77908">
        <ele>564.216566</ele>
        <time>2026-05-19T12:15:18.000Z</time>
      </trkpt>
      <trkpt lat="36.902456" lon="-4.779089">
        <ele>564.630255</ele>
        <time>2026-05-19T12:15:26.000Z</time>
      </trkpt>
      <trkpt lat="36.902491" lon="-4.779119">
        <ele>564.840956</ele>
        <time>2026-05-19T12:15:34.000Z</time>
      </trkpt>
      <trkpt lat="36.902501" lon="-4.77914">
        <ele>564.938007</ele>
        <time>2026-05-19T12:15:41.000Z</time>
      </trkpt>
      <trkpt lat="36.902499" lon="-4.779026">
        <ele>565.390782</ele>
        <time>2026-05-19T12:15:51.000Z</time>
      </trkpt>
      <trkpt lat="36.902523" lon="-4.778971">
        <ele>565.639573</ele>
        <time>2026-05-19T12:15:56.000Z</time>
      </trkpt>
      <trkpt lat="36.902529" lon="-4.778965">
        <ele>565.677721</ele>
        <time>2026-05-19T12:15:57.000Z</time>
      </trkpt>
      <trkpt lat="36.902532" lon="-4.778961">
        <ele>565.699497</ele>
        <time>2026-05-19T12:15:58.000Z</time>
      </trkpt>
      <trkpt lat="36.902535" lon="-4.778959">
        <ele>565.716378</ele>
        <time>2026-05-19T12:15:59.000Z</time>
      </trkpt>
      <trkpt lat="36.902523" lon="-4.778973">
        <ele>565.79787</ele>
        <time>2026-05-19T12:16:04.000Z</time>
      </trkpt>
      <trkpt lat="36.902521" lon="-4.778982">
        <ele>565.834961</ele>
        <time>2026-05-19T12:16:06.000Z</time>
      </trkpt>
      <trkpt lat="36.902494" lon="-4.779034">
        <ele>566.081149</ele>
        <time>2026-05-19T12:16:14.000Z</time>
      </trkpt>
      <trkpt lat="36.902485" lon="-4.779071">
        <ele>566.234714</ele>
        <time>2026-05-19T12:16:17.000Z</time>
      </trkpt>
      <trkpt lat="36.902473" lon="-4.779221">
        <ele>566.833301</ele>
        <time>2026-05-19T12:16:28.000Z</time>
      </trkpt>
      <trkpt lat="36.902473" lon="-4.779243">
        <ele>566.920657</ele>
        <time>2026-05-19T12:16:30.000Z</time>
      </trkpt>
      <trkpt lat="36.902473" lon="-4.779249">
        <ele>566.944482</ele>
        <time>2026-05-19T12:16:31.000Z</time>
      </trkpt>
      <trkpt lat="36.902468" lon="-4.779311">
        <ele>567.191918</ele>
        <time>2026-05-19T12:16:38.000Z</time>
      </trkpt>
      <trkpt lat="36.902447" lon="-4.779278">
        <ele>567.359381</ele>
        <time>2026-05-19T12:16:49.000Z</time>
      </trkpt>
      <trkpt lat="36.902507" lon="-4.779174">
        <ele>567.868595</ele>
        <time>2026-05-19T12:16:57.000Z</time>
      </trkpt>
      <trkpt lat="36.902566" lon="-4.779098">
        <ele>568.28919</ele>
        <time>2026-05-19T12:17:02.000Z</time>
      </trkpt>
      <trkpt lat="36.90262" lon="-4.779072">
        <ele>568.576519</ele>
        <time>2026-05-19T12:17:06.000Z</time>
      </trkpt>
      <trkpt lat="36.902637" lon="-4.779062">
        <ele>568.669806</ele>
        <time>2026-05-19T12:17:08.000Z</time>
      </trkpt>
      <trkpt lat="36.902671" lon="-4.779051">
        <ele>568.844194</ele>
        <time>2026-05-19T12:17:12.000Z</time>
      </trkpt>
      <trkpt lat="36.902717" lon="-4.77904">
        <ele>569.076749</ele>
        <time>2026-05-19T12:17:16.000Z</time>
      </trkpt>
      <trkpt lat="36.902739" lon="-4.77903">
        <ele>569.192984</ele>
        <time>2026-05-19T12:17:18.000Z</time>
      </trkpt>
      <trkpt lat="36.90276" lon="-4.779007">
        <ele>569.331599</ele>
        <time>2026-05-19T12:17:21.000Z</time>
      </trkpt>
      <trkpt lat="36.902782" lon="-4.778992">
        <ele>569.456024</ele>
        <time>2026-05-19T12:17:24.000Z</time>
      </trkpt>
      <trkpt lat="36.902798" lon="-4.778985">
        <ele>569.540195</ele>
        <time>2026-05-19T12:17:26.000Z</time>
      </trkpt>
      <trkpt lat="36.902854" lon="-4.778965">
        <ele>569.829384</ele>
        <time>2026-05-19T12:17:30.000Z</time>
      </trkpt>
      <trkpt lat="36.90289" lon="-4.778957">
        <ele>570.010945</ele>
        <time>2026-05-19T12:17:33.000Z</time>
      </trkpt>
      <trkpt lat="36.902906" lon="-4.778959">
        <ele>570.09079</ele>
        <time>2026-05-19T12:17:35.000Z</time>
      </trkpt>
      <trkpt lat="36.902953" lon="-4.778974">
        <ele>570.331652</ele>
        <time>2026-05-19T12:17:40.000Z</time>
      </trkpt>
      <trkpt lat="36.902963" lon="-4.778976">
        <ele>570.381939</ele>
        <time>2026-05-19T12:17:41.000Z</time>
      </trkpt>
      <trkpt lat="36.903001" lon="-4.778981">
        <ele>570.571672</ele>
        <time>2026-05-19T12:17:45.000Z</time>
      </trkpt>
      <trkpt lat="36.903055" lon="-4.778982">
        <ele>570.839842</ele>
        <time>2026-05-19T12:17:49.000Z</time>
      </trkpt>
      <trkpt lat="36.903146" lon="-4.778992">
        <ele>571.29345</ele>
        <time>2026-05-19T12:17:57.000Z</time>
      </trkpt>
      <trkpt lat="36.903156" lon="-4.778991">
        <ele>571.343264</ele>
        <time>2026-05-19T12:17:58.000Z</time>
      </trkpt>
      <trkpt lat="36.903251" lon="-4.778984">
        <ele>571.815811</ele>
        <time>2026-05-19T12:18:07.000Z</time>
      </trkpt>
      <trkpt lat="36.903296" lon="-4.778986">
        <ele>572.039402</ele>
        <time>2026-05-19T12:18:11.000Z</time>
      </trkpt>
      <trkpt lat="36.903324" lon="-4.778991">
        <ele>572.179848</ele>
        <time>2026-05-19T12:18:14.000Z</time>
      </trkpt>
      <trkpt lat="36.903352" lon="-4.779009">
        <ele>572.336179</ele>
        <time>2026-05-19T12:18:24.000Z</time>
      </trkpt>
      <trkpt lat="36.903352" lon="-4.779014">
        <ele>572.356033</ele>
        <time>2026-05-19T12:18:27.000Z</time>
      </trkpt>
      <trkpt lat="36.903361" lon="-4.779016">
        <ele>572.401423</ele>
        <time>2026-05-19T12:18:29.000Z</time>
      </trkpt>
      <trkpt lat="36.903372" lon="-4.77902">
        <ele>572.458307</ele>
        <time>2026-05-19T12:18:35.000Z</time>
      </trkpt>
      <trkpt lat="36.903387" lon="-4.779029">
        <ele>572.540919</ele>
        <time>2026-05-19T12:18:44.000Z</time>
      </trkpt>
      <trkpt lat="36.9034" lon="-4.779031">
        <ele>572.605958</ele>
        <time>2026-05-19T12:18:45.000Z</time>
      </trkpt>
      <trkpt lat="36.90341" lon="-4.77903">
        <ele>572.655773</ele>
        <time>2026-05-19T12:18:47.000Z</time>
      </trkpt>
      <trkpt lat="36.903407" lon="-4.77904">
        <ele>572.698182</ele>
        <time>2026-05-19T12:18:51.000Z</time>
      </trkpt>
      <trkpt lat="36.903381" lon="-4.779033">
        <ele>572.830245</ele>
        <time>2026-05-19T12:18:54.000Z</time>
      </trkpt>
      <trkpt lat="36.903377" lon="-4.778985">
        <ele>572.960821</ele>
        <time>2026-05-19T12:19:00.000Z</time>
      </trkpt>
      <trkpt lat="36.903395" lon="-4.778963">
        <ele>572.945605</ele>
        <time>2026-05-19T12:19:03.000Z</time>
      </trkpt>
      <trkpt lat="36.903492" lon="-4.778956">
        <ele>572.886866</ele>
        <time>2026-05-19T12:19:13.000Z</time>
      </trkpt>
      <trkpt lat="36.90356" lon="-4.778985">
        <ele>572.843432</ele>
        <time>2026-05-19T12:19:19.000Z</time>
      </trkpt>
      <trkpt lat="36.90357" lon="-4.778986">
        <ele>572.837367</ele>
        <time>2026-05-19T12:19:20.000Z</time>
      </trkpt>
      <trkpt lat="36.903583" lon="-4.778987">
        <ele>572.829493</ele>
        <time>2026-05-19T12:19:21.000Z</time>
      </trkpt>
      <trkpt lat="36.903621" lon="-4.778969">
        <ele>572.804927</ele>
        <time>2026-05-19T12:19:27.000Z</time>
      </trkpt>
      <trkpt lat="36.903617" lon="-4.778962">
        <ele>572.800768</ele>
        <time>2026-05-19T12:19:30.000Z</time>
      </trkpt>
      <trkpt lat="36.903655" lon="-4.778959">
        <ele>572.77775</ele>
        <time>2026-05-19T12:19:39.000Z</time>
      </trkpt>
      <trkpt lat="36.903749" lon="-4.778962">
        <ele>572.720903</ele>
        <time>2026-05-19T12:19:47.000Z</time>
      </trkpt>
      <trkpt lat="36.903758" lon="-4.778962">
        <ele>572.715462</ele>
        <time>2026-05-19T12:19:48.000Z</time>
      </trkpt>
      <trkpt lat="36.903821" lon="-4.778965">
        <ele>572.677348</ele>
        <time>2026-05-19T12:19:53.000Z</time>
      </trkpt>
      <trkpt lat="36.903863" lon="-4.778968">
        <ele>572.651916</ele>
        <time>2026-05-19T12:19:56.000Z</time>
      </trkpt>
      <trkpt lat="36.903965" lon="-4.778939">
        <ele>572.588678</ele>
        <time>2026-05-19T12:20:06.000Z</time>
      </trkpt>
      <trkpt lat="36.904059" lon="-4.778929">
        <ele>572.531645</ele>
        <time>2026-05-19T12:20:15.000Z</time>
      </trkpt>
      <trkpt lat="36.904094" lon="-4.77892">
        <ele>572.510043</ele>
        <time>2026-05-19T12:20:18.000Z</time>
      </trkpt>
      <trkpt lat="36.904099" lon="-4.778919">
        <ele>572.506982</ele>
        <time>2026-05-19T12:20:19.000Z</time>
      </trkpt>
      <trkpt lat="36.904108" lon="-4.778919">
        <ele>572.501541</ele>
        <time>2026-05-19T12:20:20.000Z</time>
      </trkpt>
      <trkpt lat="36.904142" lon="-4.778921">
        <ele>572.480964</ele>
        <time>2026-05-19T12:20:23.000Z</time>
      </trkpt>
      <trkpt lat="36.904221" lon="-4.778926">
        <ele>572.433143</ele>
        <time>2026-05-19T12:20:29.000Z</time>
      </trkpt>
      <trkpt lat="36.904245" lon="-4.778934">
        <ele>572.418127</ele>
        <time>2026-05-19T12:20:31.000Z</time>
      </trkpt>
      <trkpt lat="36.904339" lon="-4.778965">
        <ele>572.359357</ele>
        <time>2026-05-19T12:20:40.000Z</time>
      </trkpt>
      <trkpt lat="36.904466" lon="-4.779002">
        <ele>572.280523</ele>
        <time>2026-05-19T12:20:49.000Z</time>
      </trkpt>
      <trkpt lat="36.904504" lon="-4.779016">
        <ele>572.256574</ele>
        <time>2026-05-19T12:20:52.000Z</time>
      </trkpt>
      <trkpt lat="36.904554" lon="-4.779023">
        <ele>572.226158</ele>
        <time>2026-05-19T12:20:57.000Z</time>
      </trkpt>
      <trkpt lat="36.90458" lon="-4.779031">
        <ele>572.209971</ele>
        <time>2026-05-19T12:21:01.000Z</time>
      </trkpt>
      <trkpt lat="36.904623" lon="-4.77904">
        <ele>572.183613</ele>
        <time>2026-05-19T12:21:05.000Z</time>
      </trkpt>
      <trkpt lat="36.904646" lon="-4.779054">
        <ele>572.168149</ele>
        <time>2026-05-19T12:21:07.000Z</time>
      </trkpt>
      <trkpt lat="36.904679" lon="-4.779069">
        <ele>572.146922</ele>
        <time>2026-05-19T12:21:10.000Z</time>
      </trkpt>
      <trkpt lat="36.904696" lon="-4.779084">
        <ele>572.134344</ele>
        <time>2026-05-19T12:21:12.000Z</time>
      </trkpt>
      <trkpt lat="36.904725" lon="-4.779102">
        <ele>572.114771</ele>
        <time>2026-05-19T12:21:15.000Z</time>
      </trkpt>
      <trkpt lat="36.904761" lon="-4.779115">
        <ele>572.092118</ele>
        <time>2026-05-19T12:21:18.000Z</time>
      </trkpt>
      <trkpt lat="36.904775" lon="-4.779121">
        <ele>572.083171</ele>
        <time>2026-05-19T12:21:19.000Z</time>
      </trkpt>
      <trkpt lat="36.90487" lon="-4.779157">
        <ele>572.02316</ele>
        <time>2026-05-19T12:21:27.000Z</time>
      </trkpt>
      <trkpt lat="36.904887" lon="-4.779164">
        <ele>572.01234</ele>
        <time>2026-05-19T12:21:29.000Z</time>
      </trkpt>
      <trkpt lat="36.904947" lon="-4.779214">
        <ele>571.968752</ele>
        <time>2026-05-19T12:21:35.000Z</time>
      </trkpt>
      <trkpt lat="36.904994" lon="-4.779249">
        <ele>571.935682</ele>
        <time>2026-05-19T12:21:41.000Z</time>
      </trkpt>
      <trkpt lat="36.905" lon="-4.779254">
        <ele>571.931323</ele>
        <time>2026-05-19T12:21:42.000Z</time>
      </trkpt>
      <trkpt lat="36.905077" lon="-4.779281">
        <ele>571.882977</ele>
        <time>2026-05-19T12:21:48.000Z</time>
      </trkpt>
      <trkpt lat="36.90514" lon="-4.779304">
        <ele>571.697965</ele>
        <time>2026-05-19T12:21:52.000Z</time>
      </trkpt>
      <trkpt lat="36.905194" lon="-4.779319">
        <ele>571.532368</ele>
        <time>2026-05-19T12:21:56.000Z</time>
      </trkpt>
      <trkpt lat="36.905202" lon="-4.779365">
        <ele>571.419678</ele>
        <time>2026-05-19T12:22:03.000Z</time>
      </trkpt>
      <trkpt lat="36.905281" lon="-4.779392">
        <ele>571.174506</ele>
        <time>2026-05-19T12:22:12.000Z</time>
      </trkpt>
      <trkpt lat="36.90533" lon="-4.779399">
        <ele>571.026863</ele>
        <time>2026-05-19T12:22:15.000Z</time>
      </trkpt>
      <trkpt lat="36.905375" lon="-4.779417">
        <ele>570.885426</ele>
        <time>2026-05-19T12:22:19.000Z</time>
      </trkpt>
      <trkpt lat="36.905449" lon="-4.779449">
        <ele>570.651025</ele>
        <time>2026-05-19T12:22:26.000Z</time>
      </trkpt>
      <trkpt lat="36.905478" lon="-4.779454">
        <ele>570.563388</ele>
        <time>2026-05-19T12:22:29.000Z</time>
      </trkpt>
      <trkpt lat="36.905567" lon="-4.779493">
        <ele>570.28107</ele>
        <time>2026-05-19T12:22:36.000Z</time>
      </trkpt>
      <trkpt lat="36.905657" lon="-4.779551">
        <ele>569.977971</ele>
        <time>2026-05-19T12:22:45.000Z</time>
      </trkpt>
      <trkpt lat="36.905709" lon="-4.779607">
        <ele>569.772537</ele>
        <time>2026-05-19T12:22:51.000Z</time>
      </trkpt>
      <trkpt lat="36.905715" lon="-4.779616">
        <ele>569.744487</ele>
        <time>2026-05-19T12:22:52.000Z</time>
      </trkpt>
      <trkpt lat="36.905779" lon="-4.7797">
        <ele>569.466744</ele>
        <time>2026-05-19T12:22:59.000Z</time>
      </trkpt>
      <trkpt lat="36.9058" lon="-4.779769">
        <ele>569.290012</ele>
        <time>2026-05-19T12:23:05.000Z</time>
      </trkpt>
      <trkpt lat="36.90579" lon="-4.779798">
        <ele>569.214412</ele>
        <time>2026-05-19T12:23:11.000Z</time>
      </trkpt>
      <trkpt lat="36.90579" lon="-4.779806">
        <ele>569.195262</ele>
        <time>2026-05-19T12:23:13.000Z</time>
      </trkpt>
      <trkpt lat="36.905791" lon="-4.779812">
        <ele>569.180591</ele>
        <time>2026-05-19T12:23:14.000Z</time>
      </trkpt>
      <trkpt lat="36.905793" lon="-4.779814">
        <ele>569.172925</ele>
        <time>2026-05-19T12:23:16.000Z</time>
      </trkpt>
      <trkpt lat="36.905793" lon="-4.779818">
        <ele>569.163349</ele>
        <time>2026-05-19T12:23:19.000Z</time>
      </trkpt>
      <trkpt lat="36.905797" lon="-4.779822">
        <ele>569.148017</ele>
        <time>2026-05-19T12:23:22.000Z</time>
      </trkpt>
      <trkpt lat="36.905816" lon="-4.779861">
        <ele>569.038696</ele>
        <time>2026-05-19T12:23:33.000Z</time>
      </trkpt>
      <trkpt lat="36.905792" lon="-4.779901">
        <ele>568.918986</ele>
        <time>2026-05-19T12:23:41.000Z</time>
      </trkpt>
      <trkpt lat="36.905787" lon="-4.779898">
        <ele>568.902384</ele>
        <time>2026-05-19T12:23:43.000Z</time>
      </trkpt>
      <trkpt lat="36.905793" lon="-4.779881">
        <ele>568.857902</ele>
        <time>2026-05-19T12:23:46.000Z</time>
      </trkpt>
      <trkpt lat="36.905791" lon="-4.779876">
        <ele>568.844519</ele>
        <time>2026-05-19T12:23:47.000Z</time>
      </trkpt>
      <trkpt lat="36.90579" lon="-4.779869">
        <ele>568.827497</ele>
        <time>2026-05-19T12:23:50.000Z</time>
      </trkpt>
      <trkpt lat="36.905786" lon="-4.779867">
        <ele>568.814601</ele>
        <time>2026-05-19T12:23:52.000Z</time>
      </trkpt>
      <trkpt lat="36.905783" lon="-4.779858">
        <ele>568.79126</ele>
        <time>2026-05-19T12:23:56.000Z</time>
      </trkpt>
      <trkpt lat="36.905791" lon="-4.779853">
        <ele>568.764486</ele>
        <time>2026-05-19T12:24:00.000Z</time>
      </trkpt>
      <trkpt lat="36.905817" lon="-4.779915">
        <ele>568.596899</ele>
        <time>2026-05-19T12:24:08.000Z</time>
      </trkpt>
      <trkpt lat="36.905847" lon="-4.780006">
        <ele>568.361276</ele>
        <time>2026-05-19T12:24:14.000Z</time>
      </trkpt>
      <trkpt lat="36.905867" lon="-4.780041">
        <ele>568.258299</ele>
        <time>2026-05-19T12:24:17.000Z</time>
      </trkpt>
      <trkpt lat="36.90592" lon="-4.780107">
        <ele>568.03439</ele>
        <time>2026-05-19T12:24:25.000Z</time>
      </trkpt>
      <trkpt lat="36.905996" lon="-4.780195">
        <ele>567.724326</ele>
        <time>2026-05-19T12:24:36.000Z</time>
      </trkpt>
      <trkpt lat="36.90605" lon="-4.780271">
        <ele>567.480952</ele>
        <time>2026-05-19T12:24:46.000Z</time>
      </trkpt>
      <trkpt lat="36.906062" lon="-4.780288">
        <ele>567.42667</ele>
        <time>2026-05-19T12:24:48.000Z</time>
      </trkpt>
      <trkpt lat="36.906116" lon="-4.780338">
        <ele>567.225527</ele>
        <time>2026-05-19T12:24:55.000Z</time>
      </trkpt>
      <trkpt lat="36.906122" lon="-4.780347">
        <ele>567.197477</ele>
        <time>2026-05-19T12:24:56.000Z</time>
      </trkpt>
      <trkpt lat="36.906136" lon="-4.780366">
        <ele>567.135629</ele>
        <time>2026-05-19T12:24:58.000Z</time>
      </trkpt>
      <trkpt lat="36.906156" lon="-4.78038">
        <ele>567.067015</ele>
        <time>2026-05-19T12:25:00.000Z</time>
      </trkpt>
      <trkpt lat="36.906199" lon="-4.78042">
        <ele>566.906581</ele>
        <time>2026-05-19T12:25:07.000Z</time>
      </trkpt>
      <trkpt lat="36.906211" lon="-4.780431">
        <ele>566.86204</ele>
        <time>2026-05-19T12:25:08.000Z</time>
      </trkpt>
      <trkpt lat="36.906259" lon="-4.780496">
        <ele>566.650242</ele>
        <time>2026-05-19T12:25:10.000Z</time>
      </trkpt>
      <trkpt lat="36.906275" lon="-4.78051">
        <ele>566.591784</ele>
        <time>2026-05-19T12:25:14.000Z</time>
      </trkpt>
      <trkpt lat="36.906273" lon="-4.780509">
        <ele>566.585335</ele>
        <time>2026-05-19T12:25:15.000Z</time>
      </trkpt>
      <trkpt lat="36.906359" lon="-4.780556">
        <ele>566.604823</ele>
        <time>2026-05-19T12:25:25.000Z</time>
      </trkpt>
      <trkpt lat="36.906448" lon="-4.780584">
        <ele>566.761834</ele>
        <time>2026-05-19T12:25:33.000Z</time>
      </trkpt>
      <trkpt lat="36.906479" lon="-4.780593">
        <ele>566.816281</ele>
        <time>2026-05-19T12:25:35.000Z</time>
      </trkpt>
      <trkpt lat="36.906531" lon="-4.780603">
        <ele>566.906292</ele>
        <time>2026-05-19T12:25:40.000Z</time>
      </trkpt>
      <trkpt lat="36.906608" lon="-4.780632">
        <ele>567.043874</ele>
        <time>2026-05-19T12:25:47.000Z</time>
      </trkpt>
      <trkpt lat="36.906627" lon="-4.780639">
        <ele>567.077761</ele>
        <time>2026-05-19T12:25:49.000Z</time>
      </trkpt>
      <trkpt lat="36.906729" lon="-4.78068">
        <ele>567.261062</ele>
        <time>2026-05-19T12:25:57.000Z</time>
      </trkpt>
      <trkpt lat="36.906824" lon="-4.78073">
        <ele>567.437402</ele>
        <time>2026-05-19T12:26:07.000Z</time>
      </trkpt>
      <trkpt lat="36.906906" lon="-4.780788">
        <ele>567.598577</ele>
        <time>2026-05-19T12:26:16.000Z</time>
      </trkpt>
      <trkpt lat="36.907001" lon="-4.780855">
        <ele>567.785173</ele>
        <time>2026-05-19T12:26:26.000Z</time>
      </trkpt>
      <trkpt lat="36.907116" lon="-4.780859">
        <ele>567.981999</ele>
        <time>2026-05-19T12:26:36.000Z</time>
      </trkpt>
      <trkpt lat="36.907211" lon="-4.78088">
        <ele>568.147051</ele>
        <time>2026-05-19T12:26:45.000Z</time>
      </trkpt>
      <trkpt lat="36.90726" lon="-4.780893">
        <ele>568.232749</ele>
        <time>2026-05-19T12:26:51.000Z</time>
      </trkpt>
      <trkpt lat="36.90729" lon="-4.780892">
        <ele>568.284094</ele>
        <time>2026-05-19T12:26:53.000Z</time>
      </trkpt>
      <trkpt lat="36.907389" lon="-4.780877">
        <ele>568.454708</ele>
        <time>2026-05-19T12:27:00.000Z</time>
      </trkpt>
      <trkpt lat="36.907491" lon="-4.780847">
        <ele>568.633978</ele>
        <time>2026-05-19T12:27:07.000Z</time>
      </trkpt>
      <trkpt lat="36.907521" lon="-4.780813">
        <ele>568.703244</ele>
        <time>2026-05-19T12:27:15.000Z</time>
      </trkpt>
      <trkpt lat="36.907575" lon="-4.780728">
        <ele>568.851759</ele>
        <time>2026-05-19T12:27:21.000Z</time>
      </trkpt>
      <trkpt lat="36.907608" lon="-4.780641">
        <ele>568.983489</ele>
        <time>2026-05-19T12:27:27.000Z</time>
      </trkpt>
      <trkpt lat="36.907616" lon="-4.780617">
        <ele>569.019061</ele>
        <time>2026-05-19T12:27:29.000Z</time>
      </trkpt>
      <trkpt lat="36.907624" lon="-4.780604">
        <ele>569.041502</ele>
        <time>2026-05-19T12:27:30.000Z</time>
      </trkpt>
      <trkpt lat="36.907687" lon="-4.780491">
        <ele>569.229955</ele>
        <time>2026-05-19T12:27:38.000Z</time>
      </trkpt>
      <trkpt lat="36.907736" lon="-4.780407">
        <ele>569.372197</ele>
        <time>2026-05-19T12:27:46.000Z</time>
      </trkpt>
      <trkpt lat="36.907758" lon="-4.780352">
        <ele>569.456328</ele>
        <time>2026-05-19T12:27:51.000Z</time>
      </trkpt>
      <trkpt lat="36.907773" lon="-4.780308">
        <ele>569.521763</ele>
        <time>2026-05-19T12:27:57.000Z</time>
      </trkpt>
      <trkpt lat="36.907831" lon="-4.780195">
        <ele>569.332048</ele>
        <time>2026-05-19T12:28:05.000Z</time>
      </trkpt>
      <trkpt lat="36.907844" lon="-4.780177">
        <ele>569.271826</ele>
        <time>2026-05-19T12:28:07.000Z</time>
      </trkpt>
      <trkpt lat="36.907877" lon="-4.780128">
        <ele>569.112766</ele>
        <time>2026-05-19T12:28:12.000Z</time>
      </trkpt>
      <trkpt lat="36.907892" lon="-4.780089">
        <ele>569.005317</ele>
        <time>2026-05-19T12:28:15.000Z</time>
      </trkpt>
      <trkpt lat="36.90791" lon="-4.779981">
        <ele>568.73141</ele>
        <time>2026-05-19T12:28:23.000Z</time>
      </trkpt>
      <trkpt lat="36.907941" lon="-4.779898">
        <ele>568.503963</ele>
        <time>2026-05-19T12:28:32.000Z</time>
      </trkpt>
      <trkpt lat="36.907946" lon="-4.779865">
        <ele>568.420573</ele>
        <time>2026-05-19T12:28:34.000Z</time>
      </trkpt>
      <trkpt lat="36.907974" lon="-4.779787">
        <ele>568.208292</ele>
        <time>2026-05-19T12:28:42.000Z</time>
      </trkpt>
      <trkpt lat="36.907979" lon="-4.779781">
        <ele>568.186776</ele>
        <time>2026-05-19T12:28:43.000Z</time>
      </trkpt>
      <trkpt lat="36.90798" lon="-4.779781">
        <ele>568.183671</ele>
        <time>2026-05-19T12:28:46.000Z</time>
      </trkpt>
      <trkpt lat="36.907976" lon="-4.779786">
        <ele>568.16611</ele>
        <time>2026-05-19T12:28:48.000Z</time>
      </trkpt>
      <trkpt lat="36.90797" lon="-4.779795">
        <ele>568.137017</ele>
        <time>2026-05-19T12:28:50.000Z</time>
      </trkpt>
      <trkpt lat="36.907958" lon="-4.779798">
        <ele>568.099019</ele>
        <time>2026-05-19T12:28:54.000Z</time>
      </trkpt>
      <trkpt lat="36.907956" lon="-4.77979">
        <ele>568.078209</ele>
        <time>2026-05-19T12:29:02.000Z</time>
      </trkpt>
      <trkpt lat="36.907995" lon="-4.779748">
        <ele>567.918401</ele>
        <time>2026-05-19T12:29:10.000Z</time>
      </trkpt>
      <trkpt lat="36.907969" lon="-4.779752">
        <ele>567.837061</ele>
        <time>2026-05-19T12:29:17.000Z</time>
      </trkpt>
      <trkpt lat="36.907962" lon="-4.779754">
        <ele>567.814765</ele>
        <time>2026-05-19T12:29:20.000Z</time>
      </trkpt>
      <trkpt lat="36.90796" lon="-4.779756">
        <ele>567.806814</ele>
        <time>2026-05-19T12:29:21.000Z</time>
      </trkpt>
      <trkpt lat="36.907941" lon="-4.779769">
        <ele>567.739565</ele>
        <time>2026-05-19T12:29:25.000Z</time>
      </trkpt>
      <trkpt lat="36.907948" lon="-4.779768">
        <ele>567.717689</ele>
        <time>2026-05-19T12:29:26.000Z</time>
      </trkpt>
      <trkpt lat="36.907949" lon="-4.779738">
        <ele>567.64314</ele>
        <time>2026-05-19T12:29:33.000Z</time>
      </trkpt>
      <trkpt lat="36.907953" lon="-4.779727">
        <ele>567.613137</ele>
        <time>2026-05-19T12:29:35.000Z</time>
      </trkpt>
      <trkpt lat="36.907943" lon="-4.779677">
        <ele>567.485172</ele>
        <time>2026-05-19T12:29:44.000Z</time>
      </trkpt>
      <trkpt lat="36.90795" lon="-4.779629">
        <ele>567.364031</ele>
        <time>2026-05-19T12:29:52.000Z</time>
      </trkpt>
      <trkpt lat="36.907957" lon="-4.779625">
        <ele>567.340134</ele>
        <time>2026-05-19T12:29:55.000Z</time>
      </trkpt>
      <trkpt lat="36.907973" lon="-4.77964">
        <ele>567.278044</ele>
        <time>2026-05-19T12:30:02.000Z</time>
      </trkpt>
      <trkpt lat="36.908003" lon="-4.779636">
        <ele>567.184364</ele>
        <time>2026-05-19T12:30:09.000Z</time>
      </trkpt>
      <trkpt lat="36.908001" lon="-4.779632">
        <ele>567.172651</ele>
        <time>2026-05-19T12:30:11.000Z</time>
      </trkpt>
      <trkpt lat="36.907995" lon="-4.779629">
        <ele>567.152587</ele>
        <time>2026-05-19T12:30:13.000Z</time>
      </trkpt>
      <trkpt lat="36.908023" lon="-4.779639">
        <ele>567.062169</ele>
        <time>2026-05-19T12:30:19.000Z</time>
      </trkpt>
      <trkpt lat="36.90805" lon="-4.779669">
        <ele>566.950024</ele>
        <time>2026-05-19T12:30:24.000Z</time>
      </trkpt>
      <trkpt lat="36.908053" lon="-4.779678">
        <ele>566.925815</ele>
        <time>2026-05-19T12:30:27.000Z</time>
      </trkpt>
      <trkpt lat="36.908016" lon="-4.779672">
        <ele>566.809966</ele>
        <time>2026-05-19T12:30:34.000Z</time>
      </trkpt>
      <trkpt lat="36.90801" lon="-4.779651">
        <ele>566.754598</ele>
        <time>2026-05-19T12:30:42.000Z</time>
      </trkpt>
      <trkpt lat="36.908013" lon="-4.779684">
        <ele>566.672138</ele>
        <time>2026-05-19T12:30:51.000Z</time>
      </trkpt>
      <trkpt lat="36.908019" lon="-4.779676">
        <ele>566.644905</ele>
        <time>2026-05-19T12:30:59.000Z</time>
      </trkpt>
      <trkpt lat="36.907977" lon="-4.779634">
        <ele>566.477928</ele>
        <time>2026-05-19T12:31:09.000Z</time>
      </trkpt>
      <trkpt lat="36.907965" lon="-4.779626">
        <ele>566.435703</ele>
        <time>2026-05-19T12:31:12.000Z</time>
      </trkpt>
      <trkpt lat="36.907983" lon="-4.779626">
        <ele>566.379812</ele>
        <time>2026-05-19T12:31:18.000Z</time>
      </trkpt>
      <trkpt lat="36.907989" lon="-4.779627">
        <ele>566.361017</ele>
        <time>2026-05-19T12:31:21.000Z</time>
      </trkpt>
      <trkpt lat="36.907997" lon="-4.779621">
        <ele>566.332052</ele>
        <time>2026-05-19T12:31:25.000Z</time>
      </trkpt>
      <trkpt lat="36.907989" lon="-4.779618">
        <ele>566.306119</ele>
        <time>2026-05-19T12:31:26.000Z</time>
      </trkpt>
      <trkpt lat="36.90799" lon="-4.779617">
        <ele>566.302143</ele>
        <time>2026-05-19T12:31:28.000Z</time>
      </trkpt>
      <trkpt lat="36.907977" lon="-4.779614">
        <ele>566.261096</ele>
        <time>2026-05-19T12:31:30.000Z</time>
      </trkpt>
      <trkpt lat="36.907955" lon="-4.779627">
        <ele>566.185543</ele>
        <time>2026-05-19T12:31:36.000Z</time>
      </trkpt>
      <trkpt lat="36.907959" lon="-4.779627">
        <ele>566.173123</ele>
        <time>2026-05-19T12:31:41.000Z</time>
      </trkpt>
      <trkpt lat="36.907999" lon="-4.779597">
        <ele>566.028298</ele>
        <time>2026-05-19T12:31:47.000Z</time>
      </trkpt>
      <trkpt lat="36.907982" lon="-4.779646">
        <ele>565.895682</ele>
        <time>2026-05-19T12:31:54.000Z</time>
      </trkpt>
      <trkpt lat="36.907961" lon="-4.779664">
        <ele>565.816631</ele>
        <time>2026-05-19T12:32:04.000Z</time>
      </trkpt>
      <trkpt lat="36.907968" lon="-4.779656">
        <ele>565.787187</ele>
        <time>2026-05-19T12:32:06.000Z</time>
      </trkpt>
      <trkpt lat="36.90795" lon="-4.77963">
        <ele>565.7018</ele>
        <time>2026-05-19T12:32:13.000Z</time>
      </trkpt>
      <trkpt lat="36.90794" lon="-4.779625">
        <ele>565.668359</ele>
        <time>2026-05-19T12:32:15.000Z</time>
      </trkpt>
      <trkpt lat="36.907911" lon="-4.779594">
        <ele>565.549901</ele>
        <time>2026-05-19T12:32:21.000Z</time>
      </trkpt>
      <trkpt lat="36.90786" lon="-4.779508">
        <ele>565.284064</ele>
        <time>2026-05-19T12:32:30.000Z</time>
      </trkpt>
      <trkpt lat="36.907774" lon="-4.779435">
        <ele>564.961329</ele>
        <time>2026-05-19T12:32:39.000Z</time>
      </trkpt>
      <trkpt lat="36.907731" lon="-4.779395">
        <ele>564.794926</ele>
        <time>2026-05-19T12:32:44.000Z</time>
      </trkpt>
      <trkpt lat="36.907713" lon="-4.779349">
        <ele>564.667773</ele>
        <time>2026-05-19T12:32:48.000Z</time>
      </trkpt>
      <trkpt lat="36.907679" lon="-4.77926">
        <ele>564.422878</ele>
        <time>2026-05-19T12:32:56.000Z</time>
      </trkpt>
      <trkpt lat="36.907635" lon="-4.7792">
        <ele>564.220745</ele>
        <time>2026-05-19T12:33:03.000Z</time>
      </trkpt>
      <trkpt lat="36.90763" lon="-4.779192">
        <ele>564.195535</ele>
        <time>2026-05-19T12:33:04.000Z</time>
      </trkpt>
      <trkpt lat="36.907621" lon="-4.779173">
        <ele>564.140705</ele>
        <time>2026-05-19T12:33:06.000Z</time>
      </trkpt>
      <trkpt lat="36.9076" lon="-4.779129">
        <ele>564.01348</ele>
        <time>2026-05-19T12:33:10.000Z</time>
      </trkpt>
      <trkpt lat="36.907562" lon="-4.779029">
        <ele>563.655358</ele>
        <time>2026-05-19T12:33:19.000Z</time>
      </trkpt>
      <trkpt lat="36.907545" lon="-4.778987">
        <ele>563.499462</ele>
        <time>2026-05-19T12:33:22.000Z</time>
      </trkpt>
      <trkpt lat="36.907533" lon="-4.778928">
        <ele>563.297851</ele>
        <time>2026-05-19T12:33:27.000Z</time>
      </trkpt>
      <trkpt lat="36.907496" lon="-4.778899">
        <ele>563.117003</ele>
        <time>2026-05-19T12:33:32.000Z</time>
      </trkpt>
      <trkpt lat="36.907483" lon="-4.778898">
        <ele>563.06306</ele>
        <time>2026-05-19T12:33:33.000Z</time>
      </trkpt>
      <trkpt lat="36.907453" lon="-4.778881">
        <ele>562.926651</ele>
        <time>2026-05-19T12:33:35.000Z</time>
      </trkpt>
      <trkpt lat="36.907373" lon="-4.778823">
        <ele>562.54367</ele>
        <time>2026-05-19T12:33:43.000Z</time>
      </trkpt>
      <trkpt lat="36.907338" lon="-4.778786">
        <ele>562.353862</ele>
        <time>2026-05-19T12:33:48.000Z</time>
      </trkpt>
      <trkpt lat="36.907298" lon="-4.778756">
        <ele>562.16069</ele>
        <time>2026-05-19T12:33:53.000Z</time>
      </trkpt>
      <trkpt lat="36.90725" lon="-4.778727">
        <ele>561.939908</ele>
        <time>2026-05-19T12:33:59.000Z</time>
      </trkpt>
      <trkpt lat="36.907213" lon="-4.778687">
        <ele>561.737349</ele>
        <time>2026-05-19T12:34:04.000Z</time>
      </trkpt>
      <trkpt lat="36.907207" lon="-4.778678">
        <ele>561.698543</ele>
        <time>2026-05-19T12:34:05.000Z</time>
      </trkpt>
      <trkpt lat="36.907143" lon="-4.778596">
        <ele>561.319065</ele>
        <time>2026-05-19T12:34:13.000Z</time>
      </trkpt>
      <trkpt lat="36.907139" lon="-4.778595">
        <ele>561.30217</ele>
        <time>2026-05-19T12:34:14.000Z</time>
      </trkpt>
      <trkpt lat="36.907077" lon="-4.778544">
        <ele>560.994822</ele>
        <time>2026-05-19T12:34:21.000Z</time>
      </trkpt>
      <trkpt lat="36.907038" lon="-4.77847">
        <ele>560.701313</ele>
        <time>2026-05-19T12:34:29.000Z</time>
      </trkpt>
      <trkpt lat="36.906959" lon="-4.778429">
        <ele>560.347069</ele>
        <time>2026-05-19T12:34:37.000Z</time>
      </trkpt>
      <trkpt lat="36.906924" lon="-4.778412">
        <ele>560.191562</ele>
        <time>2026-05-19T12:34:39.000Z</time>
      </trkpt>
      <trkpt lat="36.906811" lon="-4.778394">
        <ele>559.719776</ele>
        <time>2026-05-19T12:34:47.000Z</time>
      </trkpt>
      <trkpt lat="36.906737" lon="-4.778377">
        <ele>559.408166</ele>
        <time>2026-05-19T12:34:54.000Z</time>
      </trkpt>
      <trkpt lat="36.906692" lon="-4.778368">
        <ele>559.219424</ele>
        <time>2026-05-19T12:34:58.000Z</time>
      </trkpt>
      <trkpt lat="36.906667" lon="-4.778344">
        <ele>559.088894</ele>
        <time>2026-05-19T12:35:04.000Z</time>
      </trkpt>
      <trkpt lat="36.90661" lon="-4.778284">
        <ele>558.780327</ele>
        <time>2026-05-19T12:35:11.000Z</time>
      </trkpt>
      <trkpt lat="36.906592" lon="-4.77824">
        <ele>558.616648</ele>
        <time>2026-05-19T12:35:14.000Z</time>
      </trkpt>
      <trkpt lat="36.906592" lon="-4.778181">
        <ele>558.421257</ele>
        <time>2026-05-19T12:35:18.000Z</time>
      </trkpt>
      <trkpt lat="36.906615" lon="-4.778151">
        <ele>558.283617</ele>
        <time>2026-05-19T12:35:22.000Z</time>
      </trkpt>
      <trkpt lat="36.906644" lon="-4.778125">
        <ele>558.135834</ele>
        <time>2026-05-19T12:35:27.000Z</time>
      </trkpt>
      <trkpt lat="36.90668" lon="-4.778096">
        <ele>557.95848</ele>
        <time>2026-05-19T12:35:32.000Z</time>
      </trkpt>
      <trkpt lat="36.906707" lon="-4.778079">
        <ele>557.833283</ele>
        <time>2026-05-19T12:35:35.000Z</time>
      </trkpt>
      <trkpt lat="36.90674" lon="-4.77805">
        <ele>557.66624</ele>
        <time>2026-05-19T12:35:40.000Z</time>
      </trkpt>
      <trkpt lat="36.906742" lon="-4.778048">
        <ele>557.655634</ele>
        <time>2026-05-19T12:35:41.000Z</time>
      </trkpt>
      <trkpt lat="36.906754" lon="-4.778027">
        <ele>557.570155</ele>
        <time>2026-05-19T12:35:48.000Z</time>
      </trkpt>
      <trkpt lat="36.90676" lon="-4.778018">
        <ele>557.531349</ele>
        <time>2026-05-19T12:35:50.000Z</time>
      </trkpt>
      <trkpt lat="36.90677" lon="-4.778012">
        <ele>557.485413</ele>
        <time>2026-05-19T12:35:52.000Z</time>
      </trkpt>
      <trkpt lat="36.906781" lon="-4.777979">
        <ele>557.367011</ele>
        <time>2026-05-19T12:35:56.000Z</time>
      </trkpt>
      <trkpt lat="36.906782" lon="-4.777964">
        <ele>557.317163</ele>
        <time>2026-05-19T12:35:57.000Z</time>
      </trkpt>
      <trkpt lat="36.906807" lon="-4.777845">
        <ele>556.909694</ele>
        <time>2026-05-19T12:36:07.000Z</time>
      </trkpt>
      <trkpt lat="36.906836" lon="-4.777745">
        <ele>556.557416</ele>
        <time>2026-05-19T12:36:17.000Z</time>
      </trkpt>
      <trkpt lat="36.90684" lon="-4.777735">
        <ele>556.562851</ele>
        <time>2026-05-19T12:36:18.000Z</time>
      </trkpt>
      <trkpt lat="36.906845" lon="-4.777725">
        <ele>556.615052</ele>
        <time>2026-05-19T12:36:19.000Z</time>
      </trkpt>
      <trkpt lat="36.906855" lon="-4.777662">
        <ele>556.899329</ele>
        <time>2026-05-19T12:36:25.000Z</time>
      </trkpt>
      <trkpt lat="36.906858" lon="-4.777645">
        <ele>556.976382</ele>
        <time>2026-05-19T12:36:27.000Z</time>
      </trkpt>
      <trkpt lat="36.906853" lon="-4.777623">
        <ele>557.07761</ele>
        <time>2026-05-19T12:36:30.000Z</time>
      </trkpt>
      <trkpt lat="36.906853" lon="-4.777616">
        <ele>557.108592</ele>
        <time>2026-05-19T12:36:31.000Z</time>
      </trkpt>
      <trkpt lat="36.906851" lon="-4.777596">
        <ele>557.197801</ele>
        <time>2026-05-19T12:36:33.000Z</time>
      </trkpt>
      <trkpt lat="36.906846" lon="-4.777505">
        <ele>557.601515</ele>
        <time>2026-05-19T12:36:40.000Z</time>
      </trkpt>
      <trkpt lat="36.906848" lon="-4.777493">
        <ele>557.655768</ele>
        <time>2026-05-19T12:36:41.000Z</time>
      </trkpt>
      <trkpt lat="36.906863" lon="-4.777424">
        <ele>557.972246</ele>
        <time>2026-05-19T12:36:46.000Z</time>
      </trkpt>
      <trkpt lat="36.906877" lon="-4.777393">
        <ele>558.129822</ele>
        <time>2026-05-19T12:36:50.000Z</time>
      </trkpt>
      <trkpt lat="36.906882" lon="-4.777374">
        <ele>558.218353</ele>
        <time>2026-05-19T12:36:52.000Z</time>
      </trkpt>
      <trkpt lat="36.90692" lon="-4.777319">
        <ele>558.540065</ele>
        <time>2026-05-19T12:36:57.000Z</time>
      </trkpt>
      <trkpt lat="36.906931" lon="-4.777308">
        <ele>558.618023</ele>
        <time>2026-05-19T12:36:58.000Z</time>
      </trkpt>
      <trkpt lat="36.906939" lon="-4.777299">
        <ele>558.677585</ele>
        <time>2026-05-19T12:36:59.000Z</time>
      </trkpt>
      <trkpt lat="36.906948" lon="-4.777294">
        <ele>558.732095</ele>
        <time>2026-05-19T12:37:00.000Z</time>
      </trkpt>
      <trkpt lat="36.906955" lon="-4.777283">
        <ele>558.794317</ele>
        <time>2026-05-19T12:37:01.000Z</time>
      </trkpt>
      <trkpt lat="36.906974" lon="-4.777254">
        <ele>558.960253</ele>
        <time>2026-05-19T12:37:03.000Z</time>
      </trkpt>
      <trkpt lat="36.906988" lon="-4.777227">
        <ele>559.102681</ele>
        <time>2026-05-19T12:37:05.000Z</time>
      </trkpt>
      <trkpt lat="36.906993" lon="-4.777214">
        <ele>559.166529</ele>
        <time>2026-05-19T12:37:06.000Z</time>
      </trkpt>
      <trkpt lat="36.907025" lon="-4.777126">
        <ele>559.594398</ele>
        <time>2026-05-19T12:37:13.000Z</time>
      </trkpt>
      <trkpt lat="36.907041" lon="-4.777088">
        <ele>559.784477</ele>
        <time>2026-05-19T12:37:15.000Z</time>
      </trkpt>
      <trkpt lat="36.907068" lon="-4.777046">
        <ele>560.022994</ele>
        <time>2026-05-19T12:37:23.000Z</time>
      </trkpt>
      <trkpt lat="36.90707" lon="-4.777037">
        <ele>560.064337</ele>
        <time>2026-05-19T12:37:26.000Z</time>
      </trkpt>
      <trkpt lat="36.907091" lon="-4.776952">
        <ele>560.458093</ele>
        <time>2026-05-19T12:37:33.000Z</time>
      </trkpt>
      <trkpt lat="36.907094" lon="-4.776946">
        <ele>560.489413</ele>
        <time>2026-05-19T12:37:34.000Z</time>
      </trkpt>
      <trkpt lat="36.907112" lon="-4.776831">
        <ele>561.008059</ele>
        <time>2026-05-19T12:37:44.000Z</time>
      </trkpt>
      <trkpt lat="36.907135" lon="-4.776774">
        <ele>561.290641</ele>
        <time>2026-05-19T12:37:48.000Z</time>
      </trkpt>
      <trkpt lat="36.907182" lon="-4.776682">
        <ele>561.77384</ele>
        <time>2026-05-19T12:37:54.000Z</time>
      </trkpt>
      <trkpt lat="36.907216" lon="-4.776632">
        <ele>562.06434</ele>
        <time>2026-05-19T12:37:59.000Z</time>
      </trkpt>
      <trkpt lat="36.90722" lon="-4.776625">
        <ele>562.10242</ele>
        <time>2026-05-19T12:38:00.000Z</time>
      </trkpt>
      <trkpt lat="36.907245" lon="-4.776589">
        <ele>562.313456</ele>
        <time>2026-05-19T12:38:04.000Z</time>
      </trkpt>
      <trkpt lat="36.907267" lon="-4.776549">
        <ele>562.528331</ele>
        <time>2026-05-19T12:38:09.000Z</time>
      </trkpt>
      <trkpt lat="36.907275" lon="-4.776547">
        <ele>562.573488</ele>
        <time>2026-05-19T12:38:13.000Z</time>
      </trkpt>
      <trkpt lat="36.907315" lon="-4.776512">
        <ele>562.843705</ele>
        <time>2026-05-19T12:38:19.000Z</time>
      </trkpt>
      <trkpt lat="36.907319" lon="-4.776501">
        <ele>562.897189</ele>
        <time>2026-05-19T12:38:21.000Z</time>
      </trkpt>
      <trkpt lat="36.907311" lon="-4.776481">
        <ele>562.996166</ele>
        <time>2026-05-19T12:38:25.000Z</time>
      </trkpt>
      <trkpt lat="36.907303" lon="-4.776467">
        <ele>563.072326</ele>
        <time>2026-05-19T12:38:29.000Z</time>
      </trkpt>
      <trkpt lat="36.907303" lon="-4.776428">
        <ele>563.244938</ele>
        <time>2026-05-19T12:38:37.000Z</time>
      </trkpt>
      <trkpt lat="36.907322" lon="-4.776407">
        <ele>563.385291</ele>
        <time>2026-05-19T12:38:40.000Z</time>
      </trkpt>
      <trkpt lat="36.907409" lon="-4.776331">
        <ele>563.972696</ele>
        <time>2026-05-19T12:38:48.000Z</time>
      </trkpt>
      <trkpt lat="36.907434" lon="-4.776256">
        <ele>564.33233</ele>
        <time>2026-05-19T12:38:57.000Z</time>
      </trkpt>
      <trkpt lat="36.907453" lon="-4.776167">
        <ele>564.740037</ele>
        <time>2026-05-19T12:39:05.000Z</time>
      </trkpt>
      <trkpt lat="36.90746" lon="-4.776142">
        <ele>564.857274</ele>
        <time>2026-05-19T12:39:07.000Z</time>
      </trkpt>
      <trkpt lat="36.907482" lon="-4.776043">
        <ele>565.312049</ele>
        <time>2026-05-19T12:39:16.000Z</time>
      </trkpt>
      <trkpt lat="36.907504" lon="-4.776004">
        <ele>565.523292</ele>
        <time>2026-05-19T12:39:25.000Z</time>
      </trkpt>
      <trkpt lat="36.907546" lon="-4.776022">
        <ele>565.76904</ele>
        <time>2026-05-19T12:39:33.000Z</time>
      </trkpt>
      <trkpt lat="36.907589" lon="-4.776009">
        <ele>566.013907</ele>
        <time>2026-05-19T12:39:42.000Z</time>
      </trkpt>
      <trkpt lat="36.907614" lon="-4.775998">
        <ele>566.1606</ele>
        <time>2026-05-19T12:39:44.000Z</time>
      </trkpt>
      <trkpt lat="36.907628" lon="-4.775992">
        <ele>566.242516</ele>
        <time>2026-05-19T12:39:45.000Z</time>
      </trkpt>
      <trkpt lat="36.907663" lon="-4.775963">
        <ele>566.474908</ele>
        <time>2026-05-19T12:39:52.000Z</time>
      </trkpt>
      <trkpt lat="36.907613" lon="-4.775955">
        <ele>566.506899</ele>
        <time>2026-05-19T12:40:00.000Z</time>
      </trkpt>
      <trkpt lat="36.907607" lon="-4.775955">
        <ele>566.508508</ele>
        <time>2026-05-19T12:40:01.000Z</time>
      </trkpt>
      <trkpt lat="36.907598" lon="-4.775961">
        <ele>566.511241</ele>
        <time>2026-05-19T12:40:10.000Z</time>
      </trkpt>
      <trkpt lat="36.907605" lon="-4.776021">
        <ele>566.524238</ele>
        <time>2026-05-19T12:40:20.000Z</time>
      </trkpt>
      <trkpt lat="36.907624" lon="-4.776014">
        <ele>566.529548</ele>
        <time>2026-05-19T12:40:25.000Z</time>
      </trkpt>
      <trkpt lat="36.907639" lon="-4.776028">
        <ele>566.534565</ele>
        <time>2026-05-19T12:40:29.000Z</time>
      </trkpt>
      <trkpt lat="36.907641" lon="-4.776016">
        <ele>566.537192</ele>
        <time>2026-05-19T12:40:35.000Z</time>
      </trkpt>
      <trkpt lat="36.907649" lon="-4.776002">
        <ele>566.540881</ele>
        <time>2026-05-19T12:40:39.000Z</time>
      </trkpt>
      <trkpt lat="36.907674" lon="-4.776004">
        <ele>566.547596</ele>
        <time>2026-05-19T12:40:43.000Z</time>
      </trkpt>
      <trkpt lat="36.907676" lon="-4.775999">
        <ele>566.548794</ele>
        <time>2026-05-19T12:40:47.000Z</time>
      </trkpt>
      <trkpt lat="36.907675" lon="-4.775999">
        <ele>566.549062</ele>
        <time>2026-05-19T12:40:48.000Z</time>
      </trkpt>
      <trkpt lat="36.907663" lon="-4.776">
        <ele>566.552286</ele>
        <time>2026-05-19T12:40:50.000Z</time>
      </trkpt>
      <trkpt lat="36.907653" lon="-4.776003">
        <ele>566.555043</ele>
        <time>2026-05-19T12:40:51.000Z</time>
      </trkpt>
      <trkpt lat="36.907609" lon="-4.776">
        <ele>566.566855</ele>
        <time>2026-05-19T12:40:59.000Z</time>
      </trkpt>
      <trkpt lat="36.907612" lon="-4.775961">
        <ele>566.575253</ele>
        <time>2026-05-19T12:41:08.000Z</time>
      </trkpt>
      <trkpt lat="36.907611" lon="-4.775954">
        <ele>566.576777</ele>
        <time>2026-05-19T12:41:10.000Z</time>
      </trkpt>
      <trkpt lat="36.907565" lon="-4.776019">
        <ele>566.595382</ele>
        <time>2026-05-19T12:41:19.000Z</time>
      </trkpt>
      <trkpt lat="36.907533" lon="-4.776063">
        <ele>566.608131</ele>
        <time>2026-05-19T12:41:23.000Z</time>
      </trkpt>
      <trkpt lat="36.907524" lon="-4.776078">
        <ele>566.612151</ele>
        <time>2026-05-19T12:41:25.000Z</time>
      </trkpt>
      <trkpt lat="36.907521" lon="-4.776085">
        <ele>566.613853</ele>
        <time>2026-05-19T12:41:29.000Z</time>
      </trkpt>
      <trkpt lat="36.907544" lon="-4.776025">
        <ele>566.628115</ele>
        <time>2026-05-19T12:41:37.000Z</time>
      </trkpt>
      <trkpt lat="36.907557" lon="-4.775998">
        <ele>566.63487</ele>
        <time>2026-05-19T12:41:39.000Z</time>
      </trkpt>
      <trkpt lat="36.907572" lon="-4.775975">
        <ele>566.641232</ele>
        <time>2026-05-19T12:41:41.000Z</time>
      </trkpt>
      <trkpt lat="36.907598" lon="-4.775964">
        <ele>566.64859</ele>
        <time>2026-05-19T12:41:49.000Z</time>
      </trkpt>
      <trkpt lat="36.907578" lon="-4.775975">
        <ele>566.654446</ele>
        <time>2026-05-19T12:41:54.000Z</time>
      </trkpt>
      <trkpt lat="36.907561" lon="-4.775987">
        <ele>566.659679</ele>
        <time>2026-05-19T12:41:56.000Z</time>
      </trkpt>
      <trkpt lat="36.907608" lon="-4.776051">
        <ele>566.678305</ele>
        <time>2026-05-19T12:42:05.000Z</time>
      </trkpt>
      <trkpt lat="36.9077" lon="-4.776055">
        <ele>566.702981</ele>
        <time>2026-05-19T12:42:11.000Z</time>
      </trkpt>
      <trkpt lat="36.907773" lon="-4.776039">
        <ele>566.722848</ele>
        <time>2026-05-19T12:42:13.000Z</time>
      </trkpt>
      <trkpt lat="36.907884" lon="-4.776015">
        <ele>566.753044</ele>
        <time>2026-05-19T12:42:18.000Z</time>
      </trkpt>
      <trkpt lat="36.907881" lon="-4.776018">
        <ele>566.754074</ele>
        <time>2026-05-19T12:42:20.000Z</time>
      </trkpt>
      <trkpt lat="36.90774" lon="-4.775991">
        <ele>566.792311</ele>
        <time>2026-05-19T12:42:28.000Z</time>
      </trkpt>
      <trkpt lat="36.907628" lon="-4.776001">
        <ele>566.82241</ele>
        <time>2026-05-19T12:42:35.000Z</time>
      </trkpt>
      <trkpt lat="36.90756" lon="-4.776015">
        <ele>566.840883</ele>
        <time>2026-05-19T12:42:44.000Z</time>
      </trkpt>
      <trkpt lat="36.907536" lon="-4.776025">
        <ele>566.847665</ele>
        <time>2026-05-19T12:42:47.000Z</time>
      </trkpt>
      <trkpt lat="36.907509" lon="-4.776028">
        <ele>566.854931</ele>
        <time>2026-05-19T12:42:55.000Z</time>
      </trkpt>
      <trkpt lat="36.9075" lon="-4.775987">
        <ele>566.864044</ele>
        <time>2026-05-19T12:43:06.000Z</time>
      </trkpt>
      <trkpt lat="36.907533" lon="-4.775969">
        <ele>566.873695</ele>
        <time>2026-05-19T12:43:15.000Z</time>
      </trkpt>
      <trkpt lat="36.90756" lon="-4.775961">
        <ele>566.881133</ele>
        <time>2026-05-19T12:43:17.000Z</time>
      </trkpt>
      <trkpt lat="36.907723" lon="-4.775938">
        <ele>566.925104</ele>
        <time>2026-05-19T12:43:24.000Z</time>
      </trkpt>
      <trkpt lat="36.907787" lon="-4.775928">
        <ele>566.942393</ele>
        <time>2026-05-19T12:43:27.000Z</time>
      </trkpt>
      <trkpt lat="36.90789" lon="-4.775913">
        <ele>566.97019</ele>
        <time>2026-05-19T12:43:32.000Z</time>
      </trkpt>
      <trkpt lat="36.907891" lon="-4.775938">
        <ele>566.975555</ele>
        <time>2026-05-19T12:43:37.000Z</time>
      </trkpt>
      <trkpt lat="36.907833" lon="-4.775948">
        <ele>567.046473</ele>
        <time>2026-05-19T12:43:41.000Z</time>
      </trkpt>
      <trkpt lat="36.907796" lon="-4.775951">
        <ele>567.093555</ele>
        <time>2026-05-19T12:43:45.000Z</time>
      </trkpt>
      <trkpt lat="36.907735" lon="-4.775999">
        <ele>567.185073</ele>
        <time>2026-05-19T12:43:50.000Z</time>
      </trkpt>
      <trkpt lat="36.907639" lon="-4.776034">
        <ele>567.312051</ele>
        <time>2026-05-19T12:43:55.000Z</time>
      </trkpt>
      <trkpt lat="36.90763" lon="-4.776037">
        <ele>567.323879</ele>
        <time>2026-05-19T12:43:56.000Z</time>
      </trkpt>
      <trkpt lat="36.907602" lon="-4.775995">
        <ele>567.379402</ele>
        <time>2026-05-19T12:44:04.000Z</time>
      </trkpt>
      <trkpt lat="36.907529" lon="-4.775981">
        <ele>567.473184</ele>
        <time>2026-05-19T12:44:12.000Z</time>
      </trkpt>
      <trkpt lat="36.907524" lon="-4.775979">
        <ele>567.47985</ele>
        <time>2026-05-19T12:44:13.000Z</time>
      </trkpt>
      <trkpt lat="36.90746" lon="-4.775989">
        <ele>567.561751</ele>
        <time>2026-05-19T12:44:21.000Z</time>
      </trkpt>
      <trkpt lat="36.907443" lon="-4.775975">
        <ele>567.587598</ele>
        <time>2026-05-19T12:44:25.000Z</time>
      </trkpt>
      <trkpt lat="36.907439" lon="-4.775958">
        <ele>567.605591</ele>
        <time>2026-05-19T12:44:27.000Z</time>
      </trkpt>
      <trkpt lat="36.907438" lon="-4.775932">
        <ele>567.632021</ele>
        <time>2026-05-19T12:44:29.000Z</time>
      </trkpt>
      <trkpt lat="36.907434" lon="-4.775851">
        <ele>567.714423</ele>
        <time>2026-05-19T12:44:37.000Z</time>
      </trkpt>
      <trkpt lat="36.907441" lon="-4.775782">
        <ele>567.785045</ele>
        <time>2026-05-19T12:44:42.000Z</time>
      </trkpt>
      <trkpt lat="36.907442" lon="-4.775729">
        <ele>567.838875</ele>
        <time>2026-05-19T12:44:46.000Z</time>
      </trkpt>
      <trkpt lat="36.907439" lon="-4.77563">
        <ele>567.939468</ele>
        <time>2026-05-19T12:44:53.000Z</time>
      </trkpt>
      <trkpt lat="36.907423" lon="-4.775551">
        <ele>568.022216</ele>
        <time>2026-05-19T12:45:00.000Z</time>
      </trkpt>
      <trkpt lat="36.907413" lon="-4.775524">
        <ele>568.052429</ele>
        <time>2026-05-19T12:45:02.000Z</time>
      </trkpt>
      <trkpt lat="36.907407" lon="-4.775447">
        <ele>568.130982</ele>
        <time>2026-05-19T12:45:10.000Z</time>
      </trkpt>
      <trkpt lat="36.907422" lon="-4.77546">
        <ele>568.154157</ele>
        <time>2026-05-19T12:45:21.000Z</time>
      </trkpt>
      <trkpt lat="36.907414" lon="-4.775461">
        <ele>568.164366</ele>
        <time>2026-05-19T12:45:32.000Z</time>
      </trkpt>
      <trkpt lat="36.907373" lon="-4.775469">
        <ele>568.217059</ele>
        <time>2026-05-19T12:45:42.000Z</time>
      </trkpt>
      <trkpt lat="36.907371" lon="-4.775463">
        <ele>568.223659</ele>
        <time>2026-05-19T12:45:44.000Z</time>
      </trkpt>
      <trkpt lat="36.907378" lon="-4.775449">
        <ele>568.240425</ele>
        <time>2026-05-19T12:45:49.000Z</time>
      </trkpt>
      <trkpt lat="36.907395" lon="-4.775391">
        <ele>568.303148</ele>
        <time>2026-05-19T12:45:57.000Z</time>
      </trkpt>
      <trkpt lat="36.907407" lon="-4.775406">
        <ele>568.324693</ele>
        <time>2026-05-19T12:46:06.000Z</time>
      </trkpt>
      <trkpt lat="36.90742" lon="-4.775399">
        <ele>568.342666</ele>
        <time>2026-05-19T12:46:09.000Z</time>
      </trkpt>
      <trkpt lat="36.907474" lon="-4.775384">
        <ele>568.412908</ele>
        <time>2026-05-19T12:46:16.000Z</time>
      </trkpt>
      <trkpt lat="36.907441" lon="-4.775377">
        <ele>568.455411</ele>
        <time>2026-05-19T12:46:26.000Z</time>
      </trkpt>
      <trkpt lat="36.907414" lon="-4.77537">
        <ele>568.490426</ele>
        <time>2026-05-19T12:46:35.000Z</time>
      </trkpt>
      <trkpt lat="36.907419" lon="-4.775356">
        <ele>568.505994</ele>
        <time>2026-05-19T12:46:40.000Z</time>
      </trkpt>
      <trkpt lat="36.90741" lon="-4.77534">
        <ele>568.525857</ele>
        <time>2026-05-19T12:46:43.000Z</time>
      </trkpt>
      <trkpt lat="36.90741" lon="-4.775336">
        <ele>568.529919</ele>
        <time>2026-05-19T12:46:44.000Z</time>
      </trkpt>
      <trkpt lat="36.907408" lon="-4.775333">
        <ele>568.533885</ele>
        <time>2026-05-19T12:46:45.000Z</time>
      </trkpt>
      <trkpt lat="36.907407" lon="-4.77533">
        <ele>568.537185</ele>
        <time>2026-05-19T12:46:46.000Z</time>
      </trkpt>
      <trkpt lat="36.90741" lon="-4.775321">
        <ele>568.547085</ele>
        <time>2026-05-19T12:46:53.000Z</time>
      </trkpt>
      <trkpt lat="36.907407" lon="-4.775334">
        <ele>568.560824</ele>
        <time>2026-05-19T12:46:57.000Z</time>
      </trkpt>
      <trkpt lat="36.907402" lon="-4.775357">
        <ele>568.585025</ele>
        <time>2026-05-19T12:47:00.000Z</time>
      </trkpt>
      <trkpt lat="36.907399" lon="-4.775361">
        <ele>568.590594</ele>
        <time>2026-05-19T12:47:01.000Z</time>
      </trkpt>
      <trkpt lat="36.907413" lon="-4.7754">
        <ele>568.634001</ele>
        <time>2026-05-19T12:47:05.000Z</time>
      </trkpt>
      <trkpt lat="36.907406" lon="-4.775406">
        <ele>568.644777</ele>
        <time>2026-05-19T12:47:12.000Z</time>
      </trkpt>
      <trkpt lat="36.907464" lon="-4.775422">
        <ele>568.720198</ele>
        <time>2026-05-19T12:47:22.000Z</time>
      </trkpt>
      <trkpt lat="36.907499" lon="-4.7754">
        <ele>568.76994</ele>
        <time>2026-05-19T12:47:30.000Z</time>
      </trkpt>
      <trkpt lat="36.907505" lon="-4.775398">
        <ele>568.777825</ele>
        <time>2026-05-19T12:47:31.000Z</time>
      </trkpt>
      <trkpt lat="36.907504" lon="-4.775402">
        <ele>568.78208</ele>
        <time>2026-05-19T12:47:36.000Z</time>
      </trkpt>
      <trkpt lat="36.907473" lon="-4.775404">
        <ele>568.821498</ele>
        <time>2026-05-19T12:47:40.000Z</time>
      </trkpt>
      <trkpt lat="36.907445" lon="-4.775374">
        <ele>568.868317</ele>
        <time>2026-05-19T12:47:47.000Z</time>
      </trkpt>
      <trkpt lat="36.907441" lon="-4.77539">
        <ele>568.885338</ele>
        <time>2026-05-19T12:47:50.000Z</time>
      </trkpt>
      <trkpt lat="36.907436" lon="-4.7754">
        <ele>568.897314</ele>
        <time>2026-05-19T12:47:52.000Z</time>
      </trkpt>
      <trkpt lat="36.907426" lon="-4.775404">
        <ele>568.910646</ele>
        <time>2026-05-19T12:47:54.000Z</time>
      </trkpt>
      <trkpt lat="36.907401" lon="-4.77537">
        <ele>568.957546</ele>
        <time>2026-05-19T12:48:00.000Z</time>
      </trkpt>
      <trkpt lat="36.907363" lon="-4.775287">
        <ele>569.054658</ele>
        <time>2026-05-19T12:48:07.000Z</time>
      </trkpt>
      <trkpt lat="36.907359" lon="-4.775277">
        <ele>569.066012</ele>
        <time>2026-05-19T12:48:08.000Z</time>
      </trkpt>
      <trkpt lat="36.907349" lon="-4.775261">
        <ele>569.086631</ele>
        <time>2026-05-19T12:48:10.000Z</time>
      </trkpt>
      <trkpt lat="36.907323" lon="-4.775216">
        <ele>569.143003</ele>
        <time>2026-05-19T12:48:16.000Z</time>
      </trkpt>
      <trkpt lat="36.90732" lon="-4.775205">
        <ele>569.154804</ele>
        <time>2026-05-19T12:48:17.000Z</time>
      </trkpt>
      <trkpt lat="36.907305" lon="-4.775187">
        <ele>569.181202</ele>
        <time>2026-05-19T12:48:21.000Z</time>
      </trkpt>
      <trkpt lat="36.907318" lon="-4.775191">
        <ele>569.198202</ele>
        <time>2026-05-19T12:48:22.000Z</time>
      </trkpt>
      <trkpt lat="36.907335" lon="-4.775199">
        <ele>569.221267</ele>
        <time>2026-05-19T12:48:24.000Z</time>
      </trkpt>
      <trkpt lat="36.907338" lon="-4.775184">
        <ele>569.236967</ele>
        <time>2026-05-19T12:48:26.000Z</time>
      </trkpt>
      <trkpt lat="36.907328" lon="-4.775127">
        <ele>569.299398</ele>
        <time>2026-05-19T12:48:29.000Z</time>
      </trkpt>
      <trkpt lat="36.907334" lon="-4.775104">
        <ele>569.326146</ele>
        <time>2026-05-19T12:48:34.000Z</time>
      </trkpt>
      <trkpt lat="36.907373" lon="-4.775105">
        <ele>569.380083</ele>
        <time>2026-05-19T12:48:44.000Z</time>
      </trkpt>
      <trkpt lat="36.907412" lon="-4.775089">
        <ele>569.436835</ele>
        <time>2026-05-19T12:48:54.000Z</time>
      </trkpt>
      <trkpt lat="36.907415" lon="-4.775085">
        <ele>569.442899</ele>
        <time>2026-05-19T12:48:55.000Z</time>
      </trkpt>
      <trkpt lat="36.907416" lon="-4.775088">
        <ele>569.446492</ele>
        <time>2026-05-19T12:49:02.000Z</time>
      </trkpt>
      <trkpt lat="36.907412" lon="-4.775106">
        <ele>569.467147</ele>
        <time>2026-05-19T12:49:05.000Z</time>
      </trkpt>
      <trkpt lat="36.907338" lon="-4.775133">
        <ele>569.573732</ele>
        <time>2026-05-19T12:49:15.000Z</time>
      </trkpt>
      <trkpt lat="36.907339" lon="-4.775131">
        <ele>569.57634</ele>
        <time>2026-05-19T12:49:18.000Z</time>
      </trkpt>
      <trkpt lat="36.907336" lon="-4.775122">
        <ele>569.587121</ele>
        <time>2026-05-19T12:49:21.000Z</time>
      </trkpt>
      <trkpt lat="36.907327" lon="-4.775107">
        <ele>569.607855</ele>
        <time>2026-05-19T12:49:23.000Z</time>
      </trkpt>
      <trkpt lat="36.907325" lon="-4.775101">
        <ele>569.615042</ele>
        <time>2026-05-19T12:49:24.000Z</time>
      </trkpt>
      <trkpt lat="36.907313" lon="-4.775025">
        <ele>569.700691</ele>
        <time>2026-05-19T12:49:32.000Z</time>
      </trkpt>
      <trkpt lat="36.907278" lon="-4.774926">
        <ele>569.820368</ele>
        <time>2026-05-19T12:49:42.000Z</time>
      </trkpt>
      <trkpt lat="36.907267" lon="-4.774891">
        <ele>569.861946</ele>
        <time>2026-05-19T12:49:45.000Z</time>
      </trkpt>
      <trkpt lat="36.907243" lon="-4.774856">
        <ele>569.912923</ele>
        <time>2026-05-19T12:49:48.000Z</time>
      </trkpt>
      <trkpt lat="36.907227" lon="-4.774831">
        <ele>569.948327</ele>
        <time>2026-05-19T12:49:51.000Z</time>
      </trkpt>
      <trkpt lat="36.907215" lon="-4.774748">
        <ele>570.041581</ele>
        <time>2026-05-19T12:49:58.000Z</time>
      </trkpt>
      <trkpt lat="36.907203" lon="-4.774718">
        <ele>570.078668</ele>
        <time>2026-05-19T12:50:00.000Z</time>
      </trkpt>
      <trkpt lat="36.90722" lon="-4.774657">
        <ele>570.150089</ele>
        <time>2026-05-19T12:50:07.000Z</time>
      </trkpt>
      <trkpt lat="36.907212" lon="-4.774613">
        <ele>570.199978</ele>
        <time>2026-05-19T12:50:14.000Z</time>
      </trkpt>
      <trkpt lat="36.90717" lon="-4.774523">
        <ele>570.31519</ele>
        <time>2026-05-19T12:50:22.000Z</time>
      </trkpt>
      <trkpt lat="36.907155" lon="-4.774492">
        <ele>570.355251</ele>
        <time>2026-05-19T12:50:24.000Z</time>
      </trkpt>
      <trkpt lat="36.907146" lon="-4.774465">
        <ele>570.387592</ele>
        <time>2026-05-19T12:50:27.000Z</time>
      </trkpt>
      <trkpt lat="36.907146" lon="-4.774447">
        <ele>570.407493</ele>
        <time>2026-05-19T12:50:29.000Z</time>
      </trkpt>
      <trkpt lat="36.90713" lon="-4.774391">
        <ele>570.473242</ele>
        <time>2026-05-19T12:50:35.000Z</time>
      </trkpt>
      <trkpt lat="36.907126" lon="-4.774362">
        <ele>570.505778</ele>
        <time>2026-05-19T12:50:37.000Z</time>
      </trkpt>
      <trkpt lat="36.90712" lon="-4.774351">
        <ele>570.5205</ele>
        <time>2026-05-19T12:50:38.000Z</time>
      </trkpt>
      <trkpt lat="36.907077" lon="-4.774226">
        <ele>570.670949</ele>
        <time>2026-05-19T12:50:48.000Z</time>
      </trkpt>
      <trkpt lat="36.907032" lon="-4.774098">
        <ele>570.825542</ele>
        <time>2026-05-19T12:50:57.000Z</time>
      </trkpt>
      <trkpt lat="36.907021" lon="-4.774072">
        <ele>570.858064</ele>
        <time>2026-05-19T12:50:59.000Z</time>
      </trkpt>
      <trkpt lat="36.906963" lon="-4.773969">
        <ele>570.997347</ele>
        <time>2026-05-19T12:51:07.000Z</time>
      </trkpt>
      <trkpt lat="36.906944" lon="-4.773942">
        <ele>571.037113</ele>
        <time>2026-05-19T12:51:10.000Z</time>
      </trkpt>
      <trkpt lat="36.906903" lon="-4.773905">
        <ele>571.107022</ele>
        <time>2026-05-19T12:51:15.000Z</time>
      </trkpt>
      <trkpt lat="36.906844" lon="-4.773838">
        <ele>571.217214</ele>
        <time>2026-05-19T12:51:22.000Z</time>
      </trkpt>
      <trkpt lat="36.906845" lon="-4.773825">
        <ele>571.231654</ele>
        <time>2026-05-19T12:51:29.000Z</time>
      </trkpt>
      <trkpt lat="36.906839" lon="-4.77382">
        <ele>571.241623</ele>
        <time>2026-05-19T12:51:30.000Z</time>
      </trkpt>
      <trkpt lat="36.906843" lon="-4.773815">
        <ele>571.249443</ele>
        <time>2026-05-19T12:51:32.000Z</time>
      </trkpt>
      <trkpt lat="36.906806" lon="-4.77382">
        <ele>571.3009</ele>
        <time>2026-05-19T12:51:37.000Z</time>
      </trkpt>
      <trkpt lat="36.906738" lon="-4.773833">
        <ele>571.396016</ele>
        <time>2026-05-19T12:51:43.000Z</time>
      </trkpt>
      <trkpt lat="36.906739" lon="-4.77384">
        <ele>571.403878</ele>
        <time>2026-05-19T12:51:51.000Z</time>
      </trkpt>
      <trkpt lat="36.906744" lon="-4.773848">
        <ele>571.415104</ele>
        <time>2026-05-19T12:51:56.000Z</time>
      </trkpt>
      <trkpt lat="36.906742" lon="-4.773863">
        <ele>571.431917</ele>
        <time>2026-05-19T12:51:59.000Z</time>
      </trkpt>
      <trkpt lat="36.906714" lon="-4.773886">
        <ele>571.478237</ele>
        <time>2026-05-19T12:52:03.000Z</time>
      </trkpt>
      <trkpt lat="36.906645" lon="-4.773993">
        <ele>571.630216</ele>
        <time>2026-05-19T12:52:12.000Z</time>
      </trkpt>
      <trkpt lat="36.906595" lon="-4.774095">
        <ele>571.782259</ele>
        <time>2026-05-19T12:52:21.000Z</time>
      </trkpt>
      <trkpt lat="36.906557" lon="-4.774193">
        <ele>572.060645</ele>
        <time>2026-05-19T12:52:27.000Z</time>
      </trkpt>
      <trkpt lat="36.906556" lon="-4.774196">
        <ele>572.068952</ele>
        <time>2026-05-19T12:52:28.000Z</time>
      </trkpt>
      <trkpt lat="36.906558" lon="-4.774195">
        <ele>572.075838</ele>
        <time>2026-05-19T12:52:33.000Z</time>
      </trkpt>
      <trkpt lat="36.906525" lon="-4.774268">
        <ele>572.290179</ele>
        <time>2026-05-19T12:52:41.000Z</time>
      </trkpt>
      <trkpt lat="36.906485" lon="-4.77436">
        <ele>572.557846</ele>
        <time>2026-05-19T12:52:49.000Z</time>
      </trkpt>
      <trkpt lat="36.906464" lon="-4.774423">
        <ele>572.732305</ele>
        <time>2026-05-19T12:52:54.000Z</time>
      </trkpt>
      <trkpt lat="36.906453" lon="-4.774479">
        <ele>572.879697</ele>
        <time>2026-05-19T12:52:57.000Z</time>
      </trkpt>
      <trkpt lat="36.906444" lon="-4.774536">
        <ele>573.028203</ele>
        <time>2026-05-19T12:53:00.000Z</time>
      </trkpt>
      <trkpt lat="36.906445" lon="-4.774559">
        <ele>573.087078</ele>
        <time>2026-05-19T12:53:01.000Z</time>
      </trkpt>
      <trkpt lat="36.906445" lon="-4.774579">
        <ele>573.138198</ele>
        <time>2026-05-19T12:53:02.000Z</time>
      </trkpt>
      <trkpt lat="36.906443" lon="-4.774583">
        <ele>573.150256</ele>
        <time>2026-05-19T12:53:03.000Z</time>
      </trkpt>
      <trkpt lat="36.906442" lon="-4.774587">
        <ele>573.160968</ele>
        <time>2026-05-19T12:53:04.000Z</time>
      </trkpt>
      <trkpt lat="36.906429" lon="-4.774615">
        <ele>573.243726</ele>
        <time>2026-05-19T12:53:07.000Z</time>
      </trkpt>
      <trkpt lat="36.906392" lon="-4.774663">
        <ele>573.414139</ele>
        <time>2026-05-19T12:53:12.000Z</time>
      </trkpt>
      <trkpt lat="36.906349" lon="-4.77471">
        <ele>573.596689</ele>
        <time>2026-05-19T12:53:16.000Z</time>
      </trkpt>
      <trkpt lat="36.906317" lon="-4.774735">
        <ele>573.717298</ele>
        <time>2026-05-19T12:53:19.000Z</time>
      </trkpt>
      <trkpt lat="36.90628" lon="-4.774798">
        <ele>573.917094</ele>
        <time>2026-05-19T12:53:24.000Z</time>
      </trkpt>
      <trkpt lat="36.906252" lon="-4.774862">
        <ele>574.103563</ele>
        <time>2026-05-19T12:53:29.000Z</time>
      </trkpt>
      <trkpt lat="36.906241" lon="-4.774897">
        <ele>574.199685</ele>
        <time>2026-05-19T12:53:32.000Z</time>
      </trkpt>
      <trkpt lat="36.906228" lon="-4.77493">
        <ele>574.293715</ele>
        <time>2026-05-19T12:53:34.000Z</time>
      </trkpt>
      <trkpt lat="36.906222" lon="-4.774945">
        <ele>574.336584</ele>
        <time>2026-05-19T12:53:35.000Z</time>
      </trkpt>
      <trkpt lat="36.906192" lon="-4.775011">
        <ele>574.530633</ele>
        <time>2026-05-19T12:53:41.000Z</time>
      </trkpt>
      <trkpt lat="36.906172" lon="-4.775023">
        <ele>574.60154</ele>
        <time>2026-05-19T12:53:49.000Z</time>
      </trkpt>
      <trkpt lat="36.906168" lon="-4.775032">
        <ele>574.627859</ele>
        <time>2026-05-19T12:53:50.000Z</time>
      </trkpt>
      <trkpt lat="36.906146" lon="-4.77511">
        <ele>574.839268</ele>
        <time>2026-05-19T12:53:55.000Z</time>
      </trkpt>
      <trkpt lat="36.906105" lon="-4.775226">
        <ele>575.163439</ele>
        <time>2026-05-19T12:54:03.000Z</time>
      </trkpt>
      <trkpt lat="36.906087" lon="-4.775258">
        <ele>575.263442</ele>
        <time>2026-05-19T12:54:05.000Z</time>
      </trkpt>
      <trkpt lat="36.906035" lon="-4.775328">
        <ele>575.507659</ele>
        <time>2026-05-19T12:54:11.000Z</time>
      </trkpt>
      <trkpt lat="36.90603" lon="-4.775336">
        <ele>575.533613</ele>
        <time>2026-05-19T12:54:12.000Z</time>
      </trkpt>
      <trkpt lat="36.906" lon="-4.775396">
        <ele>575.714488</ele>
        <time>2026-05-19T12:54:17.000Z</time>
      </trkpt>
      <trkpt lat="36.905991" lon="-4.775412">
        <ele>575.764489</ele>
        <time>2026-05-19T12:54:19.000Z</time>
      </trkpt>
      <trkpt lat="36.905991" lon="-4.775418">
        <ele>575.779825</ele>
        <time>2026-05-19T12:54:26.000Z</time>
      </trkpt>
      <trkpt lat="36.905977" lon="-4.775435">
        <ele>575.842202</ele>
        <time>2026-05-19T12:54:30.000Z</time>
      </trkpt>
      <trkpt lat="36.905973" lon="-4.775445">
        <ele>575.870782</ele>
        <time>2026-05-19T12:54:31.000Z</time>
      </trkpt>
      <trkpt lat="36.905959" lon="-4.775483">
        <ele>575.977724</ele>
        <time>2026-05-19T12:54:35.000Z</time>
      </trkpt>
      <trkpt lat="36.90593" lon="-4.775522">
        <ele>576.11385</ele>
        <time>2026-05-19T12:54:38.000Z</time>
      </trkpt>
      <trkpt lat="36.905909" lon="-4.775559">
        <ele>576.229825</ele>
        <time>2026-05-19T12:54:41.000Z</time>
      </trkpt>
      <trkpt lat="36.905904" lon="-4.775567">
        <ele>576.255778</ele>
        <time>2026-05-19T12:54:42.000Z</time>
      </trkpt>
      <trkpt lat="36.905895" lon="-4.775585">
        <ele>576.310041</ele>
        <time>2026-05-19T12:54:45.000Z</time>
      </trkpt>
      <trkpt lat="36.90588" lon="-4.775611">
        <ele>576.391989</ele>
        <time>2026-05-19T12:54:49.000Z</time>
      </trkpt>
      <trkpt lat="36.905875" lon="-4.775623">
        <ele>576.426575</ele>
        <time>2026-05-19T12:54:51.000Z</time>
      </trkpt>
      <trkpt lat="36.905866" lon="-4.775648">
        <ele>576.496654</ele>
        <time>2026-05-19T12:54:54.000Z</time>
      </trkpt>
      <trkpt lat="36.905846" lon="-4.775676">
        <ele>576.592618</ele>
        <time>2026-05-19T12:55:01.000Z</time>
      </trkpt>
      <trkpt lat="36.905855" lon="-4.775692">
        <ele>576.64262</ele>
        <time>2026-05-19T12:55:03.000Z</time>
      </trkpt>
      <trkpt lat="36.905862" lon="-4.77571">
        <ele>576.693781</ele>
        <time>2026-05-19T12:55:05.000Z</time>
      </trkpt>
      <trkpt lat="36.905868" lon="-4.77572">
        <ele>576.725737</ele>
        <time>2026-05-19T12:55:09.000Z</time>
      </trkpt>
      <trkpt lat="36.905871" lon="-4.775723">
        <ele>576.738015</ele>
        <time>2026-05-19T12:55:10.000Z</time>
      </trkpt>
      <trkpt lat="36.905875" lon="-4.775721">
        <ele>576.751785</ele>
        <time>2026-05-19T12:55:16.000Z</time>
      </trkpt>
      <trkpt lat="36.90589" lon="-4.775726">
        <ele>576.801407</ele>
        <time>2026-05-19T12:55:26.000Z</time>
      </trkpt>
      <trkpt lat="36.905892" lon="-4.775725">
        <ele>576.808292</ele>
        <time>2026-05-19T12:55:27.000Z</time>
      </trkpt>
      <trkpt lat="36.905887" lon="-4.775728">
        <ele>576.826019</ele>
        <time>2026-05-19T12:55:31.000Z</time>
      </trkpt>
      <trkpt lat="36.905889" lon="-4.775734">
        <ele>576.842635</ele>
        <time>2026-05-19T12:55:32.000Z</time>
      </trkpt>
      <trkpt lat="36.905885" lon="-4.775732">
        <ele>576.856405</ele>
        <time>2026-05-19T12:55:34.000Z</time>
      </trkpt>
      <trkpt lat="36.905871" lon="-4.775752">
        <ele>576.924346</ele>
        <time>2026-05-19T12:55:37.000Z</time>
      </trkpt>
      <trkpt lat="36.905839" lon="-4.775761">
        <ele>577.02919</ele>
        <time>2026-05-19T12:55:41.000Z</time>
      </trkpt>
      <trkpt lat="36.905814" lon="-4.775789">
        <ele>577.136467</ele>
        <time>2026-05-19T12:55:45.000Z</time>
      </trkpt>
      <trkpt lat="36.905816" lon="-4.775803">
        <ele>577.172818</ele>
        <time>2026-05-19T12:55:49.000Z</time>
      </trkpt>
      <trkpt lat="36.905807" lon="-4.775833">
        <ele>577.254718</ele>
        <time>2026-05-19T12:55:57.000Z</time>
      </trkpt>
      <trkpt lat="36.905805" lon="-4.775837">
        <ele>577.266776</ele>
        <time>2026-05-19T12:55:58.000Z</time>
      </trkpt>
      <trkpt lat="36.9058" lon="-4.775836">
        <ele>577.282962</ele>
        <time>2026-05-19T12:55:59.000Z</time>
      </trkpt>
      <trkpt lat="36.90579" lon="-4.775849">
        <ele>577.329069</ele>
        <time>2026-05-19T12:56:02.000Z</time>
      </trkpt>
      <trkpt lat="36.90577" lon="-4.775873">
        <ele>577.417671</ele>
        <time>2026-05-19T12:56:05.000Z</time>
      </trkpt>
      <trkpt lat="36.90574" lon="-4.775905">
        <ele>577.371374</ele>
        <time>2026-05-19T12:56:12.000Z</time>
      </trkpt>
      <trkpt lat="36.905702" lon="-4.775968">
        <ele>576.831151</ele>
        <time>2026-05-19T12:56:19.000Z</time>
      </trkpt>
      <trkpt lat="36.905666" lon="-4.77602">
        <ele>576.360291</ele>
        <time>2026-05-19T12:56:24.000Z</time>
      </trkpt>
      <trkpt lat="36.905662" lon="-4.776024">
        <ele>576.316444</ele>
        <time>2026-05-19T12:56:25.000Z</time>
      </trkpt>
      <trkpt lat="36.905627" lon="-4.776078">
        <ele>575.840586</ele>
        <time>2026-05-19T12:56:31.000Z</time>
      </trkpt>
      <trkpt lat="36.905606" lon="-4.776118">
        <ele>575.513011</ele>
        <time>2026-05-19T12:56:34.000Z</time>
      </trkpt>
      <trkpt lat="36.905596" lon="-4.776141">
        <ele>575.333789</ele>
        <time>2026-05-19T12:56:36.000Z</time>
      </trkpt>
      <trkpt lat="36.905584" lon="-4.776171">
        <ele>575.104154</ele>
        <time>2026-05-19T12:56:38.000Z</time>
      </trkpt>
      <trkpt lat="36.905533" lon="-4.776244">
        <ele>574.440544</ele>
        <time>2026-05-19T12:56:44.000Z</time>
      </trkpt>
      <trkpt lat="36.905477" lon="-4.776313">
        <ele>573.767513</ele>
        <time>2026-05-19T12:56:51.000Z</time>
      </trkpt>
      <trkpt lat="36.905435" lon="-4.776391">
        <ele>573.123763</ele>
        <time>2026-05-19T12:56:58.000Z</time>
      </trkpt>
      <trkpt lat="36.905388" lon="-4.776447">
        <ele>572.567999</ele>
        <time>2026-05-19T12:57:04.000Z</time>
      </trkpt>
      <trkpt lat="36.905336" lon="-4.776498">
        <ele>572.002242</ele>
        <time>2026-05-19T12:57:10.000Z</time>
      </trkpt>
      <trkpt lat="36.905298" lon="-4.776539">
        <ele>571.572572</ele>
        <time>2026-05-19T12:57:16.000Z</time>
      </trkpt>
      <trkpt lat="36.905296" lon="-4.776542">
        <ele>571.545833</ele>
        <time>2026-05-19T12:57:17.000Z</time>
      </trkpt>
      <trkpt lat="36.905274" lon="-4.776571">
        <ele>571.272178</ele>
        <time>2026-05-19T12:57:25.000Z</time>
      </trkpt>
      <trkpt lat="36.905273" lon="-4.776573">
        <ele>571.25603</ele>
        <time>2026-05-19T12:57:26.000Z</time>
      </trkpt>
      <trkpt lat="36.90527" lon="-4.776584">
        <ele>571.176467</ele>
        <time>2026-05-19T12:57:33.000Z</time>
      </trkpt>
      <trkpt lat="36.905256" lon="-4.776593">
        <ele>571.041702</ele>
        <time>2026-05-19T12:57:36.000Z</time>
      </trkpt>
      <trkpt lat="36.905243" lon="-4.776601">
        <ele>570.917661</ele>
        <time>2026-05-19T12:57:41.000Z</time>
      </trkpt>
      <trkpt lat="36.905206" lon="-4.776617">
        <ele>570.582495</ele>
        <time>2026-05-19T12:57:46.000Z</time>
      </trkpt>
      <trkpt lat="36.905196" lon="-4.77662">
        <ele>570.494454</ele>
        <time>2026-05-19T12:57:47.000Z</time>
      </trkpt>
      <trkpt lat="36.90516" lon="-4.776639">
        <ele>570.159928</ele>
        <time>2026-05-19T12:57:54.000Z</time>
      </trkpt>
      <trkpt lat="36.90517" lon="-4.776634">
        <ele>570.067728</ele>
        <time>2026-05-19T12:57:56.000Z</time>
      </trkpt>
      <trkpt lat="36.905181" lon="-4.776642">
        <ele>569.958788</ele>
        <time>2026-05-19T12:58:05.000Z</time>
      </trkpt>
      <trkpt lat="36.905156" lon="-4.776665">
        <ele>569.693081</ele>
        <time>2026-05-19T12:58:10.000Z</time>
      </trkpt>
      <trkpt lat="36.905144" lon="-4.776661">
        <ele>569.58676</ele>
        <time>2026-05-19T12:58:13.000Z</time>
      </trkpt>
      <trkpt lat="36.905143" lon="-4.776658">
        <ele>569.564509</ele>
        <time>2026-05-19T12:58:14.000Z</time>
      </trkpt>
      <trkpt lat="36.905111" lon="-4.776636">
        <ele>569.251882</ele>
        <time>2026-05-19T12:58:23.000Z</time>
      </trkpt>
      <trkpt lat="36.905114" lon="-4.776636">
        <ele>569.226199</ele>
        <time>2026-05-19T12:58:24.000Z</time>
      </trkpt>
      <trkpt lat="36.905124" lon="-4.776642">
        <ele>569.131243</ele>
        <time>2026-05-19T12:58:26.000Z</time>
      </trkpt>
      <trkpt lat="36.905094" lon="-4.77667">
        <ele>568.810765</ele>
        <time>2026-05-19T12:58:33.000Z</time>
      </trkpt>
      <trkpt lat="36.905054" lon="-4.776676">
        <ele>568.465862</ele>
        <time>2026-05-19T12:58:41.000Z</time>
      </trkpt>
      <trkpt lat="36.905032" lon="-4.776687">
        <ele>568.26302</ele>
        <time>2026-05-19T12:58:43.000Z</time>
      </trkpt>
      <trkpt lat="36.905007" lon="-4.776702">
        <ele>568.025632</ele>
        <time>2026-05-19T12:58:45.000Z</time>
      </trkpt>
      <trkpt lat="36.904995" lon="-4.776708">
        <ele>567.914991</ele>
        <time>2026-05-19T12:58:47.000Z</time>
      </trkpt>
      <trkpt lat="36.90498" lon="-4.77673">
        <ele>567.717067</ele>
        <time>2026-05-19T12:58:51.000Z</time>
      </trkpt>
      <trkpt lat="36.904903" lon="-4.776758">
        <ele>567.030552</ele>
        <time>2026-05-19T12:58:59.000Z</time>
      </trkpt>
      <trkpt lat="36.904895" lon="-4.776761">
        <ele>566.95905</ele>
        <time>2026-05-19T12:59:00.000Z</time>
      </trkpt>
      <trkpt lat="36.904807" lon="-4.776779">
        <ele>566.195654</ele>
        <time>2026-05-19T12:59:10.000Z</time>
      </trkpt>
      <trkpt lat="36.904784" lon="-4.776795">
        <ele>565.970332</ele>
        <time>2026-05-19T12:59:15.000Z</time>
      </trkpt>
      <trkpt lat="36.904751" lon="-4.776838">
        <ele>565.562324</ele>
        <time>2026-05-19T12:59:21.000Z</time>
      </trkpt>
      <trkpt lat="36.904765" lon="-4.776833">
        <ele>565.437675</ele>
        <time>2026-05-19T12:59:26.000Z</time>
      </trkpt>
      <trkpt lat="36.904738" lon="-4.776823">
        <ele>565.196599</ele>
        <time>2026-05-19T12:59:29.000Z</time>
      </trkpt>
      <trkpt lat="36.904756" lon="-4.776825">
        <ele>565.041891</ele>
        <time>2026-05-19T12:59:36.000Z</time>
      </trkpt>
      <trkpt lat="36.904774" lon="-4.776824">
        <ele>564.887637</ele>
        <time>2026-05-19T12:59:39.000Z</time>
      </trkpt>
      <trkpt lat="36.90478" lon="-4.776821">
        <ele>564.832317</ele>
        <time>2026-05-19T12:59:40.000Z</time>
      </trkpt>
      <trkpt lat="36.904804" lon="-4.776816">
        <ele>564.624016</ele>
        <time>2026-05-19T12:59:45.000Z</time>
      </trkpt>
      <trkpt lat="36.904791" lon="-4.776795">
        <ele>564.442208</ele>
        <time>2026-05-19T12:59:49.000Z</time>
      </trkpt>
      <trkpt lat="36.90476" lon="-4.776807">
        <ele>564.164388</ele>
        <time>2026-05-19T12:59:55.000Z</time>
      </trkpt>
      <trkpt lat="36.904724" lon="-4.776844">
        <ele>563.765455</ele>
        <time>2026-05-19T12:59:59.000Z</time>
      </trkpt>
      <trkpt lat="36.904715" lon="-4.776853">
        <ele>563.666799</ele>
        <time>2026-05-19T13:00:01.000Z</time>
      </trkpt>
      <trkpt lat="36.904692" lon="-4.77686">
        <ele>563.464145</ele>
        <time>2026-05-19T13:00:03.000Z</time>
      </trkpt>
      <trkpt lat="36.904673" lon="-4.776883">
        <ele>563.237758</ele>
        <time>2026-05-19T13:00:08.000Z</time>
      </trkpt>
      <trkpt lat="36.904668" lon="-4.77689">
        <ele>563.173503</ele>
        <time>2026-05-19T13:00:09.000Z</time>
      </trkpt>
      <trkpt lat="36.904606" lon="-4.776943">
        <ele>562.530551</ele>
        <time>2026-05-19T13:00:15.000Z</time>
      </trkpt>
      <trkpt lat="36.904592" lon="-4.776947">
        <ele>562.407606</ele>
        <time>2026-05-19T13:00:16.000Z</time>
      </trkpt>
      <trkpt lat="36.904584" lon="-4.776945">
        <ele>562.337761</ele>
        <time>2026-05-19T13:00:17.000Z</time>
      </trkpt>
      <trkpt lat="36.904553" lon="-4.776901">
        <ele>561.901656</ele>
        <time>2026-05-19T13:00:22.000Z</time>
      </trkpt>
      <trkpt lat="36.904558" lon="-4.776882">
        <ele>561.73544</ele>
        <time>2026-05-19T13:00:23.000Z</time>
      </trkpt>
      <trkpt lat="36.904569" lon="-4.776869">
        <ele>561.57816</ele>
        <time>2026-05-19T13:00:25.000Z</time>
      </trkpt>
      <trkpt lat="36.904583" lon="-4.776882">
        <ele>561.396952</ele>
        <time>2026-05-19T13:00:29.000Z</time>
      </trkpt>
      <trkpt lat="36.904605" lon="-4.776914">
        <ele>561.046269</ele>
        <time>2026-05-19T13:00:38.000Z</time>
      </trkpt>
      <trkpt lat="36.90464" lon="-4.776865">
        <ele>560.500297</ele>
        <time>2026-05-19T13:00:45.000Z</time>
      </trkpt>
      <trkpt lat="36.904639" lon="-4.776853">
        <ele>560.40004</ele>
        <time>2026-05-19T13:00:47.000Z</time>
      </trkpt>
      <trkpt lat="36.904596" lon="-4.77679">
        <ele>559.711747</ele>
        <time>2026-05-19T13:00:55.000Z</time>
      </trkpt>
      <trkpt lat="36.904605" lon="-4.776783">
        <ele>559.601606</ele>
        <time>2026-05-19T13:00:57.000Z</time>
      </trkpt>
      <trkpt lat="36.904624" lon="-4.776729">
        <ele>559.11136</ele>
        <time>2026-05-19T13:01:02.000Z</time>
      </trkpt>
      <trkpt lat="36.904649" lon="-4.776674">
        <ele>558.585642</ele>
        <time>2026-05-19T13:01:09.000Z</time>
      </trkpt>
      <trkpt lat="36.90467" lon="-4.776634">
        <ele>558.188014</ele>
        <time>2026-05-19T13:01:13.000Z</time>
      </trkpt>
      <trkpt lat="36.904681" lon="-4.776606">
        <ele>557.928776</ele>
        <time>2026-05-19T13:01:15.000Z</time>
      </trkpt>
      <trkpt lat="36.904657" lon="-4.776531">
        <ele>557.257492</ele>
        <time>2026-05-19T13:01:22.000Z</time>
      </trkpt>
      <trkpt lat="36.904646" lon="-4.776515">
        <ele>557.082151</ele>
        <time>2026-05-19T13:01:24.000Z</time>
      </trkpt>
      <trkpt lat="36.904583" lon="-4.776467">
        <ele>556.315522</ele>
        <time>2026-05-19T13:01:32.000Z</time>
      </trkpt>
      <trkpt lat="36.904572" lon="-4.776452">
        <ele>556.146395</ele>
        <time>2026-05-19T13:01:35.000Z</time>
      </trkpt>
      <trkpt lat="36.904573" lon="-4.776451">
        <ele>556.13309</ele>
        <time>2026-05-19T13:01:41.000Z</time>
      </trkpt>
      <trkpt lat="36.904567" lon="-4.776457">
        <ele>556.053255</ele>
        <time>2026-05-19T13:01:44.000Z</time>
      </trkpt>
      <trkpt lat="36.904551" lon="-4.776452">
        <ele>555.881871</ele>
        <time>2026-05-19T13:01:47.000Z</time>
      </trkpt>
      <trkpt lat="36.904534" lon="-4.776482">
        <ele>555.576327</ele>
        <time>2026-05-19T13:01:52.000Z</time>
      </trkpt>
      <trkpt lat="36.904529" lon="-4.776481">
        <ele>555.523707</ele>
        <time>2026-05-19T13:02:00.000Z</time>
      </trkpt>
      <trkpt lat="36.904527" lon="-4.776429">
        <ele>555.091099</ele>
        <time>2026-05-19T13:02:04.000Z</time>
      </trkpt>
      <trkpt lat="36.904528" lon="-4.776406">
        <ele>554.899691</ele>
        <time>2026-05-19T13:02:06.000Z</time>
      </trkpt>
      <trkpt lat="36.904544" lon="-4.776373">
        <ele>554.578998</ele>
        <time>2026-05-19T13:02:09.000Z</time>
      </trkpt>
      <trkpt lat="36.904539" lon="-4.776283">
        <ele>553.829314</ele>
        <time>2026-05-19T13:02:17.000Z</time>
      </trkpt>
      <trkpt lat="36.904535" lon="-4.776277">
        <ele>553.764401</ele>
        <time>2026-05-19T13:02:19.000Z</time>
      </trkpt>
      <trkpt lat="36.90452" lon="-4.776217">
        <ele>553.242014</ele>
        <time>2026-05-19T13:02:24.000Z</time>
      </trkpt>
      <trkpt lat="36.904523" lon="-4.776182">
        <ele>552.949506</ele>
        <time>2026-05-19T13:02:26.000Z</time>
      </trkpt>
      <trkpt lat="36.90454" lon="-4.776103">
        <ele>552.269677</ele>
        <time>2026-05-19T13:02:34.000Z</time>
      </trkpt>
      <trkpt lat="36.904553" lon="-4.776023">
        <ele>551.591307</ele>
        <time>2026-05-19T13:02:39.000Z</time>
      </trkpt>
      <trkpt lat="36.904546" lon="-4.776003">
        <ele>551.409888</ele>
        <time>2026-05-19T13:02:41.000Z</time>
      </trkpt>
      <trkpt lat="36.904537" lon="-4.775943">
        <ele>550.902605</ele>
        <time>2026-05-19T13:02:46.000Z</time>
      </trkpt>
      <trkpt lat="36.904523" lon="-4.775901">
        <ele>550.524484</ele>
        <time>2026-05-19T13:02:52.000Z</time>
      </trkpt>
      <trkpt lat="36.904527" lon="-4.775885">
        <ele>550.385181</ele>
        <time>2026-05-19T13:02:55.000Z</time>
      </trkpt>
      <trkpt lat="36.904538" lon="-4.775847">
        <ele>550.049355</ele>
        <time>2026-05-19T13:02:58.000Z</time>
      </trkpt>
      <trkpt lat="36.904524" lon="-4.775778">
        <ele>549.45781</ele>
        <time>2026-05-19T13:03:02.000Z</time>
      </trkpt>
      <trkpt lat="36.904517" lon="-4.77577">
        <ele>549.359266</ele>
        <time>2026-05-19T13:03:03.000Z</time>
      </trkpt>
      <trkpt lat="36.904505" lon="-4.775763">
        <ele>549.221663</ele>
        <time>2026-05-19T13:03:05.000Z</time>
      </trkpt>
      <trkpt lat="36.904455" lon="-4.775751">
        <ele>548.692584</ele>
        <time>2026-05-19T13:03:11.000Z</time>
      </trkpt>
      <trkpt lat="36.90444" lon="-4.775768">
        <ele>548.482216</ele>
        <time>2026-05-19T13:03:16.000Z</time>
      </trkpt>
      <trkpt lat="36.90445" lon="-4.775755">
        <ele>548.332319</ele>
        <time>2026-05-19T13:03:21.000Z</time>
      </trkpt>
      <trkpt lat="36.904449" lon="-4.775775">
        <ele>548.165798</ele>
        <time>2026-05-19T13:03:31.000Z</time>
      </trkpt>
      <trkpt lat="36.904448" lon="-4.775771">
        <ele>548.130973</ele>
        <time>2026-05-19T13:03:34.000Z</time>
      </trkpt>
      <trkpt lat="36.904461" lon="-4.775752">
        <ele>547.923178</ele>
        <time>2026-05-19T13:03:43.000Z</time>
      </trkpt>
      <trkpt lat="36.904463" lon="-4.775753">
        <ele>547.900794</ele>
        <time>2026-05-19T13:03:44.000Z</time>
      </trkpt>
      <trkpt lat="36.904468" lon="-4.775737">
        <ele>547.758045</ele>
        <time>2026-05-19T13:03:48.000Z</time>
      </trkpt>
      <trkpt lat="36.904465" lon="-4.775746">
        <ele>547.677019</ele>
        <time>2026-05-19T13:03:53.000Z</time>
      </trkpt>
      <trkpt lat="36.904454" lon="-4.775729">
        <ele>547.495296</ele>
        <time>2026-05-19T13:03:57.000Z</time>
      </trkpt>
      <trkpt lat="36.904419" lon="-4.775703">
        <ele>547.072247</ele>
        <time>2026-05-19T13:04:03.000Z</time>
      </trkpt>
      <trkpt lat="36.904368" lon="-4.775703">
        <ele>546.542258</ele>
        <time>2026-05-19T13:04:11.000Z</time>
      </trkpt>
      <trkpt lat="36.904359" lon="-4.775714">
        <ele>546.41148</ele>
        <time>2026-05-19T13:04:14.000Z</time>
      </trkpt>
      <trkpt lat="36.90433" lon="-4.775757">
        <ele>545.94404</ele>
        <time>2026-05-19T13:04:18.000Z</time>
      </trkpt>
      <trkpt lat="36.904331" lon="-4.775759">
        <ele>545.924439</ele>
        <time>2026-05-19T13:04:19.000Z</time>
      </trkpt>
      <trkpt lat="36.904316" lon="-4.775765">
        <ele>545.76078</ele>
        <time>2026-05-19T13:04:27.000Z</time>
      </trkpt>
      <trkpt lat="36.904293" lon="-4.775776">
        <ele>545.504882</ele>
        <time>2026-05-19T13:04:34.000Z</time>
      </trkpt>
      <trkpt lat="36.904282" lon="-4.77579">
        <ele>545.341783</ele>
        <time>2026-05-19T13:04:37.000Z</time>
      </trkpt>
      <trkpt lat="36.904277" lon="-4.775801">
        <ele>545.236639</ele>
        <time>2026-05-19T13:04:39.000Z</time>
      </trkpt>
      <trkpt lat="36.904269" lon="-4.775817">
        <ele>545.07983</ele>
        <time>2026-05-19T13:04:41.000Z</time>
      </trkpt>
      <trkpt lat="36.904261" lon="-4.775826">
        <ele>544.968005</ele>
        <time>2026-05-19T13:04:42.000Z</time>
      </trkpt>
      <trkpt lat="36.904233" lon="-4.775859">
        <ele>544.568174</ele>
        <time>2026-05-19T13:04:45.000Z</time>
      </trkpt>
      <trkpt lat="36.904155" lon="-4.775927">
        <ele>543.580081</ele>
        <time>2026-05-19T13:04:54.000Z</time>
      </trkpt>
      <trkpt lat="36.904146" lon="-4.775936">
        <ele>543.460328</ele>
        <time>2026-05-19T13:04:55.000Z</time>
      </trkpt>
      <trkpt lat="36.90408" lon="-4.775957">
        <ele>543.010342</ele>
        <time>2026-05-19T13:05:02.000Z</time>
      </trkpt>
      <trkpt lat="36.904043" lon="-4.77597">
        <ele>542.768269</ele>
        <time>2026-05-19T13:05:07.000Z</time>
      </trkpt>
      <trkpt lat="36.903963" lon="-4.775964">
        <ele>542.263473</ele>
        <time>2026-05-19T13:05:15.000Z</time>
      </trkpt>
      <trkpt lat="36.90393" lon="-4.775966">
        <ele>542.055374</ele>
        <time>2026-05-19T13:05:18.000Z</time>
      </trkpt>
      <trkpt lat="36.903858" lon="-4.77598">
        <ele>541.596423</ele>
        <time>2026-05-19T13:05:25.000Z</time>
      </trkpt>
      <trkpt lat="36.903818" lon="-4.775968">
        <ele>541.33733</ele>
        <time>2026-05-19T13:05:28.000Z</time>
      </trkpt>
      <trkpt lat="36.903752" lon="-4.775944">
        <ele>540.904402</ele>
        <time>2026-05-19T13:05:35.000Z</time>
      </trkpt>
      <trkpt lat="36.903655" lon="-4.775868">
        <ele>540.183425</ele>
        <time>2026-05-19T13:05:45.000Z</time>
      </trkpt>
      <trkpt lat="36.903549" lon="-4.775818">
        <ele>539.469853</ele>
        <time>2026-05-19T13:05:53.000Z</time>
      </trkpt>
      <trkpt lat="36.903503" lon="-4.775813">
        <ele>539.179024</ele>
        <time>2026-05-19T13:05:58.000Z</time>
      </trkpt>
      <trkpt lat="36.903486" lon="-4.775812">
        <ele>539.071829</ele>
        <time>2026-05-19T13:06:00.000Z</time>
      </trkpt>
      <trkpt lat="36.903469" lon="-4.775814">
        <ele>538.964279</ele>
        <time>2026-05-19T13:06:01.000Z</time>
      </trkpt>
      <trkpt lat="36.903445" lon="-4.775801">
        <ele>538.799541</ele>
        <time>2026-05-19T13:06:03.000Z</time>
      </trkpt>
      <trkpt lat="36.903446" lon="-4.775748">
        <ele>538.532522</ele>
        <time>2026-05-19T13:06:08.000Z</time>
      </trkpt>
      <trkpt lat="36.90351" lon="-4.775651">
        <ele>537.899126</ele>
        <time>2026-05-19T13:06:15.000Z</time>
      </trkpt>
      <trkpt lat="36.903552" lon="-4.775614">
        <ele>537.575534</ele>
        <time>2026-05-19T13:06:20.000Z</time>
      </trkpt>
      <trkpt lat="36.903625" lon="-4.775564">
        <ele>537.051285</ele>
        <time>2026-05-19T13:06:30.000Z</time>
      </trkpt>
      <trkpt lat="36.903626" lon="-4.775558">
        <ele>537.020416</ele>
        <time>2026-05-19T13:06:32.000Z</time>
      </trkpt>
      <trkpt lat="36.903627" lon="-4.775557">
        <ele>537.012351</ele>
        <time>2026-05-19T13:06:33.000Z</time>
      </trkpt>
      <trkpt lat="36.903613" lon="-4.775552">
        <ele>536.920644</ele>
        <time>2026-05-19T13:06:35.000Z</time>
      </trkpt>
      <trkpt lat="36.903617" lon="-4.77555">
        <ele>536.893511</ele>
        <time>2026-05-19T13:06:36.000Z</time>
      </trkpt>
      <trkpt lat="36.903599" lon="-4.775549">
        <ele>536.780023</ele>
        <time>2026-05-19T13:06:37.000Z</time>
      </trkpt>
      <trkpt lat="36.903606" lon="-4.775554">
        <ele>536.729248</ele>
        <time>2026-05-19T13:06:38.000Z</time>
      </trkpt>
      <trkpt lat="36.903591" lon="-4.775567">
        <ele>536.614297</ele>
        <time>2026-05-19T13:06:45.000Z</time>
      </trkpt>
      <trkpt lat="36.9036" lon="-4.775559">
        <ele>536.544748</ele>
        <time>2026-05-19T13:06:47.000Z</time>
      </trkpt>
      <trkpt lat="36.90361" lon="-4.775551">
        <ele>536.469976</ele>
        <time>2026-05-19T13:06:49.000Z</time>
      </trkpt>
      <trkpt lat="36.903612" lon="-4.775543">
        <ele>536.42776</ele>
        <time>2026-05-19T13:06:50.000Z</time>
      </trkpt>
      <trkpt lat="36.903612" lon="-4.775537">
        <ele>536.39754</ele>
        <time>2026-05-19T13:06:51.000Z</time>
      </trkpt>
      <trkpt lat="36.903622" lon="-4.775519">
        <ele>536.287147</ele>
        <time>2026-05-19T13:06:53.000Z</time>
      </trkpt>
      <trkpt lat="36.90363" lon="-4.775509">
        <ele>536.215902</ele>
        <time>2026-05-19T13:06:54.000Z</time>
      </trkpt>
      <trkpt lat="36.903615" lon="-4.775455">
        <ele>535.927978</ele>
        <time>2026-05-19T13:06:59.000Z</time>
      </trkpt>
      <trkpt lat="36.903611" lon="-4.775446">
        <ele>535.876117</ele>
        <time>2026-05-19T13:07:00.000Z</time>
      </trkpt>
      <trkpt lat="36.903575" lon="-4.775366">
        <ele>535.413762</ele>
        <time>2026-05-19T13:07:07.000Z</time>
      </trkpt>
      <trkpt lat="36.903567" lon="-4.775357">
        <ele>535.345983</ele>
        <time>2026-05-19T13:07:08.000Z</time>
      </trkpt>
      <trkpt lat="36.903517" lon="-4.775295">
        <ele>534.902478</ele>
        <time>2026-05-19T13:07:15.000Z</time>
      </trkpt>
      <trkpt lat="36.903425" lon="-4.775199">
        <ele>534.147769</ele>
        <time>2026-05-19T13:07:24.000Z</time>
      </trkpt>
      <trkpt lat="36.903415" lon="-4.775192">
        <ele>534.075587</ele>
        <time>2026-05-19T13:07:25.000Z</time>
      </trkpt>
      <trkpt lat="36.903353" lon="-4.775172">
        <ele>533.672288</ele>
        <time>2026-05-19T13:07:31.000Z</time>
      </trkpt>
      <trkpt lat="36.903332" lon="-4.775164">
        <ele>533.534016</ele>
        <time>2026-05-19T13:07:33.000Z</time>
      </trkpt>
      <trkpt lat="36.903312" lon="-4.775154">
        <ele>533.398347</ele>
        <time>2026-05-19T13:07:35.000Z</time>
      </trkpt>
      <trkpt lat="36.903299" lon="-4.775142">
        <ele>533.296574</ele>
        <time>2026-05-19T13:07:37.000Z</time>
      </trkpt>
      <trkpt lat="36.903284" lon="-4.775129">
        <ele>533.181624</ele>
        <time>2026-05-19T13:07:39.000Z</time>
      </trkpt>
      <trkpt lat="36.903249" lon="-4.7751">
        <ele>532.917173</ele>
        <time>2026-05-19T13:07:43.000Z</time>
      </trkpt>
      <trkpt lat="36.903204" lon="-4.775002">
        <ele>532.347985</ele>
        <time>2026-05-19T13:07:53.000Z</time>
      </trkpt>
      <trkpt lat="36.903212" lon="-4.774984">
        <ele>532.244262</ele>
        <time>2026-05-19T13:07:57.000Z</time>
      </trkpt>
      <trkpt lat="36.903205" lon="-4.774972">
        <ele>532.169449</ele>
        <time>2026-05-19T13:08:02.000Z</time>
      </trkpt>
      <trkpt lat="36.903201" lon="-4.774964">
        <ele>532.121926</ele>
        <time>2026-05-19T13:08:04.000Z</time>
      </trkpt>
      <trkpt lat="36.903148" lon="-4.77491">
        <ele>531.239646</ele>
        <time>2026-05-19T13:08:11.000Z</time>
      </trkpt>
      <trkpt lat="36.903126" lon="-4.774857">
        <ele>530.587485</ele>
        <time>2026-05-19T13:08:16.000Z</time>
      </trkpt>
      <trkpt lat="36.903113" lon="-4.774816">
        <ele>530.1058</ele>
        <time>2026-05-19T13:08:20.000Z</time>
      </trkpt>
      <trkpt lat="36.903118" lon="-4.774804">
        <ele>529.958022</ele>
        <time>2026-05-19T13:08:27.000Z</time>
      </trkpt>
      <trkpt lat="36.903107" lon="-4.77478">
        <ele>529.655912</ele>
        <time>2026-05-19T13:08:31.000Z</time>
      </trkpt>
      <trkpt lat="36.903083" lon="-4.774738">
        <ele>529.092144</ele>
        <time>2026-05-19T13:08:36.000Z</time>
      </trkpt>
      <trkpt lat="36.903064" lon="-4.774695">
        <ele>528.555608</ele>
        <time>2026-05-19T13:08:39.000Z</time>
      </trkpt>
      <trkpt lat="36.903031" lon="-4.774611">
        <ele>527.533496</ele>
        <time>2026-05-19T13:08:46.000Z</time>
      </trkpt>
      <trkpt lat="36.903027" lon="-4.774557">
        <ele>526.941226</ele>
        <time>2026-05-19T13:08:52.000Z</time>
      </trkpt>
      <trkpt lat="36.903029" lon="-4.77455">
        <ele>526.860044</ele>
        <time>2026-05-19T13:08:54.000Z</time>
      </trkpt>
      <trkpt lat="36.90303" lon="-4.774547">
        <ele>526.824548</ele>
        <time>2026-05-19T13:08:55.000Z</time>
      </trkpt>
      <trkpt lat="36.903028" lon="-4.774543">
        <ele>526.773027</ele>
        <time>2026-05-19T13:08:57.000Z</time>
      </trkpt>
      <trkpt lat="36.903035" lon="-4.774541">
        <ele>526.674961</ele>
        <time>2026-05-19T13:09:00.000Z</time>
      </trkpt>
      <trkpt lat="36.903039" lon="-4.774545">
        <ele>526.605013</ele>
        <time>2026-05-19T13:09:01.000Z</time>
      </trkpt>
      <trkpt lat="36.903053" lon="-4.774573">
        <ele>526.244363</ele>
        <time>2026-05-19T13:09:04.000Z</time>
      </trkpt>
      <trkpt lat="36.903043" lon="-4.774539">
        <ele>525.848722</ele>
        <time>2026-05-19T13:09:12.000Z</time>
      </trkpt>
      <trkpt lat="36.903035" lon="-4.774527">
        <ele>525.678097</ele>
        <time>2026-05-19T13:09:13.000Z</time>
      </trkpt>
      <trkpt lat="36.903003" lon="-4.774486">
        <ele>525.052398</ele>
        <time>2026-05-19T13:09:16.000Z</time>
      </trkpt>
      <trkpt lat="36.902971" lon="-4.774429">
        <ele>524.291793</ele>
        <time>2026-05-19T13:09:21.000Z</time>
      </trkpt>
      <trkpt lat="36.902966" lon="-4.77441">
        <ele>524.073343</ele>
        <time>2026-05-19T13:09:23.000Z</time>
      </trkpt>
      <trkpt lat="36.902964" lon="-4.774294">
        <ele>522.806188</ele>
        <time>2026-05-19T13:09:31.000Z</time>
      </trkpt>
      <trkpt lat="36.902964" lon="-4.774284">
        <ele>522.696976</ele>
        <time>2026-05-19T13:09:32.000Z</time>
      </trkpt>
      <trkpt lat="36.902982" lon="-4.774222">
        <ele>521.976616</ele>
        <time>2026-05-19T13:09:39.000Z</time>
      </trkpt>
      <trkpt lat="36.902979" lon="-4.774215">
        <ele>521.88988</ele>
        <time>2026-05-19T13:09:41.000Z</time>
      </trkpt>
      <trkpt lat="36.902964" lon="-4.774154">
        <ele>521.192899</ele>
        <time>2026-05-19T13:09:46.000Z</time>
      </trkpt>
      <trkpt lat="36.902957" lon="-4.774145">
        <ele>521.055783</ele>
        <time>2026-05-19T13:09:47.000Z</time>
      </trkpt>
      <trkpt lat="36.902939" lon="-4.774107">
        <ele>520.57343</ele>
        <time>2026-05-19T13:09:52.000Z</time>
      </trkpt>
      <trkpt lat="36.902932" lon="-4.774071">
        <ele>520.16881</ele>
        <time>2026-05-19T13:09:56.000Z</time>
      </trkpt>
      <trkpt lat="36.902925" lon="-4.774048">
        <ele>519.900044</ele>
        <time>2026-05-19T13:09:59.000Z</time>
      </trkpt>
      <trkpt lat="36.902914" lon="-4.77401">
        <ele>519.458683</ele>
        <time>2026-05-19T13:10:05.000Z</time>
      </trkpt>
      <trkpt lat="36.902896" lon="-4.773937">
        <ele>518.624392</ele>
        <time>2026-05-19T13:10:13.000Z</time>
      </trkpt>
      <trkpt lat="36.902896" lon="-4.773928">
        <ele>518.526102</ele>
        <time>2026-05-19T13:10:14.000Z</time>
      </trkpt>
      <trkpt lat="36.90294" lon="-4.773863">
        <ele>517.596026</ele>
        <time>2026-05-19T13:10:21.000Z</time>
      </trkpt>
      <trkpt lat="36.902985" lon="-4.773852">
        <ele>516.96981</ele>
        <time>2026-05-19T13:10:27.000Z</time>
      </trkpt>
      <trkpt lat="36.902992" lon="-4.773854">
        <ele>516.871745</ele>
        <time>2026-05-19T13:10:28.000Z</time>
      </trkpt>
      <trkpt lat="36.903012" lon="-4.773908">
        <ele>516.221814</ele>
        <time>2026-05-19T13:10:34.000Z</time>
      </trkpt>
      <trkpt lat="36.903033" lon="-4.77395">
        <ele>515.680839</ele>
        <time>2026-05-19T13:10:38.000Z</time>
      </trkpt>
      <trkpt lat="36.903044" lon="-4.773971">
        <ele>515.406669</ele>
        <time>2026-05-19T13:10:41.000Z</time>
      </trkpt>
      <trkpt lat="36.903062" lon="-4.774004">
        <ele>514.97041</ele>
        <time>2026-05-19T13:10:45.000Z</time>
      </trkpt>
      <trkpt lat="36.903076" lon="-4.774025">
        <ele>514.671817</ele>
        <time>2026-05-19T13:10:48.000Z</time>
      </trkpt>
      <trkpt lat="36.903094" lon="-4.774052">
        <ele>514.287911</ele>
        <time>2026-05-19T13:10:51.000Z</time>
      </trkpt>
      <trkpt lat="36.903122" lon="-4.77408">
        <ele>513.798273</ele>
        <time>2026-05-19T13:10:54.000Z</time>
      </trkpt>
      <trkpt lat="36.903143" lon="-4.774097">
        <ele>513.456619</ele>
        <time>2026-05-19T13:10:58.000Z</time>
      </trkpt>
      <trkpt lat="36.903165" lon="-4.774133">
        <ele>512.961791</ele>
        <time>2026-05-19T13:11:02.000Z</time>
      </trkpt>
      <trkpt lat="36.90318" lon="-4.774168">
        <ele>512.528112</ele>
        <time>2026-05-19T13:11:06.000Z</time>
      </trkpt>
      <trkpt lat="36.903182" lon="-4.77419">
        <ele>512.286299</ele>
        <time>2026-05-19T13:11:09.000Z</time>
      </trkpt>
      <trkpt lat="36.903201" lon="-4.774229">
        <ele>511.787552</ele>
        <time>2026-05-19T13:11:13.000Z</time>
      </trkpt>
      <trkpt lat="36.903233" lon="-4.774275">
        <ele>511.121683</ele>
        <time>2026-05-19T13:11:17.000Z</time>
      </trkpt>
      <trkpt lat="36.903249" lon="-4.774294">
        <ele>510.82034</ele>
        <time>2026-05-19T13:11:21.000Z</time>
      </trkpt>
      <trkpt lat="36.903282" lon="-4.774298">
        <ele>510.367532</ele>
        <time>2026-05-19T13:11:24.000Z</time>
      </trkpt>
      <trkpt lat="36.90329" lon="-4.774277">
        <ele>510.113492</ele>
        <time>2026-05-19T13:11:27.000Z</time>
      </trkpt>
      <trkpt lat="36.903308" lon="-4.774245">
        <ele>509.686212</ele>
        <time>2026-05-19T13:11:31.000Z</time>
      </trkpt>
      <trkpt lat="36.903308" lon="-4.774188">
        <ele>509.063706</ele>
        <time>2026-05-19T13:11:36.000Z</time>
      </trkpt>
      <trkpt lat="36.903305" lon="-4.774178">
        <ele>508.947061</ele>
        <time>2026-05-19T13:11:37.000Z</time>
      </trkpt>
      <trkpt lat="36.90329" lon="-4.774177">
        <ele>508.741909</ele>
        <time>2026-05-19T13:11:42.000Z</time>
      </trkpt>
      <trkpt lat="36.903258" lon="-4.774108">
        <ele>507.870786</ele>
        <time>2026-05-19T13:11:48.000Z</time>
      </trkpt>
      <trkpt lat="36.903252" lon="-4.774072">
        <ele>507.466344</ele>
        <time>2026-05-19T13:11:54.000Z</time>
      </trkpt>
      <trkpt lat="36.903251" lon="-4.774068">
        <ele>507.417625</ele>
        <time>2026-05-19T13:11:55.000Z</time>
      </trkpt>
      <trkpt lat="36.903235" lon="-4.773992">
        <ele>506.504022</ele>
        <time>2026-05-19T13:12:01.000Z</time>
      </trkpt>
      <trkpt lat="36.903244" lon="-4.773992">
        <ele>506.373184</ele>
        <time>2026-05-19T13:12:07.000Z</time>
      </trkpt>
      <trkpt lat="36.903245" lon="-4.773993">
        <ele>506.35457</ele>
        <time>2026-05-19T13:12:08.000Z</time>
      </trkpt>
      <trkpt lat="36.903245" lon="-4.773995">
        <ele>506.33132</ele>
        <time>2026-05-19T13:12:10.000Z</time>
      </trkpt>
      <trkpt lat="36.903244" lon="-4.773996">
        <ele>506.312706</ele>
        <time>2026-05-19T13:12:11.000Z</time>
      </trkpt>
      <trkpt lat="36.903231" lon="-4.774004">
        <ele>506.102075</ele>
        <time>2026-05-19T13:12:15.000Z</time>
      </trkpt>
      <trkpt lat="36.903214" lon="-4.773998">
        <ele>505.845282</ele>
        <time>2026-05-19T13:12:17.000Z</time>
      </trkpt>
      <trkpt lat="36.903204" lon="-4.773967">
        <ele>505.45669</ele>
        <time>2026-05-19T13:12:28.000Z</time>
      </trkpt>
      <trkpt lat="36.903204" lon="-4.773947">
        <ele>505.224191</ele>
        <time>2026-05-19T13:12:30.000Z</time>
      </trkpt>
      <trkpt lat="36.903207" lon="-4.773928">
        <ele>504.999052</ele>
        <time>2026-05-19T13:12:35.000Z</time>
      </trkpt>
      <trkpt lat="36.903186" lon="-4.773894">
        <ele>504.499629</ele>
        <time>2026-05-19T13:12:45.000Z</time>
      </trkpt>
      <trkpt lat="36.903172" lon="-4.773877">
        <ele>504.215942</ele>
        <time>2026-05-19T13:12:52.000Z</time>
      </trkpt>
      <trkpt lat="36.903171" lon="-4.773864">
        <ele>504.06412</ele>
        <time>2026-05-19T13:12:53.000Z</time>
      </trkpt>
      <trkpt lat="36.903166" lon="-4.773855">
        <ele>503.936724</ele>
        <time>2026-05-19T13:12:54.000Z</time>
      </trkpt>
      <trkpt lat="36.903143" lon="-4.773786">
        <ele>503.0677</ele>
        <time>2026-05-19T13:13:01.000Z</time>
      </trkpt>
      <trkpt lat="36.903138" lon="-4.773756">
        <ele>502.711457</ele>
        <time>2026-05-19T13:13:04.000Z</time>
      </trkpt>
      <trkpt lat="36.903137" lon="-4.773694">
        <ele>501.990561</ele>
        <time>2026-05-19T13:13:12.000Z</time>
      </trkpt>
      <trkpt lat="36.90314" lon="-4.77369">
        <ele>501.926809</ele>
        <time>2026-05-19T13:13:13.000Z</time>
      </trkpt>
      <trkpt lat="36.903143" lon="-4.773663">
        <ele>501.609919</ele>
        <time>2026-05-19T13:13:16.000Z</time>
      </trkpt>
      <trkpt lat="36.90316" lon="-4.773626">
        <ele>501.11385</ele>
        <time>2026-05-19T13:13:22.000Z</time>
      </trkpt>
      <trkpt lat="36.903173" lon="-4.773625">
        <ele>500.924505</ele>
        <time>2026-05-19T13:13:25.000Z</time>
      </trkpt>
      <trkpt lat="36.903207" lon="-4.773611">
        <ele>500.404123</ele>
        <time>2026-05-19T13:13:32.000Z</time>
      </trkpt>
      <trkpt lat="36.903229" lon="-4.77361">
        <ele>500.084086</ele>
        <time>2026-05-19T13:13:35.000Z</time>
      </trkpt>
      <trkpt lat="36.903252" lon="-4.773623">
        <ele>499.717156</ele>
        <time>2026-05-19T13:13:41.000Z</time>
      </trkpt>
      <trkpt lat="36.903269" lon="-4.773642">
        <ele>499.3857</ele>
        <time>2026-05-19T13:13:44.000Z</time>
      </trkpt>
      <trkpt lat="36.903283" lon="-4.773666">
        <ele>499.040355</ele>
        <time>2026-05-19T13:13:47.000Z</time>
      </trkpt>
      <trkpt lat="36.903287" lon="-4.773687">
        <ele>498.789401</ele>
        <time>2026-05-19T13:13:50.000Z</time>
      </trkpt>
      <trkpt lat="36.903281" lon="-4.773687">
        <ele>498.702175</ele>
        <time>2026-05-19T13:13:52.000Z</time>
      </trkpt>
      <trkpt lat="36.903246" lon="-4.773686">
        <ele>498.193228</ele>
        <time>2026-05-19T13:14:01.000Z</time>
      </trkpt>
      <trkpt lat="36.903242" lon="-4.773666">
        <ele>497.953567</ele>
        <time>2026-05-19T13:14:07.000Z</time>
      </trkpt>
      <trkpt lat="36.903266" lon="-4.773653">
        <ele>497.573343</ele>
        <time>2026-05-19T13:14:10.000Z</time>
      </trkpt>
      <trkpt lat="36.903272" lon="-4.773657">
        <ele>497.474497</ele>
        <time>2026-05-19T13:14:12.000Z</time>
      </trkpt>
      <trkpt lat="36.903277" lon="-4.773659">
        <ele>497.398181</ele>
        <time>2026-05-19T13:14:14.000Z</time>
      </trkpt>
      <trkpt lat="36.903283" lon="-4.773664">
        <ele>497.293364</ele>
        <time>2026-05-19T13:14:17.000Z</time>
      </trkpt>
      <trkpt lat="36.903302" lon="-4.773703">
        <ele>496.762476</ele>
        <time>2026-05-19T13:14:22.000Z</time>
      </trkpt>
      <trkpt lat="36.903312" lon="-4.773715">
        <ele>496.560996</ele>
        <time>2026-05-19T13:14:25.000Z</time>
      </trkpt>
      <trkpt lat="36.903329" lon="-4.773756">
        <ele>496.02411</ele>
        <time>2026-05-19T13:14:31.000Z</time>
      </trkpt>
      <trkpt lat="36.903343" lon="-4.773788">
        <ele>495.600075</ele>
        <time>2026-05-19T13:14:34.000Z</time>
      </trkpt>
      <trkpt lat="36.90336" lon="-4.773817">
        <ele>495.182068</ele>
        <time>2026-05-19T13:14:40.000Z</time>
      </trkpt>
      <trkpt lat="36.903366" lon="-4.773814">
        <ele>495.088129</ele>
        <time>2026-05-19T13:14:42.000Z</time>
      </trkpt>
      <trkpt lat="36.903397" lon="-4.773857">
        <ele>494.415098</ele>
        <time>2026-05-19T13:14:49.000Z</time>
      </trkpt>
      <trkpt lat="36.903407" lon="-4.773892">
        <ele>493.983034</ele>
        <time>2026-05-19T13:14:55.000Z</time>
      </trkpt>
      <trkpt lat="36.903421" lon="-4.773909">
        <ele>493.699348</ele>
        <time>2026-05-19T13:14:57.000Z</time>
      </trkpt>
      <trkpt lat="36.903436" lon="-4.77392">
        <ele>493.446556</ele>
        <time>2026-05-19T13:15:01.000Z</time>
      </trkpt>
      <trkpt lat="36.903444" lon="-4.77394">
        <ele>493.186592</ele>
        <time>2026-05-19T13:15:05.000Z</time>
      </trkpt>
      <trkpt lat="36.903467" lon="-4.773967">
        <ele>492.72799</ele>
        <time>2026-05-19T13:15:09.000Z</time>
      </trkpt>
      <trkpt lat="36.903482" lon="-4.773971">
        <ele>492.505024</ele>
        <time>2026-05-19T13:15:12.000Z</time>
      </trkpt>
      <trkpt lat="36.903524" lon="-4.774014">
        <ele>491.715926</ele>
        <time>2026-05-19T13:15:19.000Z</time>
      </trkpt>
      <trkpt lat="36.90353" lon="-4.774014">
        <ele>491.6287</ele>
        <time>2026-05-19T13:15:20.000Z</time>
      </trkpt>
      <trkpt lat="36.903547" lon="-4.774014">
        <ele>491.381562</ele>
        <time>2026-05-19T13:15:27.000Z</time>
      </trkpt>
      <trkpt lat="36.90355" lon="-4.774017">
        <ele>491.32572</ele>
        <time>2026-05-19T13:15:28.000Z</time>
      </trkpt>
      <trkpt lat="36.903589" lon="-4.774046">
        <ele>490.666099</ele>
        <time>2026-05-19T13:15:32.000Z</time>
      </trkpt>
      <trkpt lat="36.90359" lon="-4.774057">
        <ele>490.537401</ele>
        <time>2026-05-19T13:15:34.000Z</time>
      </trkpt>
      <trkpt lat="36.903587" lon="-4.774146">
        <ele>489.501865</ele>
        <time>2026-05-19T13:15:43.000Z</time>
      </trkpt>
      <trkpt lat="36.90358" lon="-4.774167">
        <ele>489.237381</ele>
        <time>2026-05-19T13:15:45.000Z</time>
      </trkpt>
      <trkpt lat="36.903587" lon="-4.77424">
        <ele>488.382682</ele>
        <time>2026-05-19T13:15:52.000Z</time>
      </trkpt>
      <trkpt lat="36.903592" lon="-4.774255">
        <ele>488.193765</ele>
        <time>2026-05-19T13:15:54.000Z</time>
      </trkpt>
      <trkpt lat="36.903639" lon="-4.774289">
        <ele>487.404417</ele>
        <time>2026-05-19T13:16:00.000Z</time>
      </trkpt>
      <trkpt lat="36.903651" lon="-4.774295">
        <ele>487.216539</ele>
        <time>2026-05-19T13:16:02.000Z</time>
      </trkpt>
      <trkpt lat="36.903727" lon="-4.774317">
        <ele>486.082471</ele>
        <time>2026-05-19T13:16:11.000Z</time>
      </trkpt>
      <trkpt lat="36.903758" lon="-4.774313">
        <ele>485.629414</ele>
        <time>2026-05-19T13:16:13.000Z</time>
      </trkpt>
      <trkpt lat="36.903802" lon="-4.774307">
        <ele>484.98597</ele>
        <time>2026-05-19T13:16:18.000Z</time>
      </trkpt>
      <trkpt lat="36.903804" lon="-4.774282">
        <ele>484.693898</ele>
        <time>2026-05-19T13:16:23.000Z</time>
      </trkpt>
      <trkpt lat="36.903804" lon="-4.774264">
        <ele>484.48465</ele>
        <time>2026-05-19T13:16:26.000Z</time>
      </trkpt>
      <trkpt lat="36.903807" lon="-4.774243">
        <ele>484.236662</ele>
        <time>2026-05-19T13:16:29.000Z</time>
      </trkpt>
      <trkpt lat="36.903807" lon="-4.774209">
        <ele>483.841416</ele>
        <time>2026-05-19T13:16:34.000Z</time>
      </trkpt>
      <trkpt lat="36.903803" lon="-4.774202">
        <ele>483.7414</ele>
        <time>2026-05-19T13:16:36.000Z</time>
      </trkpt>
      <trkpt lat="36.903794" lon="-4.774126">
        <ele>482.848274</ele>
        <time>2026-05-19T13:16:45.000Z</time>
      </trkpt>
      <trkpt lat="36.903796" lon="-4.774091">
        <ele>482.440365</ele>
        <time>2026-05-19T13:16:47.000Z</time>
      </trkpt>
      <trkpt lat="36.903804" lon="-4.774057">
        <ele>482.028364</ele>
        <time>2026-05-19T13:16:52.000Z</time>
      </trkpt>
      <trkpt lat="36.903855" lon="-4.774034">
        <ele>481.227793</ele>
        <time>2026-05-19T13:17:01.000Z</time>
      </trkpt>
      <trkpt lat="36.903863" lon="-4.774029">
        <ele>481.084862</ele>
        <time>2026-05-19T13:17:02.000Z</time>
      </trkpt>
      <trkpt lat="36.90389" lon="-4.774012">
        <ele>480.601752</ele>
        <time>2026-05-19T13:17:06.000Z</time>
      </trkpt>
      <trkpt lat="36.903899" lon="-4.774005">
        <ele>480.432368</ele>
        <time>2026-05-19T13:17:09.000Z</time>
      </trkpt>
      <trkpt lat="36.903919" lon="-4.773977">
        <ele>479.952569</ele>
        <time>2026-05-19T13:17:13.000Z</time>
      </trkpt>
      <trkpt lat="36.903945" lon="-4.773925">
        <ele>479.168814</ele>
        <time>2026-05-19T13:17:18.000Z</time>
      </trkpt>
      <trkpt lat="36.903955" lon="-4.773907">
        <ele>478.888713</ele>
        <time>2026-05-19T13:17:20.000Z</time>
      </trkpt>
      <trkpt lat="36.903957" lon="-4.773901">
        <ele>478.805641</ele>
        <time>2026-05-19T13:17:24.000Z</time>
      </trkpt>
      <trkpt lat="36.903965" lon="-4.773898">
        <ele>478.672163</ele>
        <time>2026-05-19T13:17:27.000Z</time>
      </trkpt>
      <trkpt lat="36.904027" lon="-4.773875">
        <ele>477.638625</ele>
        <time>2026-05-19T13:17:36.000Z</time>
      </trkpt>
      <trkpt lat="36.904034" lon="-4.77387">
        <ele>477.509791</ele>
        <time>2026-05-19T13:17:37.000Z</time>
      </trkpt>
      <trkpt lat="36.904028" lon="-4.773836">
        <ele>477.064829</ele>
        <time>2026-05-19T13:17:43.000Z</time>
      </trkpt>
      <trkpt lat="36.90408" lon="-4.773856">
        <ele>476.195368</ele>
        <time>2026-05-19T13:17:55.000Z</time>
      </trkpt>
      <trkpt lat="36.904101" lon="-4.773859">
        <ele>475.857571</ele>
        <time>2026-05-19T13:17:59.000Z</time>
      </trkpt>
      <trkpt lat="36.904104" lon="-4.773851">
        <ele>475.74465</ele>
        <time>2026-05-19T13:18:01.000Z</time>
      </trkpt>
      <trkpt lat="36.904111" lon="-4.773848">
        <ele>475.626392</ele>
        <time>2026-05-19T13:18:02.000Z</time>
      </trkpt>
      <trkpt lat="36.904112" lon="-4.773808">
        <ele>475.114959</ele>
        <time>2026-05-19T13:18:07.000Z</time>
      </trkpt>
      <trkpt lat="36.904114" lon="-4.773804">
        <ele>475.05467</ele>
        <time>2026-05-19T13:18:08.000Z</time>
      </trkpt>
      <trkpt lat="36.904115" lon="-4.77381">
        <ele>474.976345</ele>
        <time>2026-05-19T13:18:12.000Z</time>
      </trkpt>
      <trkpt lat="36.904127" lon="-4.773829">
        <ele>474.666931</ele>
        <time>2026-05-19T13:18:15.000Z</time>
      </trkpt>
      <trkpt lat="36.90417" lon="-4.773799">
        <ele>473.88001</ele>
        <time>2026-05-19T13:18:20.000Z</time>
      </trkpt>
      <trkpt lat="36.904191" lon="-4.773788">
        <ele>473.516144</ele>
        <time>2026-05-19T13:18:23.000Z</time>
      </trkpt>
      <trkpt lat="36.904234" lon="-4.773767">
        <ele>472.77839</ele>
        <time>2026-05-19T13:18:29.000Z</time>
      </trkpt>
      <trkpt lat="36.904247" lon="-4.773757">
        <ele>472.534472</ele>
        <time>2026-05-19T13:18:32.000Z</time>
      </trkpt>
      <trkpt lat="36.904262" lon="-4.773739">
        <ele>472.202233</ele>
        <time>2026-05-19T13:18:36.000Z</time>
      </trkpt>
      <trkpt lat="36.904273" lon="-4.773734">
        <ele>472.015182</ele>
        <time>2026-05-19T13:18:40.000Z</time>
      </trkpt>
      <trkpt lat="36.904281" lon="-4.773734">
        <ele>471.887329</ele>
        <time>2026-05-19T13:18:42.000Z</time>
      </trkpt>
      <trkpt lat="36.904323" lon="-4.773747">
        <ele>471.195846</ele>
        <time>2026-05-19T13:18:50.000Z</time>
      </trkpt>
      <trkpt lat="36.904339" lon="-4.773745">
        <ele>470.938866</ele>
        <time>2026-05-19T13:18:53.000Z</time>
      </trkpt>
      <trkpt lat="36.904362" lon="-4.773722">
        <ele>470.46822</ele>
        <time>2026-05-19T13:19:01.000Z</time>
      </trkpt>
      <trkpt lat="36.904366" lon="-4.77372">
        <ele>470.399373</ele>
        <time>2026-05-19T13:19:02.000Z</time>
      </trkpt>
      <trkpt lat="36.904404" lon="-4.773704">
        <ele>469.758573</ele>
        <time>2026-05-19T13:19:09.000Z</time>
      </trkpt>
      <trkpt lat="36.90441" lon="-4.773701">
        <ele>469.655303</ele>
        <time>2026-05-19T13:19:10.000Z</time>
      </trkpt>
      <trkpt lat="36.904438" lon="-4.773701">
        <ele>469.207817</ele>
        <time>2026-05-19T13:19:17.000Z</time>
      </trkpt>
      <trkpt lat="36.904457" lon="-4.773698">
        <ele>468.901755</ele>
        <time>2026-05-19T13:19:25.000Z</time>
      </trkpt>
      <trkpt lat="36.904455" lon="-4.773702">
        <ele>468.841467</ele>
        <time>2026-05-19T13:19:26.000Z</time>
      </trkpt>
      <trkpt lat="36.904468" lon="-4.773706">
        <ele>468.627509</ele>
        <time>2026-05-19T13:19:31.000Z</time>
      </trkpt>
      <trkpt lat="36.904474" lon="-4.773716">
        <ele>468.467739</ele>
        <time>2026-05-19T13:19:34.000Z</time>
      </trkpt>
      <trkpt lat="36.904517" lon="-4.773718">
        <ele>467.780054</ele>
        <time>2026-05-19T13:19:42.000Z</time>
      </trkpt>
      <trkpt lat="36.904526" lon="-4.773672">
        <ele>467.174856</ele>
        <time>2026-05-19T13:19:53.000Z</time>
      </trkpt>
      <trkpt lat="36.904538" lon="-4.773704">
        <ele>466.723175</ele>
        <time>2026-05-19T13:19:55.000Z</time>
      </trkpt>
      <trkpt lat="36.904543" lon="-4.773685">
        <ele>466.467554</ele>
        <time>2026-05-19T13:19:57.000Z</time>
      </trkpt>
      <trkpt lat="36.904537" lon="-4.773646">
        <ele>465.960013</ele>
        <time>2026-05-19T13:20:00.000Z</time>
      </trkpt>
      <trkpt lat="36.90453" lon="-4.773629">
        <ele>465.715649</ele>
        <time>2026-05-19T13:20:01.000Z</time>
      </trkpt>
      <trkpt lat="36.904555" lon="-4.773621">
        <ele>465.303235</ele>
        <time>2026-05-19T13:20:05.000Z</time>
      </trkpt>
      <trkpt lat="36.904573" lon="-4.773623">
        <ele>465.014433</ele>
        <time>2026-05-19T13:20:08.000Z</time>
      </trkpt>
      <trkpt lat="36.904595" lon="-4.773625">
        <ele>464.661909</ele>
        <time>2026-05-19T13:20:10.000Z</time>
      </trkpt>
      <trkpt lat="36.904649" lon="-4.773632">
        <ele>463.794277</ele>
        <time>2026-05-19T13:20:16.000Z</time>
      </trkpt>
      <trkpt lat="36.90467" lon="-4.773674">
        <ele>463.161248</ele>
        <time>2026-05-19T13:20:21.000Z</time>
      </trkpt>
      <trkpt lat="36.904676" lon="-4.77368">
        <ele>463.038471</ele>
        <time>2026-05-19T13:20:22.000Z</time>
      </trkpt>
      <trkpt lat="36.904681" lon="-4.773685">
        <ele>462.936157</ele>
        <time>2026-05-19T13:20:23.000Z</time>
      </trkpt>
      <trkpt lat="36.904706" lon="-4.773696">
        <ele>462.512607</ele>
        <time>2026-05-19T13:20:27.000Z</time>
      </trkpt>
      <trkpt lat="36.904744" lon="-4.773691">
        <ele>461.901953</ele>
        <time>2026-05-19T13:20:33.000Z</time>
      </trkpt>
      <trkpt lat="36.904761" lon="-4.773693">
        <ele>461.629066</ele>
        <time>2026-05-19T13:20:36.000Z</time>
      </trkpt>
      <trkpt lat="36.904806" lon="-4.773709">
        <ele>460.88139</ele>
        <time>2026-05-19T13:20:43.000Z</time>
      </trkpt>
      <trkpt lat="36.904823" lon="-4.773714">
        <ele>460.602289</ele>
        <time>2026-05-19T13:20:46.000Z</time>
      </trkpt>
      <trkpt lat="36.904838" lon="-4.773705">
        <ele>460.336401</ele>
        <time>2026-05-19T13:20:53.000Z</time>
      </trkpt>
      <trkpt lat="36.904889" lon="-4.773679">
        <ele>459.456214</ele>
        <time>2026-05-19T13:21:03.000Z</time>
      </trkpt>
      <trkpt lat="36.904947" lon="-4.773659">
        <ele>458.494688</ele>
        <time>2026-05-19T13:21:12.000Z</time>
      </trkpt>
      <trkpt lat="36.90495" lon="-4.77364">
        <ele>458.24719</ele>
        <time>2026-05-19T13:21:16.000Z</time>
      </trkpt>
      <trkpt lat="36.904922" lon="-4.773612">
        <ele>457.674231</ele>
        <time>2026-05-19T13:21:20.000Z</time>
      </trkpt>
      <trkpt lat="36.904942" lon="-4.77357">
        <ele>457.04953</ele>
        <time>2026-05-19T13:21:28.000Z</time>
      </trkpt>
      <trkpt lat="36.904944" lon="-4.773561">
        <ele>456.930156</ele>
        <time>2026-05-19T13:21:29.000Z</time>
      </trkpt>
      <trkpt lat="36.904968" lon="-4.773537">
        <ele>456.439049</ele>
        <time>2026-05-19T13:21:38.000Z</time>
      </trkpt>
      <trkpt lat="36.904971" lon="-4.773534">
        <ele>456.37766</ele>
        <time>2026-05-19T13:21:39.000Z</time>
      </trkpt>
      <trkpt lat="36.904985" lon="-4.773515">
        <ele>456.047483</ele>
        <time>2026-05-19T13:21:44.000Z</time>
      </trkpt>
      <trkpt lat="36.905005" lon="-4.773465">
        <ele>455.333025</ele>
        <time>2026-05-19T13:21:50.000Z</time>
      </trkpt>
      <trkpt lat="36.905009" lon="-4.77346">
        <ele>455.24264</ele>
        <time>2026-05-19T13:21:57.000Z</time>
      </trkpt>
      <trkpt lat="36.905019" lon="-4.773454">
        <ele>455.065382</ele>
        <time>2026-05-19T13:22:07.000Z</time>
      </trkpt>
      <trkpt lat="36.905019" lon="-4.773452">
        <ele>455.039823</ele>
        <time>2026-05-19T13:22:11.000Z</time>
      </trkpt>
      <trkpt lat="36.905029" lon="-4.773477">
        <ele>454.682594</ele>
        <time>2026-05-19T13:22:15.000Z</time>
      </trkpt>
      <trkpt lat="36.905031" lon="-4.77346">
        <ele>454.463005</ele>
        <time>2026-05-19T13:22:22.000Z</time>
      </trkpt>
      <trkpt lat="36.90504" lon="-4.773389">
        <ele>453.544336</ele>
        <time>2026-05-19T13:22:33.000Z</time>
      </trkpt>
      <trkpt lat="36.905053" lon="-4.773362">
        <ele>453.14157</ele>
        <time>2026-05-19T13:22:37.000Z</time>
      </trkpt>
      <trkpt lat="36.905066" lon="-4.773344">
        <ele>452.831605</ele>
        <time>2026-05-19T13:22:40.000Z</time>
      </trkpt>
      <trkpt lat="36.905093" lon="-4.773225">
        <ele>451.313457</ele>
        <time>2026-05-19T13:22:48.000Z</time>
      </trkpt>
      <trkpt lat="36.905118" lon="-4.773199">
        <ele>450.817583</ele>
        <time>2026-05-19T13:22:53.000Z</time>
      </trkpt>
      <trkpt lat="36.905133" lon="-4.773185">
        <ele>450.53214</ele>
        <time>2026-05-19T13:22:56.000Z</time>
      </trkpt>
      <trkpt lat="36.905146" lon="-4.773148">
        <ele>450.039298</ele>
        <time>2026-05-19T13:23:04.000Z</time>
      </trkpt>
      <trkpt lat="36.905157" lon="-4.773105">
        <ele>449.488743</ele>
        <time>2026-05-19T13:23:10.000Z</time>
      </trkpt>
      <trkpt lat="36.905164" lon="-4.773069">
        <ele>449.036938</ele>
        <time>2026-05-19T13:23:13.000Z</time>
      </trkpt>
      <trkpt lat="36.905166" lon="-4.773046">
        <ele>448.754805</ele>
        <time>2026-05-19T13:23:16.000Z</time>
      </trkpt>
      <trkpt lat="36.905157" lon="-4.773022">
        <ele>448.431545</ele>
        <time>2026-05-19T13:23:20.000Z</time>
      </trkpt>
      <trkpt lat="36.90514" lon="-4.773">
        <ele>448.058461</ele>
        <time>2026-05-19T13:23:28.000Z</time>
      </trkpt>
      <trkpt lat="36.905143" lon="-4.772991">
        <ele>447.939554</ele>
        <time>2026-05-19T13:23:31.000Z</time>
      </trkpt>
      <trkpt lat="36.905142" lon="-4.772981">
        <ele>447.816656</ele>
        <time>2026-05-19T13:23:32.000Z</time>
      </trkpt>
      <trkpt lat="36.905143" lon="-4.772957">
        <ele>447.523584</ele>
        <time>2026-05-19T13:23:37.000Z</time>
      </trkpt>
      <trkpt lat="36.905144" lon="-4.77296">
        <ele>447.483949</ele>
        <time>2026-05-19T13:23:38.000Z</time>
      </trkpt>
      <trkpt lat="36.905136" lon="-4.772931">
        <ele>447.109847</ele>
        <time>2026-05-19T13:23:44.000Z</time>
      </trkpt>
      <trkpt lat="36.905136" lon="-4.7729">
        <ele>446.731809</ele>
        <time>2026-05-19T13:23:47.000Z</time>
      </trkpt>
      <trkpt lat="36.905145" lon="-4.772808">
        <ele>445.601525</ele>
        <time>2026-05-19T13:23:53.000Z</time>
      </trkpt>
      <trkpt lat="36.905164" lon="-4.772751">
        <ele>444.848447</ele>
        <time>2026-05-19T13:23:59.000Z</time>
      </trkpt>
      <trkpt lat="36.905168" lon="-4.77274">
        <ele>444.701085</ele>
        <time>2026-05-19T13:24:00.000Z</time>
      </trkpt>
      <trkpt lat="36.905169" lon="-4.772733">
        <ele>444.61437</ele>
        <time>2026-05-19T13:24:06.000Z</time>
      </trkpt>
      <trkpt lat="36.905168" lon="-4.772713">
        <ele>444.369999</ele>
        <time>2026-05-19T13:24:09.000Z</time>
      </trkpt>
      <trkpt lat="36.905167" lon="-4.772677">
        <ele>443.930722</ele>
        <time>2026-05-19T13:24:13.000Z</time>
      </trkpt>
      <trkpt lat="36.905151" lon="-4.772636">
        <ele>443.374372</ele>
        <time>2026-05-19T13:24:19.000Z</time>
      </trkpt>
      <trkpt lat="36.905154" lon="-4.772636">
        <ele>443.328621</ele>
        <time>2026-05-19T13:24:22.000Z</time>
      </trkpt>
      <trkpt lat="36.905163" lon="-4.772618">
        <ele>443.069735</ele>
        <time>2026-05-19T13:24:26.000Z</time>
      </trkpt>
      <trkpt lat="36.905185" lon="-4.772579">
        <ele>442.487705</ele>
        <time>2026-05-19T13:24:32.000Z</time>
      </trkpt>
      <trkpt lat="36.905188" lon="-4.772561">
        <ele>442.263482</ele>
        <time>2026-05-19T13:24:35.000Z</time>
      </trkpt>
      <trkpt lat="36.905189" lon="-4.772538">
        <ele>441.982588</ele>
        <time>2026-05-19T13:24:39.000Z</time>
      </trkpt>
      <trkpt lat="36.905181" lon="-4.772497">
        <ele>441.467933</ele>
        <time>2026-05-19T13:24:45.000Z</time>
      </trkpt>
      <trkpt lat="36.905176" lon="-4.772423">
        <ele>440.562304</ele>
        <time>2026-05-19T13:24:54.000Z</time>
      </trkpt>
      <trkpt lat="36.905167" lon="-4.772461">
        <ele>440.079004</ele>
        <time>2026-05-19T13:25:02.000Z</time>
      </trkpt>
      <trkpt lat="36.905174" lon="-4.772473">
        <ele>439.897866</ele>
        <time>2026-05-19T13:25:10.000Z</time>
      </trkpt>
      <trkpt lat="36.905173" lon="-4.772481">
        <ele>439.799123</ele>
        <time>2026-05-19T13:25:12.000Z</time>
      </trkpt>
      <trkpt lat="36.905178" lon="-4.772454">
        <ele>439.46115</ele>
        <time>2026-05-19T13:25:17.000Z</time>
      </trkpt>
      <trkpt lat="36.905179" lon="-4.772447">
        <ele>439.374435</ele>
        <time>2026-05-19T13:25:18.000Z</time>
      </trkpt>
      <trkpt lat="36.905181" lon="-4.772387">
        <ele>438.642114</ele>
        <time>2026-05-19T13:25:26.000Z</time>
      </trkpt>
      <trkpt lat="36.905186" lon="-4.772369">
        <ele>438.409741</ele>
        <time>2026-05-19T13:25:28.000Z</time>
      </trkpt>
      <trkpt lat="36.905197" lon="-4.772341">
        <ele>438.029304</ele>
        <time>2026-05-19T13:25:33.000Z</time>
      </trkpt>
      <trkpt lat="36.905202" lon="-4.772324">
        <ele>437.808414</ele>
        <time>2026-05-19T13:25:35.000Z</time>
      </trkpt>
      <trkpt lat="36.905208" lon="-4.772267">
        <ele>437.107316</ele>
        <time>2026-05-19T13:25:41.000Z</time>
      </trkpt>
      <trkpt lat="36.905203" lon="-4.772267">
        <ele>437.031063</ele>
        <time>2026-05-19T13:25:42.000Z</time>
      </trkpt>
      <trkpt lat="36.90518" lon="-4.772231">
        <ele>436.469134</ele>
        <time>2026-05-19T13:25:51.000Z</time>
      </trkpt>
      <trkpt lat="36.905174" lon="-4.772191">
        <ele>435.972835</ele>
        <time>2026-05-19T13:25:58.000Z</time>
      </trkpt>
      <trkpt lat="36.905178" lon="-4.772188">
        <ele>435.901704</ele>
        <time>2026-05-19T13:26:01.000Z</time>
      </trkpt>
      <trkpt lat="36.905186" lon="-4.772199">
        <ele>435.720377</ele>
        <time>2026-05-19T13:26:09.000Z</time>
      </trkpt>
      <trkpt lat="36.905184" lon="-4.772206">
        <ele>435.629729</ele>
        <time>2026-05-19T13:26:11.000Z</time>
      </trkpt>
      <trkpt lat="36.905164" lon="-4.77218">
        <ele>435.189773</ele>
        <time>2026-05-19T13:26:23.000Z</time>
      </trkpt>
      <trkpt lat="36.905172" lon="-4.772156">
        <ele>434.872688</ele>
        <time>2026-05-19T13:26:27.000Z</time>
      </trkpt>
      <trkpt lat="36.905175" lon="-4.772138">
        <ele>434.648465</ele>
        <time>2026-05-19T13:26:30.000Z</time>
      </trkpt>
      <trkpt lat="36.905179" lon="-4.772058">
        <ele>433.670978</ele>
        <time>2026-05-19T13:26:38.000Z</time>
      </trkpt>
      <trkpt lat="36.905189" lon="-4.772049">
        <ele>433.483086</ele>
        <time>2026-05-19T13:26:42.000Z</time>
      </trkpt>
      <trkpt lat="36.905215" lon="-4.771998">
        <ele>432.745507</ele>
        <time>2026-05-19T13:26:46.000Z</time>
      </trkpt>
      <trkpt lat="36.905231" lon="-4.77199">
        <ele>432.482719</ele>
        <time>2026-05-19T13:26:52.000Z</time>
      </trkpt>
      <trkpt lat="36.905234" lon="-4.771995">
        <ele>432.406489</ele>
        <time>2026-05-19T13:26:54.000Z</time>
      </trkpt>
      <trkpt lat="36.905234" lon="-4.772008">
        <ele>432.247957</ele>
        <time>2026-05-19T13:26:56.000Z</time>
      </trkpt>
      <trkpt lat="36.905222" lon="-4.77203">
        <ele>431.923199</ele>
        <time>2026-05-19T13:26:58.000Z</time>
      </trkpt>
      <trkpt lat="36.905204" lon="-4.772057">
        <ele>431.494519</ele>
        <time>2026-05-19T13:27:01.000Z</time>
      </trkpt>
      <trkpt lat="36.905191" lon="-4.772061">
        <ele>431.29035</ele>
        <time>2026-05-19T13:27:02.000Z</time>
      </trkpt>
      <trkpt lat="36.905156" lon="-4.772033">
        <ele>430.656711</ele>
        <time>2026-05-19T13:27:07.000Z</time>
      </trkpt>
      <trkpt lat="36.905139" lon="-4.772009">
        <ele>430.265721</ele>
        <time>2026-05-19T13:27:10.000Z</time>
      </trkpt>
      <trkpt lat="36.905124" lon="-4.771998">
        <ele>430.000533</ele>
        <time>2026-05-19T13:27:14.000Z</time>
      </trkpt>
      <trkpt lat="36.905119" lon="-4.771996">
        <ele>429.920475</ele>
        <time>2026-05-19T13:27:15.000Z</time>
      </trkpt>
      <trkpt lat="36.905094" lon="-4.771993">
        <ele>429.537462</ele>
        <time>2026-05-19T13:27:18.000Z</time>
      </trkpt>
      <trkpt lat="36.905072" lon="-4.772006">
        <ele>429.166382</ele>
        <time>2026-05-19T13:27:21.000Z</time>
      </trkpt>
      <trkpt lat="36.905041" lon="-4.772061">
        <ele>428.345795</ele>
        <time>2026-05-19T13:27:29.000Z</time>
      </trkpt>
      <trkpt lat="36.905034" lon="-4.772127">
        <ele>427.53389</ele>
        <time>2026-05-19T13:27:37.000Z</time>
      </trkpt>
      <trkpt lat="36.905031" lon="-4.772178">
        <ele>426.910275</ele>
        <time>2026-05-19T13:27:43.000Z</time>
      </trkpt>
      <trkpt lat="36.90503" lon="-4.772186">
        <ele>426.811532</ele>
        <time>2026-05-19T13:27:45.000Z</time>
      </trkpt>
      <trkpt lat="36.90502" lon="-4.772185">
        <ele>426.65854</ele>
        <time>2026-05-19T13:27:51.000Z</time>
      </trkpt>
      <trkpt lat="36.905004" lon="-4.772169">
        <ele>426.346113</ele>
        <time>2026-05-19T13:27:54.000Z</time>
      </trkpt>
      <trkpt lat="36.904997" lon="-4.772164">
        <ele>426.223174</ele>
        <time>2026-05-19T13:27:55.000Z</time>
      </trkpt>
      <trkpt lat="36.904963" lon="-4.772157">
        <ele>425.697677</ele>
        <time>2026-05-19T13:28:04.000Z</time>
      </trkpt>
      <trkpt lat="36.904948" lon="-4.772145">
        <ele>425.426117</ele>
        <time>2026-05-19T13:28:09.000Z</time>
      </trkpt>
      <trkpt lat="36.90494" lon="-4.772114">
        <ele>424.997238</ele>
        <time>2026-05-19T13:28:14.000Z</time>
      </trkpt>
      <trkpt lat="36.904935" lon="-4.772043">
        <ele>423.957101</ele>
        <time>2026-05-19T13:28:23.000Z</time>
      </trkpt>
      <trkpt lat="36.904936" lon="-4.772034">
        <ele>423.824499</ele>
        <time>2026-05-19T13:28:24.000Z</time>
      </trkpt>
      <trkpt lat="36.904964" lon="-4.772035">
        <ele>423.31329</ele>
        <time>2026-05-19T13:28:34.000Z</time>
      </trkpt>
      <trkpt lat="36.904957" lon="-4.772049">
        <ele>423.072331</ele>
        <time>2026-05-19T13:28:42.000Z</time>
      </trkpt>
      <trkpt lat="36.904973" lon="-4.771974">
        <ele>421.93955</ele>
        <time>2026-05-19T13:28:48.000Z</time>
      </trkpt>
      <trkpt lat="36.904996" lon="-4.771961">
        <ele>421.478918</ele>
        <time>2026-05-19T13:28:53.000Z</time>
      </trkpt>
      <trkpt lat="36.904991" lon="-4.771943">
        <ele>421.20084</ele>
        <time>2026-05-19T13:28:56.000Z</time>
      </trkpt>
      <trkpt lat="36.904988" lon="-4.771873">
        <ele>420.177841</ele>
        <time>2026-05-19T13:29:04.000Z</time>
      </trkpt>
      <trkpt lat="36.904989" lon="-4.771868">
        <ele>420.102627</ele>
        <time>2026-05-19T13:29:06.000Z</time>
      </trkpt>
      <trkpt lat="36.905021" lon="-4.771879">
        <ele>419.496965</ele>
        <time>2026-05-19T13:29:12.000Z</time>
      </trkpt>
      <trkpt lat="36.905064" lon="-4.771869">
        <ele>418.69876</ele>
        <time>2026-05-19T13:29:16.000Z</time>
      </trkpt>
      <trkpt lat="36.905085" lon="-4.771849">
        <ele>418.217027</ele>
        <time>2026-05-19T13:29:19.000Z</time>
      </trkpt>
      <trkpt lat="36.905125" lon="-4.771791">
        <ele>417.0993</ele>
        <time>2026-05-19T13:29:26.000Z</time>
      </trkpt>
      <trkpt lat="36.90513" lon="-4.771787">
        <ele>416.990976</ele>
        <time>2026-05-19T13:29:27.000Z</time>
      </trkpt>
      <trkpt lat="36.90517" lon="-4.771759">
        <ele>416.154396</ele>
        <time>2026-05-19T13:29:35.000Z</time>
      </trkpt>
      <trkpt lat="36.905178" lon="-4.771744">
        <ele>415.891275</ele>
        <time>2026-05-19T13:29:37.000Z</time>
      </trkpt>
      <trkpt lat="36.905161" lon="-4.771738">
        <ele>415.568905</ele>
        <time>2026-05-19T13:29:43.000Z</time>
      </trkpt>
      <trkpt lat="36.905171" lon="-4.771783">
        <ele>414.88732</ele>
        <time>2026-05-19T13:29:48.000Z</time>
      </trkpt>
      <trkpt lat="36.90518" lon="-4.771808">
        <ele>414.487219</ele>
        <time>2026-05-19T13:29:50.000Z</time>
      </trkpt>
      <trkpt lat="36.905204" lon="-4.771809">
        <ele>414.048975</ele>
        <time>2026-05-19T13:29:57.000Z</time>
      </trkpt>
      <trkpt lat="36.905205" lon="-4.771776">
        <ele>413.567051</ele>
        <time>2026-05-19T13:29:59.000Z</time>
      </trkpt>
      <trkpt lat="36.905231" lon="-4.77173">
        <ele>412.744992</ele>
        <time>2026-05-19T13:30:05.000Z</time>
      </trkpt>
      <trkpt lat="36.905258" lon="-4.771729">
        <ele>412.252025</ele>
        <time>2026-05-19T13:30:14.000Z</time>
      </trkpt>
      <trkpt lat="36.905265" lon="-4.771707">
        <ele>411.90649</ele>
        <time>2026-05-19T13:30:16.000Z</time>
      </trkpt>
      <trkpt lat="36.905266" lon="-4.771683">
        <ele>411.555776</ele>
        <time>2026-05-19T13:30:21.000Z</time>
      </trkpt>
      <trkpt lat="36.905262" lon="-4.771647">
        <ele>411.025371</ele>
        <time>2026-05-19T13:30:29.000Z</time>
      </trkpt>
      <trkpt lat="36.905299" lon="-4.771663">
        <ele>410.31089</ele>
        <time>2026-05-19T13:30:37.000Z</time>
      </trkpt>
      <trkpt lat="36.905306" lon="-4.771659">
        <ele>410.170435</ele>
        <time>2026-05-19T13:30:39.000Z</time>
      </trkpt>
      <trkpt lat="36.905306" lon="-4.77166">
        <ele>410.155842</ele>
        <time>2026-05-19T13:30:40.000Z</time>
      </trkpt>
      <trkpt lat="36.905306" lon="-4.77166">
        <ele>410.155842</ele>
        <time>2026-05-19T13:30:41.000Z</time>
      </trkpt>
      <trkpt lat="36.90533" lon="-4.771641">
        <ele>409.637456</ele>
        <time>2026-05-19T13:30:47.000Z</time>
      </trkpt>
      <trkpt lat="36.905332" lon="-4.771619">
        <ele>409.314336</ele>
        <time>2026-05-19T13:30:52.000Z</time>
      </trkpt>
      <trkpt lat="36.90534" lon="-4.771614">
        <ele>409.151118</ele>
        <time>2026-05-19T13:30:56.000Z</time>
      </trkpt>
      <trkpt lat="36.905379" lon="-4.771664">
        <ele>408.131806</ele>
        <time>2026-05-19T13:31:05.000Z</time>
      </trkpt>
      <trkpt lat="36.905387" lon="-4.771663">
        <ele>407.985078</ele>
        <time>2026-05-19T13:31:06.000Z</time>
      </trkpt>
      <trkpt lat="36.905409" lon="-4.771615">
        <ele>407.177694</ele>
        <time>2026-05-19T13:31:11.000Z</time>
      </trkpt>
      <trkpt lat="36.905431" lon="-4.771553">
        <ele>406.18783</ele>
        <time>2026-05-19T13:31:20.000Z</time>
      </trkpt>
      <trkpt lat="36.905433" lon="-4.771553">
        <ele>406.15133</ele>
        <time>2026-05-19T13:31:21.000Z</time>
      </trkpt>
      <trkpt lat="36.905452" lon="-4.771521">
        <ele>405.569686</ele>
        <time>2026-05-19T13:31:29.000Z</time>
      </trkpt>
      <trkpt lat="36.905465" lon="-4.771496">
        <ele>405.134497</ele>
        <time>2026-05-19T13:31:37.000Z</time>
      </trkpt>
      <trkpt lat="36.905466" lon="-4.771494">
        <ele>405.100075</ele>
        <time>2026-05-19T13:31:39.000Z</time>
      </trkpt>
      <trkpt lat="36.905461" lon="-4.771494">
        <ele>405.008825</ele>
        <time>2026-05-19T13:31:40.000Z</time>
      </trkpt>
      <trkpt lat="36.905463" lon="-4.771479">
        <ele>404.786904</ele>
        <time>2026-05-19T13:31:49.000Z</time>
      </trkpt>
      <trkpt lat="36.905473" lon="-4.77146">
        <ele>404.454961</ele>
        <time>2026-05-19T13:31:51.000Z</time>
      </trkpt>
      <trkpt lat="36.905496" lon="-4.771429">
        <ele>403.837833</ele>
        <time>2026-05-19T13:31:57.000Z</time>
      </trkpt>
      <trkpt lat="36.905496" lon="-4.771431">
        <ele>403.808647</ele>
        <time>2026-05-19T13:31:59.000Z</time>
      </trkpt>
      <trkpt lat="36.905502" lon="-4.77144">
        <ele>403.637649</ele>
        <time>2026-05-19T13:32:06.000Z</time>
      </trkpt>
      <trkpt lat="36.905509" lon="-4.771438">
        <ele>403.506607</ele>
        <time>2026-05-19T13:32:09.000Z</time>
      </trkpt>
      <trkpt lat="36.905505" lon="-4.771417">
        <ele>403.191575</ele>
        <time>2026-05-19T13:32:15.000Z</time>
      </trkpt>
      <trkpt lat="36.905491" lon="-4.771387">
        <ele>402.684676</ele>
        <time>2026-05-19T13:32:22.000Z</time>
      </trkpt>
      <trkpt lat="36.905492" lon="-4.771373">
        <ele>402.479557</ele>
        <time>2026-05-19T13:32:23.000Z</time>
      </trkpt>
      <trkpt lat="36.905496" lon="-4.771352">
        <ele>402.164525</ele>
        <time>2026-05-19T13:32:26.000Z</time>
      </trkpt>
      <trkpt lat="36.905508" lon="-4.771322">
        <ele>401.675008</ele>
        <time>2026-05-19T13:32:31.000Z</time>
      </trkpt>
      <trkpt lat="36.905542" lon="-4.771262">
        <ele>400.601842</ele>
        <time>2026-05-19T13:32:41.000Z</time>
      </trkpt>
      <trkpt lat="36.905546" lon="-4.771252">
        <ele>400.43867</ele>
        <time>2026-05-19T13:32:47.000Z</time>
      </trkpt>
      <trkpt lat="36.905548" lon="-4.771243">
        <ele>400.302353</ele>
        <time>2026-05-19T13:32:49.000Z</time>
      </trkpt>
      <trkpt lat="36.905556" lon="-4.771194">
        <ele>399.572533</ele>
        <time>2026-05-19T13:32:54.000Z</time>
      </trkpt>
      <trkpt lat="36.905562" lon="-4.771171">
        <ele>399.219479</ele>
        <time>2026-05-19T13:32:57.000Z</time>
      </trkpt>
      <trkpt lat="36.905574" lon="-4.771136">
        <ele>398.663746</ele>
        <time>2026-05-19T13:33:02.000Z</time>
      </trkpt>
      <trkpt lat="36.905572" lon="-4.771116">
        <ele>398.369609</ele>
        <time>2026-05-19T13:33:05.000Z</time>
      </trkpt>
      <trkpt lat="36.905564" lon="-4.771098">
        <ele>398.069083</ele>
        <time>2026-05-19T13:33:10.000Z</time>
      </trkpt>
      <trkpt lat="36.905561" lon="-4.771089">
        <ele>397.926789</ele>
        <time>2026-05-19T13:33:11.000Z</time>
      </trkpt>
      <trkpt lat="36.905554" lon="-4.771071">
        <ele>397.634694</ele>
        <time>2026-05-19T13:33:13.000Z</time>
      </trkpt>
      <trkpt lat="36.905543" lon="-4.771008">
        <ele>396.693659</ele>
        <time>2026-05-19T13:33:19.000Z</time>
      </trkpt>
      <trkpt lat="36.905545" lon="-4.771004">
        <ele>396.624814</ele>
        <time>2026-05-19T13:33:20.000Z</time>
      </trkpt>
      <trkpt lat="36.905544" lon="-4.771">
        <ele>396.563655</ele>
        <time>2026-05-19T13:33:21.000Z</time>
      </trkpt>
      <trkpt lat="36.90555" lon="-4.77097">
        <ele>396.112372</ele>
        <time>2026-05-19T13:33:27.000Z</time>
      </trkpt>
      <trkpt lat="36.905551" lon="-4.770955">
        <ele>395.892715</ele>
        <time>2026-05-19T13:33:28.000Z</time>
      </trkpt>
      <trkpt lat="36.905539" lon="-4.770949">
        <ele>395.656859</ele>
        <time>2026-05-19T13:33:36.000Z</time>
      </trkpt>
      <trkpt lat="36.905528" lon="-4.770926">
        <ele>395.265761</ele>
        <time>2026-05-19T13:33:44.000Z</time>
      </trkpt>
      <trkpt lat="36.905529" lon="-4.77089">
        <ele>394.740089</ele>
        <time>2026-05-19T13:33:50.000Z</time>
      </trkpt>
      <trkpt lat="36.905532" lon="-4.770865">
        <ele>394.371173</ele>
        <time>2026-05-19T13:33:53.000Z</time>
      </trkpt>
      <trkpt lat="36.905526" lon="-4.770855">
        <ele>394.188727</ele>
        <time>2026-05-19T13:34:00.000Z</time>
      </trkpt>
      <trkpt lat="36.905525" lon="-4.770842">
        <ele>393.998139</ele>
        <time>2026-05-19T13:34:02.000Z</time>
      </trkpt>
      <trkpt lat="36.905515" lon="-4.770783">
        <ele>393.11801</ele>
        <time>2026-05-19T13:34:10.000Z</time>
      </trkpt>
      <trkpt lat="36.905512" lon="-4.770773">
        <ele>392.962146</ele>
        <time>2026-05-19T13:34:12.000Z</time>
      </trkpt>
      <trkpt lat="36.905517" lon="-4.770738">
        <ele>392.443296</ele>
        <time>2026-05-19T13:34:19.000Z</time>
      </trkpt>
      <trkpt lat="36.905516" lon="-4.770707">
        <ele>392.249287</ele>
        <time>2026-05-19T13:34:23.000Z</time>
      </trkpt>
      <trkpt lat="36.905503" lon="-4.770667">
        <ele>392.05522</ele>
        <time>2026-05-19T13:34:31.000Z</time>
      </trkpt>
      <trkpt lat="36.905502" lon="-4.77071">
        <ele>391.86187</ele>
        <time>2026-05-19T13:34:41.000Z</time>
      </trkpt>
      <trkpt lat="36.9055" lon="-4.770654">
        <ele>391.60992</ele>
        <time>2026-05-19T13:34:48.000Z</time>
      </trkpt>
      <trkpt lat="36.905479" lon="-4.770625">
        <ele>391.434072</ele>
        <time>2026-05-19T13:34:54.000Z</time>
      </trkpt>
      <trkpt lat="36.905478" lon="-4.77061">
        <ele>391.366419</ele>
        <time>2026-05-19T13:34:58.000Z</time>
      </trkpt>
      <trkpt lat="36.905473" lon="-4.770597">
        <ele>391.301581</ele>
        <time>2026-05-19T13:34:59.000Z</time>
      </trkpt>
      <trkpt lat="36.905474" lon="-4.770587">
        <ele>391.256285</ele>
        <time>2026-05-19T13:35:02.000Z</time>
      </trkpt>
      <trkpt lat="36.905471" lon="-4.770594">
        <ele>391.220588</ele>
        <time>2026-05-19T13:35:05.000Z</time>
      </trkpt>
      <trkpt lat="36.905472" lon="-4.770579">
        <ele>391.152935</ele>
        <time>2026-05-19T13:35:10.000Z</time>
      </trkpt>
      <trkpt lat="36.905476" lon="-4.770588">
        <ele>391.106655</ele>
        <time>2026-05-19T13:35:13.000Z</time>
      </trkpt>
      <trkpt lat="36.905482" lon="-4.770573">
        <ele>391.031271</ele>
        <time>2026-05-19T13:35:17.000Z</time>
      </trkpt>
      <trkpt lat="36.90548" lon="-4.77054">
        <ele>390.882523</ele>
        <time>2026-05-19T13:35:20.000Z</time>
      </trkpt>
      <trkpt lat="36.905473" lon="-4.770508">
        <ele>390.733411</ele>
        <time>2026-05-19T13:35:23.000Z</time>
      </trkpt>
      <trkpt lat="36.905479" lon="-4.77046">
        <ele>390.515049</ele>
        <time>2026-05-19T13:35:28.000Z</time>
      </trkpt>
      <trkpt lat="36.905489" lon="-4.770434">
        <ele>390.385373</ele>
        <time>2026-05-19T13:35:31.000Z</time>
      </trkpt>
      <trkpt lat="36.90551" lon="-4.770383">
        <ele>390.127541</ele>
        <time>2026-05-19T13:35:38.000Z</time>
      </trkpt>
      <trkpt lat="36.905493" lon="-4.770377">
        <ele>390.028253</ele>
        <time>2026-05-19T13:35:45.000Z</time>
      </trkpt>
      <trkpt lat="36.90549" lon="-4.770378">
        <ele>390.010802</ele>
        <time>2026-05-19T13:35:46.000Z</time>
      </trkpt>
      <trkpt lat="36.905488" lon="-4.770353">
        <ele>389.897876</ele>
        <time>2026-05-19T13:35:57.000Z</time>
      </trkpt>
      <trkpt lat="36.905473" lon="-4.770336">
        <ele>389.784091</ele>
        <time>2026-05-19T13:35:59.000Z</time>
      </trkpt>
      <trkpt lat="36.905474" lon="-4.770327">
        <ele>389.74325</ele>
        <time>2026-05-19T13:36:01.000Z</time>
      </trkpt>
      <trkpt lat="36.905473" lon="-4.770324">
        <ele>389.728642</ele>
        <time>2026-05-19T13:36:04.000Z</time>
      </trkpt>
      <trkpt lat="36.905487" lon="-4.770306">
        <ele>389.61578</ele>
        <time>2026-05-19T13:36:11.000Z</time>
      </trkpt>
      <trkpt lat="36.905489" lon="-4.770311">
        <ele>389.590652</ele>
        <time>2026-05-19T13:36:12.000Z</time>
      </trkpt>
      <trkpt lat="36.90554" lon="-4.770301">
        <ele>389.300484</ele>
        <time>2026-05-19T13:36:21.000Z</time>
      </trkpt>
      <trkpt lat="36.905601" lon="-4.770267">
        <ele>388.925097</ele>
        <time>2026-05-19T13:36:27.000Z</time>
      </trkpt>
      <trkpt lat="36.9056" lon="-4.770259">
        <ele>388.888703</ele>
        <time>2026-05-19T13:36:29.000Z</time>
      </trkpt>
      <trkpt lat="36.905597" lon="-4.770243">
        <ele>388.814839</ele>
        <time>2026-05-19T13:36:34.000Z</time>
      </trkpt>
      <trkpt lat="36.905545" lon="-4.770281">
        <ele>388.476309</ele>
        <time>2026-05-19T13:36:43.000Z</time>
      </trkpt>
      <trkpt lat="36.905549" lon="-4.770323">
        <ele>388.286201</ele>
        <time>2026-05-19T13:36:52.000Z</time>
      </trkpt>
      <trkpt lat="36.905547" lon="-4.770317">
        <ele>388.256984</ele>
        <time>2026-05-19T13:37:02.000Z</time>
      </trkpt>
      <trkpt lat="36.905546" lon="-4.770313">
        <ele>388.238147</ele>
        <time>2026-05-19T13:37:03.000Z</time>
      </trkpt>
      <trkpt lat="36.905542" lon="-4.770306">
        <ele>388.199477</ele>
        <time>2026-05-19T13:37:05.000Z</time>
      </trkpt>
      <trkpt lat="36.90554" lon="-4.770294">
        <ele>388.144382</ele>
        <time>2026-05-19T13:37:13.000Z</time>
      </trkpt>
      <trkpt lat="36.905562" lon="-4.770271">
        <ele>387.983205</ele>
        <time>2026-05-19T13:37:19.000Z</time>
      </trkpt>
      <trkpt lat="36.905592" lon="-4.770259">
        <ele>387.806162</ele>
        <time>2026-05-19T13:37:23.000Z</time>
      </trkpt>
      <trkpt lat="36.905595" lon="-4.770279">
        <ele>387.714702</ele>
        <time>2026-05-19T13:37:32.000Z</time>
      </trkpt>
      <trkpt lat="36.9056" lon="-4.770273">
        <ele>387.675752</ele>
        <time>2026-05-19T13:37:34.000Z</time>
      </trkpt>
      <trkpt lat="36.905605" lon="-4.770272">
        <ele>387.64729</ele>
        <time>2026-05-19T13:37:35.000Z</time>
      </trkpt>
      <trkpt lat="36.905631" lon="-4.770209">
        <ele>387.32864</ele>
        <time>2026-05-19T13:37:41.000Z</time>
      </trkpt>
      <trkpt lat="36.905633" lon="-4.770203">
        <ele>387.299423</ele>
        <time>2026-05-19T13:37:43.000Z</time>
      </trkpt>
      <trkpt lat="36.905635" lon="-4.77014">
        <ele>387.01604</ele>
        <time>2026-05-19T13:37:49.000Z</time>
      </trkpt>
      <trkpt lat="36.905643" lon="-4.770118">
        <ele>386.907414</ele>
        <time>2026-05-19T13:37:51.000Z</time>
      </trkpt>
      <trkpt lat="36.905656" lon="-4.770127">
        <ele>386.823893</ele>
        <time>2026-05-19T13:37:55.000Z</time>
      </trkpt>
      <trkpt lat="36.905664" lon="-4.770123">
        <ele>386.775465</ele>
        <time>2026-05-19T13:37:56.000Z</time>
      </trkpt>
      <trkpt lat="36.905689" lon="-4.770054">
        <ele>386.434986</ele>
        <time>2026-05-19T13:38:00.000Z</time>
      </trkpt>
      <trkpt lat="36.905705" lon="-4.769995">
        <ele>386.154969</ele>
        <time>2026-05-19T13:38:03.000Z</time>
      </trkpt>
      <trkpt lat="36.90573" lon="-4.769908">
        <ele>385.739456</ele>
        <time>2026-05-19T13:38:09.000Z</time>
      </trkpt>
      <trkpt lat="36.90576" lon="-4.769867">
        <ele>385.489668</ele>
        <time>2026-05-19T13:38:13.000Z</time>
      </trkpt>
      <trkpt lat="36.905775" lon="-4.769843">
        <ele>385.352757</ele>
        <time>2026-05-19T13:38:16.000Z</time>
      </trkpt>
      <trkpt lat="36.905785" lon="-4.769838">
        <ele>385.292222</ele>
        <time>2026-05-19T13:38:17.000Z</time>
      </trkpt>
      <trkpt lat="36.905794" lon="-4.769827">
        <ele>385.221486</ele>
        <time>2026-05-19T13:38:18.000Z</time>
      </trkpt>
      <trkpt lat="36.90582" lon="-4.7698">
        <ele>385.031527</ele>
        <time>2026-05-19T13:38:22.000Z</time>
      </trkpt>
      <trkpt lat="36.905827" lon="-4.769797">
        <ele>384.989934</ele>
        <time>2026-05-19T13:38:25.000Z</time>
      </trkpt>
      <trkpt lat="36.905845" lon="-4.769799">
        <ele>384.888359</ele>
        <time>2026-05-19T13:38:30.000Z</time>
      </trkpt>
      <trkpt lat="36.90585" lon="-4.769794">
        <ele>384.852375</ele>
        <time>2026-05-19T13:38:33.000Z</time>
      </trkpt>
      <trkpt lat="36.905853" lon="-4.769799">
        <ele>384.824279</ele>
        <time>2026-05-19T13:38:34.000Z</time>
      </trkpt>
      <trkpt lat="36.905863" lon="-4.769822">
        <ele>384.70661</ele>
        <time>2026-05-19T13:38:36.000Z</time>
      </trkpt>
      <trkpt lat="36.905935" lon="-4.76981">
        <ele>384.298327</ele>
        <time>2026-05-19T13:38:43.000Z</time>
      </trkpt>
      <trkpt lat="36.906008" lon="-4.769739">
        <ele>383.778518</ele>
        <time>2026-05-19T13:38:52.000Z</time>
      </trkpt>
      <trkpt lat="36.90601" lon="-4.769732">
        <ele>383.745108</ele>
        <time>2026-05-19T13:38:53.000Z</time>
      </trkpt>
      <trkpt lat="36.906038" lon="-4.769698">
        <ele>383.525739</ele>
        <time>2026-05-19T13:38:56.000Z</time>
      </trkpt>
      <trkpt lat="36.906043" lon="-4.769664">
        <ele>383.37036</ele>
        <time>2026-05-19T13:38:58.000Z</time>
      </trkpt>
      <trkpt lat="36.906055" lon="-4.769597">
        <ele>383.061761</ele>
        <time>2026-05-19T13:39:00.000Z</time>
      </trkpt>
      <trkpt lat="36.906052" lon="-4.769562">
        <ele>382.90355</ele>
        <time>2026-05-19T13:39:02.000Z</time>
      </trkpt>
      <trkpt lat="36.906051" lon="-4.769542">
        <ele>382.813482</ele>
        <time>2026-05-19T13:39:03.000Z</time>
      </trkpt>
      <trkpt lat="36.906062" lon="-4.769542">
        <ele>382.751652</ele>
        <time>2026-05-19T13:39:04.000Z</time>
      </trkpt>
      <trkpt lat="36.906086" lon="-4.769527">
        <ele>382.600842</ele>
        <time>2026-05-19T13:39:07.000Z</time>
      </trkpt>
      <trkpt lat="36.906104" lon="-4.76945">
        <ele>382.234443</ele>
        <time>2026-05-19T13:39:12.000Z</time>
      </trkpt>
      <trkpt lat="36.906112" lon="-4.76944">
        <ele>382.144752</ele>
        <time>2026-05-19T13:39:14.000Z</time>
      </trkpt>
      <trkpt lat="36.90612" lon="-4.769378">
        <ele>381.746547</ele>
        <time>2026-05-19T13:39:18.000Z</time>
      </trkpt>
      <trkpt lat="36.906147" lon="-4.769385">
        <ele>381.527897</ele>
        <time>2026-05-19T13:39:22.000Z</time>
      </trkpt>
      <trkpt lat="36.906162" lon="-4.769364">
        <ele>381.349355</ele>
        <time>2026-05-19T13:39:25.000Z</time>
      </trkpt>
      <trkpt lat="36.906175" lon="-4.769322">
        <ele>381.063794</ele>
        <time>2026-05-19T13:39:27.000Z</time>
      </trkpt>
      <trkpt lat="36.906174" lon="-4.7693">
        <ele>380.924075</ele>
        <time>2026-05-19T13:39:32.000Z</time>
      </trkpt>
      <trkpt lat="36.906174" lon="-4.769312">
        <ele>380.847988</ele>
        <time>2026-05-19T13:39:33.000Z</time>
      </trkpt>
      <trkpt lat="36.906186" lon="-4.769281">
        <ele>380.629607</ele>
        <time>2026-05-19T13:39:36.000Z</time>
      </trkpt>
      <trkpt lat="36.906202" lon="-4.769248">
        <ele>380.384907</ele>
        <time>2026-05-19T13:39:42.000Z</time>
      </trkpt>
      <trkpt lat="36.906219" lon="-4.769231">
        <ele>380.212308</ele>
        <time>2026-05-19T13:39:47.000Z</time>
      </trkpt>
      <trkpt lat="36.906232" lon="-4.769207">
        <ele>380.028505</ele>
        <time>2026-05-19T13:39:51.000Z</time>
      </trkpt>
      <trkpt lat="36.906248" lon="-4.769175">
        <ele>379.789204</ele>
        <time>2026-05-19T13:39:56.000Z</time>
      </trkpt>
      <trkpt lat="36.906307" lon="-4.769071">
        <ele>378.980676</ele>
        <time>2026-05-19T13:40:05.000Z</time>
      </trkpt>
      <trkpt lat="36.906348" lon="-4.768993">
        <ele>378.388819</ele>
        <time>2026-05-19T13:40:14.000Z</time>
      </trkpt>
      <trkpt lat="36.906381" lon="-4.768976">
        <ele>378.105813</ele>
        <time>2026-05-19T13:40:19.000Z</time>
      </trkpt>
      <trkpt lat="36.906401" lon="-4.768974">
        <ele>377.946716</ele>
        <time>2026-05-19T13:40:22.000Z</time>
      </trkpt>
      <trkpt lat="36.906404" lon="-4.768974">
        <ele>377.922927</ele>
        <time>2026-05-19T13:40:23.000Z</time>
      </trkpt>
      <trkpt lat="36.906406" lon="-4.768968">
        <ele>377.88171</ele>
        <time>2026-05-19T13:40:24.000Z</time>
      </trkpt>
      <trkpt lat="36.906409" lon="-4.768967">
        <ele>377.857091</ele>
        <time>2026-05-19T13:40:25.000Z</time>
      </trkpt>
      <trkpt lat="36.906439" lon="-4.768925">
        <ele>377.500008</ele>
        <time>2026-05-19T13:40:30.000Z</time>
      </trkpt>
      <trkpt lat="36.906438" lon="-4.768916">
        <ele>377.442394</ele>
        <time>2026-05-19T13:40:31.000Z</time>
      </trkpt>
      <trkpt lat="36.90645" lon="-4.768838">
        <ele>376.938757</ele>
        <time>2026-05-19T13:40:38.000Z</time>
      </trkpt>
      <trkpt lat="36.906454" lon="-4.768838">
        <ele>376.907038</ele>
        <time>2026-05-19T13:40:39.000Z</time>
      </trkpt>
      <trkpt lat="36.906494" lon="-4.768802">
        <ele>376.51626</ele>
        <time>2026-05-19T13:40:45.000Z</time>
      </trkpt>
      <trkpt lat="36.906497" lon="-4.768798">
        <ele>376.481487</ele>
        <time>2026-05-19T13:40:46.000Z</time>
      </trkpt>
      <trkpt lat="36.906513" lon="-4.768797">
        <ele>376.354456</ele>
        <time>2026-05-19T13:40:50.000Z</time>
      </trkpt>
      <trkpt lat="36.906523" lon="-4.76878">
        <ele>376.220641</ele>
        <time>2026-05-19T13:40:53.000Z</time>
      </trkpt>
      <trkpt lat="36.906518" lon="-4.76877">
        <ele>376.14586</ele>
        <time>2026-05-19T13:40:55.000Z</time>
      </trkpt>
      <trkpt lat="36.906526" lon="-4.768754">
        <ele>376.02621</ele>
        <time>2026-05-19T13:40:59.000Z</time>
      </trkpt>
      <trkpt lat="36.906531" lon="-4.768749">
        <ele>375.975445</ele>
        <time>2026-05-19T13:41:01.000Z</time>
      </trkpt>
      <trkpt lat="36.906535" lon="-4.768728">
        <ele>375.838567</ele>
        <time>2026-05-19T13:41:06.000Z</time>
      </trkpt>
      <trkpt lat="36.906523" lon="-4.768752">
        <ele>375.659092</ele>
        <time>2026-05-19T13:41:11.000Z</time>
      </trkpt>
      <trkpt lat="36.90655" lon="-4.768738">
        <ele>375.427321</ele>
        <time>2026-05-19T13:41:18.000Z</time>
      </trkpt>
      <trkpt lat="36.906559" lon="-4.768726">
        <ele>375.323003</ele>
        <time>2026-05-19T13:41:20.000Z</time>
      </trkpt>
      <trkpt lat="36.906603" lon="-4.768675">
        <ele>374.847293</ele>
        <time>2026-05-19T13:41:28.000Z</time>
      </trkpt>
      <trkpt lat="36.906623" lon="-4.768658">
        <ele>374.655539</ele>
        <time>2026-05-19T13:41:31.000Z</time>
      </trkpt>
      <trkpt lat="36.906639" lon="-4.768644">
        <ele>374.500695</ele>
        <time>2026-05-19T13:41:35.000Z</time>
      </trkpt>
      <trkpt lat="36.906637" lon="-4.768648">
        <ele>374.470783</ele>
        <time>2026-05-19T13:41:45.000Z</time>
      </trkpt>
      <trkpt lat="36.906652" lon="-4.768668">
        <ele>374.296919</ele>
        <time>2026-05-19T13:42:00.000Z</time>
      </trkpt>
      <trkpt lat="36.906661" lon="-4.768703">
        <ele>374.063806</ele>
        <time>2026-05-19T13:42:05.000Z</time>
      </trkpt>
      <trkpt lat="36.906663" lon="-4.768689">
        <ele>373.973632</ele>
        <time>2026-05-19T13:42:07.000Z</time>
      </trkpt>
      <trkpt lat="36.906664" lon="-4.768684">
        <ele>373.940952</ele>
        <time>2026-05-19T13:42:08.000Z</time>
      </trkpt>
      <trkpt lat="36.906679" lon="-4.768643">
        <ele>373.65507</ele>
        <time>2026-05-19T13:42:14.000Z</time>
      </trkpt>
      <trkpt lat="36.906683" lon="-4.768627">
        <ele>373.548778</ele>
        <time>2026-05-19T13:42:21.000Z</time>
      </trkpt>
      <trkpt lat="36.906685" lon="-4.768629">
        <ele>373.528472</ele>
        <time>2026-05-19T13:42:22.000Z</time>
      </trkpt>
      <trkpt lat="36.906696" lon="-4.768609">
        <ele>373.374559</ele>
        <time>2026-05-19T13:42:28.000Z</time>
      </trkpt>
      <trkpt lat="36.906711" lon="-4.768609">
        <ele>373.255616</ele>
        <time>2026-05-19T13:42:29.000Z</time>
      </trkpt>
      <trkpt lat="36.906716" lon="-4.76859">
        <ele>373.128788</ele>
        <time>2026-05-19T13:42:32.000Z</time>
      </trkpt>
      <trkpt lat="36.90672" lon="-4.768571">
        <ele>373.004212</ele>
        <time>2026-05-19T13:42:34.000Z</time>
      </trkpt>
      <trkpt lat="36.90672" lon="-4.768557">
        <ele>372.915444</ele>
        <time>2026-05-19T13:42:35.000Z</time>
      </trkpt>
      <trkpt lat="36.906716" lon="-4.768553">
        <ele>372.874832</ele>
        <time>2026-05-19T13:42:36.000Z</time>
      </trkpt>
      <trkpt lat="36.906718" lon="-4.768531">
        <ele>372.734441</ele>
        <time>2026-05-19T13:42:39.000Z</time>
      </trkpt>
      <trkpt lat="36.906729" lon="-4.768505">
        <ele>372.547932</ele>
        <time>2026-05-19T13:42:43.000Z</time>
      </trkpt>
      <trkpt lat="36.906746" lon="-4.76849">
        <ele>372.382956</ele>
        <time>2026-05-19T13:42:47.000Z</time>
      </trkpt>
      <trkpt lat="36.906787" lon="-4.768394">
        <ele>371.692878</ele>
        <time>2026-05-19T13:42:56.000Z</time>
      </trkpt>
      <trkpt lat="36.906802" lon="-4.768364">
        <ele>371.468535</ele>
        <time>2026-05-19T13:42:58.000Z</time>
      </trkpt>
      <trkpt lat="36.906868" lon="-4.768327">
        <ele>370.895008</ele>
        <time>2026-05-19T13:43:05.000Z</time>
      </trkpt>
      <trkpt lat="36.906875" lon="-4.76833">
        <ele>370.836332</ele>
        <time>2026-05-19T13:43:07.000Z</time>
      </trkpt>
      <trkpt lat="36.906867" lon="-4.768369">
        <ele>370.581043</ele>
        <time>2026-05-19T13:43:11.000Z</time>
      </trkpt>
      <trkpt lat="36.906891" lon="-4.768352">
        <ele>370.362328</ele>
        <time>2026-05-19T13:43:15.000Z</time>
      </trkpt>
      <trkpt lat="36.906916" lon="-4.768339">
        <ele>370.147636</ele>
        <time>2026-05-19T13:43:18.000Z</time>
      </trkpt>
      <trkpt lat="36.906943" lon="-4.768312">
        <ele>369.873509</ele>
        <time>2026-05-19T13:43:21.000Z</time>
      </trkpt>
      <trkpt lat="36.906954" lon="-4.768301">
        <ele>369.761827</ele>
        <time>2026-05-19T13:43:26.000Z</time>
      </trkpt>
      <trkpt lat="36.906951" lon="-4.768316">
        <ele>369.663789</ele>
        <time>2026-05-19T13:43:30.000Z</time>
      </trkpt>
      <trkpt lat="36.906946" lon="-4.768354">
        <ele>369.419608</ele>
        <time>2026-05-19T13:43:33.000Z</time>
      </trkpt>
      <trkpt lat="36.906936" lon="-4.768416">
        <ele>369.018575</ele>
        <time>2026-05-19T13:43:42.000Z</time>
      </trkpt>
      <trkpt lat="36.906942" lon="-4.768399">
        <ele>368.900753</ele>
        <time>2026-05-19T13:43:46.000Z</time>
      </trkpt>
      <trkpt lat="36.906951" lon="-4.768373">
        <ele>368.721114</ele>
        <time>2026-05-19T13:43:47.000Z</time>
      </trkpt>
      <trkpt lat="36.906993" lon="-4.768311">
        <ele>368.20589</ele>
        <time>2026-05-19T13:43:54.000Z</time>
      </trkpt>
      <trkpt lat="36.907002" lon="-4.768288">
        <ele>368.043532</ele>
        <time>2026-05-19T13:43:57.000Z</time>
      </trkpt>
      <trkpt lat="36.907022" lon="-4.768237">
        <ele>367.437009</ele>
        <time>2026-05-19T13:44:04.000Z</time>
      </trkpt>
      <trkpt lat="36.907043" lon="-4.768251">
        <ele>367.097701</ele>
        <time>2026-05-19T13:44:13.000Z</time>
      </trkpt>
      <trkpt lat="36.907038" lon="-4.768237">
        <ele>366.922889</ele>
        <time>2026-05-19T13:44:22.000Z</time>
      </trkpt>
      <trkpt lat="36.907077" lon="-4.76823">
        <ele>366.361122</ele>
        <time>2026-05-19T13:44:26.000Z</time>
      </trkpt>
      <trkpt lat="36.907122" lon="-4.768224">
        <ele>365.715867</ele>
        <time>2026-05-19T13:44:32.000Z</time>
      </trkpt>
      <trkpt lat="36.907125" lon="-4.768226">
        <ele>365.667394</ele>
        <time>2026-05-19T13:44:33.000Z</time>
      </trkpt>
      <trkpt lat="36.907138" lon="-4.768238">
        <ele>365.437015</ele>
        <time>2026-05-19T13:44:37.000Z</time>
      </trkpt>
      <trkpt lat="36.907169" lon="-4.768236">
        <ele>364.994423</ele>
        <time>2026-05-19T13:44:42.000Z</time>
      </trkpt>
      <trkpt lat="36.907175" lon="-4.768233">
        <ele>364.90229</ele>
        <time>2026-05-19T13:44:43.000Z</time>
      </trkpt>
      <trkpt lat="36.907198" lon="-4.768163">
        <ele>364.03947</ele>
        <time>2026-05-19T13:44:51.000Z</time>
      </trkpt>
      <trkpt lat="36.907204" lon="-4.768159">
        <ele>363.942525</ele>
        <time>2026-05-19T13:44:52.000Z</time>
      </trkpt>
      <trkpt lat="36.907279" lon="-4.768143">
        <ele>362.857713</ele>
        <time>2026-05-19T13:44:59.000Z</time>
      </trkpt>
      <trkpt lat="36.907293" lon="-4.768141">
        <ele>362.6568</ele>
        <time>2026-05-19T13:45:02.000Z</time>
      </trkpt>
      <trkpt lat="36.907312" lon="-4.768113">
        <ele>362.238117</ele>
        <time>2026-05-19T13:45:08.000Z</time>
      </trkpt>
      <trkpt lat="36.907319" lon="-4.768093">
        <ele>361.98921</ele>
        <time>2026-05-19T13:45:11.000Z</time>
      </trkpt>
      <trkpt lat="36.907316" lon="-4.768061">
        <ele>361.62188</ele>
        <time>2026-05-19T13:45:15.000Z</time>
      </trkpt>
      <trkpt lat="36.90732" lon="-4.768038">
        <ele>361.353528</ele>
        <time>2026-05-19T13:45:18.000Z</time>
      </trkpt>
      <trkpt lat="36.907339" lon="-4.768024">
        <ele>361.039097</ele>
        <time>2026-05-19T13:45:22.000Z</time>
      </trkpt>
      <trkpt lat="36.907357" lon="-4.767976">
        <ele>360.434658</ele>
        <time>2026-05-19T13:45:29.000Z</time>
      </trkpt>
      <trkpt lat="36.907359" lon="-4.767976">
        <ele>360.406142</ele>
        <time>2026-05-19T13:45:32.000Z</time>
      </trkpt>
      <trkpt lat="36.907367" lon="-4.767958">
        <ele>360.171355</ele>
        <time>2026-05-19T13:45:37.000Z</time>
      </trkpt>
      <trkpt lat="36.907371" lon="-4.767957">
        <ele>360.113193</ele>
        <time>2026-05-19T13:45:38.000Z</time>
      </trkpt>
      <trkpt lat="36.907372" lon="-4.767953">
        <ele>360.065413</ele>
        <time>2026-05-19T13:45:40.000Z</time>
      </trkpt>
      <trkpt lat="36.907377" lon="-4.767952">
        <ele>359.993216</ele>
        <time>2026-05-19T13:45:41.000Z</time>
      </trkpt>
      <trkpt lat="36.907385" lon="-4.767957">
        <ele>359.865699</ele>
        <time>2026-05-19T13:45:51.000Z</time>
      </trkpt>
      <trkpt lat="36.907394" lon="-4.767952">
        <ele>359.725284</ele>
        <time>2026-05-19T13:45:58.000Z</time>
      </trkpt>
      <trkpt lat="36.907395" lon="-4.76795">
        <ele>359.698391</ele>
        <time>2026-05-19T13:45:59.000Z</time>
      </trkpt>
      <trkpt lat="36.907394" lon="-4.767948">
        <ele>359.671498</ele>
        <time>2026-05-19T13:46:01.000Z</time>
      </trkpt>
      <trkpt lat="36.907368" lon="-4.767936">
        <ele>359.276345</ele>
        <time>2026-05-19T13:46:08.000Z</time>
      </trkpt>
      <trkpt lat="36.907364" lon="-4.767919">
        <ele>359.074312</ele>
        <time>2026-05-19T13:46:12.000Z</time>
      </trkpt>
      <trkpt lat="36.907367" lon="-4.767913">
        <ele>358.993633</ele>
        <time>2026-05-19T13:46:13.000Z</time>
      </trkpt>
      <trkpt lat="36.907378" lon="-4.767902">
        <ele>358.792818</ele>
        <time>2026-05-19T13:46:15.000Z</time>
      </trkpt>
      <trkpt lat="36.907393" lon="-4.767898">
        <ele>358.574137</ele>
        <time>2026-05-19T13:46:17.000Z</time>
      </trkpt>
      <trkpt lat="36.907442" lon="-4.7679">
        <ele>357.875114</ele>
        <time>2026-05-19T13:46:24.000Z</time>
      </trkpt>
      <trkpt lat="36.907451" lon="-4.767899">
        <ele>357.746285</ele>
        <time>2026-05-19T13:46:25.000Z</time>
      </trkpt>
      <trkpt lat="36.907502" lon="-4.767872">
        <ele>356.956645</ele>
        <time>2026-05-19T13:46:35.000Z</time>
      </trkpt>
      <trkpt lat="36.907508" lon="-4.767873">
        <ele>356.87034</ele>
        <time>2026-05-19T13:46:37.000Z</time>
      </trkpt>
      <trkpt lat="36.907513" lon="-4.76786">
        <ele>356.705873</ele>
        <time>2026-05-19T13:46:41.000Z</time>
      </trkpt>
      <trkpt lat="36.907513" lon="-4.767849">
        <ele>356.580463</ele>
        <time>2026-05-19T13:46:43.000Z</time>
      </trkpt>
      <trkpt lat="36.907504" lon="-4.767833">
        <ele>356.357433</ele>
        <time>2026-05-19T13:46:45.000Z</time>
      </trkpt>
      <trkpt lat="36.907483" lon="-4.767812">
        <ele>355.97406</ele>
        <time>2026-05-19T13:46:50.000Z</time>
      </trkpt>
      <trkpt lat="36.907481" lon="-4.767815">
        <ele>355.929528</ele>
        <time>2026-05-19T13:46:53.000Z</time>
      </trkpt>
      <trkpt lat="36.907476" lon="-4.767815">
        <ele>355.858237</ele>
        <time>2026-05-19T13:46:54.000Z</time>
      </trkpt>
      <trkpt lat="36.907456" lon="-4.767815">
        <ele>355.573073</ele>
        <time>2026-05-19T13:46:57.000Z</time>
      </trkpt>
      <trkpt lat="36.907453" lon="-4.767816">
        <ele>355.528806</ele>
        <time>2026-05-19T13:46:58.000Z</time>
      </trkpt>
      <trkpt lat="36.90745" lon="-4.767816">
        <ele>355.486031</ele>
        <time>2026-05-19T13:47:00.000Z</time>
      </trkpt>
      <trkpt lat="36.907445" lon="-4.767818">
        <ele>355.411182</ele>
        <time>2026-05-19T13:47:03.000Z</time>
      </trkpt>
      <trkpt lat="36.907412" lon="-4.767829">
        <ele>354.924235</ele>
        <time>2026-05-19T13:47:08.000Z</time>
      </trkpt>
      <trkpt lat="36.90741" lon="-4.767827">
        <ele>354.887724</ele>
        <time>2026-05-19T13:47:11.000Z</time>
      </trkpt>
      <trkpt lat="36.907389" lon="-4.767827">
        <ele>354.588301</ele>
        <time>2026-05-19T13:47:16.000Z</time>
      </trkpt>
      <trkpt lat="36.907384" lon="-4.767825">
        <ele>354.513453</ele>
        <time>2026-05-19T13:47:19.000Z</time>
      </trkpt>
      <trkpt lat="36.90735" lon="-4.767824">
        <ele>354.02854</ele>
        <time>2026-05-19T13:47:25.000Z</time>
      </trkpt>
      <trkpt lat="36.907329" lon="-4.767834">
        <ele>353.708147</ele>
        <time>2026-05-19T13:47:26.000Z</time>
      </trkpt>
      <trkpt lat="36.907297" lon="-4.767832">
        <ele>353.251315</ele>
        <time>2026-05-19T13:47:31.000Z</time>
      </trkpt>
      <trkpt lat="36.907281" lon="-4.767829">
        <ele>353.020634</ele>
        <time>2026-05-19T13:47:33.000Z</time>
      </trkpt>
      <trkpt lat="36.907255" lon="-4.767842">
        <ele>352.621391</ele>
        <time>2026-05-19T13:47:37.000Z</time>
      </trkpt>
      <trkpt lat="36.907243" lon="-4.767855">
        <ele>352.395025</ele>
        <time>2026-05-19T13:47:39.000Z</time>
      </trkpt>
      <trkpt lat="36.907209" lon="-4.767903">
        <ele>351.663936</ele>
        <time>2026-05-19T13:47:44.000Z</time>
      </trkpt>
      <trkpt lat="36.90718" lon="-4.767938">
        <ele>351.089306</ele>
        <time>2026-05-19T13:47:48.000Z</time>
      </trkpt>
      <trkpt lat="36.907138" lon="-4.767943">
        <ele>350.487754</ele>
        <time>2026-05-19T13:47:55.000Z</time>
      </trkpt>
      <trkpt lat="36.907129" lon="-4.767944">
        <ele>350.358925</ele>
        <time>2026-05-19T13:47:56.000Z</time>
      </trkpt>
      <trkpt lat="36.907118" lon="-4.767948">
        <ele>350.195589</ele>
        <time>2026-05-19T13:47:57.000Z</time>
      </trkpt>
      <trkpt lat="36.907081" lon="-4.767922">
        <ele>349.59046</ele>
        <time>2026-05-19T13:48:00.000Z</time>
      </trkpt>
      <trkpt lat="36.907075" lon="-4.767917">
        <ele>349.487658</ele>
        <time>2026-05-19T13:48:01.000Z</time>
      </trkpt>
      <trkpt lat="36.907084" lon="-4.767926">
        <ele>349.323355</ele>
        <time>2026-05-19T13:48:04.000Z</time>
      </trkpt>
      <trkpt lat="36.907043" lon="-4.767928">
        <ele>348.738324</ele>
        <time>2026-05-19T13:48:10.000Z</time>
      </trkpt>
      <trkpt lat="36.907028" lon="-4.767932">
        <ele>348.519643</ele>
        <time>2026-05-19T13:48:12.000Z</time>
      </trkpt>
      <trkpt lat="36.907017" lon="-4.76794">
        <ele>348.338211</ele>
        <time>2026-05-19T13:48:19.000Z</time>
      </trkpt>
      <trkpt lat="36.906983" lon="-4.767946">
        <ele>347.84863</ele>
        <time>2026-05-19T13:48:23.000Z</time>
      </trkpt>
      <trkpt lat="36.906947" lon="-4.76796">
        <ele>347.31109</ele>
        <time>2026-05-19T13:48:27.000Z</time>
      </trkpt>
      <trkpt lat="36.906935" lon="-4.767965">
        <ele>347.130746</ele>
        <time>2026-05-19T13:48:28.000Z</time>
      </trkpt>
      <trkpt lat="36.906881" lon="-4.768009">
        <ele>346.211801</ele>
        <time>2026-05-19T13:48:36.000Z</time>
      </trkpt>
      <trkpt lat="36.906873" lon="-4.768029">
        <ele>345.956841</ele>
        <time>2026-05-19T13:48:44.000Z</time>
      </trkpt>
      <trkpt lat="36.906889" lon="-4.767975">
        <ele>345.300277</ele>
        <time>2026-05-19T13:48:54.000Z</time>
      </trkpt>
      <trkpt lat="36.906879" lon="-4.767964">
        <ele>345.110389</ele>
        <time>2026-05-19T13:49:04.000Z</time>
      </trkpt>
      <trkpt lat="36.906833" lon="-4.768002">
        <ele>344.324341</ele>
        <time>2026-05-19T13:49:08.000Z</time>
      </trkpt>
      <trkpt lat="36.906826" lon="-4.768006">
        <ele>344.214609</ele>
        <time>2026-05-19T13:49:09.000Z</time>
      </trkpt>
      <trkpt lat="36.90682" lon="-4.768008">
        <ele>344.126073</ele>
        <time>2026-05-19T13:49:10.000Z</time>
      </trkpt>
      <trkpt lat="36.906794" lon="-4.767996">
        <ele>343.73092</ele>
        <time>2026-05-19T13:49:18.000Z</time>
      </trkpt>
      <trkpt lat="36.906767" lon="-4.768003">
        <ele>343.337763</ele>
        <time>2026-05-19T13:49:22.000Z</time>
      </trkpt>
      <trkpt lat="36.906738" lon="-4.768001">
        <ele>342.923647</ele>
        <time>2026-05-19T13:49:25.000Z</time>
      </trkpt>
      <trkpt lat="36.90672" lon="-4.768005">
        <ele>342.662979</ele>
        <time>2026-05-19T13:49:27.000Z</time>
      </trkpt>
      <trkpt lat="36.906691" lon="-4.768009">
        <ele>342.249669</ele>
        <time>2026-05-19T13:49:31.000Z</time>
      </trkpt>
      <trkpt lat="36.906673" lon="-4.768009">
        <ele>341.999935</ele>
        <time>2026-05-19T13:49:35.000Z</time>
      </trkpt>
      <trkpt lat="36.906672" lon="-4.768015">
        <ele>341.931941</ele>
        <time>2026-05-19T13:49:37.000Z</time>
      </trkpt>
      <trkpt lat="36.9066" lon="-4.768012">
        <ele>340.932453</ele>
        <time>2026-05-19T13:49:44.000Z</time>
      </trkpt>
      <trkpt lat="36.906593" lon="-4.768011">
        <ele>340.834703</ele>
        <time>2026-05-19T13:49:45.000Z</time>
      </trkpt>
      <trkpt lat="36.906543" lon="-4.767999">
        <ele>340.128341</ele>
        <time>2026-05-19T13:49:52.000Z</time>
      </trkpt>
      <trkpt lat="36.906537" lon="-4.767997">
        <ele>340.04219</ele>
        <time>2026-05-19T13:49:53.000Z</time>
      </trkpt>
      <trkpt lat="36.906495" lon="-4.767993">
        <ele>339.457791</ele>
        <time>2026-05-19T13:50:01.000Z</time>
      </trkpt>
      <trkpt lat="36.906483" lon="-4.767993">
        <ele>339.291302</ele>
        <time>2026-05-19T13:50:04.000Z</time>
      </trkpt>
      <trkpt lat="36.906449" lon="-4.768008">
        <ele>338.791092</ele>
        <time>2026-05-19T13:50:13.000Z</time>
      </trkpt>
      <trkpt lat="36.906456" lon="-4.768029">
        <ele>338.538686</ele>
        <time>2026-05-19T13:50:20.000Z</time>
      </trkpt>
      <trkpt lat="36.906466" lon="-4.768022">
        <ele>338.379691</ele>
        <time>2026-05-19T13:50:25.000Z</time>
      </trkpt>
      <trkpt lat="36.906465" lon="-4.76802">
        <ele>338.353522</ele>
        <time>2026-05-19T13:50:29.000Z</time>
      </trkpt>
      <trkpt lat="36.906448" lon="-4.768004">
        <ele>338.058332</ele>
        <time>2026-05-19T13:50:38.000Z</time>
      </trkpt>
      <trkpt lat="36.906458" lon="-4.768013">
        <ele>337.887399</ele>
        <time>2026-05-19T13:50:43.000Z</time>
      </trkpt>
      <trkpt lat="36.906449" lon="-4.768016">
        <ele>337.758173</ele>
        <time>2026-05-19T13:50:46.000Z</time>
      </trkpt>
      <trkpt lat="36.906439" lon="-4.768039">
        <ele>337.467732</ele>
        <time>2026-05-19T13:50:49.000Z</time>
      </trkpt>
      <trkpt lat="36.906399" lon="-4.768074">
        <ele>336.790419</ele>
        <time>2026-05-19T13:50:54.000Z</time>
      </trkpt>
      <trkpt lat="36.906396" lon="-4.768075">
        <ele>336.747344</ele>
        <time>2026-05-19T13:50:56.000Z</time>
      </trkpt>
      <trkpt lat="36.90639" lon="-4.768084">
        <ele>336.617349</ele>
        <time>2026-05-19T13:50:59.000Z</time>
      </trkpt>
      <trkpt lat="36.906372" lon="-4.768098">
        <ele>336.323257</ele>
        <time>2026-05-19T13:51:06.000Z</time>
      </trkpt>
      <trkpt lat="36.906311" lon="-4.768144">
        <ele>335.334984</ele>
        <time>2026-05-19T13:51:14.000Z</time>
      </trkpt>
      <trkpt lat="36.906272" lon="-4.768149">
        <ele>334.791059</ele>
        <time>2026-05-19T13:51:19.000Z</time>
      </trkpt>
      <trkpt lat="36.906253" lon="-4.768133">
        <ele>334.473259</ele>
        <time>2026-05-19T13:51:21.000Z</time>
      </trkpt>
      <trkpt lat="36.906237" lon="-4.768126">
        <ele>334.238082</ele>
        <time>2026-05-19T13:51:23.000Z</time>
      </trkpt>
      <trkpt lat="36.906224" lon="-4.768125">
        <ele>334.057378</ele>
        <time>2026-05-19T13:51:24.000Z</time>
      </trkpt>
      <trkpt lat="36.906165" lon="-4.768137">
        <ele>333.228053</ele>
        <time>2026-05-19T13:51:30.000Z</time>
      </trkpt>
      <trkpt lat="36.906125" lon="-4.768151">
        <ele>332.651765</ele>
        <time>2026-05-19T13:51:35.000Z</time>
      </trkpt>
      <trkpt lat="36.906117" lon="-4.768157">
        <ele>332.522343</ele>
        <time>2026-05-19T13:51:36.000Z</time>
      </trkpt>
      <trkpt lat="36.906083" lon="-4.768184">
        <ele>331.963557</ele>
        <time>2026-05-19T13:51:41.000Z</time>
      </trkpt>
      <trkpt lat="36.906063" lon="-4.768195">
        <ele>331.660426</ele>
        <time>2026-05-19T13:51:44.000Z</time>
      </trkpt>
      <trkpt lat="36.906045" lon="-4.768206">
        <ele>331.382471</ele>
        <time>2026-05-19T13:51:47.000Z</time>
      </trkpt>
      <trkpt lat="36.906012" lon="-4.768237">
        <ele>330.809847</ele>
        <time>2026-05-19T13:51:54.000Z</time>
      </trkpt>
      <trkpt lat="36.906006" lon="-4.768239">
        <ele>330.723696</ele>
        <time>2026-05-19T13:51:55.000Z</time>
      </trkpt>
      <trkpt lat="36.905977" lon="-4.768244">
        <ele>330.317542</ele>
        <time>2026-05-19T13:52:02.000Z</time>
      </trkpt>
      <trkpt lat="36.905969" lon="-4.768248">
        <ele>330.198007</ele>
        <time>2026-05-19T13:52:03.000Z</time>
      </trkpt>
      <trkpt lat="36.905929" lon="-4.768253">
        <ele>329.640278</ele>
        <time>2026-05-19T13:52:10.000Z</time>
      </trkpt>
      <trkpt lat="36.905906" lon="-4.768257">
        <ele>329.318104</ele>
        <time>2026-05-19T13:52:14.000Z</time>
      </trkpt>
      <trkpt lat="36.905908" lon="-4.768266">
        <ele>329.214473</ele>
        <time>2026-05-19T13:52:18.000Z</time>
      </trkpt>
      <trkpt lat="36.905908" lon="-4.76827">
        <ele>329.170097</ele>
        <time>2026-05-19T13:52:19.000Z</time>
      </trkpt>
      <trkpt lat="36.905892" lon="-4.768284">
        <ele>328.899172</ele>
        <time>2026-05-19T13:52:23.000Z</time>
      </trkpt>
      <trkpt lat="36.905863" lon="-4.768304">
        <ele>328.439699</ele>
        <time>2026-05-19T13:52:28.000Z</time>
      </trkpt>
      <trkpt lat="36.905831" lon="-4.768292">
        <ele>327.976198</ele>
        <time>2026-05-19T13:52:35.000Z</time>
      </trkpt>
      <trkpt lat="36.905827" lon="-4.76829">
        <ele>327.916431</ele>
        <time>2026-05-19T13:52:37.000Z</time>
      </trkpt>
      <trkpt lat="36.905835" lon="-4.768283">
        <ele>327.780968</ele>
        <time>2026-05-19T13:52:42.000Z</time>
      </trkpt>
      <trkpt lat="36.905836" lon="-4.768288">
        <ele>327.723789</ele>
        <time>2026-05-19T13:52:44.000Z</time>
      </trkpt>
      <trkpt lat="36.905807" lon="-4.768306">
        <ele>327.27461</ele>
        <time>2026-05-19T13:52:50.000Z</time>
      </trkpt>
      <trkpt lat="36.905776" lon="-4.768311">
        <ele>326.840951</ele>
        <time>2026-05-19T13:52:53.000Z</time>
      </trkpt>
      <trkpt lat="36.905763" lon="-4.768314">
        <ele>326.657543</ele>
        <time>2026-05-19T13:52:55.000Z</time>
      </trkpt>
      <trkpt lat="36.905722" lon="-4.768335">
        <ele>326.042846</ele>
        <time>2026-05-19T13:53:02.000Z</time>
      </trkpt>
      <trkpt lat="36.905713" lon="-4.768345">
        <ele>325.875814</ele>
        <time>2026-05-19T13:53:04.000Z</time>
      </trkpt>
      <trkpt lat="36.905673" lon="-4.768351">
        <ele>325.316873</ele>
        <time>2026-05-19T13:53:09.000Z</time>
      </trkpt>
      <trkpt lat="36.905663" lon="-4.768353">
        <ele>325.176369</ele>
        <time>2026-05-19T13:53:11.000Z</time>
      </trkpt>
      <trkpt lat="36.905618" lon="-4.768375">
        <ele>324.506024</ele>
        <time>2026-05-19T13:53:19.000Z</time>
      </trkpt>
      <trkpt lat="36.905615" lon="-4.768379">
        <ele>324.445183</ele>
        <time>2026-05-19T13:53:20.000Z</time>
      </trkpt>
      <trkpt lat="36.905585" lon="-4.768402">
        <ele>323.956973</ele>
        <time>2026-05-19T13:53:25.000Z</time>
      </trkpt>
      <trkpt lat="36.905567" lon="-4.768453">
        <ele>323.338511</ele>
        <time>2026-05-19T13:53:31.000Z</time>
      </trkpt>
      <trkpt lat="36.905537" lon="-4.768483">
        <ele>322.805584</ele>
        <time>2026-05-19T13:53:38.000Z</time>
      </trkpt>
      <trkpt lat="36.905533" lon="-4.768489">
        <ele>322.71892</ele>
        <time>2026-05-19T13:53:39.000Z</time>
      </trkpt>
      <trkpt lat="36.905535" lon="-4.76849">
        <ele>322.689036</ele>
        <time>2026-05-19T13:53:45.000Z</time>
      </trkpt>
      <trkpt lat="36.905518" lon="-4.768478">
        <ele>322.418198</ele>
        <time>2026-05-19T13:53:53.000Z</time>
      </trkpt>
      <trkpt lat="36.905468" lon="-4.768487">
        <ele>321.717346</ele>
        <time>2026-05-19T13:53:58.000Z</time>
      </trkpt>
      <trkpt lat="36.905449" lon="-4.768493">
        <ele>321.445464</ele>
        <time>2026-05-19T13:54:05.000Z</time>
      </trkpt>
      <trkpt lat="36.905409" lon="-4.768493">
        <ele>320.8905</ele>
        <time>2026-05-19T13:54:13.000Z</time>
      </trkpt>
      <trkpt lat="36.905398" lon="-4.768464">
        <ele>320.534409</ele>
        <time>2026-05-19T13:54:19.000Z</time>
      </trkpt>
      <trkpt lat="36.905379" lon="-4.768454">
        <ele>320.248408</ele>
        <time>2026-05-19T13:54:25.000Z</time>
      </trkpt>
      <trkpt lat="36.905429" lon="-4.768465">
        <ele>319.544052</ele>
        <time>2026-05-19T13:54:29.000Z</time>
      </trkpt>
      <trkpt lat="36.905513" lon="-4.768475">
        <ele>318.37336</ele>
        <time>2026-05-19T13:54:34.000Z</time>
      </trkpt>
      <trkpt lat="36.905515" lon="-4.768479">
        <ele>318.321023</ele>
        <time>2026-05-19T13:54:39.000Z</time>
      </trkpt>
      <trkpt lat="36.905519" lon="-4.768472">
        <ele>318.225573</ele>
        <time>2026-05-19T13:54:42.000Z</time>
      </trkpt>
      <trkpt lat="36.905518" lon="-4.768444">
        <ele>317.914629</ele>
        <time>2026-05-19T13:54:46.000Z</time>
      </trkpt>
      <trkpt lat="36.905525" lon="-4.768442">
        <ele>317.815008</ele>
        <time>2026-05-19T13:54:49.000Z</time>
      </trkpt>
      <trkpt lat="36.905544" lon="-4.768402">
        <ele>317.292662</ele>
        <time>2026-05-19T13:54:58.000Z</time>
      </trkpt>
      <trkpt lat="36.905546" lon="-4.768393">
        <ele>317.18215</ele>
        <time>2026-05-19T13:55:00.000Z</time>
      </trkpt>
      <trkpt lat="36.905559" lon="-4.768371">
        <ele>316.85852</ele>
        <time>2026-05-19T13:55:07.000Z</time>
      </trkpt>
      <trkpt lat="36.905573" lon="-4.76832">
        <ele>316.220591</ele>
        <time>2026-05-19T13:55:15.000Z</time>
      </trkpt>
      <trkpt lat="36.905574" lon="-4.768314">
        <ele>316.148082</ele>
        <time>2026-05-19T13:55:16.000Z</time>
      </trkpt>
      <trkpt lat="36.905589" lon="-4.768266">
        <ele>315.538384</ele>
        <time>2026-05-19T13:55:22.000Z</time>
      </trkpt>
      <trkpt lat="36.905595" lon="-4.768251">
        <ele>315.33996</ele>
        <time>2026-05-19T13:55:25.000Z</time>
      </trkpt>
      <trkpt lat="36.905608" lon="-4.768194">
        <ele>314.638719</ele>
        <time>2026-05-19T13:55:34.000Z</time>
      </trkpt>
      <trkpt lat="36.905626" lon="-4.768147">
        <ele>314.022192</ele>
        <time>2026-05-19T13:55:38.000Z</time>
      </trkpt>
      <trkpt lat="36.905637" lon="-4.768128">
        <ele>313.744678</ele>
        <time>2026-05-19T13:55:40.000Z</time>
      </trkpt>
      <trkpt lat="36.905652" lon="-4.768086">
        <ele>313.200482</ele>
        <time>2026-05-19T13:55:51.000Z</time>
      </trkpt>
      <trkpt lat="36.905625" lon="-4.76808">
        <ele>312.794752</ele>
        <time>2026-05-19T13:55:55.000Z</time>
      </trkpt>
      <trkpt lat="36.905609" lon="-4.768057">
        <ele>312.434087</ele>
        <time>2026-05-19T13:56:00.000Z</time>
      </trkpt>
      <trkpt lat="36.905605" lon="-4.76802">
        <ele>311.99237</ele>
        <time>2026-05-19T13:56:04.000Z</time>
      </trkpt>
      <trkpt lat="36.905601" lon="-4.76798">
        <ele>311.515457</ele>
        <time>2026-05-19T13:56:10.000Z</time>
      </trkpt>
      <trkpt lat="36.905636" lon="-4.768003">
        <ele>310.930485</ele>
        <time>2026-05-19T13:56:17.000Z</time>
      </trkpt>
      <trkpt lat="36.905643" lon="-4.768005">
        <ele>310.82425</ele>
        <time>2026-05-19T13:56:18.000Z</time>
      </trkpt>
      <trkpt lat="36.90568" lon="-4.767962">
        <ele>310.076943</ele>
        <time>2026-05-19T13:56:24.000Z</time>
      </trkpt>
      <trkpt lat="36.905731" lon="-4.767919">
        <ele>309.166915</ele>
        <time>2026-05-19T13:56:33.000Z</time>
      </trkpt>
      <trkpt lat="36.905743" lon="-4.767905">
        <ele>308.924109</ele>
        <time>2026-05-19T13:56:36.000Z</time>
      </trkpt>
      <trkpt lat="36.905774" lon="-4.767875">
        <ele>308.34417</ele>
        <time>2026-05-19T13:56:41.000Z</time>
      </trkpt>
      <trkpt lat="36.905787" lon="-4.767858">
        <ele>308.065883</ele>
        <time>2026-05-19T13:56:43.000Z</time>
      </trkpt>
      <trkpt lat="36.90581" lon="-4.767839">
        <ele>307.658054</ele>
        <time>2026-05-19T13:56:50.000Z</time>
      </trkpt>
      <trkpt lat="36.905826" lon="-4.767807">
        <ele>307.211555</ele>
        <time>2026-05-19T13:56:56.000Z</time>
      </trkpt>
      <trkpt lat="36.905844" lon="-4.767781">
        <ele>306.80469</ele>
        <time>2026-05-19T13:56:59.000Z</time>
      </trkpt>
      <trkpt lat="36.905862" lon="-4.767757">
        <ele>306.415406</ele>
        <time>2026-05-19T13:57:03.000Z</time>
      </trkpt>
      <trkpt lat="36.905872" lon="-4.767745">
        <ele>306.210358</ele>
        <time>2026-05-19T13:57:07.000Z</time>
      </trkpt>
      <trkpt lat="36.905867" lon="-4.767695">
        <ele>305.614219</ele>
        <time>2026-05-19T13:57:16.000Z</time>
      </trkpt>
      <trkpt lat="36.905871" lon="-4.767678">
        <ele>305.404572</ele>
        <time>2026-05-19T13:57:17.000Z</time>
      </trkpt>
      <trkpt lat="36.905872" lon="-4.767667">
        <ele>305.273597</ele>
        <time>2026-05-19T13:57:19.000Z</time>
      </trkpt>
      <trkpt lat="36.90588" lon="-4.767647">
        <ele>305.009031</ele>
        <time>2026-05-19T13:57:26.000Z</time>
      </trkpt>
      <trkpt lat="36.905887" lon="-4.767601">
        <ele>304.455056</ele>
        <time>2026-05-19T13:57:34.000Z</time>
      </trkpt>
      <trkpt lat="36.905895" lon="-4.767596">
        <ele>304.322735</ele>
        <time>2026-05-19T13:57:36.000Z</time>
      </trkpt>
      <trkpt lat="36.905907" lon="-4.767605">
        <ele>304.115712</ele>
        <time>2026-05-19T13:57:43.000Z</time>
      </trkpt>
      <trkpt lat="36.905918" lon="-4.76761">
        <ele>303.942548</ele>
        <time>2026-05-19T13:57:46.000Z</time>
      </trkpt>
      <trkpt lat="36.905931" lon="-4.767597">
        <ele>303.69628</ele>
        <time>2026-05-19T13:57:51.000Z</time>
      </trkpt>
      <trkpt lat="36.90596" lon="-4.767534">
        <ele>302.836275</ele>
        <time>2026-05-19T13:57:56.000Z</time>
      </trkpt>
      <trkpt lat="36.905959" lon="-4.767517">
        <ele>302.634611</ele>
        <time>2026-05-19T13:57:57.000Z</time>
      </trkpt>
      <trkpt lat="36.905962" lon="-4.767489">
        <ele>302.300394</ele>
        <time>2026-05-19T13:58:03.000Z</time>
      </trkpt>
      <trkpt lat="36.905966" lon="-4.767461">
        <ele>301.963892</ele>
        <time>2026-05-19T13:58:09.000Z</time>
      </trkpt>
      <trkpt lat="36.905962" lon="-4.76745">
        <ele>301.82093</ele>
        <time>2026-05-19T13:58:11.000Z</time>
      </trkpt>
      <trkpt lat="36.905954" lon="-4.767469">
        <ele>301.56689</ele>
        <time>2026-05-19T13:58:15.000Z</time>
      </trkpt>
      <trkpt lat="36.905955" lon="-4.767516">
        <ele>301.010655</ele>
        <time>2026-05-19T13:58:20.000Z</time>
      </trkpt>
      <trkpt lat="36.905964" lon="-4.767521">
        <ele>300.86495</ele>
        <time>2026-05-19T13:58:22.000Z</time>
      </trkpt>
      <trkpt lat="36.905956" lon="-4.767582">
        <ele>300.133641</ele>
        <time>2026-05-19T13:58:31.000Z</time>
      </trkpt>
      <trkpt lat="36.905942" lon="-4.767512">
        <ele>299.279987</ele>
        <time>2026-05-19T13:58:40.000Z</time>
      </trkpt>
      <trkpt lat="36.905948" lon="-4.767471">
        <ele>298.786876</ele>
        <time>2026-05-19T13:58:47.000Z</time>
      </trkpt>
      <trkpt lat="36.905941" lon="-4.767455">
        <ele>298.571106</ele>
        <time>2026-05-19T13:58:51.000Z</time>
      </trkpt>
      <trkpt lat="36.905938" lon="-4.767447">
        <ele>298.46657</ele>
        <time>2026-05-19T13:58:55.000Z</time>
      </trkpt>
      <trkpt lat="36.905954" lon="-4.767447">
        <ele>298.229846</ele>
        <time>2026-05-19T13:59:01.000Z</time>
      </trkpt>
      <trkpt lat="36.905986" lon="-4.76745">
        <ele>297.75507</ele>
        <time>2026-05-19T13:59:05.000Z</time>
      </trkpt>
      <trkpt lat="36.906001" lon="-4.767451">
        <ele>297.532826</ele>
        <time>2026-05-19T13:59:07.000Z</time>
      </trkpt>
      <trkpt lat="36.906029" lon="-4.767451">
        <ele>297.118559</ele>
        <time>2026-05-19T13:59:11.000Z</time>
      </trkpt>
      <trkpt lat="36.906076" lon="-4.767463">
        <ele>296.408839</ele>
        <time>2026-05-19T13:59:18.000Z</time>
      </trkpt>
      <trkpt lat="36.90609" lon="-4.76746">
        <ele>296.198687</ele>
        <time>2026-05-19T13:59:20.000Z</time>
      </trkpt>
      <trkpt lat="36.906099" lon="-4.767437">
        <ele>295.895749</ele>
        <time>2026-05-19T13:59:29.000Z</time>
      </trkpt>
      <trkpt lat="36.906116" lon="-4.767431">
        <ele>295.634405</ele>
        <time>2026-05-19T13:59:37.000Z</time>
      </trkpt>
      <trkpt lat="36.906163" lon="-4.767404">
        <ele>294.869172</ele>
        <time>2026-05-19T13:59:44.000Z</time>
      </trkpt>
      <trkpt lat="36.906172" lon="-4.767377">
        <ele>294.523104</ele>
        <time>2026-05-19T13:59:48.000Z</time>
      </trkpt>
      <trkpt lat="36.906188" lon="-4.767366">
        <ele>294.252967</ele>
        <time>2026-05-19T13:59:50.000Z</time>
      </trkpt>
      <trkpt lat="36.906186" lon="-4.767378">
        <ele>294.10795</ele>
        <time>2026-05-19T13:59:53.000Z</time>
      </trkpt>
      <trkpt lat="36.906181" lon="-4.767369">
        <ele>293.978298</ele>
        <time>2026-05-19T13:59:59.000Z</time>
      </trkpt>
      <trkpt lat="36.906186" lon="-4.767332">
        <ele>293.53436</ele>
        <time>2026-05-19T14:00:03.000Z</time>
      </trkpt>
      <trkpt lat="36.90619" lon="-4.767332">
        <ele>293.475179</ele>
        <time>2026-05-19T14:00:09.000Z</time>
      </trkpt>
      <trkpt lat="36.906198" lon="-4.767298">
        <ele>293.055887</ele>
        <time>2026-05-19T14:00:13.000Z</time>
      </trkpt>
      <trkpt lat="36.906201" lon="-4.767285">
        <ele>292.895813</ele>
        <time>2026-05-19T14:00:15.000Z</time>
      </trkpt>
      <trkpt lat="36.906226" lon="-4.767257">
        <ele>292.399282</ele>
        <time>2026-05-19T14:00:21.000Z</time>
      </trkpt>
      <trkpt lat="36.906238" lon="-4.767227">
        <ele>292.002435</ele>
        <time>2026-05-19T14:00:28.000Z</time>
      </trkpt>
      <trkpt lat="36.906248" lon="-4.767221">
        <ele>291.838336</ele>
        <time>2026-05-19T14:00:30.000Z</time>
      </trkpt>
      <trkpt lat="36.906262" lon="-4.767199">
        <ele>291.505701</ele>
        <time>2026-05-19T14:00:35.000Z</time>
      </trkpt>
      <trkpt lat="36.906267" lon="-4.767192">
        <ele>291.394658</ele>
        <time>2026-05-19T14:00:36.000Z</time>
      </trkpt>
      <trkpt lat="36.906277" lon="-4.767158">
        <ele>290.966071</ele>
        <time>2026-05-19T14:00:41.000Z</time>
      </trkpt>
      <trkpt lat="36.906284" lon="-4.767139">
        <ele>290.734718</ele>
        <time>2026-05-19T14:00:45.000Z</time>
      </trkpt>
      <trkpt lat="36.906304" lon="-4.767111">
        <ele>290.405855</ele>
        <time>2026-05-19T14:00:50.000Z</time>
      </trkpt>
      <trkpt lat="36.906309" lon="-4.767124">
        <ele>290.279497</ele>
        <time>2026-05-19T14:00:54.000Z</time>
      </trkpt>
      <trkpt lat="36.906315" lon="-4.767131">
        <ele>290.189611</ele>
        <time>2026-05-19T14:00:57.000Z</time>
      </trkpt>
      <trkpt lat="36.906318" lon="-4.767136">
        <ele>290.134857</ele>
        <time>2026-05-19T14:00:59.000Z</time>
      </trkpt>
      <trkpt lat="36.906321" lon="-4.767137">
        <ele>290.100846</ele>
        <time>2026-05-19T14:01:00.000Z</time>
      </trkpt>
      <trkpt lat="36.906332" lon="-4.767141">
        <ele>289.975359</ele>
        <time>2026-05-19T14:01:03.000Z</time>
      </trkpt>
      <trkpt lat="36.906336" lon="-4.767143">
        <ele>289.928169</ele>
        <time>2026-05-19T14:01:04.000Z</time>
      </trkpt>
      <trkpt lat="36.906377" lon="-4.76712">
        <ele>289.435928</ele>
        <time>2026-05-19T14:01:12.000Z</time>
      </trkpt>
      <trkpt lat="36.906403" lon="-4.767111">
        <ele>289.140407</ele>
        <time>2026-05-19T14:01:15.000Z</time>
      </trkpt>
      <trkpt lat="36.906415" lon="-4.767111">
        <ele>289.008956</ele>
        <time>2026-05-19T14:01:19.000Z</time>
      </trkpt>
      <trkpt lat="36.906428" lon="-4.767099">
        <ele>288.831959</ele>
        <time>2026-05-19T14:01:22.000Z</time>
      </trkpt>
      <trkpt lat="36.906423" lon="-4.767076">
        <ele>288.623184</ele>
        <time>2026-05-19T14:01:23.000Z</time>
      </trkpt>
      <trkpt lat="36.906423" lon="-4.767064">
        <ele>288.518073</ele>
        <time>2026-05-19T14:01:24.000Z</time>
      </trkpt>
      <trkpt lat="36.906426" lon="-4.767057">
        <ele>288.448507</ele>
        <time>2026-05-19T14:01:25.000Z</time>
      </trkpt>
      <trkpt lat="36.90643" lon="-4.767048">
        <ele>288.358315</ele>
        <time>2026-05-19T14:01:26.000Z</time>
      </trkpt>
      <trkpt lat="36.906457" lon="-4.766999">
        <ele>287.837073</ele>
        <time>2026-05-19T14:01:34.000Z</time>
      </trkpt>
      <trkpt lat="36.906459" lon="-4.766973">
        <ele>287.608281</ele>
        <time>2026-05-19T14:01:43.000Z</time>
      </trkpt>
      <trkpt lat="36.906476" lon="-4.76696">
        <ele>287.390003</ele>
        <time>2026-05-19T14:01:47.000Z</time>
      </trkpt>
      <trkpt lat="36.90649" lon="-4.766953">
        <ele>287.22484</ele>
        <time>2026-05-19T14:01:51.000Z</time>
      </trkpt>
      <trkpt lat="36.906491" lon="-4.766929">
        <ele>287.014333</ele>
        <time>2026-05-19T14:01:56.000Z</time>
      </trkpt>
      <trkpt lat="36.90649" lon="-4.766904">
        <ele>286.795078</ele>
        <time>2026-05-19T14:01:58.000Z</time>
      </trkpt>
      <trkpt lat="36.906506" lon="-4.766871">
        <ele>286.457037</ele>
        <time>2026-05-19T14:02:06.000Z</time>
      </trkpt>
      <trkpt lat="36.90651" lon="-4.766867">
        <ele>286.400934</ele>
        <time>2026-05-19T14:02:07.000Z</time>
      </trkpt>
      <trkpt lat="36.906532" lon="-4.76684">
        <ele>286.06328</ele>
        <time>2026-05-19T14:02:11.000Z</time>
      </trkpt>
      <trkpt lat="36.906559" lon="-4.766779">
        <ele>285.452569</ele>
        <time>2026-05-19T14:02:18.000Z</time>
      </trkpt>
      <trkpt lat="36.906562" lon="-4.766765">
        <ele>285.325613</ele>
        <time>2026-05-19T14:02:21.000Z</time>
      </trkpt>
      <trkpt lat="36.906563" lon="-4.766779">
        <ele>285.202495</ele>
        <time>2026-05-19T14:02:25.000Z</time>
      </trkpt>
      <trkpt lat="36.906569" lon="-4.766777">
        <ele>285.134475</ele>
        <time>2026-05-19T14:02:28.000Z</time>
      </trkpt>
      <trkpt lat="36.906567" lon="-4.766767">
        <ele>285.044184</ele>
        <time>2026-05-19T14:02:29.000Z</time>
      </trkpt>
      <trkpt lat="36.906564" lon="-4.766756">
        <ele>284.942382</ele>
        <time>2026-05-19T14:02:31.000Z</time>
      </trkpt>
      <trkpt lat="36.906569" lon="-4.76675">
        <ele>284.866475</ele>
        <time>2026-05-19T14:02:33.000Z</time>
      </trkpt>
      <trkpt lat="36.906617" lon="-4.766726">
        <ele>284.300201</ele>
        <time>2026-05-19T14:02:43.000Z</time>
      </trkpt>
      <trkpt lat="36.906634" lon="-4.766708">
        <ele>284.056198</ele>
        <time>2026-05-19T14:02:50.000Z</time>
      </trkpt>
      <trkpt lat="36.906635" lon="-4.766707">
        <ele>284.042173</ele>
        <time>2026-05-19T14:02:51.000Z</time>
      </trkpt>
      <trkpt lat="36.906641" lon="-4.766711">
        <ele>283.967691</ele>
        <time>2026-05-19T14:02:55.000Z</time>
      </trkpt>
      <trkpt lat="36.906644" lon="-4.766716">
        <ele>283.912937</ele>
        <time>2026-05-19T14:02:56.000Z</time>
      </trkpt>
      <trkpt lat="36.906644" lon="-4.766723">
        <ele>283.851622</ele>
        <time>2026-05-19T14:02:57.000Z</time>
      </trkpt>
      <trkpt lat="36.90664" lon="-4.766735">
        <ele>283.737744</ele>
        <time>2026-05-19T14:02:59.000Z</time>
      </trkpt>
      <trkpt lat="36.906632" lon="-4.766754">
        <ele>283.549656</ele>
        <time>2026-05-19T14:03:02.000Z</time>
      </trkpt>
      <trkpt lat="36.906656" lon="-4.766722">
        <ele>283.16536</ele>
        <time>2026-05-19T14:03:11.000Z</time>
      </trkpt>
      <trkpt lat="36.906711" lon="-4.766628">
        <ele>282.145104</ele>
        <time>2026-05-19T14:03:21.000Z</time>
      </trkpt>
      <trkpt lat="36.906716" lon="-4.766614">
        <ele>282.010799</ele>
        <time>2026-05-19T14:03:22.000Z</time>
      </trkpt>
      <trkpt lat="36.90673" lon="-4.766563">
        <ele>281.538488</ele>
        <time>2026-05-19T14:03:29.000Z</time>
      </trkpt>
      <trkpt lat="36.90673" lon="-4.766561">
        <ele>281.52097</ele>
        <time>2026-05-19T14:03:30.000Z</time>
      </trkpt>
      <trkpt lat="36.906741" lon="-4.766525">
        <ele>281.1834</ele>
        <time>2026-05-19T14:03:38.000Z</time>
      </trkpt>
      <trkpt lat="36.906739" lon="-4.766516">
        <ele>281.101579</ele>
        <time>2026-05-19T14:03:44.000Z</time>
      </trkpt>
      <trkpt lat="36.906739" lon="-4.766498">
        <ele>280.943913</ele>
        <time>2026-05-19T14:03:47.000Z</time>
      </trkpt>
      <trkpt lat="36.906756" lon="-4.766458">
        <ele>280.54713</ele>
        <time>2026-05-19T14:03:55.000Z</time>
      </trkpt>
      <trkpt lat="36.906773" lon="-4.766433">
        <ele>280.259673</ele>
        <time>2026-05-19T14:03:59.000Z</time>
      </trkpt>
      <trkpt lat="36.906797" lon="-4.766433">
        <ele>279.99677</ele>
        <time>2026-05-19T14:04:02.000Z</time>
      </trkpt>
      <trkpt lat="36.906814" lon="-4.76645">
        <ele>279.758333</ele>
        <time>2026-05-19T14:04:09.000Z</time>
      </trkpt>
      <trkpt lat="36.906849" lon="-4.766385">
        <ele>279.071927</ele>
        <time>2026-05-19T14:04:20.000Z</time>
      </trkpt>
      <trkpt lat="36.906868" lon="-4.76636">
        <ele>278.769816</ele>
        <time>2026-05-19T14:04:22.000Z</time>
      </trkpt>
      <trkpt lat="36.906928" lon="-4.766294">
        <ele>277.894491</ele>
        <time>2026-05-19T14:04:29.000Z</time>
      </trkpt>
      <trkpt lat="36.906947" lon="-4.766311">
        <ele>277.638577</ele>
        <time>2026-05-19T14:04:37.000Z</time>
      </trkpt>
      <trkpt lat="36.906954" lon="-4.76631">
        <ele>277.561398</ele>
        <time>2026-05-19T14:04:38.000Z</time>
      </trkpt>
      <trkpt lat="36.906977" lon="-4.766306">
        <ele>277.307025</ele>
        <time>2026-05-19T14:04:44.000Z</time>
      </trkpt>
      <trkpt lat="36.906987" lon="-4.766293">
        <ele>277.149019</ele>
        <time>2026-05-19T14:04:46.000Z</time>
      </trkpt>
      <trkpt lat="36.907012" lon="-4.766239">
        <ele>276.602463</ele>
        <time>2026-05-19T14:04:51.000Z</time>
      </trkpt>
      <trkpt lat="36.907043" lon="-4.766167">
        <ele>275.886188</ele>
        <time>2026-05-19T14:04:58.000Z</time>
      </trkpt>
      <trkpt lat="36.907048" lon="-4.766154">
        <ele>275.759831</ele>
        <time>2026-05-19T14:05:00.000Z</time>
      </trkpt>
      <trkpt lat="36.907076" lon="-4.766119">
        <ele>275.326169</ele>
        <time>2026-05-19T14:05:05.000Z</time>
      </trkpt>
      <trkpt lat="36.907088" lon="-4.766101">
        <ele>275.120894</ele>
        <time>2026-05-19T14:05:07.000Z</time>
      </trkpt>
      <trkpt lat="36.907153" lon="-4.766037">
        <ele>274.214669</ele>
        <time>2026-05-19T14:05:16.000Z</time>
      </trkpt>
      <trkpt lat="36.907161" lon="-4.766023">
        <ele>274.063946</ele>
        <time>2026-05-19T14:05:18.000Z</time>
      </trkpt>
      <trkpt lat="36.907192" lon="-4.765944">
        <ele>273.293138</ele>
        <time>2026-05-19T14:05:26.000Z</time>
      </trkpt>
      <trkpt lat="36.907202" lon="-4.765943">
        <ele>273.183246</ele>
        <time>2026-05-19T14:05:30.000Z</time>
      </trkpt>
      <trkpt lat="36.907203" lon="-4.765937">
        <ele>273.129561</ele>
        <time>2026-05-19T14:05:31.000Z</time>
      </trkpt>
      <trkpt lat="36.907216" lon="-4.76592">
        <ele>272.923522</ele>
        <time>2026-05-19T14:05:33.000Z</time>
      </trkpt>
      <trkpt lat="36.907236" lon="-4.765902">
        <ele>272.653602</ele>
        <time>2026-05-19T14:05:36.000Z</time>
      </trkpt>
      <trkpt lat="36.90725" lon="-4.765871">
        <ele>272.341753</ele>
        <time>2026-05-19T14:05:39.000Z</time>
      </trkpt>
      <trkpt lat="36.907281" lon="-4.765877">
        <ele>271.998127</ele>
        <time>2026-05-19T14:05:46.000Z</time>
      </trkpt>
      <trkpt lat="36.907292" lon="-4.765873">
        <ele>271.872639</ele>
        <time>2026-05-19T14:05:47.000Z</time>
      </trkpt>
      <trkpt lat="36.907319" lon="-4.765866">
        <ele>271.570584</ele>
        <time>2026-05-19T14:05:49.000Z</time>
      </trkpt>
      <trkpt lat="36.907346" lon="-4.765864">
        <ele>271.2743</ele>
        <time>2026-05-19T14:05:52.000Z</time>
      </trkpt>
      <trkpt lat="36.907355" lon="-4.765847">
        <ele>271.095715</ele>
        <time>2026-05-19T14:05:56.000Z</time>
      </trkpt>
      <trkpt lat="36.907358" lon="-4.76584">
        <ele>271.02251</ele>
        <time>2026-05-19T14:05:57.000Z</time>
      </trkpt>
      <trkpt lat="36.907377" lon="-4.765799">
        <ele>270.578226</ele>
        <time>2026-05-19T14:06:02.000Z</time>
      </trkpt>
      <trkpt lat="36.907422" lon="-4.765761">
        <ele>269.941579</ele>
        <time>2026-05-19T14:06:07.000Z</time>
      </trkpt>
      <trkpt lat="36.907427" lon="-4.765756">
        <ele>269.866516</ele>
        <time>2026-05-19T14:06:08.000Z</time>
      </trkpt>
      <trkpt lat="36.907461" lon="-4.765723">
        <ele>269.361891</ele>
        <time>2026-05-19T14:06:16.000Z</time>
      </trkpt>
      <trkpt lat="36.907464" lon="-4.765721">
        <ele>269.32203</ele>
        <time>2026-05-19T14:06:17.000Z</time>
      </trkpt>
      <trkpt lat="36.907507" lon="-4.765675">
        <ele>268.65856</ele>
        <time>2026-05-19T14:06:25.000Z</time>
      </trkpt>
      <trkpt lat="36.907528" lon="-4.765658">
        <ele>268.365251</ele>
        <time>2026-05-19T14:06:28.000Z</time>
      </trkpt>
      <trkpt lat="36.907542" lon="-4.765645">
        <ele>268.160799</ele>
        <time>2026-05-19T14:06:31.000Z</time>
      </trkpt>
      <trkpt lat="36.907567" lon="-4.765604">
        <ele>267.677392</ele>
        <time>2026-05-19T14:06:35.000Z</time>
      </trkpt>
      <trkpt lat="36.907569" lon="-4.7656">
        <ele>267.633162</ele>
        <time>2026-05-19T14:06:36.000Z</time>
      </trkpt>
      <trkpt lat="36.907555" lon="-4.765631">
        <ele>267.299371</ele>
        <time>2026-05-19T14:06:43.000Z</time>
      </trkpt>
      <trkpt lat="36.907562" lon="-4.765595">
        <ele>266.952018</ele>
        <time>2026-05-19T14:06:50.000Z</time>
      </trkpt>
      <trkpt lat="36.907588" lon="-4.765584">
        <ele>266.630194</ele>
        <time>2026-05-19T14:06:59.000Z</time>
      </trkpt>
      <trkpt lat="36.907634" lon="-4.765579">
        <ele>266.088807</ele>
        <time>2026-05-19T14:07:06.000Z</time>
      </trkpt>
      <trkpt lat="36.907674" lon="-4.765536">
        <ele>265.470349</ele>
        <time>2026-05-19T14:07:12.000Z</time>
      </trkpt>
      <trkpt lat="36.907678" lon="-4.765519">
        <ele>265.30421</ele>
        <time>2026-05-19T14:07:14.000Z</time>
      </trkpt>
      <trkpt lat="36.90773" lon="-4.765405">
        <ele>264.073733</ele>
        <time>2026-05-19T14:07:22.000Z</time>
      </trkpt>
      <trkpt lat="36.907728" lon="-4.765395">
        <ele>263.977091</ele>
        <time>2026-05-19T14:07:30.000Z</time>
      </trkpt>
      <trkpt lat="36.907732" lon="-4.765399">
        <ele>263.917041</ele>
        <time>2026-05-19T14:07:36.000Z</time>
      </trkpt>
      <trkpt lat="36.90774" lon="-4.765379">
        <ele>263.707379</ele>
        <time>2026-05-19T14:07:40.000Z</time>
      </trkpt>
      <trkpt lat="36.907753" lon="-4.765333">
        <ele>263.249965</ele>
        <time>2026-05-19T14:07:47.000Z</time>
      </trkpt>
      <trkpt lat="36.907752" lon="-4.765336">
        <ele>263.219493</ele>
        <time>2026-05-19T14:07:48.000Z</time>
      </trkpt>
      <trkpt lat="36.907749" lon="-4.765339">
        <ele>263.174455</ele>
        <time>2026-05-19T14:07:49.000Z</time>
      </trkpt>
      <trkpt lat="36.907753" lon="-4.765341">
        <ele>263.123945</ele>
        <time>2026-05-19T14:07:51.000Z</time>
      </trkpt>
      <trkpt lat="36.907778" lon="-4.765309">
        <ele>262.704503</ele>
        <time>2026-05-19T14:07:57.000Z</time>
      </trkpt>
      <trkpt lat="36.907797" lon="-4.765281">
        <ele>262.360204</ele>
        <time>2026-05-19T14:08:01.000Z</time>
      </trkpt>
      <trkpt lat="36.907807" lon="-4.765245">
        <ele>262.002903</ele>
        <time>2026-05-19T14:08:06.000Z</time>
      </trkpt>
      <trkpt lat="36.907806" lon="-4.765247">
        <ele>261.980788</ele>
        <time>2026-05-19T14:08:14.000Z</time>
      </trkpt>
      <trkpt lat="36.907807" lon="-4.765215">
        <ele>261.680545</ele>
        <time>2026-05-19T14:08:23.000Z</time>
      </trkpt>
      <trkpt lat="36.907821" lon="-4.765169">
        <ele>261.219092</ele>
        <time>2026-05-19T14:08:31.000Z</time>
      </trkpt>
      <trkpt lat="36.90781" lon="-4.765186">
        <ele>261.014062</ele>
        <time>2026-05-19T14:08:36.000Z</time>
      </trkpt>
      <trkpt lat="36.907807" lon="-4.765193">
        <ele>260.939601</ele>
        <time>2026-05-19T14:08:37.000Z</time>
      </trkpt>
      <trkpt lat="36.907797" lon="-4.765214">
        <ele>260.710449</ele>
        <time>2026-05-19T14:08:38.000Z</time>
      </trkpt>
      <trkpt lat="36.907795" lon="-4.765221">
        <ele>260.640757</ele>
        <time>2026-05-19T14:08:39.000Z</time>
      </trkpt>
      <trkpt lat="36.907795" lon="-4.765222">
        <ele>260.631381</ele>
        <time>2026-05-19T14:08:40.000Z</time>
      </trkpt>
      <trkpt lat="36.9078" lon="-4.765217">
        <ele>260.556319</ele>
        <time>2026-05-19T14:08:46.000Z</time>
      </trkpt>
      <trkpt lat="36.907772" lon="-4.765232">
        <ele>260.199164</ele>
        <time>2026-05-19T14:08:54.000Z</time>
      </trkpt>
      <trkpt lat="36.907758" lon="-4.765244">
        <ele>260.000158</ele>
        <time>2026-05-19T14:08:56.000Z</time>
      </trkpt>
      <trkpt lat="36.9077" lon="-4.765268">
        <ele>259.283845</ele>
        <time>2026-05-19T14:09:03.000Z</time>
      </trkpt>
      <trkpt lat="36.907691" lon="-4.765268">
        <ele>259.178319</ele>
        <time>2026-05-19T14:09:04.000Z</time>
      </trkpt>
      <trkpt lat="36.907665" lon="-4.765262">
        <ele>258.86832</ele>
        <time>2026-05-19T14:09:10.000Z</time>
      </trkpt>
      <trkpt lat="36.907649" lon="-4.76526">
        <ele>258.679784</ele>
        <time>2026-05-19T14:09:12.000Z</time>
      </trkpt>
      <trkpt lat="36.907586" lon="-4.765256">
        <ele>257.940151</ele>
        <time>2026-05-19T14:09:21.000Z</time>
      </trkpt>
      <trkpt lat="36.907591" lon="-4.765254">
        <ele>257.8786</ele>
        <time>2026-05-19T14:09:22.000Z</time>
      </trkpt>
      <trkpt lat="36.907574" lon="-4.765235">
        <ele>257.611275</ele>
        <time>2026-05-19T14:09:30.000Z</time>
      </trkpt>
      <trkpt lat="36.907566" lon="-4.765231">
        <ele>257.510256</ele>
        <time>2026-05-19T14:09:31.000Z</time>
      </trkpt>
      <trkpt lat="36.907528" lon="-4.76521">
        <ele>257.02314</ele>
        <time>2026-05-19T14:09:37.000Z</time>
      </trkpt>
      <trkpt lat="36.907496" lon="-4.765206">
        <ele>256.646068</ele>
        <time>2026-05-19T14:09:42.000Z</time>
      </trkpt>
      <trkpt lat="36.907482" lon="-4.7652">
        <ele>256.472545</ele>
        <time>2026-05-19T14:09:45.000Z</time>
      </trkpt>
      <trkpt lat="36.907459" lon="-4.76519">
        <ele>256.187036</ele>
        <time>2026-05-19T14:09:49.000Z</time>
      </trkpt>
      <trkpt lat="36.907448" lon="-4.765188">
        <ele>256.056704</ele>
        <time>2026-05-19T14:09:52.000Z</time>
      </trkpt>
      <trkpt lat="36.907444" lon="-4.765186">
        <ele>256.006194</ele>
        <time>2026-05-19T14:09:53.000Z</time>
      </trkpt>
      <trkpt lat="36.90741" lon="-4.765193">
        <ele>255.602175</ele>
        <time>2026-05-19T14:09:58.000Z</time>
      </trkpt>
      <trkpt lat="36.907403" lon="-4.765194">
        <ele>255.519565</ele>
        <time>2026-05-19T14:09:59.000Z</time>
      </trkpt>
      <trkpt lat="36.90736" lon="-4.765207">
        <ele>255.000863</ele>
        <time>2026-05-19T14:10:04.000Z</time>
      </trkpt>
      <trkpt lat="36.907347" lon="-4.76524">
        <ele>254.655963</ele>
        <time>2026-05-19T14:10:11.000Z</time>
      </trkpt>
      <trkpt lat="36.907291" lon="-4.765242">
        <ele>253.99909</ele>
        <time>2026-05-19T14:10:17.000Z</time>
      </trkpt>
      <trkpt lat="36.907202" lon="-4.765277">
        <ele>252.90518</ele>
        <time>2026-05-19T14:10:25.000Z</time>
      </trkpt>
      <trkpt lat="36.907142" lon="-4.765326">
        <ele>252.064961</ele>
        <time>2026-05-19T14:10:32.000Z</time>
      </trkpt>
      <trkpt lat="36.907155" lon="-4.765308">
        <ele>251.837555</ele>
        <time>2026-05-19T14:10:38.000Z</time>
      </trkpt>
      <trkpt lat="36.907153" lon="-4.765307">
        <ele>251.8123</ele>
        <time>2026-05-19T14:10:39.000Z</time>
      </trkpt>
      <trkpt lat="36.907139" lon="-4.765323">
        <ele>251.589931</ele>
        <time>2026-05-19T14:10:52.000Z</time>
      </trkpt>
      <trkpt lat="36.907183" lon="-4.765349">
        <ele>251.019337</ele>
        <time>2026-05-19T14:10:55.000Z</time>
      </trkpt>
      <trkpt lat="36.907174" lon="-4.765365">
        <ele>250.83593</ele>
        <time>2026-05-19T14:10:57.000Z</time>
      </trkpt>
      <trkpt lat="36.907142" lon="-4.765355">
        <ele>250.449191</ele>
        <time>2026-05-19T14:11:05.000Z</time>
      </trkpt>
      <trkpt lat="36.90715" lon="-4.765356">
        <ele>250.354923</ele>
        <time>2026-05-19T14:11:07.000Z</time>
      </trkpt>
      <trkpt lat="36.907152" lon="-4.765356">
        <ele>250.331472</ele>
        <time>2026-05-19T14:11:09.000Z</time>
      </trkpt>
      <trkpt lat="36.907155" lon="-4.765351">
        <ele>250.272865</ele>
        <time>2026-05-19T14:11:11.000Z</time>
      </trkpt>
      <trkpt lat="36.907159" lon="-4.765344">
        <ele>250.192201</ele>
        <time>2026-05-19T14:11:15.000Z</time>
      </trkpt>
      <trkpt lat="36.907165" lon="-4.765332">
        <ele>250.05951</ele>
        <time>2026-05-19T14:11:19.000Z</time>
      </trkpt>
      <trkpt lat="36.907145" lon="-4.765341">
        <ele>249.808897</ele>
        <time>2026-05-19T14:11:25.000Z</time>
      </trkpt>
      <trkpt lat="36.907129" lon="-4.765308">
        <ele>249.444247</ele>
        <time>2026-05-19T14:11:34.000Z</time>
      </trkpt>
      <trkpt lat="36.907069" lon="-4.765364">
        <ele>248.559569</ele>
        <time>2026-05-19T14:11:43.000Z</time>
      </trkpt>
      <trkpt lat="36.907011" lon="-4.765408">
        <ele>247.757966</ele>
        <time>2026-05-19T14:11:48.000Z</time>
      </trkpt>
      <trkpt lat="36.907022" lon="-4.765402">
        <ele>247.616158</ele>
        <time>2026-05-19T14:11:51.000Z</time>
      </trkpt>
      <trkpt lat="36.907021" lon="-4.7654">
        <ele>247.59387</ele>
        <time>2026-05-19T14:11:53.000Z</time>
      </trkpt>
      <trkpt lat="36.907011" lon="-4.765394">
        <ele>247.462808</ele>
        <time>2026-05-19T14:11:59.000Z</time>
      </trkpt>
      <trkpt lat="36.907013" lon="-4.765395">
        <ele>247.437356</ele>
        <time>2026-05-19T14:12:00.000Z</time>
      </trkpt>
      <trkpt lat="36.907026" lon="-4.765397">
        <ele>247.282581</ele>
        <time>2026-05-19T14:12:03.000Z</time>
      </trkpt>
      <trkpt lat="36.907015" lon="-4.765372">
        <ele>247.012962</ele>
        <time>2026-05-19T14:12:08.000Z</time>
      </trkpt>
      <trkpt lat="36.907014" lon="-4.765355">
        <ele>246.8519</ele>
        <time>2026-05-19T14:12:12.000Z</time>
      </trkpt>
      <trkpt lat="36.907019" lon="-4.765373">
        <ele>246.671853</ele>
        <time>2026-05-19T14:12:19.000Z</time>
      </trkpt>
      <trkpt lat="36.907018" lon="-4.765394">
        <ele>246.473078</ele>
        <time>2026-05-19T14:12:21.000Z</time>
      </trkpt>
      <trkpt lat="36.907007" lon="-4.765423">
        <ele>246.169799</ele>
        <time>2026-05-19T14:12:24.000Z</time>
      </trkpt>
      <trkpt lat="36.907" lon="-4.765441">
        <ele>245.980674</ele>
        <time>2026-05-19T14:12:27.000Z</time>
      </trkpt>
      <trkpt lat="36.906975" lon="-4.765489">
        <ele>245.439409</ele>
        <time>2026-05-19T14:12:32.000Z</time>
      </trkpt>
      <trkpt lat="36.906968" lon="-4.765501">
        <ele>245.299059</ele>
        <time>2026-05-19T14:12:33.000Z</time>
      </trkpt>
      <trkpt lat="36.906942" lon="-4.765528">
        <ele>244.899715</ele>
        <time>2026-05-19T14:12:37.000Z</time>
      </trkpt>
      <trkpt lat="36.906931" lon="-4.765542">
        <ele>244.714258</ele>
        <time>2026-05-19T14:12:39.000Z</time>
      </trkpt>
      <trkpt lat="36.906899" lon="-4.76558">
        <ele>244.192816</ele>
        <time>2026-05-19T14:12:46.000Z</time>
      </trkpt>
      <trkpt lat="36.906893" lon="-4.76559">
        <ele>244.074686</ele>
        <time>2026-05-19T14:12:47.000Z</time>
      </trkpt>
      <trkpt lat="36.90684" lon="-4.765661">
        <ele>243.156927</ele>
        <time>2026-05-19T14:12:55.000Z</time>
      </trkpt>
      <trkpt lat="36.906786" lon="-4.765661">
        <ele>242.518828</ele>
        <time>2026-05-19T14:13:00.000Z</time>
      </trkpt>
      <trkpt lat="36.906765" lon="-4.765661">
        <ele>242.270679</ele>
        <time>2026-05-19T14:13:02.000Z</time>
      </trkpt>
      <trkpt lat="36.906721" lon="-4.765663">
        <ele>241.750404</ele>
        <time>2026-05-19T14:13:06.000Z</time>
      </trkpt>
      <trkpt lat="36.906694" lon="-4.765644">
        <ele>241.384313</ele>
        <time>2026-05-19T14:13:09.000Z</time>
      </trkpt>
      <trkpt lat="36.90668" lon="-4.765627">
        <ele>241.153728</ele>
        <time>2026-05-19T14:13:12.000Z</time>
      </trkpt>
      <trkpt lat="36.906664" lon="-4.765611">
        <ele>240.91165</ele>
        <time>2026-05-19T14:13:15.000Z</time>
      </trkpt>
      <trkpt lat="36.906649" lon="-4.765596">
        <ele>240.684703</ele>
        <time>2026-05-19T14:13:18.000Z</time>
      </trkpt>
      <trkpt lat="36.906617" lon="-4.765562">
        <ele>240.188527</ele>
        <time>2026-05-19T14:13:22.000Z</time>
      </trkpt>
      <trkpt lat="36.906593" lon="-4.765546">
        <ele>239.867148</ele>
        <time>2026-05-19T14:13:27.000Z</time>
      </trkpt>
      <trkpt lat="36.906571" lon="-4.765527">
        <ele>239.551218</ele>
        <time>2026-05-19T14:13:29.000Z</time>
      </trkpt>
      <trkpt lat="36.906537" lon="-4.765504">
        <ele>239.094442</ele>
        <time>2026-05-19T14:13:33.000Z</time>
      </trkpt>
      <trkpt lat="36.906498" lon="-4.765496">
        <ele>238.627435</ele>
        <time>2026-05-19T14:13:37.000Z</time>
      </trkpt>
      <trkpt lat="36.906466" lon="-4.765502">
        <ele>238.245076</ele>
        <time>2026-05-19T14:13:45.000Z</time>
      </trkpt>
      <trkpt lat="36.906435" lon="-4.765517">
        <ele>237.852297</ele>
        <time>2026-05-19T14:13:49.000Z</time>
      </trkpt>
      <trkpt lat="36.906429" lon="-4.765524">
        <ele>237.755336</ele>
        <time>2026-05-19T14:13:51.000Z</time>
      </trkpt>
      <trkpt lat="36.906445" lon="-4.765528">
        <ele>237.562529</ele>
        <time>2026-05-19T14:13:56.000Z</time>
      </trkpt>
      <trkpt lat="36.906467" lon="-4.765515">
        <ele>237.275004</ele>
        <time>2026-05-19T14:14:05.000Z</time>
      </trkpt>
      <trkpt lat="36.906417" lon="-4.765486">
        <ele>236.623723</ele>
        <time>2026-05-19T14:14:13.000Z</time>
      </trkpt>
      <trkpt lat="36.906422" lon="-4.765444">
        <ele>236.2225</ele>
        <time>2026-05-19T14:14:20.000Z</time>
      </trkpt>
      <trkpt lat="36.906395" lon="-4.765391">
        <ele>235.628717</ele>
        <time>2026-05-19T14:14:27.000Z</time>
      </trkpt>
      <trkpt lat="36.906357" lon="-4.765307">
        <ele>234.716802</ele>
        <time>2026-05-19T14:14:35.000Z</time>
      </trkpt>
      <trkpt lat="36.90637" lon="-4.765311">
        <ele>234.558605</ele>
        <time>2026-05-19T14:14:38.000Z</time>
      </trkpt>
      <trkpt lat="36.906369" lon="-4.765297">
        <ele>234.425795</ele>
        <time>2026-05-19T14:14:42.000Z</time>
      </trkpt>
      <trkpt lat="36.906398" lon="-4.765246">
        <ele>233.834485</ele>
        <time>2026-05-19T14:14:48.000Z</time>
      </trkpt>
      <trkpt lat="36.906426" lon="-4.765242">
        <ele>233.501467</ele>
        <time>2026-05-19T14:14:53.000Z</time>
      </trkpt>
      <trkpt lat="36.906464" lon="-4.765214">
        <ele>232.980291</ele>
        <time>2026-05-19T14:14:56.000Z</time>
      </trkpt>
      <trkpt lat="36.906508" lon="-4.765189">
        <ele>232.409214</ele>
        <time>2026-05-19T14:14:59.000Z</time>
      </trkpt>
      <trkpt lat="36.906557" lon="-4.76515">
        <ele>231.722881</ele>
        <time>2026-05-19T14:15:07.000Z</time>
      </trkpt>
      <trkpt lat="36.906559" lon="-4.765123">
        <ele>231.466672</ele>
        <time>2026-05-19T14:15:16.000Z</time>
      </trkpt>
      <trkpt lat="36.906559" lon="-4.765121">
        <ele>231.447774</ele>
        <time>2026-05-19T14:15:20.000Z</time>
      </trkpt>
      <trkpt lat="36.906567" lon="-4.765126">
        <ele>231.342093</ele>
        <time>2026-05-19T14:15:26.000Z</time>
      </trkpt>
      <trkpt lat="36.906567" lon="-4.765126">
        <ele>231.342093</ele>
        <time>2026-05-19T14:15:28.000Z</time>
      </trkpt>
      <trkpt lat="36.906561" lon="-4.765108">
        <ele>231.157829</ele>
        <time>2026-05-19T14:15:34.000Z</time>
      </trkpt>
      <trkpt lat="36.906572" lon="-4.765095">
        <ele>230.978989</ele>
        <time>2026-05-19T14:15:36.000Z</time>
      </trkpt>
      <trkpt lat="36.90658" lon="-4.76509">
        <ele>230.873308</ele>
        <time>2026-05-19T14:15:37.000Z</time>
      </trkpt>
      <trkpt lat="36.906631" lon="-4.76506">
        <ele>230.207322</ele>
        <time>2026-05-19T14:15:45.000Z</time>
      </trkpt>
      <trkpt lat="36.90668" lon="-4.765014">
        <ele>229.483324</ele>
        <time>2026-05-19T14:15:50.000Z</time>
      </trkpt>
      <trkpt lat="36.906712" lon="-4.764989">
        <ele>229.037473</ele>
        <time>2026-05-19T14:15:53.000Z</time>
      </trkpt>
      <trkpt lat="36.906769" lon="-4.764913">
        <ele>228.591831</ele>
        <time>2026-05-19T14:16:01.000Z</time>
      </trkpt>
      <trkpt lat="36.906775" lon="-4.764904">
        <ele>228.56863</ele>
        <time>2026-05-19T14:16:02.000Z</time>
      </trkpt>
      <trkpt lat="36.90679" lon="-4.764866">
        <ele>228.484723</ele>
        <time>2026-05-19T14:16:06.000Z</time>
      </trkpt>
      <trkpt lat="36.906791" lon="-4.764834">
        <ele>228.421316</ele>
        <time>2026-05-19T14:16:10.000Z</time>
      </trkpt>
      <trkpt lat="36.906792" lon="-4.764806">
        <ele>228.365822</ele>
        <time>2026-05-19T14:16:13.000Z</time>
      </trkpt>
      <trkpt lat="36.906796" lon="-4.764757">
        <ele>228.2683</ele>
        <time>2026-05-19T14:16:19.000Z</time>
      </trkpt>
      <trkpt lat="36.906799" lon="-4.764744">
        <ele>228.24151</ele>
        <time>2026-05-19T14:16:20.000Z</time>
      </trkpt>
      <trkpt lat="36.906808" lon="-4.764684">
        <ele>228.120641</ele>
        <time>2026-05-19T14:16:25.000Z</time>
      </trkpt>
      <trkpt lat="36.906808" lon="-4.764655">
        <ele>228.063222</ele>
        <time>2026-05-19T14:16:32.000Z</time>
      </trkpt>
      <trkpt lat="36.906814" lon="-4.764646">
        <ele>228.040022</ele>
        <time>2026-05-19T14:16:33.000Z</time>
      </trkpt>
      <trkpt lat="36.906842" lon="-4.764634">
        <ele>227.966732</ele>
        <time>2026-05-19T14:16:39.000Z</time>
      </trkpt>
      <trkpt lat="36.906867" lon="-4.76462">
        <ele>227.898905</ele>
        <time>2026-05-19T14:16:43.000Z</time>
      </trkpt>
      <trkpt lat="36.90689" lon="-4.76459">
        <ele>227.816615</ele>
        <time>2026-05-19T14:16:46.000Z</time>
      </trkpt>
      <trkpt lat="36.906891" lon="-4.764547">
        <ele>227.731441</ele>
        <time>2026-05-19T14:16:50.000Z</time>
      </trkpt>
      <trkpt lat="36.906913" lon="-4.764491">
        <ele>227.607905</ele>
        <time>2026-05-19T14:16:53.000Z</time>
      </trkpt>
      <trkpt lat="36.906921" lon="-4.764468">
        <ele>227.558244</ele>
        <time>2026-05-19T14:16:57.000Z</time>
      </trkpt>
      <trkpt lat="36.906925" lon="-4.764457">
        <ele>227.534318</ele>
        <time>2026-05-19T14:16:59.000Z</time>
      </trkpt>
      <trkpt lat="36.906959" lon="-4.764425">
        <ele>227.428952</ele>
        <time>2026-05-19T14:17:05.000Z</time>
      </trkpt>
      <trkpt lat="36.907" lon="-4.76439">
        <ele>227.306033</ele>
        <time>2026-05-19T14:17:09.000Z</time>
      </trkpt>
      <trkpt lat="36.907033" lon="-4.764367">
        <ele>227.212488</ele>
        <time>2026-05-19T14:17:12.000Z</time>
      </trkpt>
      <trkpt lat="36.907074" lon="-4.764271">
        <ele>226.997</ele>
        <time>2026-05-19T14:17:20.000Z</time>
      </trkpt>
      <trkpt lat="36.907066" lon="-4.764147">
        <ele>226.750688</ele>
        <time>2026-05-19T14:17:27.000Z</time>
      </trkpt>
      <trkpt lat="36.907029" lon="-4.764059">
        <ele>226.553834</ele>
        <time>2026-05-19T14:17:34.000Z</time>
      </trkpt>
      <trkpt lat="36.906953" lon="-4.763993">
        <ele>226.324725</ele>
        <time>2026-05-19T14:17:42.000Z</time>
      </trkpt>
      <trkpt lat="36.906957" lon="-4.763946">
        <ele>226.231142</ele>
        <time>2026-05-19T14:17:49.000Z</time>
      </trkpt>
      <trkpt lat="36.906962" lon="-4.763949">
        <ele>226.21741</ele>
        <time>2026-05-19T14:17:50.000Z</time>
      </trkpt>
      <trkpt lat="36.906967" lon="-4.763931">
        <ele>226.179682</ele>
        <time>2026-05-19T14:17:53.000Z</time>
      </trkpt>
      <trkpt lat="36.906972" lon="-4.763914">
        <ele>226.143818</ele>
        <time>2026-05-19T14:17:54.000Z</time>
      </trkpt>
      <trkpt lat="36.906987" lon="-4.763903">
        <ele>226.100761</ele>
        <time>2026-05-19T14:17:57.000Z</time>
      </trkpt>
      <trkpt lat="36.906997" lon="-4.763911">
        <ele>226.071367</ele>
        <time>2026-05-19T14:18:00.000Z</time>
      </trkpt>
      <trkpt lat="36.906968" lon="-4.763931">
        <ele>225.989364</ele>
        <time>2026-05-19T14:18:06.000Z</time>
      </trkpt>
      <trkpt lat="36.906931" lon="-4.763952">
        <ele>225.888753</ele>
        <time>2026-05-19T14:18:15.000Z</time>
      </trkpt>
      <trkpt lat="36.90693" lon="-4.763957">
        <ele>225.878548</ele>
        <time>2026-05-19T14:18:16.000Z</time>
      </trkpt>
      <trkpt lat="36.906928" lon="-4.763958">
        <ele>225.873215</ele>
        <time>2026-05-19T14:18:17.000Z</time>
      </trkpt>
      <trkpt lat="36.906927" lon="-4.763959">
        <ele>225.870045</ele>
        <time>2026-05-19T14:18:24.000Z</time>
      </trkpt>
      <trkpt lat="36.906927" lon="-4.763958">
        <ele>225.868065</ele>
        <time>2026-05-19T14:18:25.000Z</time>
      </trkpt>
      <trkpt lat="36.906929" lon="-4.763954">
        <ele>225.858724</ele>
        <time>2026-05-19T14:18:26.000Z</time>
      </trkpt>
      <trkpt lat="36.906936" lon="-4.763941">
        <ele>225.827693</ele>
        <time>2026-05-19T14:18:29.000Z</time>
      </trkpt>
      <trkpt lat="36.906929" lon="-4.763883">
        <ele>225.711555</ele>
        <time>2026-05-19T14:18:37.000Z</time>
      </trkpt>
      <trkpt lat="36.906929" lon="-4.763869">
        <ele>225.683835</ele>
        <time>2026-05-19T14:18:38.000Z</time>
      </trkpt>
      <trkpt lat="36.906918" lon="-4.763735">
        <ele>225.417127</ele>
        <time>2026-05-19T14:18:46.000Z</time>
      </trkpt>
      <trkpt lat="36.906917" lon="-4.763722">
        <ele>225.391269</ele>
        <time>2026-05-19T14:18:47.000Z</time>
      </trkpt>
      <trkpt lat="36.906926" lon="-4.763702">
        <ele>225.34583</ele>
        <time>2026-05-19T14:18:50.000Z</time>
      </trkpt>
      <trkpt lat="36.906935" lon="-4.763707">
        <ele>225.321445</ele>
        <time>2026-05-19T14:18:53.000Z</time>
      </trkpt>
      <trkpt lat="36.906939" lon="-4.763708">
        <ele>225.311344</ele>
        <time>2026-05-19T14:18:54.000Z</time>
      </trkpt>
      <trkpt lat="36.906954" lon="-4.763699">
        <ele>225.270149</ele>
        <time>2026-05-19T14:18:57.000Z</time>
      </trkpt>
      <trkpt lat="36.906952" lon="-4.76369">
        <ele>225.251654</ele>
        <time>2026-05-19T14:19:02.000Z</time>
      </trkpt>
      <trkpt lat="36.906953" lon="-4.763683">
        <ele>225.237575</ele>
        <time>2026-05-19T14:19:06.000Z</time>
      </trkpt>
      <trkpt lat="36.906957" lon="-4.763668">
        <ele>225.206267</ele>
        <time>2026-05-19T14:19:07.000Z</time>
      </trkpt>
      <trkpt lat="36.906955" lon="-4.763668">
        <ele>225.201315</ele>
        <time>2026-05-19T14:19:08.000Z</time>
      </trkpt>
      <trkpt lat="36.906936" lon="-4.763674">
        <ele>225.152792</ele>
        <time>2026-05-19T14:19:09.000Z</time>
      </trkpt>
      <trkpt lat="36.906867" lon="-4.763624">
        <ele>224.955329</ele>
        <time>2026-05-19T14:19:15.000Z</time>
      </trkpt>
      <trkpt lat="36.906801" lon="-4.763564">
        <ele>224.753288</ele>
        <time>2026-05-19T14:19:22.000Z</time>
      </trkpt>
      <trkpt lat="36.906759" lon="-4.763501">
        <ele>224.590884</ele>
        <time>2026-05-19T14:19:27.000Z</time>
      </trkpt>
      <trkpt lat="36.906739" lon="-4.763467">
        <ele>224.507312</ele>
        <time>2026-05-19T14:19:30.000Z</time>
      </trkpt>
      <trkpt lat="36.906712" lon="-4.763427">
        <ele>224.403668</ele>
        <time>2026-05-19T14:19:33.000Z</time>
      </trkpt>
      <trkpt lat="36.906668" lon="-4.763393">
        <ele>224.278748</ele>
        <time>2026-05-19T14:19:39.000Z</time>
      </trkpt>
      <trkpt lat="36.906635" lon="-4.763353">
        <ele>224.231316</ele>
        <time>2026-05-19T14:19:43.000Z</time>
      </trkpt>
      <trkpt lat="36.906623" lon="-4.763344">
        <ele>224.216874</ele>
        <time>2026-05-19T14:19:45.000Z</time>
      </trkpt>
      <trkpt lat="36.906594" lon="-4.76331">
        <ele>224.175847</ele>
        <time>2026-05-19T14:19:48.000Z</time>
      </trkpt>
      <trkpt lat="36.906541" lon="-4.763256">
        <ele>224.105289</ele>
        <time>2026-05-19T14:19:53.000Z</time>
      </trkpt>
      <trkpt lat="36.906476" lon="-4.763179">
        <ele>224.012882</ele>
        <time>2026-05-19T14:20:00.000Z</time>
      </trkpt>
      <trkpt lat="36.906453" lon="-4.763146">
        <ele>223.976754</ele>
        <time>2026-05-19T14:20:03.000Z</time>
      </trkpt>
      <trkpt lat="36.906408" lon="-4.763078">
        <ele>223.903907</ele>
        <time>2026-05-19T14:20:08.000Z</time>
      </trkpt>
      <trkpt lat="36.906321" lon="-4.763033">
        <ele>223.806736</ele>
        <time>2026-05-19T14:20:16.000Z</time>
      </trkpt>
      <trkpt lat="36.906224" lon="-4.762967">
        <ele>223.692763</ele>
        <time>2026-05-19T14:20:24.000Z</time>
      </trkpt>
      <trkpt lat="36.906127" lon="-4.762873">
        <ele>223.566108</ele>
        <time>2026-05-19T14:20:33.000Z</time>
      </trkpt>
      <trkpt lat="36.90612" lon="-4.76286">
        <ele>223.553174</ele>
        <time>2026-05-19T14:20:34.000Z</time>
      </trkpt>
      <trkpt lat="36.906113" lon="-4.76285">
        <ele>223.542205</ele>
        <time>2026-05-19T14:20:35.000Z</time>
      </trkpt>
      <trkpt lat="36.906097" lon="-4.762824">
        <ele>223.515129</ele>
        <time>2026-05-19T14:20:37.000Z</time>
      </trkpt>
      <trkpt lat="36.906031" lon="-4.762785">
        <ele>223.439788</ele>
        <time>2026-05-19T14:20:41.000Z</time>
      </trkpt>
      <trkpt lat="36.906024" lon="-4.762772">
        <ele>223.426853</ele>
        <time>2026-05-19T14:20:42.000Z</time>
      </trkpt>
      <trkpt lat="36.905991" lon="-4.762675">
        <ele>223.339855</ele>
        <time>2026-05-19T14:20:51.000Z</time>
      </trkpt>
      <trkpt lat="36.905867" lon="-4.762582">
        <ele>223.190622</ele>
        <time>2026-05-19T14:21:00.000Z</time>
      </trkpt>
      <trkpt lat="36.905832" lon="-4.762562">
        <ele>223.150906</ele>
        <time>2026-05-19T14:21:03.000Z</time>
      </trkpt>
      <trkpt lat="36.905756" lon="-4.76253">
        <ele>223.068138</ele>
        <time>2026-05-19T14:21:08.000Z</time>
      </trkpt>
      <trkpt lat="36.905746" lon="-4.762507">
        <ele>223.046532</ele>
        <time>2026-05-19T14:21:10.000Z</time>
      </trkpt>
      <trkpt lat="36.905691" lon="-4.76241">
        <ele>222.948394</ele>
        <time>2026-05-19T14:21:19.000Z</time>
      </trkpt>
      <trkpt lat="36.90569" lon="-4.762364">
        <ele>222.910416</ele>
        <time>2026-05-19T14:21:23.000Z</time>
      </trkpt>
      <trkpt lat="36.905685" lon="-4.762327">
        <ele>222.879447</ele>
        <time>2026-05-19T14:21:25.000Z</time>
      </trkpt>
      <trkpt lat="36.905681" lon="-4.76231">
        <ele>222.864822</ele>
        <time>2026-05-19T14:21:26.000Z</time>
      </trkpt>
      <trkpt lat="36.905671" lon="-4.762192">
        <ele>222.76689</ele>
        <time>2026-05-19T14:21:33.000Z</time>
      </trkpt>
      <trkpt lat="36.905583" lon="-4.762095">
        <ele>222.64582</ele>
        <time>2026-05-19T14:21:41.000Z</time>
      </trkpt>
      <trkpt lat="36.905514" lon="-4.762032">
        <ele>222.557643</ele>
        <time>2026-05-19T14:21:47.000Z</time>
      </trkpt>
      <trkpt lat="36.905505" lon="-4.762023">
        <ele>222.54575</ele>
        <time>2026-05-19T14:21:48.000Z</time>
      </trkpt>
      <trkpt lat="36.905422" lon="-4.761931">
        <ele>222.431279</ele>
        <time>2026-05-19T14:21:55.000Z</time>
      </trkpt>
      <trkpt lat="36.905363" lon="-4.761879">
        <ele>222.299222</ele>
        <time>2026-05-19T14:22:01.000Z</time>
      </trkpt>
      <trkpt lat="36.90534" lon="-4.76187">
        <ele>222.253238</ele>
        <time>2026-05-19T14:22:03.000Z</time>
      </trkpt>
      <trkpt lat="36.905283" lon="-4.76185">
        <ele>222.140276</ele>
        <time>2026-05-19T14:22:09.000Z</time>
      </trkpt>
      <trkpt lat="36.905206" lon="-4.761809">
        <ele>221.980588</ele>
        <time>2026-05-19T14:22:15.000Z</time>
      </trkpt>
      <trkpt lat="36.905182" lon="-4.761797">
        <ele>221.931269</ele>
        <time>2026-05-19T14:22:17.000Z</time>
      </trkpt>
      <trkpt lat="36.905097" lon="-4.761752">
        <ele>221.755145</ele>
        <time>2026-05-19T14:22:26.000Z</time>
      </trkpt>
      <trkpt lat="36.90507" lon="-4.761737">
        <ele>221.698772</ele>
        <time>2026-05-19T14:22:28.000Z</time>
      </trkpt>
      <trkpt lat="36.905007" lon="-4.761704">
        <ele>221.568442</ele>
        <time>2026-05-19T14:22:35.000Z</time>
      </trkpt>
      <trkpt lat="36.904945" lon="-4.761649">
        <ele>221.423398</ele>
        <time>2026-05-19T14:22:42.000Z</time>
      </trkpt>
      <trkpt lat="36.904872" lon="-4.761537">
        <ele>221.202932</ele>
        <time>2026-05-19T14:22:50.000Z</time>
      </trkpt>
      <trkpt lat="36.904866" lon="-4.761522">
        <ele>221.177342</ele>
        <time>2026-05-19T14:22:51.000Z</time>
      </trkpt>
      <trkpt lat="36.904825" lon="-4.761424">
        <ele>221.008586</ele>
        <time>2026-05-19T14:22:59.000Z</time>
      </trkpt>
      <trkpt lat="36.90482" lon="-4.76133">
        <ele>220.864845</ele>
        <time>2026-05-19T14:23:06.000Z</time>
      </trkpt>
      <trkpt lat="36.904824" lon="-4.761317">
        <ele>220.843592</ele>
        <time>2026-05-19T14:23:07.000Z</time>
      </trkpt>
      <trkpt lat="36.904861" lon="-4.761237">
        <ele>220.702582</ele>
        <time>2026-05-19T14:23:13.000Z</time>
      </trkpt>
      <trkpt lat="36.904891" lon="-4.761173">
        <ele>220.58939</ele>
        <time>2026-05-19T14:23:19.000Z</time>
      </trkpt>
      <trkpt lat="36.904925" lon="-4.761083">
        <ele>220.437516</ele>
        <time>2026-05-19T14:23:25.000Z</time>
      </trkpt>
      <trkpt lat="36.90493" lon="-4.761071">
        <ele>220.41687</ele>
        <time>2026-05-19T14:23:26.000Z</time>
      </trkpt>
      <trkpt lat="36.904949" lon="-4.760999">
        <ele>220.301186</ele>
        <time>2026-05-19T14:23:32.000Z</time>
      </trkpt>
      <trkpt lat="36.904966" lon="-4.760959">
        <ele>220.232069</ele>
        <time>2026-05-19T14:23:35.000Z</time>
      </trkpt>
      <trkpt lat="36.905001" lon="-4.760888">
        <ele>220.104807</ele>
        <time>2026-05-19T14:23:40.000Z</time>
      </trkpt>
      <trkpt lat="36.905025" lon="-4.760808">
        <ele>219.974437</ele>
        <time>2026-05-19T14:23:47.000Z</time>
      </trkpt>
      <trkpt lat="36.905026" lon="-4.760753">
        <ele>219.890497</ele>
        <time>2026-05-19T14:23:52.000Z</time>
      </trkpt>
      <trkpt lat="36.905042" lon="-4.760658">
        <ele>219.742367</ele>
        <time>2026-05-19T14:23:59.000Z</time>
      </trkpt>
      <trkpt lat="36.905083" lon="-4.760566">
        <ele>219.581667</ele>
        <time>2026-05-19T14:24:06.000Z</time>
      </trkpt>
      <trkpt lat="36.905121" lon="-4.760492">
        <ele>219.447482</ele>
        <time>2026-05-19T14:24:12.000Z</time>
      </trkpt>
      <trkpt lat="36.905134" lon="-4.760465">
        <ele>219.399394</ele>
        <time>2026-05-19T14:24:14.000Z</time>
      </trkpt>
      <trkpt lat="36.905192" lon="-4.760343">
        <ele>219.182835</ele>
        <time>2026-05-19T14:24:22.000Z</time>
      </trkpt>
      <trkpt lat="36.905235" lon="-4.760278">
        <ele>219.054119</ele>
        <time>2026-05-19T14:24:28.000Z</time>
      </trkpt>
      <trkpt lat="36.905256" lon="-4.760251">
        <ele>218.996649</ele>
        <time>2026-05-19T14:24:30.000Z</time>
      </trkpt>
      <trkpt lat="36.9053" lon="-4.760146">
        <ele>219.344483</ele>
        <time>2026-05-19T14:24:38.000Z</time>
      </trkpt>
      <trkpt lat="36.905334" lon="-4.760065">
        <ele>219.622271</ele>
        <time>2026-05-19T14:24:46.000Z</time>
      </trkpt>
      <trkpt lat="36.905371" lon="-4.759945">
        <ele>220.012805</ele>
        <time>2026-05-19T14:24:55.000Z</time>
      </trkpt>
      <trkpt lat="36.905395" lon="-4.759902">
        <ele>220.172037</ele>
        <time>2026-05-19T14:25:01.000Z</time>
      </trkpt>
      <trkpt lat="36.905499" lon="-4.75988">
        <ele>220.57258</ele>
        <time>2026-05-19T14:25:09.000Z</time>
      </trkpt>
      <trkpt lat="36.905584" lon="-4.759922">
        <ele>220.919643</ele>
        <time>2026-05-19T14:25:19.000Z</time>
      </trkpt>
      <trkpt lat="36.905638" lon="-4.759942">
        <ele>221.133508</ele>
        <time>2026-05-19T14:25:23.000Z</time>
      </trkpt>
      <trkpt lat="36.905672" lon="-4.759955">
        <ele>221.26852</ele>
        <time>2026-05-19T14:25:26.000Z</time>
      </trkpt>
      <trkpt lat="36.905715" lon="-4.759952">
        <ele>221.432064</ele>
        <time>2026-05-19T14:25:32.000Z</time>
      </trkpt>
      <trkpt lat="36.905742" lon="-4.759952">
        <ele>221.534594</ele>
        <time>2026-05-19T14:25:35.000Z</time>
      </trkpt>
      <trkpt lat="36.90579" lon="-4.759948">
        <ele>221.717275</ele>
        <time>2026-05-19T14:25:41.000Z</time>
      </trkpt>
      <trkpt lat="36.905854" lon="-4.759947">
        <ele>221.960329</ele>
        <time>2026-05-19T14:25:46.000Z</time>
      </trkpt>
      <trkpt lat="36.905888" lon="-4.759952">
        <ele>222.090332</ele>
        <time>2026-05-19T14:25:49.000Z</time>
      </trkpt>
      <trkpt lat="36.905926" lon="-4.759953">
        <ele>222.234666</ele>
        <time>2026-05-19T14:25:52.000Z</time>
      </trkpt>
      <trkpt lat="36.905981" lon="-4.759943">
        <ele>222.44572</ele>
        <time>2026-05-19T14:25:56.000Z</time>
      </trkpt>
      <trkpt lat="36.906016" lon="-4.75994">
        <ele>222.578942</ele>
        <time>2026-05-19T14:25:59.000Z</time>
      </trkpt>
      <trkpt lat="36.906066" lon="-4.759934">
        <ele>222.769685</ele>
        <time>2026-05-19T14:26:04.000Z</time>
      </trkpt>
      <trkpt lat="36.90609" lon="-4.759938">
        <ele>222.86163</ele>
        <time>2026-05-19T14:26:06.000Z</time>
      </trkpt>
      <trkpt lat="36.906187" lon="-4.759931">
        <ele>223.230593</ele>
        <time>2026-05-19T14:26:14.000Z</time>
      </trkpt>
      <trkpt lat="36.906195" lon="-4.75993">
        <ele>223.261124</ele>
        <time>2026-05-19T14:26:15.000Z</time>
      </trkpt>
      <trkpt lat="36.906246" lon="-4.759913">
        <ele>223.461554</ele>
        <time>2026-05-19T14:26:20.000Z</time>
      </trkpt>
      <trkpt lat="36.906268" lon="-4.759895">
        <ele>223.561388</ele>
        <time>2026-05-19T14:26:23.000Z</time>
      </trkpt>
      <trkpt lat="36.90635" lon="-4.759856">
        <ele>223.894536</ele>
        <time>2026-05-19T14:26:31.000Z</time>
      </trkpt>
      <trkpt lat="36.906423" lon="-4.75985">
        <ele>224.172346</ele>
        <time>2026-05-19T14:26:38.000Z</time>
      </trkpt>
      <trkpt lat="36.906454" lon="-4.759837">
        <ele>224.296508</ele>
        <time>2026-05-19T14:26:41.000Z</time>
      </trkpt>
      <trkpt lat="36.906519" lon="-4.759783">
        <ele>224.59284</ele>
        <time>2026-05-19T14:26:47.000Z</time>
      </trkpt>
      <trkpt lat="36.906589" lon="-4.759762">
        <ele>224.866202</ele>
        <time>2026-05-19T14:26:53.000Z</time>
      </trkpt>
      <trkpt lat="36.906634" lon="-4.759776">
        <ele>225.042294</ele>
        <time>2026-05-19T14:26:58.000Z</time>
      </trkpt>
      <trkpt lat="36.906651" lon="-4.759781">
        <ele>225.108612</ele>
        <time>2026-05-19T14:27:00.000Z</time>
      </trkpt>
      <trkpt lat="36.906695" lon="-4.759798">
        <ele>225.283491</ele>
        <time>2026-05-19T14:27:04.000Z</time>
      </trkpt>
      <trkpt lat="36.90671" lon="-4.759804">
        <ele>225.343295</ele>
        <time>2026-05-19T14:27:06.000Z</time>
      </trkpt>
      <trkpt lat="36.906785" lon="-4.75987">
        <ele>225.691545</ele>
        <time>2026-05-19T14:27:14.000Z</time>
      </trkpt>
      <trkpt lat="36.906861" lon="-4.7599">
        <ele>225.822811</ele>
        <time>2026-05-19T14:27:20.000Z</time>
      </trkpt>
      <trkpt lat="36.906884" lon="-4.7599">
        <ele>225.822811</ele>
        <time>2026-05-19T14:27:22.000Z</time>
      </trkpt>
      <trkpt lat="36.906912" lon="-4.759911">
        <ele>225.822811</ele>
        <time>2026-05-19T14:27:26.000Z</time>
      </trkpt>
      <trkpt lat="36.906975" lon="-4.759934">
        <ele>225.822811</ele>
        <time>2026-05-19T14:27:32.000Z</time>
      </trkpt>
      <trkpt lat="36.907033" lon="-4.759956">
        <ele>225.822811</ele>
        <time>2026-05-19T14:27:37.000Z</time>
      </trkpt>
      <trkpt lat="36.907045" lon="-4.75996">
        <ele>225.822811</ele>
        <time>2026-05-19T14:27:38.000Z</time>
      </trkpt>
      <trkpt lat="36.907073" lon="-4.759969">
        <ele>225.822811</ele>
        <time>2026-05-19T14:27:40.000Z</time>
      </trkpt>
      <trkpt lat="36.907123" lon="-4.760004">
        <ele>225.822811</ele>
        <time>2026-05-19T14:27:46.000Z</time>
      </trkpt>
      <trkpt lat="36.90721" lon="-4.760025">
        <ele>225.822811</ele>
        <time>2026-05-19T14:27:53.000Z</time>
      </trkpt>
      <trkpt lat="36.907291" lon="-4.760037">
        <ele>225.822811</ele>
        <time>2026-05-19T14:27:59.000Z</time>
      </trkpt>
      <trkpt lat="36.907343" lon="-4.76005">
        <ele>225.822811</ele>
        <time>2026-05-19T14:28:04.000Z</time>
      </trkpt>
      <trkpt lat="36.907401" lon="-4.760058">
        <ele>225.822811</ele>
        <time>2026-05-19T14:28:10.000Z</time>
      </trkpt>
      <trkpt lat="36.907433" lon="-4.760061">
        <ele>225.822811</ele>
        <time>2026-05-19T14:28:14.000Z</time>
      </trkpt>
      <trkpt lat="36.907462" lon="-4.76003">
        <ele>225.822811</ele>
        <time>2026-05-19T14:28:17.000Z</time>
      </trkpt>
      <trkpt lat="36.907523" lon="-4.75999">
        <ele>225.822811</ele>
        <time>2026-05-19T14:28:20.000Z</time>
      </trkpt>
      <trkpt lat="36.907553" lon="-4.759973">
        <ele>225.822811</ele>
        <time>2026-05-19T14:28:22.000Z</time>
      </trkpt>
      <trkpt lat="36.907611" lon="-4.759943">
        <ele>225.822811</ele>
        <time>2026-05-19T14:28:29.000Z</time>
      </trkpt>
      <trkpt lat="36.9077" lon="-4.759952">
        <ele>225.822811</ele>
        <time>2026-05-19T14:28:35.000Z</time>
      </trkpt>
      <trkpt lat="36.907717" lon="-4.759965">
        <ele>225.822811</ele>
        <time>2026-05-19T14:28:37.000Z</time>
      </trkpt>
      <trkpt lat="36.907756" lon="-4.759994">
        <ele>225.822811</ele>
        <time>2026-05-19T14:28:41.000Z</time>
      </trkpt>
      <trkpt lat="36.90785" lon="-4.760036">
        <ele>225.822811</ele>
        <time>2026-05-19T14:28:49.000Z</time>
      </trkpt>
      <trkpt lat="36.907912" lon="-4.76011">
        <ele>225.822811</ele>
        <time>2026-05-19T14:28:57.000Z</time>
      </trkpt>
      <trkpt lat="36.907977" lon="-4.760221">
        <ele>225.822811</ele>
        <time>2026-05-19T14:29:05.000Z</time>
      </trkpt>
      <trkpt lat="36.908047" lon="-4.76029">
        <ele>225.822811</ele>
        <time>2026-05-19T14:29:12.000Z</time>
      </trkpt>
      <trkpt lat="36.90811" lon="-4.760358">
        <ele>225.822811</ele>
        <time>2026-05-19T14:29:18.000Z</time>
      </trkpt>
      <trkpt lat="36.908189" lon="-4.760386">
        <ele>225.822811</ele>
        <time>2026-05-19T14:29:25.000Z</time>
      </trkpt>
      <trkpt lat="36.908265" lon="-4.760385">
        <ele>225.822811</ele>
        <time>2026-05-19T14:29:31.000Z</time>
      </trkpt>
      <trkpt lat="36.908334" lon="-4.760381">
        <ele>225.822811</ele>
        <time>2026-05-19T14:29:37.000Z</time>
      </trkpt>
      <trkpt lat="36.908423" lon="-4.76039">
        <ele>225.822811</ele>
        <time>2026-05-19T14:29:45.000Z</time>
      </trkpt>
      <trkpt lat="36.908433" lon="-4.760391">
        <ele>225.822811</ele>
        <time>2026-05-19T14:29:46.000Z</time>
      </trkpt>
      <trkpt lat="36.908526" lon="-4.760405">
        <ele>225.822811</ele>
        <time>2026-05-19T14:29:51.000Z</time>
      </trkpt>
      <trkpt lat="36.908591" lon="-4.760391">
        <ele>225.822811</ele>
        <time>2026-05-19T14:29:56.000Z</time>
      </trkpt>
      <trkpt lat="36.908625" lon="-4.760396">
        <ele>225.822811</ele>
        <time>2026-05-19T14:29:59.000Z</time>
      </trkpt>
      <trkpt lat="36.908644" lon="-4.760392">
        <ele>225.822811</ele>
        <time>2026-05-19T14:30:01.000Z</time>
      </trkpt>
      <trkpt lat="36.908644" lon="-4.760392">
        <ele>225.822811</ele>
        <time>2026-05-19T14:30:02.000Z</time>
      </trkpt>
    </trkseg>
  </trk>
</gpx>
