<?xml version='1.0' encoding='UTF-8'?>
<gpx version="1.1" creator="https://www.komoot.de" xmlns="http://www.topografix.com/GPX/1/1" xmlns:xsi="http://www.w3.org/2001/XMLSchema-instance" xsi:schemaLocation="http://www.topografix.com/GPX/1/1 http://www.topografix.com/GPX/1/1/gpx.xsd">
  <metadata>
    <name>05 - el Chorro - Valle de Abdalajis</name>
    <author>
      <link href="https://www.komoot.de">
        <text>komoot</text>
        <type>text/html</type>
      </link>
    </author>
  </metadata>
  <trk>
    <name>05 - el Chorro - Valle de Abdalajis</name>
    <trkseg>
      <trkpt lat="36.906359" lon="-4.759232">
        <ele>228.693716</ele>
        <time>2026-05-21T08:20:44.000Z</time>
      </trkpt>
      <trkpt lat="36.906359" lon="-4.759232">
        <ele>228.693716</ele>
        <time>2026-05-21T08:20:45.000Z</time>
      </trkpt>
      <trkpt lat="36.906359" lon="-4.759232">
        <ele>228.693716</ele>
        <time>2026-05-21T08:21:01.000Z</time>
      </trkpt>
      <trkpt lat="36.906359" lon="-4.759232">
        <ele>228.693716</ele>
        <time>2026-05-21T08:21:36.000Z</time>
      </trkpt>
      <trkpt lat="36.906359" lon="-4.759232">
        <ele>228.693716</ele>
        <time>2026-05-21T08:21:45.000Z</time>
      </trkpt>
      <trkpt lat="36.906359" lon="-4.759232">
        <ele>228.693716</ele>
        <time>2026-05-21T08:21:48.000Z</time>
      </trkpt>
      <trkpt lat="36.906359" lon="-4.759232">
        <ele>228.693716</ele>
        <time>2026-05-21T08:21:59.000Z</time>
      </trkpt>
      <trkpt lat="36.906348" lon="-4.759146">
        <ele>228.693716</ele>
        <time>2026-05-21T08:22:04.000Z</time>
      </trkpt>
      <trkpt lat="36.906383" lon="-4.759131">
        <ele>228.693716</ele>
        <time>2026-05-21T08:22:09.000Z</time>
      </trkpt>
      <trkpt lat="36.906403" lon="-4.759138">
        <ele>228.693716</ele>
        <time>2026-05-21T08:22:12.000Z</time>
      </trkpt>
      <trkpt lat="36.906436" lon="-4.759145">
        <ele>228.693716</ele>
        <time>2026-05-21T08:22:16.000Z</time>
      </trkpt>
      <trkpt lat="36.906488" lon="-4.759096">
        <ele>228.693716</ele>
        <time>2026-05-21T08:22:22.000Z</time>
      </trkpt>
      <trkpt lat="36.906506" lon="-4.759074">
        <ele>228.693716</ele>
        <time>2026-05-21T08:22:28.000Z</time>
      </trkpt>
      <trkpt lat="36.906506" lon="-4.759072">
        <ele>228.693716</ele>
        <time>2026-05-21T08:22:29.000Z</time>
      </trkpt>
      <trkpt lat="36.906439" lon="-4.759092">
        <ele>228.693716</ele>
        <time>2026-05-21T08:22:39.000Z</time>
      </trkpt>
      <trkpt lat="36.906361" lon="-4.759111">
        <ele>228.693716</ele>
        <time>2026-05-21T08:22:46.000Z</time>
      </trkpt>
      <trkpt lat="36.906277" lon="-4.759116">
        <ele>228.693716</ele>
        <time>2026-05-21T08:22:54.000Z</time>
      </trkpt>
      <trkpt lat="36.906211" lon="-4.759108">
        <ele>228.693716</ele>
        <time>2026-05-21T08:22:59.000Z</time>
      </trkpt>
      <trkpt lat="36.906155" lon="-4.759098">
        <ele>228.693716</ele>
        <time>2026-05-21T08:23:03.000Z</time>
      </trkpt>
      <trkpt lat="36.906098" lon="-4.759103">
        <ele>228.693716</ele>
        <time>2026-05-21T08:23:07.000Z</time>
      </trkpt>
      <trkpt lat="36.906061" lon="-4.759116">
        <ele>228.693716</ele>
        <time>2026-05-21T08:23:10.000Z</time>
      </trkpt>
      <trkpt lat="36.905972" lon="-4.759135">
        <ele>228.693716</ele>
        <time>2026-05-21T08:23:17.000Z</time>
      </trkpt>
      <trkpt lat="36.905949" lon="-4.759137">
        <ele>228.693716</ele>
        <time>2026-05-21T08:23:19.000Z</time>
      </trkpt>
      <trkpt lat="36.905875" lon="-4.759131">
        <ele>228.693716</ele>
        <time>2026-05-21T08:23:25.000Z</time>
      </trkpt>
      <trkpt lat="36.905861" lon="-4.759130">
        <ele>228.705218</ele>
        <time>2026-05-21T08:23:27.000Z</time>
      </trkpt>
      <trkpt lat="36.905779" lon="-4.759098">
        <ele>228.874148</ele>
        <time>2026-05-21T08:23:34.000Z</time>
      </trkpt>
      <trkpt lat="36.905768" lon="-4.759094">
        <ele>228.896676</ele>
        <time>2026-05-21T08:23:35.000Z</time>
      </trkpt>
      <trkpt lat="36.905679" lon="-4.759061">
        <ele>229.079235</ele>
        <time>2026-05-21T08:23:44.000Z</time>
      </trkpt>
      <trkpt lat="36.905598" lon="-4.759021">
        <ele>229.250498</ele>
        <time>2026-05-21T08:23:52.000Z</time>
      </trkpt>
      <trkpt lat="36.905481" lon="-4.758967">
        <ele>229.495760</ele>
        <time>2026-05-21T08:24:01.000Z</time>
      </trkpt>
      <trkpt lat="36.905361" lon="-4.758925">
        <ele>229.740820</ele>
        <time>2026-05-21T08:24:10.000Z</time>
      </trkpt>
      <trkpt lat="36.905324" lon="-4.758907">
        <ele>229.818896</ele>
        <time>2026-05-21T08:24:13.000Z</time>
      </trkpt>
      <trkpt lat="36.905301" lon="-4.758899">
        <ele>229.865844</ele>
        <time>2026-05-21T08:24:17.000Z</time>
      </trkpt>
      <trkpt lat="36.905187" lon="-4.758838">
        <ele>230.109696</ele>
        <time>2026-05-21T08:24:26.000Z</time>
      </trkpt>
      <trkpt lat="36.905083" lon="-4.758814">
        <ele>230.317676</ele>
        <time>2026-05-21T08:24:33.000Z</time>
      </trkpt>
      <trkpt lat="36.904999" lon="-4.758815">
        <ele>230.482877</ele>
        <time>2026-05-21T08:24:41.000Z</time>
      </trkpt>
      <trkpt lat="36.904986" lon="-4.758818">
        <ele>230.508875</ele>
        <time>2026-05-21T08:24:42.000Z</time>
      </trkpt>
      <trkpt lat="36.904933" lon="-4.758839">
        <ele>230.618211</ele>
        <time>2026-05-21T08:24:47.000Z</time>
      </trkpt>
      <trkpt lat="36.904874" lon="-4.758857">
        <ele>230.737643</ele>
        <time>2026-05-21T08:24:51.000Z</time>
      </trkpt>
      <trkpt lat="36.904806" lon="-4.758871">
        <ele>230.873172</ele>
        <time>2026-05-21T08:24:56.000Z</time>
      </trkpt>
      <trkpt lat="36.904736" lon="-4.758874">
        <ele>231.010914</ele>
        <time>2026-05-21T08:25:01.000Z</time>
      </trkpt>
      <trkpt lat="36.904700" lon="-4.758873">
        <ele>231.081729</ele>
        <time>2026-05-21T08:25:04.000Z</time>
      </trkpt>
      <trkpt lat="36.904583" lon="-4.758862">
        <ele>231.312471</ele>
        <time>2026-05-21T08:25:13.000Z</time>
      </trkpt>
      <trkpt lat="36.904505" lon="-4.758841">
        <ele>231.469380</ele>
        <time>2026-05-21T08:25:20.000Z</time>
      </trkpt>
      <trkpt lat="36.904419" lon="-4.758806">
        <ele>231.647238</ele>
        <time>2026-05-21T08:25:27.000Z</time>
      </trkpt>
      <trkpt lat="36.904390" lon="-4.758794">
        <ele>231.707310</ele>
        <time>2026-05-21T08:25:30.000Z</time>
      </trkpt>
      <trkpt lat="36.904316" lon="-4.758698">
        <ele>231.916999</ele>
        <time>2026-05-21T08:25:41.000Z</time>
      </trkpt>
      <trkpt lat="36.904269" lon="-4.758619">
        <ele>232.071844</ele>
        <time>2026-05-21T08:25:49.000Z</time>
      </trkpt>
      <trkpt lat="36.904247" lon="-4.758595">
        <ele>232.129258</ele>
        <time>2026-05-21T08:25:51.000Z</time>
      </trkpt>
      <trkpt lat="36.904197" lon="-4.758530">
        <ele>232.385675</ele>
        <time>2026-05-21T08:25:56.000Z</time>
      </trkpt>
      <trkpt lat="36.904153" lon="-4.758482">
        <ele>232.828045</ele>
        <time>2026-05-21T08:26:00.000Z</time>
      </trkpt>
      <trkpt lat="36.904141" lon="-4.758473">
        <ele>232.934058</ele>
        <time>2026-05-21T08:26:01.000Z</time>
      </trkpt>
      <trkpt lat="36.904111" lon="-4.758446">
        <ele>233.214088</ele>
        <time>2026-05-21T08:26:04.000Z</time>
      </trkpt>
      <trkpt lat="36.904062" lon="-4.758372">
        <ele>233.796159</ele>
        <time>2026-05-21T08:26:10.000Z</time>
      </trkpt>
      <trkpt lat="36.904009" lon="-4.758301">
        <ele>234.384598</ele>
        <time>2026-05-21T08:26:17.000Z</time>
      </trkpt>
      <trkpt lat="36.904000" lon="-4.758293">
        <ele>234.468254</ele>
        <time>2026-05-21T08:26:18.000Z</time>
      </trkpt>
      <trkpt lat="36.903916" lon="-4.758261">
        <ele>235.133538</ele>
        <time>2026-05-21T08:26:24.000Z</time>
      </trkpt>
      <trkpt lat="36.903880" lon="-4.758256">
        <ele>235.407962</ele>
        <time>2026-05-21T08:26:27.000Z</time>
      </trkpt>
      <trkpt lat="36.903834" lon="-4.758254">
        <ele>235.756683</ele>
        <time>2026-05-21T08:26:31.000Z</time>
      </trkpt>
      <trkpt lat="36.903814" lon="-4.758257">
        <ele>235.909295</ele>
        <time>2026-05-21T08:26:33.000Z</time>
      </trkpt>
      <trkpt lat="36.903753" lon="-4.758249">
        <ele>236.373984</ele>
        <time>2026-05-21T08:26:38.000Z</time>
      </trkpt>
      <trkpt lat="36.903736" lon="-4.758242">
        <ele>236.509584</ele>
        <time>2026-05-21T08:26:40.000Z</time>
      </trkpt>
      <trkpt lat="36.903708" lon="-4.758231">
        <ele>236.731942</ele>
        <time>2026-05-21T08:26:43.000Z</time>
      </trkpt>
      <trkpt lat="36.903620" lon="-4.758173">
        <ele>237.485587</ele>
        <time>2026-05-21T08:26:49.000Z</time>
      </trkpt>
      <trkpt lat="36.903586" lon="-4.758133">
        <ele>237.839255</ele>
        <time>2026-05-21T08:26:52.000Z</time>
      </trkpt>
      <trkpt lat="36.903564" lon="-4.758108">
        <ele>238.064470</ele>
        <time>2026-05-21T08:26:55.000Z</time>
      </trkpt>
      <trkpt lat="36.903530" lon="-4.758002">
        <ele>238.756394</ele>
        <time>2026-05-21T08:27:03.000Z</time>
      </trkpt>
      <trkpt lat="36.903556" lon="-4.757887">
        <ele>239.480419</ele>
        <time>2026-05-21T08:27:11.000Z</time>
      </trkpt>
      <trkpt lat="36.903572" lon="-4.757857">
        <ele>239.698887</ele>
        <time>2026-05-21T08:27:14.000Z</time>
      </trkpt>
      <trkpt lat="36.903607" lon="-4.757797">
        <ele>240.148831</ele>
        <time>2026-05-21T08:27:19.000Z</time>
      </trkpt>
      <trkpt lat="36.903645" lon="-4.757730">
        <ele>240.646475</ele>
        <time>2026-05-21T08:27:24.000Z</time>
      </trkpt>
      <trkpt lat="36.903664" lon="-4.757698">
        <ele>240.887942</ele>
        <time>2026-05-21T08:27:27.000Z</time>
      </trkpt>
      <trkpt lat="36.903730" lon="-4.757595">
        <ele>241.687583</ele>
        <time>2026-05-21T08:27:38.000Z</time>
      </trkpt>
      <trkpt lat="36.903724" lon="-4.757588">
        <ele>241.749752</ele>
        <time>2026-05-21T08:27:46.000Z</time>
      </trkpt>
      <trkpt lat="36.903741" lon="-4.757539">
        <ele>242.073348</ele>
        <time>2026-05-21T08:27:49.000Z</time>
      </trkpt>
      <trkpt lat="36.903755" lon="-4.757476">
        <ele>242.469489</ele>
        <time>2026-05-21T08:27:53.000Z</time>
      </trkpt>
      <trkpt lat="36.903729" lon="-4.757345">
        <ele>243.287214</ele>
        <time>2026-05-21T08:28:01.000Z</time>
      </trkpt>
      <trkpt lat="36.903698" lon="-4.757303">
        <ele>243.633491</ele>
        <time>2026-05-21T08:28:06.000Z</time>
      </trkpt>
      <trkpt lat="36.903692" lon="-4.757301">
        <ele>243.680536</ele>
        <time>2026-05-21T08:28:07.000Z</time>
      </trkpt>
      <trkpt lat="36.903637" lon="-4.757269">
        <ele>244.140124</ele>
        <time>2026-05-21T08:28:11.000Z</time>
      </trkpt>
      <trkpt lat="36.903605" lon="-4.757254">
        <ele>244.399037</ele>
        <time>2026-05-21T08:28:13.000Z</time>
      </trkpt>
      <trkpt lat="36.903562" lon="-4.757238">
        <ele>244.738934</ele>
        <time>2026-05-21T08:28:16.000Z</time>
      </trkpt>
      <trkpt lat="36.903531" lon="-4.757223">
        <ele>244.990768</ele>
        <time>2026-05-21T08:28:20.000Z</time>
      </trkpt>
      <trkpt lat="36.903501" lon="-4.757201">
        <ele>245.254254</ele>
        <time>2026-05-21T08:28:23.000Z</time>
      </trkpt>
      <trkpt lat="36.903459" lon="-4.757157">
        <ele>245.669361</ele>
        <time>2026-05-21T08:28:26.000Z</time>
      </trkpt>
      <trkpt lat="36.903444" lon="-4.757113">
        <ele>246.051809</ele>
        <time>2026-05-21T08:28:29.000Z</time>
      </trkpt>
      <trkpt lat="36.903437" lon="-4.757069">
        <ele>246.572611</ele>
        <time>2026-05-21T08:28:32.000Z</time>
      </trkpt>
      <trkpt lat="36.903438" lon="-4.757042">
        <ele>246.886387</ele>
        <time>2026-05-21T08:28:34.000Z</time>
      </trkpt>
      <trkpt lat="36.903462" lon="-4.756927">
        <ele>248.266127</ele>
        <time>2026-05-21T08:28:41.000Z</time>
      </trkpt>
      <trkpt lat="36.903465" lon="-4.756912">
        <ele>248.445624</ele>
        <time>2026-05-21T08:28:42.000Z</time>
      </trkpt>
      <trkpt lat="36.903487" lon="-4.756847">
        <ele>249.265010</ele>
        <time>2026-05-21T08:28:47.000Z</time>
      </trkpt>
      <trkpt lat="36.903497" lon="-4.756817">
        <ele>249.642323</ele>
        <time>2026-05-21T08:28:49.000Z</time>
      </trkpt>
      <trkpt lat="36.903506" lon="-4.756787">
        <ele>250.014292</ele>
        <time>2026-05-21T08:28:51.000Z</time>
      </trkpt>
      <trkpt lat="36.903553" lon="-4.756732">
        <ele>250.948761</ele>
        <time>2026-05-21T08:28:58.000Z</time>
      </trkpt>
      <trkpt lat="36.903581" lon="-4.756701">
        <ele>251.491664</ele>
        <time>2026-05-21T08:29:01.000Z</time>
      </trkpt>
      <trkpt lat="36.903608" lon="-4.756660">
        <ele>252.108254</ele>
        <time>2026-05-21T08:29:05.000Z</time>
      </trkpt>
      <trkpt lat="36.903628" lon="-4.756626">
        <ele>252.598246</ele>
        <time>2026-05-21T08:29:08.000Z</time>
      </trkpt>
      <trkpt lat="36.903692" lon="-4.756571">
        <ele>253.725601</ele>
        <time>2026-05-21T08:29:14.000Z</time>
      </trkpt>
      <trkpt lat="36.903707" lon="-4.756565">
        <ele>253.954232</ele>
        <time>2026-05-21T08:29:15.000Z</time>
      </trkpt>
      <trkpt lat="36.903775" lon="-4.756547">
        <ele>254.963294</ele>
        <time>2026-05-21T08:29:21.000Z</time>
      </trkpt>
      <trkpt lat="36.903823" lon="-4.756543">
        <ele>255.661679</ele>
        <time>2026-05-21T08:29:26.000Z</time>
      </trkpt>
      <trkpt lat="36.903833" lon="-4.756542">
        <ele>255.807318</ele>
        <time>2026-05-21T08:29:27.000Z</time>
      </trkpt>
      <trkpt lat="36.903877" lon="-4.756542">
        <ele>256.446087</ele>
        <time>2026-05-21T08:29:32.000Z</time>
      </trkpt>
      <trkpt lat="36.903901" lon="-4.756545">
        <ele>256.796243</ele>
        <time>2026-05-21T08:29:34.000Z</time>
      </trkpt>
      <trkpt lat="36.903923" lon="-4.756552">
        <ele>257.125804</ele>
        <time>2026-05-21T08:29:37.000Z</time>
      </trkpt>
      <trkpt lat="36.903955" lon="-4.756558">
        <ele>257.595556</ele>
        <time>2026-05-21T08:29:41.000Z</time>
      </trkpt>
      <trkpt lat="36.903974" lon="-4.756569">
        <ele>257.899514</ele>
        <time>2026-05-21T08:29:43.000Z</time>
      </trkpt>
      <trkpt lat="36.904019" lon="-4.756594">
        <ele>258.614364</ele>
        <time>2026-05-21T08:29:47.000Z</time>
      </trkpt>
      <trkpt lat="36.904033" lon="-4.756602">
        <ele>258.837822</ele>
        <time>2026-05-21T08:29:48.000Z</time>
      </trkpt>
      <trkpt lat="36.904052" lon="-4.756609">
        <ele>259.125376</ele>
        <time>2026-05-21T08:29:50.000Z</time>
      </trkpt>
      <trkpt lat="36.904097" lon="-4.756644">
        <ele>259.894707</ele>
        <time>2026-05-21T08:29:55.000Z</time>
      </trkpt>
      <trkpt lat="36.904104" lon="-4.756647">
        <ele>260.002131</ele>
        <time>2026-05-21T08:29:56.000Z</time>
      </trkpt>
      <trkpt lat="36.904165" lon="-4.756628">
        <ele>260.914753</ele>
        <time>2026-05-21T08:30:03.000Z</time>
      </trkpt>
      <trkpt lat="36.904210" lon="-4.756576">
        <ele>261.804239</ele>
        <time>2026-05-21T08:30:10.000Z</time>
      </trkpt>
      <trkpt lat="36.904214" lon="-4.756571">
        <ele>261.886344</ele>
        <time>2026-05-21T08:30:11.000Z</time>
      </trkpt>
      <trkpt lat="36.904245" lon="-4.756532">
        <ele>262.524712</ele>
        <time>2026-05-21T08:30:16.000Z</time>
      </trkpt>
      <trkpt lat="36.904278" lon="-4.756479">
        <ele>263.304497</ele>
        <time>2026-05-21T08:30:21.000Z</time>
      </trkpt>
      <trkpt lat="36.904289" lon="-4.756398">
        <ele>264.258271</ele>
        <time>2026-05-21T08:30:27.000Z</time>
      </trkpt>
      <trkpt lat="36.904292" lon="-4.756380">
        <ele>264.471719</ele>
        <time>2026-05-21T08:30:29.000Z</time>
      </trkpt>
      <trkpt lat="36.904314" lon="-4.756306">
        <ele>265.388218</ele>
        <time>2026-05-21T08:30:34.000Z</time>
      </trkpt>
      <trkpt lat="36.904327" lon="-4.756266">
        <ele>265.889456</ele>
        <time>2026-05-21T08:30:36.000Z</time>
      </trkpt>
      <trkpt lat="36.904335" lon="-4.756248">
        <ele>266.128520</ele>
        <time>2026-05-21T08:30:38.000Z</time>
      </trkpt>
      <trkpt lat="36.904336" lon="-4.756236">
        <ele>266.268580</ele>
        <time>2026-05-21T08:30:39.000Z</time>
      </trkpt>
      <trkpt lat="36.904333" lon="-4.756195">
        <ele>266.746527</ele>
        <time>2026-05-21T08:30:42.000Z</time>
      </trkpt>
      <trkpt lat="36.904328" lon="-4.756144">
        <ele>267.343007</ele>
        <time>2026-05-21T08:30:47.000Z</time>
      </trkpt>
      <trkpt lat="36.904324" lon="-4.756111">
        <ele>267.730472</ele>
        <time>2026-05-21T08:30:50.000Z</time>
      </trkpt>
      <trkpt lat="36.904324" lon="-4.756071">
        <ele>268.194823</ele>
        <time>2026-05-21T08:30:58.000Z</time>
      </trkpt>
      <trkpt lat="36.904369" lon="-4.755998">
        <ele>269.264840</ele>
        <time>2026-05-21T08:31:05.000Z</time>
      </trkpt>
      <trkpt lat="36.904379" lon="-4.755986">
        <ele>269.466041</ele>
        <time>2026-05-21T08:31:06.000Z</time>
      </trkpt>
      <trkpt lat="36.904400" lon="-4.755969">
        <ele>269.829208</ele>
        <time>2026-05-21T08:31:08.000Z</time>
      </trkpt>
      <trkpt lat="36.904470" lon="-4.755950">
        <ele>270.869093</ele>
        <time>2026-05-21T08:31:15.000Z</time>
      </trkpt>
      <trkpt lat="36.904519" lon="-4.755958">
        <ele>271.586487</ele>
        <time>2026-05-21T08:31:19.000Z</time>
      </trkpt>
      <trkpt lat="36.904561" lon="-4.755974">
        <ele>272.231382</ele>
        <time>2026-05-21T08:31:23.000Z</time>
      </trkpt>
      <trkpt lat="36.904573" lon="-4.755978">
        <ele>272.416994</ele>
        <time>2026-05-21T08:31:24.000Z</time>
      </trkpt>
      <trkpt lat="36.904581" lon="-4.755980">
        <ele>272.538927</ele>
        <time>2026-05-21T08:31:25.000Z</time>
      </trkpt>
      <trkpt lat="36.904597" lon="-4.755985">
        <ele>272.785413</ele>
        <time>2026-05-21T08:31:28.000Z</time>
      </trkpt>
      <trkpt lat="36.904602" lon="-4.755989">
        <ele>272.874125</ele>
        <time>2026-05-21T08:31:30.000Z</time>
      </trkpt>
      <trkpt lat="36.904623" lon="-4.756006">
        <ele>273.248008</ele>
        <time>2026-05-21T08:31:36.000Z</time>
      </trkpt>
      <trkpt lat="36.904629" lon="-4.756013">
        <ele>273.370647</ele>
        <time>2026-05-21T08:31:37.000Z</time>
      </trkpt>
      <trkpt lat="36.904635" lon="-4.756019">
        <ele>273.485467</ele>
        <time>2026-05-21T08:31:38.000Z</time>
      </trkpt>
      <trkpt lat="36.904638" lon="-4.756030">
        <ele>273.624367</ele>
        <time>2026-05-21T08:31:39.000Z</time>
      </trkpt>
      <trkpt lat="36.904649" lon="-4.756041">
        <ele>273.834870</ele>
        <time>2026-05-21T08:31:40.000Z</time>
      </trkpt>
      <trkpt lat="36.904669" lon="-4.756081">
        <ele>274.398680</ele>
        <time>2026-05-21T08:31:46.000Z</time>
      </trkpt>
      <trkpt lat="36.904670" lon="-4.756088">
        <ele>274.483664</ele>
        <time>2026-05-21T08:31:47.000Z</time>
      </trkpt>
      <trkpt lat="36.904694" lon="-4.756125">
        <ele>275.053052</ele>
        <time>2026-05-21T08:31:51.000Z</time>
      </trkpt>
      <trkpt lat="36.904698" lon="-4.756135">
        <ele>275.186683</ele>
        <time>2026-05-21T08:31:52.000Z</time>
      </trkpt>
      <trkpt lat="36.904701" lon="-4.756145">
        <ele>275.314329</ele>
        <time>2026-05-21T08:31:53.000Z</time>
      </trkpt>
      <trkpt lat="36.904712" lon="-4.756177">
        <ele>275.730609</ele>
        <time>2026-05-21T08:31:56.000Z</time>
      </trkpt>
      <trkpt lat="36.904719" lon="-4.756212">
        <ele>276.161787</ele>
        <time>2026-05-21T08:31:59.000Z</time>
      </trkpt>
      <trkpt lat="36.904723" lon="-4.756236">
        <ele>276.454781</ele>
        <time>2026-05-21T08:32:01.000Z</time>
      </trkpt>
      <trkpt lat="36.904719" lon="-4.756278">
        <ele>276.960280</ele>
        <time>2026-05-21T08:32:05.000Z</time>
      </trkpt>
      <trkpt lat="36.904718" lon="-4.756290">
        <ele>277.104471</ele>
        <time>2026-05-21T08:32:06.000Z</time>
      </trkpt>
      <trkpt lat="36.904717" lon="-4.756298">
        <ele>277.201242</ele>
        <time>2026-05-21T08:32:07.000Z</time>
      </trkpt>
      <trkpt lat="36.904708" lon="-4.756346">
        <ele>277.790461</ele>
        <time>2026-05-21T08:32:11.000Z</time>
      </trkpt>
      <trkpt lat="36.904709" lon="-4.756411">
        <ele>278.567434</ele>
        <time>2026-05-21T08:32:15.000Z</time>
      </trkpt>
      <trkpt lat="36.904706" lon="-4.756441">
        <ele>278.928764</ele>
        <time>2026-05-21T08:32:17.000Z</time>
      </trkpt>
      <trkpt lat="36.904704" lon="-4.756482">
        <ele>279.419675</ele>
        <time>2026-05-21T08:32:21.000Z</time>
      </trkpt>
      <trkpt lat="36.904706" lon="-4.756493">
        <ele>279.554494</ele>
        <time>2026-05-21T08:32:22.000Z</time>
      </trkpt>
      <trkpt lat="36.904720" lon="-4.756536">
        <ele>280.109362</ele>
        <time>2026-05-21T08:32:26.000Z</time>
      </trkpt>
      <trkpt lat="36.904732" lon="-4.756573">
        <ele>280.586545</ele>
        <time>2026-05-21T08:32:29.000Z</time>
      </trkpt>
      <trkpt lat="36.904736" lon="-4.756602">
        <ele>280.938249</ele>
        <time>2026-05-21T08:32:31.000Z</time>
      </trkpt>
      <trkpt lat="36.904748" lon="-4.756656">
        <ele>281.608073</ele>
        <time>2026-05-21T08:32:36.000Z</time>
      </trkpt>
      <trkpt lat="36.904753" lon="-4.756671">
        <ele>281.802293</ele>
        <time>2026-05-21T08:32:37.000Z</time>
      </trkpt>
      <trkpt lat="36.904762" lon="-4.756713">
        <ele>282.321955</ele>
        <time>2026-05-21T08:32:40.000Z</time>
      </trkpt>
      <trkpt lat="36.904775" lon="-4.756768">
        <ele>283.007387</ele>
        <time>2026-05-21T08:32:44.000Z</time>
      </trkpt>
      <trkpt lat="36.904797" lon="-4.756786">
        <ele>283.400315</ele>
        <time>2026-05-21T08:32:51.000Z</time>
      </trkpt>
      <trkpt lat="36.904804" lon="-4.756777">
        <ele>283.550365</ele>
        <time>2026-05-21T08:32:56.000Z</time>
      </trkpt>
      <trkpt lat="36.904792" lon="-4.756774">
        <ele>283.733264</ele>
        <time>2026-05-21T08:33:02.000Z</time>
      </trkpt>
      <trkpt lat="36.904801" lon="-4.756794">
        <ele>284.007538</ele>
        <time>2026-05-21T08:33:08.000Z</time>
      </trkpt>
      <trkpt lat="36.904801" lon="-4.756787">
        <ele>284.091197</ele>
        <time>2026-05-21T08:33:14.000Z</time>
      </trkpt>
      <trkpt lat="36.904805" lon="-4.756789">
        <ele>284.155581</ele>
        <time>2026-05-21T08:33:15.000Z</time>
      </trkpt>
      <trkpt lat="36.904811" lon="-4.756794">
        <ele>284.263342</ele>
        <time>2026-05-21T08:33:19.000Z</time>
      </trkpt>
      <trkpt lat="36.904806" lon="-4.756790">
        <ele>284.352054</ele>
        <time>2026-05-21T08:33:21.000Z</time>
      </trkpt>
      <trkpt lat="36.904806" lon="-4.756790">
        <ele>284.352054</ele>
        <time>2026-05-21T08:33:22.000Z</time>
      </trkpt>
      <trkpt lat="36.904808" lon="-4.756790">
        <ele>284.381945</ele>
        <time>2026-05-21T08:33:23.000Z</time>
      </trkpt>
      <trkpt lat="36.904806" lon="-4.756787">
        <ele>284.428625</ele>
        <time>2026-05-21T08:33:26.000Z</time>
      </trkpt>
      <trkpt lat="36.904802" lon="-4.756783">
        <ele>284.505172</ele>
        <time>2026-05-21T08:33:29.000Z</time>
      </trkpt>
      <trkpt lat="36.904807" lon="-4.756782">
        <ele>284.580851</ele>
        <time>2026-05-21T08:33:30.000Z</time>
      </trkpt>
      <trkpt lat="36.904819" lon="-4.756782">
        <ele>284.760201</ele>
        <time>2026-05-21T08:33:34.000Z</time>
      </trkpt>
      <trkpt lat="36.904814" lon="-4.756791">
        <ele>284.891173</ele>
        <time>2026-05-21T08:33:38.000Z</time>
      </trkpt>
      <trkpt lat="36.904777" lon="-4.756804">
        <ele>285.465581</ele>
        <time>2026-05-21T08:33:44.000Z</time>
      </trkpt>
      <trkpt lat="36.904782" lon="-4.756785">
        <ele>285.704634</ele>
        <time>2026-05-21T08:33:51.000Z</time>
      </trkpt>
      <trkpt lat="36.904789" lon="-4.756792">
        <ele>285.838591</ele>
        <time>2026-05-21T08:33:52.000Z</time>
      </trkpt>
      <trkpt lat="36.904796" lon="-4.756802">
        <ele>285.997426</ele>
        <time>2026-05-21T08:33:53.000Z</time>
      </trkpt>
      <trkpt lat="36.904809" lon="-4.756816">
        <ele>286.253836</ele>
        <time>2026-05-21T08:33:54.000Z</time>
      </trkpt>
      <trkpt lat="36.904837" lon="-4.756864">
        <ele>286.963915</ele>
        <time>2026-05-21T08:33:58.000Z</time>
      </trkpt>
      <trkpt lat="36.904849" lon="-4.756897">
        <ele>287.397170</ele>
        <time>2026-05-21T08:34:03.000Z</time>
      </trkpt>
      <trkpt lat="36.904855" lon="-4.756905">
        <ele>287.528253</ele>
        <time>2026-05-21T08:34:05.000Z</time>
      </trkpt>
      <trkpt lat="36.904877" lon="-4.756917">
        <ele>287.886977</ele>
        <time>2026-05-21T08:34:09.000Z</time>
      </trkpt>
      <trkpt lat="36.904912" lon="-4.756931">
        <ele>288.436189</ele>
        <time>2026-05-21T08:34:13.000Z</time>
      </trkpt>
      <trkpt lat="36.904957" lon="-4.756974">
        <ele>289.282614</ele>
        <time>2026-05-21T08:34:21.000Z</time>
      </trkpt>
      <trkpt lat="36.904959" lon="-4.756975">
        <ele>289.314807</ele>
        <time>2026-05-21T08:34:23.000Z</time>
      </trkpt>
      <trkpt lat="36.904960" lon="-4.756977">
        <ele>289.342997</ele>
        <time>2026-05-21T08:34:24.000Z</time>
      </trkpt>
      <trkpt lat="36.904960" lon="-4.756976">
        <ele>289.354948</ele>
        <time>2026-05-21T08:34:26.000Z</time>
      </trkpt>
      <trkpt lat="36.904958" lon="-4.757007">
        <ele>289.726639</ele>
        <time>2026-05-21T08:34:37.000Z</time>
      </trkpt>
      <trkpt lat="36.904952" lon="-4.756984">
        <ele>290.015774</ele>
        <time>2026-05-21T08:34:47.000Z</time>
      </trkpt>
      <trkpt lat="36.904956" lon="-4.756994">
        <ele>290.149405</ele>
        <time>2026-05-21T08:34:52.000Z</time>
      </trkpt>
      <trkpt lat="36.904976" lon="-4.756997">
        <ele>290.450465</ele>
        <time>2026-05-21T08:34:55.000Z</time>
      </trkpt>
      <trkpt lat="36.904993" lon="-4.757008">
        <ele>290.736540</ele>
        <time>2026-05-21T08:35:00.000Z</time>
      </trkpt>
      <trkpt lat="36.905025" lon="-4.757046">
        <ele>291.396075</ele>
        <time>2026-05-21T08:35:04.000Z</time>
      </trkpt>
      <trkpt lat="36.905062" lon="-4.757087">
        <ele>292.134928</ele>
        <time>2026-05-21T08:35:09.000Z</time>
      </trkpt>
      <trkpt lat="36.905075" lon="-4.757100">
        <ele>292.383704</ele>
        <time>2026-05-21T08:35:11.000Z</time>
      </trkpt>
      <trkpt lat="36.905105" lon="-4.757123">
        <ele>292.909629</ele>
        <time>2026-05-21T08:35:14.000Z</time>
      </trkpt>
      <trkpt lat="36.905141" lon="-4.757163">
        <ele>293.629370</ele>
        <time>2026-05-21T08:35:18.000Z</time>
      </trkpt>
      <trkpt lat="36.905150" lon="-4.757174">
        <ele>293.817456</ele>
        <time>2026-05-21T08:35:19.000Z</time>
      </trkpt>
      <trkpt lat="36.905197" lon="-4.757206">
        <ele>294.617269</ele>
        <time>2026-05-21T08:35:24.000Z</time>
      </trkpt>
      <trkpt lat="36.905221" lon="-4.757219">
        <ele>295.008171</ele>
        <time>2026-05-21T08:35:26.000Z</time>
      </trkpt>
      <trkpt lat="36.905246" lon="-4.757227">
        <ele>295.393855</ele>
        <time>2026-05-21T08:35:28.000Z</time>
      </trkpt>
      <trkpt lat="36.905286" lon="-4.757245">
        <ele>296.029216</ele>
        <time>2026-05-21T08:35:31.000Z</time>
      </trkpt>
      <trkpt lat="36.905303" lon="-4.757254">
        <ele>296.305124</ele>
        <time>2026-05-21T08:35:33.000Z</time>
      </trkpt>
      <trkpt lat="36.905339" lon="-4.757265">
        <ele>296.859002</ele>
        <time>2026-05-21T08:35:37.000Z</time>
      </trkpt>
      <trkpt lat="36.905357" lon="-4.757271">
        <ele>297.137420</ele>
        <time>2026-05-21T08:35:39.000Z</time>
      </trkpt>
      <trkpt lat="36.905389" lon="-4.757270">
        <ele>297.615837</ele>
        <time>2026-05-21T08:35:43.000Z</time>
      </trkpt>
      <trkpt lat="36.905410" lon="-4.757272">
        <ele>297.930608</ele>
        <time>2026-05-21T08:35:45.000Z</time>
      </trkpt>
      <trkpt lat="36.905484" lon="-4.757273">
        <ele>298.979038</ele>
        <time>2026-05-21T08:35:51.000Z</time>
      </trkpt>
      <trkpt lat="36.905494" lon="-4.757269">
        <ele>299.086977</ele>
        <time>2026-05-21T08:35:52.000Z</time>
      </trkpt>
      <trkpt lat="36.905550" lon="-4.757262">
        <ele>299.665568</ele>
        <time>2026-05-21T08:35:57.000Z</time>
      </trkpt>
      <trkpt lat="36.905578" lon="-4.757257">
        <ele>299.956349</ele>
        <time>2026-05-21T08:36:00.000Z</time>
      </trkpt>
      <trkpt lat="36.905584" lon="-4.757257">
        <ele>300.018033</ele>
        <time>2026-05-21T08:36:01.000Z</time>
      </trkpt>
      <trkpt lat="36.905602" lon="-4.757257">
        <ele>300.203087</ele>
        <time>2026-05-21T08:36:04.000Z</time>
      </trkpt>
      <trkpt lat="36.905611" lon="-4.757256">
        <ele>300.295978</ele>
        <time>2026-05-21T08:36:07.000Z</time>
      </trkpt>
      <trkpt lat="36.905612" lon="-4.757254">
        <ele>300.315369</ele>
        <time>2026-05-21T08:36:08.000Z</time>
      </trkpt>
      <trkpt lat="36.905611" lon="-4.757246">
        <ele>300.381934</ele>
        <time>2026-05-21T08:36:10.000Z</time>
      </trkpt>
      <trkpt lat="36.905607" lon="-4.757236">
        <ele>300.473854</ele>
        <time>2026-05-21T08:36:12.000Z</time>
      </trkpt>
      <trkpt lat="36.905607" lon="-4.757232">
        <ele>300.506737</ele>
        <time>2026-05-21T08:36:13.000Z</time>
      </trkpt>
      <trkpt lat="36.905610" lon="-4.757221">
        <ele>300.602280</ele>
        <time>2026-05-21T08:36:16.000Z</time>
      </trkpt>
      <trkpt lat="36.905618" lon="-4.757226">
        <ele>300.694225</ele>
        <time>2026-05-21T08:36:19.000Z</time>
      </trkpt>
      <trkpt lat="36.905645" lon="-4.757233">
        <ele>300.977708</ele>
        <time>2026-05-21T08:36:23.000Z</time>
      </trkpt>
      <trkpt lat="36.905681" lon="-4.757248">
        <ele>301.367817</ele>
        <time>2026-05-21T08:36:27.000Z</time>
      </trkpt>
      <trkpt lat="36.905751" lon="-4.757298">
        <ele>302.196582</ele>
        <time>2026-05-21T08:36:34.000Z</time>
      </trkpt>
      <trkpt lat="36.905776" lon="-4.757314">
        <ele>302.485302</ele>
        <time>2026-05-21T08:36:37.000Z</time>
      </trkpt>
      <trkpt lat="36.905798" lon="-4.757315">
        <ele>302.711628</ele>
        <time>2026-05-21T08:36:40.000Z</time>
      </trkpt>
      <trkpt lat="36.905806" lon="-4.757314">
        <ele>302.794284</ele>
        <time>2026-05-21T08:36:41.000Z</time>
      </trkpt>
      <trkpt lat="36.905856" lon="-4.757313">
        <ele>303.308388</ele>
        <time>2026-05-21T08:36:49.000Z</time>
      </trkpt>
      <trkpt lat="36.905878" lon="-4.757318">
        <ele>303.538269</ele>
        <time>2026-05-21T08:36:51.000Z</time>
      </trkpt>
      <trkpt lat="36.905902" lon="-4.757323">
        <ele>303.788407</ele>
        <time>2026-05-21T08:36:54.000Z</time>
      </trkpt>
      <trkpt lat="36.905913" lon="-4.757325">
        <ele>303.902685</ele>
        <time>2026-05-21T08:36:55.000Z</time>
      </trkpt>
      <trkpt lat="36.905961" lon="-4.757329">
        <ele>304.397255</ele>
        <time>2026-05-21T08:36:59.000Z</time>
      </trkpt>
      <trkpt lat="36.906005" lon="-4.757327">
        <ele>304.849907</ele>
        <time>2026-05-21T08:37:04.000Z</time>
      </trkpt>
      <trkpt lat="36.906034" lon="-4.757326">
        <ele>305.148162</ele>
        <time>2026-05-21T08:37:07.000Z</time>
      </trkpt>
      <trkpt lat="36.906054" lon="-4.757319">
        <ele>305.361678</ele>
        <time>2026-05-21T08:37:09.000Z</time>
      </trkpt>
      <trkpt lat="36.906100" lon="-4.757304">
        <ele>305.850405</ele>
        <time>2026-05-21T08:37:12.000Z</time>
      </trkpt>
      <trkpt lat="36.906125" lon="-4.757292">
        <ele>306.125705</ele>
        <time>2026-05-21T08:37:15.000Z</time>
      </trkpt>
      <trkpt lat="36.906168" lon="-4.757279">
        <ele>306.580512</ele>
        <time>2026-05-21T08:37:19.000Z</time>
      </trkpt>
      <trkpt lat="36.906212" lon="-4.757293">
        <ele>307.047276</ele>
        <time>2026-05-21T08:37:23.000Z</time>
      </trkpt>
      <trkpt lat="36.906237" lon="-4.757291">
        <ele>307.304821</ele>
        <time>2026-05-21T08:37:26.000Z</time>
      </trkpt>
      <trkpt lat="36.906254" lon="-4.757280">
        <ele>307.501602</ele>
        <time>2026-05-21T08:37:28.000Z</time>
      </trkpt>
      <trkpt lat="36.906300" lon="-4.757265">
        <ele>307.990328</ele>
        <time>2026-05-21T08:37:33.000Z</time>
      </trkpt>
      <trkpt lat="36.906330" lon="-4.757248">
        <ele>308.328936</ele>
        <time>2026-05-21T08:37:36.000Z</time>
      </trkpt>
      <trkpt lat="36.906363" lon="-4.757222">
        <ele>308.729915</ele>
        <time>2026-05-21T08:37:40.000Z</time>
      </trkpt>
      <trkpt lat="36.906399" lon="-4.757190">
        <ele>309.183987</ele>
        <time>2026-05-21T08:37:44.000Z</time>
      </trkpt>
      <trkpt lat="36.906430" lon="-4.757166">
        <ele>309.558817</ele>
        <time>2026-05-21T08:37:48.000Z</time>
      </trkpt>
      <trkpt lat="36.906448" lon="-4.757154">
        <ele>309.768522</ele>
        <time>2026-05-21T08:37:51.000Z</time>
      </trkpt>
      <trkpt lat="36.906461" lon="-4.757150">
        <ele>309.906157</ele>
        <time>2026-05-21T08:37:53.000Z</time>
      </trkpt>
      <trkpt lat="36.906517" lon="-4.757128">
        <ele>310.509618</ele>
        <time>2026-05-21T08:37:59.000Z</time>
      </trkpt>
      <trkpt lat="36.906579" lon="-4.757079">
        <ele>311.263637</ele>
        <time>2026-05-21T08:38:05.000Z</time>
      </trkpt>
      <trkpt lat="36.906605" lon="-4.757063">
        <ele>311.561546</ele>
        <time>2026-05-21T08:38:07.000Z</time>
      </trkpt>
      <trkpt lat="36.906659" lon="-4.757036">
        <ele>312.159433</ele>
        <time>2026-05-21T08:38:12.000Z</time>
      </trkpt>
      <trkpt lat="36.906671" lon="-4.757024">
        <ele>312.317392</ele>
        <time>2026-05-21T08:38:13.000Z</time>
      </trkpt>
      <trkpt lat="36.906715" lon="-4.756979">
        <ele>312.901747</ele>
        <time>2026-05-21T08:38:17.000Z</time>
      </trkpt>
      <trkpt lat="36.906745" lon="-4.756959">
        <ele>313.251256</ele>
        <time>2026-05-21T08:38:20.000Z</time>
      </trkpt>
      <trkpt lat="36.906838" lon="-4.756903">
        <ele>314.312422</ele>
        <time>2026-05-21T08:38:28.000Z</time>
      </trkpt>
      <trkpt lat="36.906896" lon="-4.756866">
        <ele>314.981802</ele>
        <time>2026-05-21T08:38:35.000Z</time>
      </trkpt>
      <trkpt lat="36.906930" lon="-4.756827">
        <ele>315.456111</ele>
        <time>2026-05-21T08:38:40.000Z</time>
      </trkpt>
      <trkpt lat="36.906951" lon="-4.756814">
        <ele>315.697009</ele>
        <time>2026-05-21T08:38:42.000Z</time>
      </trkpt>
      <trkpt lat="36.907039" lon="-4.756769">
        <ele>316.674424</ele>
        <time>2026-05-21T08:38:49.000Z</time>
      </trkpt>
      <trkpt lat="36.907049" lon="-4.756760">
        <ele>316.801086</ele>
        <time>2026-05-21T08:38:50.000Z</time>
      </trkpt>
      <trkpt lat="36.907107" lon="-4.756717">
        <ele>317.473380</ele>
        <time>2026-05-21T08:38:57.000Z</time>
      </trkpt>
      <trkpt lat="36.907145" lon="-4.756689">
        <ele>317.864002</ele>
        <time>2026-05-21T08:39:01.000Z</time>
      </trkpt>
      <trkpt lat="36.907190" lon="-4.756664">
        <ele>318.300104</ele>
        <time>2026-05-21T08:39:04.000Z</time>
      </trkpt>
      <trkpt lat="36.907260" lon="-4.756614">
        <ele>319.014061</ele>
        <time>2026-05-21T08:39:11.000Z</time>
      </trkpt>
      <trkpt lat="36.907332" lon="-4.756572">
        <ele>319.717693</ele>
        <time>2026-05-21T08:39:16.000Z</time>
      </trkpt>
      <trkpt lat="36.907406" lon="-4.756555">
        <ele>320.384048</ele>
        <time>2026-05-21T08:39:23.000Z</time>
      </trkpt>
      <trkpt lat="36.907419" lon="-4.756550">
        <ele>320.504506</ele>
        <time>2026-05-21T08:39:25.000Z</time>
      </trkpt>
      <trkpt lat="36.907452" lon="-4.756541">
        <ele>320.803643</ele>
        <time>2026-05-21T08:39:29.000Z</time>
      </trkpt>
      <trkpt lat="36.907563" lon="-4.756526">
        <ele>321.792448</ele>
        <time>2026-05-21T08:39:37.000Z</time>
      </trkpt>
      <trkpt lat="36.907645" lon="-4.756500">
        <ele>322.541668</ele>
        <time>2026-05-21T08:39:44.000Z</time>
      </trkpt>
      <trkpt lat="36.907686" lon="-4.756483">
        <ele>322.924225</ele>
        <time>2026-05-21T08:39:47.000Z</time>
      </trkpt>
      <trkpt lat="36.907726" lon="-4.756467">
        <ele>323.296169</ele>
        <time>2026-05-21T08:39:51.000Z</time>
      </trkpt>
      <trkpt lat="36.907800" lon="-4.756426">
        <ele>324.012995</ele>
        <time>2026-05-21T08:39:57.000Z</time>
      </trkpt>
      <trkpt lat="36.907814" lon="-4.756418">
        <ele>324.149317</ele>
        <time>2026-05-21T08:39:58.000Z</time>
      </trkpt>
      <trkpt lat="36.907865" lon="-4.756379">
        <ele>324.678752</ele>
        <time>2026-05-21T08:40:03.000Z</time>
      </trkpt>
      <trkpt lat="36.907876" lon="-4.756366">
        <ele>324.812792</ele>
        <time>2026-05-21T08:40:04.000Z</time>
      </trkpt>
      <trkpt lat="36.907935" lon="-4.756354">
        <ele>325.342197</ele>
        <time>2026-05-21T08:40:10.000Z</time>
      </trkpt>
      <trkpt lat="36.907944" lon="-4.756363">
        <ele>325.444255</ele>
        <time>2026-05-21T08:40:11.000Z</time>
      </trkpt>
      <trkpt lat="36.907973" lon="-4.756416">
        <ele>325.899055</ele>
        <time>2026-05-21T08:40:16.000Z</time>
      </trkpt>
      <trkpt lat="36.907993" lon="-4.756446">
        <ele>326.175662</ele>
        <time>2026-05-21T08:40:19.000Z</time>
      </trkpt>
      <trkpt lat="36.908008" lon="-4.756465">
        <ele>326.364748</ele>
        <time>2026-05-21T08:40:22.000Z</time>
      </trkpt>
      <trkpt lat="36.908041" lon="-4.756508">
        <ele>326.786826</ele>
        <time>2026-05-21T08:40:26.000Z</time>
      </trkpt>
      <trkpt lat="36.908050" lon="-4.756519">
        <ele>326.898280</ele>
        <time>2026-05-21T08:40:28.000Z</time>
      </trkpt>
      <trkpt lat="36.908082" lon="-4.756543">
        <ele>327.228748</ele>
        <time>2026-05-21T08:40:32.000Z</time>
      </trkpt>
      <trkpt lat="36.908095" lon="-4.756559">
        <ele>327.390287</ele>
        <time>2026-05-21T08:40:34.000Z</time>
      </trkpt>
      <trkpt lat="36.908128" lon="-4.756594">
        <ele>327.773504</ele>
        <time>2026-05-21T08:40:37.000Z</time>
      </trkpt>
      <trkpt lat="36.908139" lon="-4.756613">
        <ele>327.939624</ele>
        <time>2026-05-21T08:40:40.000Z</time>
      </trkpt>
      <trkpt lat="36.908174" lon="-4.756652">
        <ele>328.354796</ele>
        <time>2026-05-21T08:40:43.000Z</time>
      </trkpt>
      <trkpt lat="36.908183" lon="-4.756665">
        <ele>328.476571</ele>
        <time>2026-05-21T08:40:45.000Z</time>
      </trkpt>
      <trkpt lat="36.908202" lon="-4.756674">
        <ele>328.656512</ele>
        <time>2026-05-21T08:40:48.000Z</time>
      </trkpt>
      <trkpt lat="36.908232" lon="-4.756693">
        <ele>328.954338</ele>
        <time>2026-05-21T08:40:52.000Z</time>
      </trkpt>
      <trkpt lat="36.908241" lon="-4.756693">
        <ele>329.034047</ele>
        <time>2026-05-21T08:40:53.000Z</time>
      </trkpt>
      <trkpt lat="36.908314" lon="-4.756699">
        <ele>329.681974</ele>
        <time>2026-05-21T08:41:00.000Z</time>
      </trkpt>
      <trkpt lat="36.908349" lon="-4.756669">
        <ele>330.057772</ele>
        <time>2026-05-21T08:41:05.000Z</time>
      </trkpt>
      <trkpt lat="36.908361" lon="-4.756648">
        <ele>330.240561</ele>
        <time>2026-05-21T08:41:07.000Z</time>
      </trkpt>
      <trkpt lat="36.908361" lon="-4.756592">
        <ele>330.637137</ele>
        <time>2026-05-21T08:41:14.000Z</time>
      </trkpt>
      <trkpt lat="36.908363" lon="-4.756575">
        <ele>330.758822</ele>
        <time>2026-05-21T08:41:16.000Z</time>
      </trkpt>
      <trkpt lat="36.908365" lon="-4.756503">
        <ele>331.269013</ele>
        <time>2026-05-21T08:41:26.000Z</time>
      </trkpt>
      <trkpt lat="36.908366" lon="-4.756500">
        <ele>331.292031</ele>
        <time>2026-05-21T08:41:27.000Z</time>
      </trkpt>
      <trkpt lat="36.908352" lon="-4.756510">
        <ele>331.434821</ele>
        <time>2026-05-21T08:41:33.000Z</time>
      </trkpt>
      <trkpt lat="36.908350" lon="-4.756509">
        <ele>331.453898</ele>
        <time>2026-05-21T08:41:34.000Z</time>
      </trkpt>
      <trkpt lat="36.908342" lon="-4.756503">
        <ele>331.536515</ele>
        <time>2026-05-21T08:41:37.000Z</time>
      </trkpt>
      <trkpt lat="36.908352" lon="-4.756502">
        <ele>331.625363</ele>
        <time>2026-05-21T08:41:45.000Z</time>
      </trkpt>
      <trkpt lat="36.908381" lon="-4.756501">
        <ele>331.882303</ele>
        <time>2026-05-21T08:41:49.000Z</time>
      </trkpt>
      <trkpt lat="36.908389" lon="-4.756510">
        <ele>331.977604</ele>
        <time>2026-05-21T08:41:52.000Z</time>
      </trkpt>
      <trkpt lat="36.908386" lon="-4.756509">
        <ele>332.005101</ele>
        <time>2026-05-21T08:41:54.000Z</time>
      </trkpt>
      <trkpt lat="36.908383" lon="-4.756489">
        <ele>332.149206</ele>
        <time>2026-05-21T08:41:59.000Z</time>
      </trkpt>
      <trkpt lat="36.908382" lon="-4.756487">
        <ele>332.165911</ele>
        <time>2026-05-21T08:42:00.000Z</time>
      </trkpt>
      <trkpt lat="36.908384" lon="-4.756485">
        <ele>332.188590</ele>
        <time>2026-05-21T08:42:01.000Z</time>
      </trkpt>
      <trkpt lat="36.908379" lon="-4.756479">
        <ele>332.249961</ele>
        <time>2026-05-21T08:42:04.000Z</time>
      </trkpt>
      <trkpt lat="36.908393" lon="-4.756467">
        <ele>332.400280</ele>
        <time>2026-05-21T08:42:14.000Z</time>
      </trkpt>
      <trkpt lat="36.908421" lon="-4.756413">
        <ele>332.856061</ele>
        <time>2026-05-21T08:42:19.000Z</time>
      </trkpt>
      <trkpt lat="36.908440" lon="-4.756383">
        <ele>333.127081</ele>
        <time>2026-05-21T08:42:21.000Z</time>
      </trkpt>
      <trkpt lat="36.908481" lon="-4.756314">
        <ele>333.496408</ele>
        <time>2026-05-21T08:42:27.000Z</time>
      </trkpt>
      <trkpt lat="36.908498" lon="-4.756259">
        <ele>333.697805</ele>
        <time>2026-05-21T08:42:31.000Z</time>
      </trkpt>
      <trkpt lat="36.908511" lon="-4.756236">
        <ele>333.794005</ele>
        <time>2026-05-21T08:42:33.000Z</time>
      </trkpt>
      <trkpt lat="36.908557" lon="-4.756161">
        <ele>334.116844</ele>
        <time>2026-05-21T08:42:39.000Z</time>
      </trkpt>
      <trkpt lat="36.908604" lon="-4.756132">
        <ele>334.340707</ele>
        <time>2026-05-21T08:42:46.000Z</time>
      </trkpt>
      <trkpt lat="36.908659" lon="-4.756128">
        <ele>334.576036</ele>
        <time>2026-05-21T08:42:50.000Z</time>
      </trkpt>
      <trkpt lat="36.908685" lon="-4.756122">
        <ele>334.688969</ele>
        <time>2026-05-21T08:42:53.000Z</time>
      </trkpt>
      <trkpt lat="36.908733" lon="-4.756096">
        <ele>334.912405</ele>
        <time>2026-05-21T08:42:57.000Z</time>
      </trkpt>
      <trkpt lat="36.908782" lon="-4.756061">
        <ele>335.153439</ele>
        <time>2026-05-21T08:43:00.000Z</time>
      </trkpt>
      <trkpt lat="36.908862" lon="-4.756055">
        <ele>335.495771</ele>
        <time>2026-05-21T08:43:06.000Z</time>
      </trkpt>
      <trkpt lat="36.908973" lon="-4.756060">
        <ele>335.970212</ele>
        <time>2026-05-21T08:43:16.000Z</time>
      </trkpt>
      <trkpt lat="36.909051" lon="-4.756087">
        <ele>336.315914</ele>
        <time>2026-05-21T08:43:23.000Z</time>
      </trkpt>
      <trkpt lat="36.909137" lon="-4.756075">
        <ele>336.685541</ele>
        <time>2026-05-21T08:43:29.000Z</time>
      </trkpt>
      <trkpt lat="36.909216" lon="-4.756073">
        <ele>337.023057</ele>
        <time>2026-05-21T08:43:36.000Z</time>
      </trkpt>
      <trkpt lat="36.909309" lon="-4.756014">
        <ele>337.468491</ele>
        <time>2026-05-21T08:43:44.000Z</time>
      </trkpt>
      <trkpt lat="36.909398" lon="-4.755955">
        <ele>337.898757</ele>
        <time>2026-05-21T08:43:52.000Z</time>
      </trkpt>
      <trkpt lat="36.909460" lon="-4.755896">
        <ele>338.231536</ele>
        <time>2026-05-21T08:43:59.000Z</time>
      </trkpt>
      <trkpt lat="36.909480" lon="-4.755874">
        <ele>338.345308</ele>
        <time>2026-05-21T08:44:02.000Z</time>
      </trkpt>
      <trkpt lat="36.909493" lon="-4.755854">
        <ele>338.433340</ele>
        <time>2026-05-21T08:44:05.000Z</time>
      </trkpt>
      <trkpt lat="36.909543" lon="-4.755812">
        <ele>338.690616</ele>
        <time>2026-05-21T08:44:11.000Z</time>
      </trkpt>
      <trkpt lat="36.909560" lon="-4.755820">
        <ele>338.768201</ele>
        <time>2026-05-21T08:44:14.000Z</time>
      </trkpt>
      <trkpt lat="36.909566" lon="-4.755829">
        <ele>338.808222</ele>
        <time>2026-05-21T08:44:16.000Z</time>
      </trkpt>
      <trkpt lat="36.909572" lon="-4.755847">
        <ele>338.874828</ele>
        <time>2026-05-21T08:44:20.000Z</time>
      </trkpt>
      <trkpt lat="36.909558" lon="-4.755826">
        <ele>338.968211</ele>
        <time>2026-05-21T08:44:24.000Z</time>
      </trkpt>
      <trkpt lat="36.909559" lon="-4.755819">
        <ele>338.992497</ele>
        <time>2026-05-21T08:44:28.000Z</time>
      </trkpt>
      <trkpt lat="36.909578" lon="-4.755789">
        <ele>339.123208</ele>
        <time>2026-05-21T08:44:36.000Z</time>
      </trkpt>
      <trkpt lat="36.909644" lon="-4.755706">
        <ele>339.523005</ele>
        <time>2026-05-21T08:44:43.000Z</time>
      </trkpt>
      <trkpt lat="36.909664" lon="-4.755687">
        <ele>339.630286</ele>
        <time>2026-05-21T08:44:45.000Z</time>
      </trkpt>
      <trkpt lat="36.909697" lon="-4.755631">
        <ele>339.867880</ele>
        <time>2026-05-21T08:44:49.000Z</time>
      </trkpt>
      <trkpt lat="36.909703" lon="-4.755611">
        <ele>339.940837</ele>
        <time>2026-05-21T08:44:50.000Z</time>
      </trkpt>
      <trkpt lat="36.909752" lon="-4.755554">
        <ele>340.226682</ele>
        <time>2026-05-21T08:44:57.000Z</time>
      </trkpt>
      <trkpt lat="36.909839" lon="-4.755503">
        <ele>340.637097</ele>
        <time>2026-05-21T08:45:05.000Z</time>
      </trkpt>
      <trkpt lat="36.909835" lon="-4.755504">
        <ele>340.654521</ele>
        <time>2026-05-21T08:45:13.000Z</time>
      </trkpt>
      <trkpt lat="36.909843" lon="-4.755489">
        <ele>340.716103</ele>
        <time>2026-05-21T08:45:22.000Z</time>
      </trkpt>
      <trkpt lat="36.909840" lon="-4.755479">
        <ele>340.752582</ele>
        <time>2026-05-21T08:45:29.000Z</time>
      </trkpt>
      <trkpt lat="36.909852" lon="-4.755495">
        <ele>340.827505</ele>
        <time>2026-05-21T08:45:33.000Z</time>
      </trkpt>
      <trkpt lat="36.909854" lon="-4.755551">
        <ele>341.081272</ele>
        <time>2026-05-21T08:45:42.000Z</time>
      </trkpt>
      <trkpt lat="36.909847" lon="-4.755564">
        <ele>341.187946</ele>
        <time>2026-05-21T08:45:47.000Z</time>
      </trkpt>
      <trkpt lat="36.909848" lon="-4.755566">
        <ele>341.204001</ele>
        <time>2026-05-21T08:45:50.000Z</time>
      </trkpt>
      <trkpt lat="36.909826" lon="-4.755552">
        <ele>341.414119</ele>
        <time>2026-05-21T08:45:58.000Z</time>
      </trkpt>
      <trkpt lat="36.909748" lon="-4.755567">
        <ele>342.085878</ele>
        <time>2026-05-21T08:46:06.000Z</time>
      </trkpt>
      <trkpt lat="36.909734" lon="-4.755572">
        <ele>342.209813</ele>
        <time>2026-05-21T08:46:12.000Z</time>
      </trkpt>
      <trkpt lat="36.909731" lon="-4.755563">
        <ele>342.276179</ele>
        <time>2026-05-21T08:46:19.000Z</time>
      </trkpt>
      <trkpt lat="36.909726" lon="-4.755560">
        <ele>342.323385</ele>
        <time>2026-05-21T08:46:21.000Z</time>
      </trkpt>
      <trkpt lat="36.909725" lon="-4.755559">
        <ele>342.334284</ele>
        <time>2026-05-21T08:46:23.000Z</time>
      </trkpt>
      <trkpt lat="36.909737" lon="-4.755558">
        <ele>342.436657</ele>
        <time>2026-05-21T08:46:27.000Z</time>
      </trkpt>
      <trkpt lat="36.909743" lon="-4.755586">
        <ele>342.633957</ele>
        <time>2026-05-21T08:46:33.000Z</time>
      </trkpt>
      <trkpt lat="36.909728" lon="-4.755585">
        <ele>342.761822</ele>
        <time>2026-05-21T08:46:43.000Z</time>
      </trkpt>
      <trkpt lat="36.909732" lon="-4.755578">
        <ele>342.820382</ele>
        <time>2026-05-21T08:46:45.000Z</time>
      </trkpt>
      <trkpt lat="36.909737" lon="-4.755522">
        <ele>343.203900</ele>
        <time>2026-05-21T08:46:50.000Z</time>
      </trkpt>
      <trkpt lat="36.909769" lon="-4.755446">
        <ele>343.788512</ele>
        <time>2026-05-21T08:46:57.000Z</time>
      </trkpt>
      <trkpt lat="36.909794" lon="-4.755349">
        <ele>344.482167</ele>
        <time>2026-05-21T08:47:04.000Z</time>
      </trkpt>
      <trkpt lat="36.909834" lon="-4.755263">
        <ele>345.159331</ele>
        <time>2026-05-21T08:47:12.000Z</time>
      </trkpt>
      <trkpt lat="36.909856" lon="-4.755238">
        <ele>345.412359</ele>
        <time>2026-05-21T08:47:14.000Z</time>
      </trkpt>
      <trkpt lat="36.909905" lon="-4.755178">
        <ele>345.996090</ele>
        <time>2026-05-21T08:47:19.000Z</time>
      </trkpt>
      <trkpt lat="36.909942" lon="-4.755119">
        <ele>346.506435</ele>
        <time>2026-05-21T08:47:24.000Z</time>
      </trkpt>
      <trkpt lat="36.909958" lon="-4.755096">
        <ele>346.713932</ele>
        <time>2026-05-21T08:47:26.000Z</time>
      </trkpt>
      <trkpt lat="36.909969" lon="-4.755072">
        <ele>346.902215</ele>
        <time>2026-05-21T08:47:29.000Z</time>
      </trkpt>
      <trkpt lat="36.909985" lon="-4.755039">
        <ele>347.164887</ele>
        <time>2026-05-21T08:47:32.000Z</time>
      </trkpt>
      <trkpt lat="36.910004" lon="-4.754999">
        <ele>347.481553</ele>
        <time>2026-05-21T08:47:35.000Z</time>
      </trkpt>
      <trkpt lat="36.910015" lon="-4.754973">
        <ele>347.681760</ele>
        <time>2026-05-21T08:47:37.000Z</time>
      </trkpt>
      <trkpt lat="36.910020" lon="-4.754958">
        <ele>347.792369</ele>
        <time>2026-05-21T08:47:38.000Z</time>
      </trkpt>
      <trkpt lat="36.910028" lon="-4.754948">
        <ele>347.888649</ele>
        <time>2026-05-21T08:47:39.000Z</time>
      </trkpt>
      <trkpt lat="36.910052" lon="-4.754913">
        <ele>348.202470</ele>
        <time>2026-05-21T08:47:42.000Z</time>
      </trkpt>
      <trkpt lat="36.910070" lon="-4.754882">
        <ele>348.463228</ele>
        <time>2026-05-21T08:47:44.000Z</time>
      </trkpt>
      <trkpt lat="36.910089" lon="-4.754838">
        <ele>348.803583</ele>
        <time>2026-05-21T08:47:48.000Z</time>
      </trkpt>
      <trkpt lat="36.910098" lon="-4.754789">
        <ele>349.145774</ele>
        <time>2026-05-21T08:47:52.000Z</time>
      </trkpt>
      <trkpt lat="36.910100" lon="-4.754748">
        <ele>349.425347</ele>
        <time>2026-05-21T08:47:54.000Z</time>
      </trkpt>
      <trkpt lat="36.910102" lon="-4.754707">
        <ele>349.704921</ele>
        <time>2026-05-21T08:47:57.000Z</time>
      </trkpt>
      <trkpt lat="36.910101" lon="-4.754670">
        <ele>349.956894</ele>
        <time>2026-05-21T08:47:59.000Z</time>
      </trkpt>
      <trkpt lat="36.910105" lon="-4.754637">
        <ele>350.184065</ele>
        <time>2026-05-21T08:48:01.000Z</time>
      </trkpt>
      <trkpt lat="36.910110" lon="-4.754615">
        <ele>350.339733</ele>
        <time>2026-05-21T08:48:03.000Z</time>
      </trkpt>
      <trkpt lat="36.910114" lon="-4.754608">
        <ele>350.398293</ele>
        <time>2026-05-21T08:48:04.000Z</time>
      </trkpt>
      <trkpt lat="36.910118" lon="-4.754599">
        <ele>350.468376</ele>
        <time>2026-05-21T08:48:05.000Z</time>
      </trkpt>
      <trkpt lat="36.910121" lon="-4.754586">
        <ele>350.560468</ele>
        <time>2026-05-21T08:48:06.000Z</time>
      </trkpt>
      <trkpt lat="36.910126" lon="-4.754524">
        <ele>350.984594</ele>
        <time>2026-05-21T08:48:12.000Z</time>
      </trkpt>
      <trkpt lat="36.910125" lon="-4.754515">
        <ele>351.046439</ele>
        <time>2026-05-21T08:48:13.000Z</time>
      </trkpt>
      <trkpt lat="36.910120" lon="-4.754403">
        <ele>351.809921</ele>
        <time>2026-05-21T08:48:21.000Z</time>
      </trkpt>
      <trkpt lat="36.910118" lon="-4.754375">
        <ele>352.001254</ele>
        <time>2026-05-21T08:48:23.000Z</time>
      </trkpt>
      <trkpt lat="36.910131" lon="-4.754322">
        <ele>352.378575</ele>
        <time>2026-05-21T08:48:30.000Z</time>
      </trkpt>
      <trkpt lat="36.910143" lon="-4.754289">
        <ele>352.625316</ele>
        <time>2026-05-21T08:48:34.000Z</time>
      </trkpt>
      <trkpt lat="36.910153" lon="-4.754251">
        <ele>352.897600</ele>
        <time>2026-05-21T08:48:38.000Z</time>
      </trkpt>
      <trkpt lat="36.910155" lon="-4.754243">
        <ele>352.954649</ele>
        <time>2026-05-21T08:48:39.000Z</time>
      </trkpt>
      <trkpt lat="36.910188" lon="-4.754182">
        <ele>353.455928</ele>
        <time>2026-05-21T08:48:41.000Z</time>
      </trkpt>
      <trkpt lat="36.910231" lon="-4.754106">
        <ele>354.089604</ele>
        <time>2026-05-21T08:48:48.000Z</time>
      </trkpt>
      <trkpt lat="36.910248" lon="-4.754066">
        <ele>354.397921</ele>
        <time>2026-05-21T08:48:51.000Z</time>
      </trkpt>
      <trkpt lat="36.910270" lon="-4.754016">
        <ele>354.786354</ele>
        <time>2026-05-21T08:48:55.000Z</time>
      </trkpt>
      <trkpt lat="36.910294" lon="-4.753959">
        <ele>355.224810</ele>
        <time>2026-05-21T08:48:59.000Z</time>
      </trkpt>
      <trkpt lat="36.910308" lon="-4.753916">
        <ele>355.540809</ele>
        <time>2026-05-21T08:49:02.000Z</time>
      </trkpt>
      <trkpt lat="36.910322" lon="-4.753852">
        <ele>355.992413</ele>
        <time>2026-05-21T08:49:07.000Z</time>
      </trkpt>
      <trkpt lat="36.910329" lon="-4.753794">
        <ele>356.408378</ele>
        <time>2026-05-21T08:49:10.000Z</time>
      </trkpt>
      <trkpt lat="36.910352" lon="-4.753724">
        <ele>356.992448</ele>
        <time>2026-05-21T08:49:14.000Z</time>
      </trkpt>
      <trkpt lat="36.910380" lon="-4.753694">
        <ele>357.348323</ele>
        <time>2026-05-21T08:49:17.000Z</time>
      </trkpt>
      <trkpt lat="36.910433" lon="-4.753616">
        <ele>358.138307</ele>
        <time>2026-05-21T08:49:23.000Z</time>
      </trkpt>
      <trkpt lat="36.910439" lon="-4.753612">
        <ele>358.203934</ele>
        <time>2026-05-21T08:49:24.000Z</time>
      </trkpt>
      <trkpt lat="36.910474" lon="-4.753586">
        <ele>358.596859</ele>
        <time>2026-05-21T08:49:31.000Z</time>
      </trkpt>
      <trkpt lat="36.910480" lon="-4.753580">
        <ele>358.671009</ele>
        <time>2026-05-21T08:49:32.000Z</time>
      </trkpt>
      <trkpt lat="36.910534" lon="-4.753556">
        <ele>359.224159</ele>
        <time>2026-05-21T08:49:38.000Z</time>
      </trkpt>
      <trkpt lat="36.910550" lon="-4.753553">
        <ele>359.380320</ele>
        <time>2026-05-21T08:49:40.000Z</time>
      </trkpt>
      <trkpt lat="36.910615" lon="-4.753534">
        <ele>360.024619</ele>
        <time>2026-05-21T08:49:45.000Z</time>
      </trkpt>
      <trkpt lat="36.910655" lon="-4.753513">
        <ele>360.443344</ele>
        <time>2026-05-21T08:49:48.000Z</time>
      </trkpt>
      <trkpt lat="36.910695" lon="-4.753491">
        <ele>360.865115</ele>
        <time>2026-05-21T08:49:51.000Z</time>
      </trkpt>
      <trkpt lat="36.910737" lon="-4.753441">
        <ele>361.424799</ele>
        <time>2026-05-21T08:49:56.000Z</time>
      </trkpt>
      <trkpt lat="36.910746" lon="-4.753430">
        <ele>361.546262</ele>
        <time>2026-05-21T08:49:57.000Z</time>
      </trkpt>
      <trkpt lat="36.910793" lon="-4.753344">
        <ele>362.350200</ele>
        <time>2026-05-21T08:50:03.000Z</time>
      </trkpt>
      <trkpt lat="36.910797" lon="-4.753330">
        <ele>362.464938</ele>
        <time>2026-05-21T08:50:04.000Z</time>
      </trkpt>
      <trkpt lat="36.910803" lon="-4.753318">
        <ele>362.574166</ele>
        <time>2026-05-21T08:50:05.000Z</time>
      </trkpt>
      <trkpt lat="36.910811" lon="-4.753257">
        <ele>363.051230</ele>
        <time>2026-05-21T08:50:10.000Z</time>
      </trkpt>
      <trkpt lat="36.910813" lon="-4.753247">
        <ele>363.130784</ele>
        <time>2026-05-21T08:50:11.000Z</time>
      </trkpt>
      <trkpt lat="36.910832" lon="-4.753181">
        <ele>363.672154</ele>
        <time>2026-05-21T08:50:17.000Z</time>
      </trkpt>
      <trkpt lat="36.910844" lon="-4.753127">
        <ele>364.104701</ele>
        <time>2026-05-21T08:50:21.000Z</time>
      </trkpt>
      <trkpt lat="36.910859" lon="-4.753075">
        <ele>364.531334</ele>
        <time>2026-05-21T08:50:25.000Z</time>
      </trkpt>
      <trkpt lat="36.910865" lon="-4.753002">
        <ele>365.097687</ele>
        <time>2026-05-21T08:50:30.000Z</time>
      </trkpt>
      <trkpt lat="36.910890" lon="-4.752936">
        <ele>365.661316</ele>
        <time>2026-05-21T08:50:36.000Z</time>
      </trkpt>
      <trkpt lat="36.910897" lon="-4.752926">
        <ele>365.763888</ele>
        <time>2026-05-21T08:50:37.000Z</time>
      </trkpt>
      <trkpt lat="36.910900" lon="-4.752905">
        <ele>365.928524</ele>
        <time>2026-05-21T08:50:45.000Z</time>
      </trkpt>
      <trkpt lat="36.910898" lon="-4.752901">
        <ele>365.964934</ele>
        <time>2026-05-21T08:50:46.000Z</time>
      </trkpt>
      <trkpt lat="36.910911" lon="-4.752822">
        <ele>366.587402</ele>
        <time>2026-05-21T08:50:52.000Z</time>
      </trkpt>
      <trkpt lat="36.910913" lon="-4.752797">
        <ele>366.781305</ele>
        <time>2026-05-21T08:50:54.000Z</time>
      </trkpt>
      <trkpt lat="36.910933" lon="-4.752697">
        <ele>367.576841</ele>
        <time>2026-05-21T08:51:01.000Z</time>
      </trkpt>
      <trkpt lat="36.910964" lon="-4.752619">
        <ele>368.249077</ele>
        <time>2026-05-21T08:51:09.000Z</time>
      </trkpt>
      <trkpt lat="36.910985" lon="-4.752556">
        <ele>368.775845</ele>
        <time>2026-05-21T08:51:13.000Z</time>
      </trkpt>
      <trkpt lat="36.910991" lon="-4.752495">
        <ele>369.250166</ele>
        <time>2026-05-21T08:51:17.000Z</time>
      </trkpt>
      <trkpt lat="36.911030" lon="-4.752365">
        <ele>370.321747</ele>
        <time>2026-05-21T08:51:26.000Z</time>
      </trkpt>
      <trkpt lat="36.911055" lon="-4.752289">
        <ele>370.955981</ele>
        <time>2026-05-21T08:51:32.000Z</time>
      </trkpt>
      <trkpt lat="36.911056" lon="-4.752267">
        <ele>371.126042</ele>
        <time>2026-05-21T08:51:34.000Z</time>
      </trkpt>
      <trkpt lat="36.911056" lon="-4.752244">
        <ele>371.303546</ele>
        <time>2026-05-21T08:51:36.000Z</time>
      </trkpt>
      <trkpt lat="36.911064" lon="-4.752102">
        <ele>372.402159</ele>
        <time>2026-05-21T08:51:46.000Z</time>
      </trkpt>
      <trkpt lat="36.911063" lon="-4.752086">
        <ele>372.526017</ele>
        <time>2026-05-21T08:51:47.000Z</time>
      </trkpt>
      <trkpt lat="36.911111" lon="-4.752003">
        <ele>373.316565</ele>
        <time>2026-05-21T08:51:54.000Z</time>
      </trkpt>
      <trkpt lat="36.911127" lon="-4.751983">
        <ele>373.534910</ele>
        <time>2026-05-21T08:51:56.000Z</time>
      </trkpt>
      <trkpt lat="36.911197" lon="-4.751891">
        <ele>374.151197</ele>
        <time>2026-05-21T08:52:04.000Z</time>
      </trkpt>
      <trkpt lat="36.911246" lon="-4.751802">
        <ele>374.643276</ele>
        <time>2026-05-21T08:52:11.000Z</time>
      </trkpt>
      <trkpt lat="36.911260" lon="-4.751772">
        <ele>374.801457</ele>
        <time>2026-05-21T08:52:14.000Z</time>
      </trkpt>
      <trkpt lat="36.911353" lon="-4.751685">
        <ele>375.462902</ele>
        <time>2026-05-21T08:52:23.000Z</time>
      </trkpt>
      <trkpt lat="36.911365" lon="-4.751677">
        <ele>375.540349</ele>
        <time>2026-05-21T08:52:24.000Z</time>
      </trkpt>
      <trkpt lat="36.911429" lon="-4.751603">
        <ele>376.036756</ele>
        <time>2026-05-21T08:52:32.000Z</time>
      </trkpt>
      <trkpt lat="36.911482" lon="-4.751532">
        <ele>376.479082</ele>
        <time>2026-05-21T08:52:41.000Z</time>
      </trkpt>
      <trkpt lat="36.911507" lon="-4.751511">
        <ele>376.650599</ele>
        <time>2026-05-21T08:52:44.000Z</time>
      </trkpt>
      <trkpt lat="36.911574" lon="-4.751467">
        <ele>377.081595</ele>
        <time>2026-05-21T08:52:50.000Z</time>
      </trkpt>
      <trkpt lat="36.911590" lon="-4.751457">
        <ele>377.183466</ele>
        <time>2026-05-21T08:52:51.000Z</time>
      </trkpt>
      <trkpt lat="36.911622" lon="-4.751441">
        <ele>377.379742</ele>
        <time>2026-05-21T08:52:53.000Z</time>
      </trkpt>
      <trkpt lat="36.911726" lon="-4.751403">
        <ele>377.996819</ele>
        <time>2026-05-21T08:53:01.000Z</time>
      </trkpt>
      <trkpt lat="36.911769" lon="-4.751381">
        <ele>378.261419</ele>
        <time>2026-05-21T08:53:06.000Z</time>
      </trkpt>
      <trkpt lat="36.911800" lon="-4.751359">
        <ele>378.464418</ele>
        <time>2026-05-21T08:53:09.000Z</time>
      </trkpt>
      <trkpt lat="36.911921" lon="-4.751313">
        <ele>379.184690</ele>
        <time>2026-05-21T08:53:19.000Z</time>
      </trkpt>
      <trkpt lat="36.911930" lon="-4.751315">
        <ele>379.236751</ele>
        <time>2026-05-21T08:53:20.000Z</time>
      </trkpt>
      <trkpt lat="36.912022" lon="-4.751287">
        <ele>379.776015</ele>
        <time>2026-05-21T08:53:27.000Z</time>
      </trkpt>
      <trkpt lat="36.912034" lon="-4.751280">
        <ele>379.851428</ele>
        <time>2026-05-21T08:53:29.000Z</time>
      </trkpt>
      <trkpt lat="36.912047" lon="-4.751273">
        <ele>379.932038</ele>
        <time>2026-05-21T08:53:31.000Z</time>
      </trkpt>
      <trkpt lat="36.912079" lon="-4.751260">
        <ele>380.123663</ele>
        <time>2026-05-21T08:53:35.000Z</time>
      </trkpt>
      <trkpt lat="36.912154" lon="-4.751252">
        <ele>380.552365</ele>
        <time>2026-05-21T08:53:43.000Z</time>
      </trkpt>
      <trkpt lat="36.912236" lon="-4.751291">
        <ele>381.052013</ele>
        <time>2026-05-21T08:53:52.000Z</time>
      </trkpt>
      <trkpt lat="36.912290" lon="-4.751358">
        <ele>381.485227</ele>
        <time>2026-05-21T08:53:58.000Z</time>
      </trkpt>
      <trkpt lat="36.912324" lon="-4.751390">
        <ele>381.727573</ele>
        <time>2026-05-21T08:54:02.000Z</time>
      </trkpt>
      <trkpt lat="36.912352" lon="-4.751463">
        <ele>382.096269</ele>
        <time>2026-05-21T08:54:09.000Z</time>
      </trkpt>
      <trkpt lat="36.912365" lon="-4.751486">
        <ele>382.224533</ele>
        <time>2026-05-21T08:54:11.000Z</time>
      </trkpt>
      <trkpt lat="36.912396" lon="-4.751527">
        <ele>382.481496</ele>
        <time>2026-05-21T08:54:15.000Z</time>
      </trkpt>
      <trkpt lat="36.912435" lon="-4.751596">
        <ele>382.866287</ele>
        <time>2026-05-21T08:54:20.000Z</time>
      </trkpt>
      <trkpt lat="36.912470" lon="-4.751703">
        <ele>383.392737</ele>
        <time>2026-05-21T08:54:28.000Z</time>
      </trkpt>
      <trkpt lat="36.912492" lon="-4.751780">
        <ele>383.765090</ele>
        <time>2026-05-21T08:54:34.000Z</time>
      </trkpt>
      <trkpt lat="36.912523" lon="-4.751849">
        <ele>384.239528</ele>
        <time>2026-05-21T08:54:39.000Z</time>
      </trkpt>
      <trkpt lat="36.912533" lon="-4.751878">
        <ele>384.447886</ele>
        <time>2026-05-21T08:54:41.000Z</time>
      </trkpt>
      <trkpt lat="36.912554" lon="-4.751930">
        <ele>384.832225</ele>
        <time>2026-05-21T08:54:45.000Z</time>
      </trkpt>
      <trkpt lat="36.912559" lon="-4.751943">
        <ele>384.927397</ele>
        <time>2026-05-21T08:54:46.000Z</time>
      </trkpt>
      <trkpt lat="36.912573" lon="-4.751986">
        <ele>385.233701</ele>
        <time>2026-05-21T08:54:49.000Z</time>
      </trkpt>
      <trkpt lat="36.912619" lon="-4.752046">
        <ele>385.782113</ele>
        <time>2026-05-21T08:54:55.000Z</time>
      </trkpt>
      <trkpt lat="36.912628" lon="-4.752057">
        <ele>385.885946</ele>
        <time>2026-05-21T08:54:56.000Z</time>
      </trkpt>
      <trkpt lat="36.912689" lon="-4.752100">
        <ele>386.463715</ele>
        <time>2026-05-21T08:55:03.000Z</time>
      </trkpt>
      <trkpt lat="36.912780" lon="-4.752152">
        <ele>387.289241</ele>
        <time>2026-05-21T08:55:10.000Z</time>
      </trkpt>
      <trkpt lat="36.912796" lon="-4.752160">
        <ele>387.431421</ele>
        <time>2026-05-21T08:55:11.000Z</time>
      </trkpt>
      <trkpt lat="36.912851" lon="-4.752173">
        <ele>387.893275</ele>
        <time>2026-05-21T08:55:17.000Z</time>
      </trkpt>
      <trkpt lat="36.912882" lon="-4.752179">
        <ele>388.152109</ele>
        <time>2026-05-21T08:55:20.000Z</time>
      </trkpt>
      <trkpt lat="36.912934" lon="-4.752199">
        <ele>388.601006</ele>
        <time>2026-05-21T08:55:25.000Z</time>
      </trkpt>
      <trkpt lat="36.912967" lon="-4.752216">
        <ele>388.895492</ele>
        <time>2026-05-21T08:55:29.000Z</time>
      </trkpt>
      <trkpt lat="36.912991" lon="-4.752234">
        <ele>389.126400</ele>
        <time>2026-05-21T08:55:33.000Z</time>
      </trkpt>
      <trkpt lat="36.913080" lon="-4.752281">
        <ele>389.923543</ele>
        <time>2026-05-21T08:55:41.000Z</time>
      </trkpt>
      <trkpt lat="36.913118" lon="-4.752315">
        <ele>390.309065</ele>
        <time>2026-05-21T08:55:46.000Z</time>
      </trkpt>
      <trkpt lat="36.913149" lon="-4.752339">
        <ele>390.609895</ele>
        <time>2026-05-21T08:55:49.000Z</time>
      </trkpt>
      <trkpt lat="36.913211" lon="-4.752380">
        <ele>391.188582</ele>
        <time>2026-05-21T08:55:56.000Z</time>
      </trkpt>
      <trkpt lat="36.913267" lon="-4.752424">
        <ele>391.734268</ele>
        <time>2026-05-21T08:56:01.000Z</time>
      </trkpt>
      <trkpt lat="36.913325" lon="-4.752459">
        <ele>392.265635</ele>
        <time>2026-05-21T08:56:06.000Z</time>
      </trkpt>
      <trkpt lat="36.913361" lon="-4.752501">
        <ele>392.671853</ele>
        <time>2026-05-21T08:56:12.000Z</time>
      </trkpt>
      <trkpt lat="36.913377" lon="-4.752512">
        <ele>392.822505</ele>
        <time>2026-05-21T08:56:14.000Z</time>
      </trkpt>
      <trkpt lat="36.913444" lon="-4.752549">
        <ele>393.426833</ele>
        <time>2026-05-21T08:56:21.000Z</time>
      </trkpt>
      <trkpt lat="36.913452" lon="-4.752549">
        <ele>393.492843</ele>
        <time>2026-05-21T08:56:22.000Z</time>
      </trkpt>
      <trkpt lat="36.913470" lon="-4.752568">
        <ele>393.687192</ele>
        <time>2026-05-21T08:56:27.000Z</time>
      </trkpt>
      <trkpt lat="36.913465" lon="-4.752572">
        <ele>393.736166</ele>
        <time>2026-05-21T08:56:28.000Z</time>
      </trkpt>
      <trkpt lat="36.913461" lon="-4.752597">
        <ele>393.904368</ele>
        <time>2026-05-21T08:56:34.000Z</time>
      </trkpt>
      <trkpt lat="36.913470" lon="-4.752595">
        <ele>393.979792</ele>
        <time>2026-05-21T08:56:37.000Z</time>
      </trkpt>
      <trkpt lat="36.913467" lon="-4.752597">
        <ele>394.007843</ele>
        <time>2026-05-21T08:56:38.000Z</time>
      </trkpt>
      <trkpt lat="36.913458" lon="-4.752616">
        <ele>394.153538</ele>
        <time>2026-05-21T08:56:41.000Z</time>
      </trkpt>
      <trkpt lat="36.913460" lon="-4.752617">
        <ele>394.171310</ele>
        <time>2026-05-21T08:56:43.000Z</time>
      </trkpt>
      <trkpt lat="36.913463" lon="-4.752621">
        <ele>394.207492</ele>
        <time>2026-05-21T08:56:47.000Z</time>
      </trkpt>
      <trkpt lat="36.913473" lon="-4.752646">
        <ele>394.391913</ele>
        <time>2026-05-21T08:56:52.000Z</time>
      </trkpt>
      <trkpt lat="36.913474" lon="-4.752651">
        <ele>394.425915</ele>
        <time>2026-05-21T08:56:56.000Z</time>
      </trkpt>
      <trkpt lat="36.913461" lon="-4.752646">
        <ele>394.538139</ele>
        <time>2026-05-21T08:57:03.000Z</time>
      </trkpt>
      <trkpt lat="36.913449" lon="-4.752631">
        <ele>394.678129</ele>
        <time>2026-05-21T08:57:06.000Z</time>
      </trkpt>
      <trkpt lat="36.913419" lon="-4.752596">
        <ele>395.016643</ele>
        <time>2026-05-21T08:57:11.000Z</time>
      </trkpt>
      <trkpt lat="36.913420" lon="-4.752595">
        <ele>395.027208</ele>
        <time>2026-05-21T08:57:12.000Z</time>
      </trkpt>
      <trkpt lat="36.913424" lon="-4.752596">
        <ele>395.060866</ele>
        <time>2026-05-21T08:57:15.000Z</time>
      </trkpt>
      <trkpt lat="36.913413" lon="-4.752576">
        <ele>395.221015</ele>
        <time>2026-05-21T08:57:23.000Z</time>
      </trkpt>
      <trkpt lat="36.913407" lon="-4.752578">
        <ele>395.272251</ele>
        <time>2026-05-21T08:57:25.000Z</time>
      </trkpt>
      <trkpt lat="36.913402" lon="-4.752575">
        <ele>395.318009</ele>
        <time>2026-05-21T08:57:27.000Z</time>
      </trkpt>
      <trkpt lat="36.913409" lon="-4.752598">
        <ele>395.480368</ele>
        <time>2026-05-21T08:57:34.000Z</time>
      </trkpt>
      <trkpt lat="36.913431" lon="-4.752624">
        <ele>395.730117</ele>
        <time>2026-05-21T08:57:43.000Z</time>
      </trkpt>
      <trkpt lat="36.913457" lon="-4.752597">
        <ele>396.008960</ele>
        <time>2026-05-21T08:57:50.000Z</time>
      </trkpt>
      <trkpt lat="36.913451" lon="-4.752623">
        <ele>396.187491</ele>
        <time>2026-05-21T08:57:55.000Z</time>
      </trkpt>
      <trkpt lat="36.913442" lon="-4.752635">
        <ele>396.296037</ele>
        <time>2026-05-21T08:57:57.000Z</time>
      </trkpt>
      <trkpt lat="36.913418" lon="-4.752648">
        <ele>396.511842</ele>
        <time>2026-05-21T08:58:05.000Z</time>
      </trkpt>
      <trkpt lat="36.913462" lon="-4.752694">
        <ele>396.985030</ele>
        <time>2026-05-21T08:58:11.000Z</time>
      </trkpt>
      <trkpt lat="36.913496" lon="-4.752743">
        <ele>397.413056</ele>
        <time>2026-05-21T08:58:16.000Z</time>
      </trkpt>
      <trkpt lat="36.913513" lon="-4.752762">
        <ele>397.601174</ele>
        <time>2026-05-21T08:58:19.000Z</time>
      </trkpt>
      <trkpt lat="36.913524" lon="-4.752785">
        <ele>397.777985</ele>
        <time>2026-05-21T08:58:23.000Z</time>
      </trkpt>
      <trkpt lat="36.913542" lon="-4.752838">
        <ele>398.157877</ele>
        <time>2026-05-21T08:58:28.000Z</time>
      </trkpt>
      <trkpt lat="36.913553" lon="-4.752857">
        <ele>398.312636</ele>
        <time>2026-05-21T08:58:30.000Z</time>
      </trkpt>
      <trkpt lat="36.913579" lon="-4.752892">
        <ele>398.627820</ele>
        <time>2026-05-21T08:58:34.000Z</time>
      </trkpt>
      <trkpt lat="36.913628" lon="-4.752921">
        <ele>399.214638</ele>
        <time>2026-05-21T08:58:38.000Z</time>
      </trkpt>
      <trkpt lat="36.913644" lon="-4.752929">
        <ele>399.411533</ele>
        <time>2026-05-21T08:58:40.000Z</time>
      </trkpt>
      <trkpt lat="36.913652" lon="-4.752935">
        <ele>399.518122</ele>
        <time>2026-05-21T08:58:42.000Z</time>
      </trkpt>
      <trkpt lat="36.913706" lon="-4.752950">
        <ele>400.150197</ele>
        <time>2026-05-21T08:58:47.000Z</time>
      </trkpt>
      <trkpt lat="36.913711" lon="-4.752956">
        <ele>400.229374</ele>
        <time>2026-05-21T08:58:48.000Z</time>
      </trkpt>
      <trkpt lat="36.913751" lon="-4.752979">
        <ele>400.732429</ele>
        <time>2026-05-21T08:58:52.000Z</time>
      </trkpt>
      <trkpt lat="36.913769" lon="-4.752992">
        <ele>400.969938</ele>
        <time>2026-05-21T08:58:54.000Z</time>
      </trkpt>
      <trkpt lat="36.913810" lon="-4.753033">
        <ele>401.569767</ele>
        <time>2026-05-21T08:58:59.000Z</time>
      </trkpt>
      <trkpt lat="36.913842" lon="-4.753079">
        <ele>402.126831</ele>
        <time>2026-05-21T08:59:04.000Z</time>
      </trkpt>
      <trkpt lat="36.913864" lon="-4.753122">
        <ele>402.593229</ele>
        <time>2026-05-21T08:59:06.000Z</time>
      </trkpt>
      <trkpt lat="36.913897" lon="-4.753185">
        <ele>403.281323</ele>
        <time>2026-05-21T08:59:11.000Z</time>
      </trkpt>
      <trkpt lat="36.913913" lon="-4.753213">
        <ele>403.595750</ele>
        <time>2026-05-21T08:59:13.000Z</time>
      </trkpt>
      <trkpt lat="36.913952" lon="-4.753248">
        <ele>404.144241</ele>
        <time>2026-05-21T08:59:18.000Z</time>
      </trkpt>
      <trkpt lat="36.913972" lon="-4.753239">
        <ele>404.387116</ele>
        <time>2026-05-21T08:59:21.000Z</time>
      </trkpt>
      <trkpt lat="36.914024" lon="-4.753256">
        <ele>405.001266</ele>
        <time>2026-05-21T08:59:25.000Z</time>
      </trkpt>
      <trkpt lat="36.914085" lon="-4.753265">
        <ele>405.703125</ele>
        <time>2026-05-21T08:59:29.000Z</time>
      </trkpt>
      <trkpt lat="36.914102" lon="-4.753248">
        <ele>405.951835</ele>
        <time>2026-05-21T08:59:33.000Z</time>
      </trkpt>
      <trkpt lat="36.914106" lon="-4.753227">
        <ele>406.149061</ele>
        <time>2026-05-21T08:59:35.000Z</time>
      </trkpt>
      <trkpt lat="36.914152" lon="-4.753150">
        <ele>407.027218</ele>
        <time>2026-05-21T08:59:42.000Z</time>
      </trkpt>
      <trkpt lat="36.914165" lon="-4.753093">
        <ele>407.568744</ele>
        <time>2026-05-21T08:59:47.000Z</time>
      </trkpt>
      <trkpt lat="36.914166" lon="-4.753080">
        <ele>407.688061</ele>
        <time>2026-05-21T08:59:48.000Z</time>
      </trkpt>
      <trkpt lat="36.914169" lon="-4.753066">
        <ele>407.820479</ele>
        <time>2026-05-21T08:59:49.000Z</time>
      </trkpt>
      <trkpt lat="36.914172" lon="-4.753037">
        <ele>408.087633</ele>
        <time>2026-05-21T08:59:51.000Z</time>
      </trkpt>
      <trkpt lat="36.914170" lon="-4.752992">
        <ele>408.499389</ele>
        <time>2026-05-21T08:59:55.000Z</time>
      </trkpt>
      <trkpt lat="36.914146" lon="-4.752966">
        <ele>408.862199</ele>
        <time>2026-05-21T08:59:59.000Z</time>
      </trkpt>
      <trkpt lat="36.914143" lon="-4.752962">
        <ele>408.912305</ele>
        <time>2026-05-21T09:00:00.000Z</time>
      </trkpt>
      <trkpt lat="36.914131" lon="-4.752952">
        <ele>409.077073</ele>
        <time>2026-05-21T09:00:01.000Z</time>
      </trkpt>
      <trkpt lat="36.914085" lon="-4.752895">
        <ele>409.816984</ele>
        <time>2026-05-21T09:00:07.000Z</time>
      </trkpt>
      <trkpt lat="36.914081" lon="-4.752888">
        <ele>409.895591</ele>
        <time>2026-05-21T09:00:09.000Z</time>
      </trkpt>
      <trkpt lat="36.914085" lon="-4.752882">
        <ele>409.966962</ele>
        <time>2026-05-21T09:00:10.000Z</time>
      </trkpt>
      <trkpt lat="36.914072" lon="-4.752845">
        <ele>410.336195</ele>
        <time>2026-05-21T09:00:14.000Z</time>
      </trkpt>
      <trkpt lat="36.914056" lon="-4.752792">
        <ele>410.853771</ele>
        <time>2026-05-21T09:00:18.000Z</time>
      </trkpt>
      <trkpt lat="36.914032" lon="-4.752738">
        <ele>411.418217</ele>
        <time>2026-05-21T09:00:22.000Z</time>
      </trkpt>
      <trkpt lat="36.914018" lon="-4.752682">
        <ele>411.954262</ele>
        <time>2026-05-21T09:00:26.000Z</time>
      </trkpt>
      <trkpt lat="36.914010" lon="-4.752634">
        <ele>412.402219</ele>
        <time>2026-05-21T09:00:29.000Z</time>
      </trkpt>
      <trkpt lat="36.914002" lon="-4.752589">
        <ele>412.823382</ele>
        <time>2026-05-21T09:00:32.000Z</time>
      </trkpt>
      <trkpt lat="36.914026" lon="-4.752553">
        <ele>413.251612</ele>
        <time>2026-05-21T09:00:37.000Z</time>
      </trkpt>
      <trkpt lat="36.914052" lon="-4.752460">
        <ele>414.151709</ele>
        <time>2026-05-21T09:00:43.000Z</time>
      </trkpt>
      <trkpt lat="36.914057" lon="-4.752446">
        <ele>414.291794</ele>
        <time>2026-05-21T09:00:44.000Z</time>
      </trkpt>
      <trkpt lat="36.914076" lon="-4.752403">
        <ele>414.740644</ele>
        <time>2026-05-21T09:00:46.000Z</time>
      </trkpt>
      <trkpt lat="36.914106" lon="-4.752342">
        <ele>415.394932</ele>
        <time>2026-05-21T09:00:50.000Z</time>
      </trkpt>
      <trkpt lat="36.914142" lon="-4.752248">
        <ele>416.347157</ele>
        <time>2026-05-21T09:00:57.000Z</time>
      </trkpt>
      <trkpt lat="36.914156" lon="-4.752200">
        <ele>416.813954</ele>
        <time>2026-05-21T09:01:01.000Z</time>
      </trkpt>
      <trkpt lat="36.914161" lon="-4.752189">
        <ele>416.929556</ele>
        <time>2026-05-21T09:01:03.000Z</time>
      </trkpt>
      <trkpt lat="36.914173" lon="-4.752168">
        <ele>417.165376</ele>
        <time>2026-05-21T09:01:05.000Z</time>
      </trkpt>
      <trkpt lat="36.914206" lon="-4.752136">
        <ele>417.642512</ele>
        <time>2026-05-21T09:01:09.000Z</time>
      </trkpt>
      <trkpt lat="36.914230" lon="-4.752102">
        <ele>418.056874</ele>
        <time>2026-05-21T09:01:11.000Z</time>
      </trkpt>
      <trkpt lat="36.914250" lon="-4.752063">
        <ele>418.480171</ele>
        <time>2026-05-21T09:01:15.000Z</time>
      </trkpt>
      <trkpt lat="36.914263" lon="-4.751988">
        <ele>419.181290</ele>
        <time>2026-05-21T09:01:19.000Z</time>
      </trkpt>
      <trkpt lat="36.914277" lon="-4.751938">
        <ele>419.473694</ele>
        <time>2026-05-21T09:01:21.000Z</time>
      </trkpt>
      <trkpt lat="36.914298" lon="-4.751856">
        <ele>419.883766</ele>
        <time>2026-05-21T09:01:27.000Z</time>
      </trkpt>
      <trkpt lat="36.914299" lon="-4.751812">
        <ele>420.093402</ele>
        <time>2026-05-21T09:01:33.000Z</time>
      </trkpt>
      <trkpt lat="36.914302" lon="-4.751710">
        <ele>420.579509</ele>
        <time>2026-05-21T09:01:39.000Z</time>
      </trkpt>
      <trkpt lat="36.914289" lon="-4.751631">
        <ele>420.963635</ele>
        <time>2026-05-21T09:01:44.000Z</time>
      </trkpt>
      <trkpt lat="36.914288" lon="-4.751603">
        <ele>421.097119</ele>
        <time>2026-05-21T09:01:46.000Z</time>
      </trkpt>
      <trkpt lat="36.914288" lon="-4.751575">
        <ele>421.230470</ele>
        <time>2026-05-21T09:01:48.000Z</time>
      </trkpt>
      <trkpt lat="36.914289" lon="-4.751535">
        <ele>421.421064</ele>
        <time>2026-05-21T09:01:51.000Z</time>
      </trkpt>
      <trkpt lat="36.914284" lon="-4.751493">
        <ele>421.623296</ele>
        <time>2026-05-21T09:01:55.000Z</time>
      </trkpt>
      <trkpt lat="36.914278" lon="-4.751468">
        <ele>421.747608</ele>
        <time>2026-05-21T09:01:57.000Z</time>
      </trkpt>
      <trkpt lat="36.914269" lon="-4.751428">
        <ele>421.945508</ele>
        <time>2026-05-21T09:02:00.000Z</time>
      </trkpt>
      <trkpt lat="36.914253" lon="-4.751372">
        <ele>422.228728</ele>
        <time>2026-05-21T09:02:03.000Z</time>
      </trkpt>
      <trkpt lat="36.914225" lon="-4.751303">
        <ele>422.597245</ele>
        <time>2026-05-21T09:02:08.000Z</time>
      </trkpt>
      <trkpt lat="36.914207" lon="-4.751260">
        <ele>422.828404</ele>
        <time>2026-05-21T09:02:12.000Z</time>
      </trkpt>
      <trkpt lat="36.914183" lon="-4.751214">
        <ele>423.089999</ele>
        <time>2026-05-21T09:02:16.000Z</time>
      </trkpt>
      <trkpt lat="36.914156" lon="-4.751162">
        <ele>423.385291</ele>
        <time>2026-05-21T09:02:21.000Z</time>
      </trkpt>
      <trkpt lat="36.914132" lon="-4.751126">
        <ele>423.608524</ele>
        <time>2026-05-21T09:02:27.000Z</time>
      </trkpt>
      <trkpt lat="36.914133" lon="-4.751130">
        <ele>423.628484</ele>
        <time>2026-05-21T09:02:28.000Z</time>
      </trkpt>
      <trkpt lat="36.914157" lon="-4.751128">
        <ele>423.771760</ele>
        <time>2026-05-21T09:02:37.000Z</time>
      </trkpt>
      <trkpt lat="36.914165" lon="-4.751126">
        <ele>423.820356</ele>
        <time>2026-05-21T09:02:41.000Z</time>
      </trkpt>
      <trkpt lat="36.914152" lon="-4.751114">
        <ele>423.916598</ele>
        <time>2026-05-21T09:02:45.000Z</time>
      </trkpt>
      <trkpt lat="36.914115" lon="-4.751119">
        <ele>424.138276</ele>
        <time>2026-05-21T09:02:50.000Z</time>
      </trkpt>
      <trkpt lat="36.914121" lon="-4.751137">
        <ele>424.231153</ele>
        <time>2026-05-21T09:02:56.000Z</time>
      </trkpt>
      <trkpt lat="36.914128" lon="-4.751138">
        <ele>424.273121</ele>
        <time>2026-05-21T09:02:57.000Z</time>
      </trkpt>
      <trkpt lat="36.914133" lon="-4.751136">
        <ele>424.304390</ele>
        <time>2026-05-21T09:02:58.000Z</time>
      </trkpt>
      <trkpt lat="36.914184" lon="-4.751101">
        <ele>424.650904</ele>
        <time>2026-05-21T09:03:02.000Z</time>
      </trkpt>
      <trkpt lat="36.914172" lon="-4.751079">
        <ele>424.777740</ele>
        <time>2026-05-21T09:03:04.000Z</time>
      </trkpt>
      <trkpt lat="36.914152" lon="-4.751072">
        <ele>424.901449</ele>
        <time>2026-05-21T09:03:09.000Z</time>
      </trkpt>
      <trkpt lat="36.914143" lon="-4.751084">
        <ele>424.979809</ele>
        <time>2026-05-21T09:03:10.000Z</time>
      </trkpt>
      <trkpt lat="36.914136" lon="-4.751093">
        <ele>425.039607</ele>
        <time>2026-05-21T09:03:11.000Z</time>
      </trkpt>
      <trkpt lat="36.914134" lon="-4.751128">
        <ele>425.206721</ele>
        <time>2026-05-21T09:03:18.000Z</time>
      </trkpt>
      <trkpt lat="36.914130" lon="-4.751121">
        <ele>425.247698</ele>
        <time>2026-05-21T09:03:26.000Z</time>
      </trkpt>
      <trkpt lat="36.914154" lon="-4.751067">
        <ele>425.541938</ele>
        <time>2026-05-21T09:03:34.000Z</time>
      </trkpt>
      <trkpt lat="36.914101" lon="-4.751034">
        <ele>425.894596</ele>
        <time>2026-05-21T09:03:42.000Z</time>
      </trkpt>
      <trkpt lat="36.914096" lon="-4.751035">
        <ele>425.924758</ele>
        <time>2026-05-21T09:03:43.000Z</time>
      </trkpt>
      <trkpt lat="36.914087" lon="-4.751040">
        <ele>425.983418</ele>
        <time>2026-05-21T09:03:44.000Z</time>
      </trkpt>
      <trkpt lat="36.914047" lon="-4.751092">
        <ele>426.327078</ele>
        <time>2026-05-21T09:03:50.000Z</time>
      </trkpt>
      <trkpt lat="36.914058" lon="-4.751107">
        <ele>426.424014</ele>
        <time>2026-05-21T09:03:51.000Z</time>
      </trkpt>
      <trkpt lat="36.914108" lon="-4.751155">
        <ele>426.799464</ele>
        <time>2026-05-21T09:03:59.000Z</time>
      </trkpt>
      <trkpt lat="36.914149" lon="-4.751137">
        <ele>427.058294</ele>
        <time>2026-05-21T09:04:08.000Z</time>
      </trkpt>
      <trkpt lat="36.914103" lon="-4.751168">
        <ele>427.369543</ele>
        <time>2026-05-21T09:04:17.000Z</time>
      </trkpt>
      <trkpt lat="36.914107" lon="-4.751152">
        <ele>427.449382</ele>
        <time>2026-05-21T09:04:22.000Z</time>
      </trkpt>
      <trkpt lat="36.914134" lon="-4.751131">
        <ele>427.638772</ele>
        <time>2026-05-21T09:04:25.000Z</time>
      </trkpt>
      <trkpt lat="36.914142" lon="-4.751124">
        <ele>427.696929</ele>
        <time>2026-05-21T09:04:26.000Z</time>
      </trkpt>
      <trkpt lat="36.914183" lon="-4.751117">
        <ele>427.943416</ele>
        <time>2026-05-21T09:04:34.000Z</time>
      </trkpt>
      <trkpt lat="36.914137" lon="-4.751135">
        <ele>428.230518</ele>
        <time>2026-05-21T09:04:41.000Z</time>
      </trkpt>
      <trkpt lat="36.914135" lon="-4.751133">
        <ele>428.245771</ele>
        <time>2026-05-21T09:04:43.000Z</time>
      </trkpt>
      <trkpt lat="36.914154" lon="-4.751124">
        <ele>428.366791</ele>
        <time>2026-05-21T09:04:47.000Z</time>
      </trkpt>
      <trkpt lat="36.914173" lon="-4.751120">
        <ele>428.481559</ele>
        <time>2026-05-21T09:04:49.000Z</time>
      </trkpt>
      <trkpt lat="36.914140" lon="-4.751115">
        <ele>428.679565</ele>
        <time>2026-05-21T09:04:56.000Z</time>
      </trkpt>
      <trkpt lat="36.914150" lon="-4.751117">
        <ele>428.739888</ele>
        <time>2026-05-21T09:05:04.000Z</time>
      </trkpt>
      <trkpt lat="36.914152" lon="-4.751122">
        <ele>428.766515</ele>
        <time>2026-05-21T09:05:07.000Z</time>
      </trkpt>
      <trkpt lat="36.914143" lon="-4.751123">
        <ele>428.820336</ele>
        <time>2026-05-21T09:05:08.000Z</time>
      </trkpt>
      <trkpt lat="36.914138" lon="-4.751125">
        <ele>428.851605</ele>
        <time>2026-05-21T09:05:09.000Z</time>
      </trkpt>
      <trkpt lat="36.914129" lon="-4.751137">
        <ele>428.929964</ele>
        <time>2026-05-21T09:05:12.000Z</time>
      </trkpt>
      <trkpt lat="36.914119" lon="-4.751143">
        <ele>428.996030</ele>
        <time>2026-05-21T09:05:13.000Z</time>
      </trkpt>
      <trkpt lat="36.914109" lon="-4.751135">
        <ele>429.066739</ele>
        <time>2026-05-21T09:05:20.000Z</time>
      </trkpt>
      <trkpt lat="36.914153" lon="-4.751127">
        <ele>429.331585</ele>
        <time>2026-05-21T09:05:30.000Z</time>
      </trkpt>
      <trkpt lat="36.914188" lon="-4.751134">
        <ele>429.542716</ele>
        <time>2026-05-21T09:05:35.000Z</time>
      </trkpt>
      <trkpt lat="36.914149" lon="-4.751167">
        <ele>429.823194</ele>
        <time>2026-05-21T09:05:41.000Z</time>
      </trkpt>
      <trkpt lat="36.914149" lon="-4.751161">
        <ele>429.851769</ele>
        <time>2026-05-21T09:05:43.000Z</time>
      </trkpt>
      <trkpt lat="36.914128" lon="-4.751121">
        <ele>430.113839</ele>
        <time>2026-05-21T09:05:47.000Z</time>
      </trkpt>
      <trkpt lat="36.914116" lon="-4.751094">
        <ele>430.310849</ele>
        <time>2026-05-21T09:05:48.000Z</time>
      </trkpt>
      <trkpt lat="36.914081" lon="-4.751017">
        <ele>430.875730</ele>
        <time>2026-05-21T09:05:54.000Z</time>
      </trkpt>
      <trkpt lat="36.914062" lon="-4.750917">
        <ele>431.531245</ele>
        <time>2026-05-21T09:06:02.000Z</time>
      </trkpt>
      <trkpt lat="36.914084" lon="-4.750846">
        <ele>432.016866</ele>
        <time>2026-05-21T09:06:08.000Z</time>
      </trkpt>
      <trkpt lat="36.914092" lon="-4.750791">
        <ele>432.373388</ele>
        <time>2026-05-21T09:06:10.000Z</time>
      </trkpt>
      <trkpt lat="36.914116" lon="-4.750731">
        <ele>432.801256</ele>
        <time>2026-05-21T09:06:14.000Z</time>
      </trkpt>
      <trkpt lat="36.914119" lon="-4.750709">
        <ele>432.943588</ele>
        <time>2026-05-21T09:06:17.000Z</time>
      </trkpt>
      <trkpt lat="36.914120" lon="-4.750701">
        <ele>432.995228</ele>
        <time>2026-05-21T09:06:18.000Z</time>
      </trkpt>
      <trkpt lat="36.914124" lon="-4.750690">
        <ele>433.072296</ele>
        <time>2026-05-21T09:06:20.000Z</time>
      </trkpt>
      <trkpt lat="36.914129" lon="-4.750665">
        <ele>433.236647</ele>
        <time>2026-05-21T09:06:22.000Z</time>
      </trkpt>
      <trkpt lat="36.914141" lon="-4.750582">
        <ele>433.774568</ele>
        <time>2026-05-21T09:06:28.000Z</time>
      </trkpt>
      <trkpt lat="36.914146" lon="-4.750546">
        <ele>434.007598</ele>
        <time>2026-05-21T09:06:31.000Z</time>
      </trkpt>
      <trkpt lat="36.914147" lon="-4.750537">
        <ele>434.065547</ele>
        <time>2026-05-21T09:06:32.000Z</time>
      </trkpt>
      <trkpt lat="36.914151" lon="-4.750497">
        <ele>434.322636</ele>
        <time>2026-05-21T09:06:36.000Z</time>
      </trkpt>
      <trkpt lat="36.914150" lon="-4.750464">
        <ele>434.533246</ele>
        <time>2026-05-21T09:06:39.000Z</time>
      </trkpt>
      <trkpt lat="36.914153" lon="-4.750404">
        <ele>434.916646</ele>
        <time>2026-05-21T09:06:43.000Z</time>
      </trkpt>
      <trkpt lat="36.914159" lon="-4.750377">
        <ele>435.095367</ele>
        <time>2026-05-21T09:06:46.000Z</time>
      </trkpt>
      <trkpt lat="36.914173" lon="-4.750339">
        <ele>435.362204</ele>
        <time>2026-05-21T09:06:50.000Z</time>
      </trkpt>
      <trkpt lat="36.914194" lon="-4.750266">
        <ele>435.856982</ele>
        <time>2026-05-21T09:06:54.000Z</time>
      </trkpt>
      <trkpt lat="36.914196" lon="-4.750254">
        <ele>435.935158</ele>
        <time>2026-05-21T09:06:55.000Z</time>
      </trkpt>
      <trkpt lat="36.914202" lon="-4.750204">
        <ele>436.257606</ele>
        <time>2026-05-21T09:06:59.000Z</time>
      </trkpt>
      <trkpt lat="36.914213" lon="-4.750143">
        <ele>436.656407</ele>
        <time>2026-05-21T09:07:03.000Z</time>
      </trkpt>
      <trkpt lat="36.914219" lon="-4.750066">
        <ele>437.149804</ele>
        <time>2026-05-21T09:07:09.000Z</time>
      </trkpt>
      <trkpt lat="36.914214" lon="-4.750060">
        <ele>437.205075</ele>
        <time>2026-05-21T09:07:10.000Z</time>
      </trkpt>
      <trkpt lat="36.914184" lon="-4.749981">
        <ele>437.762841</ele>
        <time>2026-05-21T09:07:17.000Z</time>
      </trkpt>
      <trkpt lat="36.914178" lon="-4.749963">
        <ele>437.887213</ele>
        <time>2026-05-21T09:07:19.000Z</time>
      </trkpt>
      <trkpt lat="36.914217" lon="-4.749852">
        <ele>438.660457</ele>
        <time>2026-05-21T09:07:27.000Z</time>
      </trkpt>
      <trkpt lat="36.914225" lon="-4.749832">
        <ele>438.803079</ele>
        <time>2026-05-21T09:07:28.000Z</time>
      </trkpt>
      <trkpt lat="36.914295" lon="-4.749752">
        <ele>439.559433</ele>
        <time>2026-05-21T09:07:35.000Z</time>
      </trkpt>
      <trkpt lat="36.914307" lon="-4.749751">
        <ele>439.655364</ele>
        <time>2026-05-21T09:07:37.000Z</time>
      </trkpt>
      <trkpt lat="36.914336" lon="-4.749750">
        <ele>439.886771</ele>
        <time>2026-05-21T09:07:41.000Z</time>
      </trkpt>
      <trkpt lat="36.914344" lon="-4.749760">
        <ele>439.976989</ele>
        <time>2026-05-21T09:07:43.000Z</time>
      </trkpt>
      <trkpt lat="36.914358" lon="-4.749795">
        <ele>440.226579</ele>
        <time>2026-05-21T09:07:46.000Z</time>
      </trkpt>
      <trkpt lat="36.914367" lon="-4.749809">
        <ele>440.341145</ele>
        <time>2026-05-21T09:07:47.000Z</time>
      </trkpt>
      <trkpt lat="36.914376" lon="-4.749829">
        <ele>440.487510</ele>
        <time>2026-05-21T09:07:48.000Z</time>
      </trkpt>
      <trkpt lat="36.914392" lon="-4.749884">
        <ele>440.860770</ele>
        <time>2026-05-21T09:07:54.000Z</time>
      </trkpt>
      <trkpt lat="36.914405" lon="-4.749982">
        <ele>441.494311</ele>
        <time>2026-05-21T09:08:02.000Z</time>
      </trkpt>
      <trkpt lat="36.914424" lon="-4.750092">
        <ele>442.212022</ele>
        <time>2026-05-21T09:08:12.000Z</time>
      </trkpt>
      <trkpt lat="36.914462" lon="-4.750232">
        <ele>443.154921</ele>
        <time>2026-05-21T09:08:21.000Z</time>
      </trkpt>
      <trkpt lat="36.914510" lon="-4.750324">
        <ele>443.855525</ele>
        <time>2026-05-21T09:08:30.000Z</time>
      </trkpt>
      <trkpt lat="36.914532" lon="-4.750399">
        <ele>444.371094</ele>
        <time>2026-05-21T09:08:36.000Z</time>
      </trkpt>
      <trkpt lat="36.914535" lon="-4.750412">
        <ele>444.470789</ele>
        <time>2026-05-21T09:08:37.000Z</time>
      </trkpt>
      <trkpt lat="36.914550" lon="-4.750515">
        <ele>445.242184</ele>
        <time>2026-05-21T09:08:43.000Z</time>
      </trkpt>
      <trkpt lat="36.914552" lon="-4.750540">
        <ele>445.427305</ele>
        <time>2026-05-21T09:08:45.000Z</time>
      </trkpt>
      <trkpt lat="36.914551" lon="-4.750620">
        <ele>446.016820</ele>
        <time>2026-05-21T09:08:51.000Z</time>
      </trkpt>
      <trkpt lat="36.914549" lon="-4.750674">
        <ele>446.415121</ele>
        <time>2026-05-21T09:08:54.000Z</time>
      </trkpt>
      <trkpt lat="36.914551" lon="-4.750740">
        <ele>446.901761</ele>
        <time>2026-05-21T09:08:58.000Z</time>
      </trkpt>
      <trkpt lat="36.914560" lon="-4.750772">
        <ele>447.151701</ele>
        <time>2026-05-21T09:09:00.000Z</time>
      </trkpt>
      <trkpt lat="36.914578" lon="-4.750905">
        <ele>448.145590</ele>
        <time>2026-05-21T09:09:09.000Z</time>
      </trkpt>
      <trkpt lat="36.914577" lon="-4.750918">
        <ele>448.241817</ele>
        <time>2026-05-21T09:09:10.000Z</time>
      </trkpt>
      <trkpt lat="36.914621" lon="-4.751008">
        <ele>449.019086</ele>
        <time>2026-05-21T09:09:18.000Z</time>
      </trkpt>
      <trkpt lat="36.914630" lon="-4.751014">
        <ele>449.113071</ele>
        <time>2026-05-21T09:09:19.000Z</time>
      </trkpt>
      <trkpt lat="36.914675" lon="-4.751046">
        <ele>449.590106</ele>
        <time>2026-05-21T09:09:24.000Z</time>
      </trkpt>
      <trkpt lat="36.914687" lon="-4.751046">
        <ele>449.700692</ele>
        <time>2026-05-21T09:09:25.000Z</time>
      </trkpt>
      <trkpt lat="36.914739" lon="-4.751024">
        <ele>450.206568</ele>
        <time>2026-05-21T09:09:29.000Z</time>
      </trkpt>
      <trkpt lat="36.914775" lon="-4.751014">
        <ele>450.546407</ele>
        <time>2026-05-21T09:09:32.000Z</time>
      </trkpt>
      <trkpt lat="36.914784" lon="-4.751008">
        <ele>450.640393</ele>
        <time>2026-05-21T09:09:33.000Z</time>
      </trkpt>
      <trkpt lat="36.914794" lon="-4.750995">
        <ele>450.773310</ele>
        <time>2026-05-21T09:09:35.000Z</time>
      </trkpt>
      <trkpt lat="36.914799" lon="-4.750988">
        <ele>450.842471</ele>
        <time>2026-05-21T09:09:36.000Z</time>
      </trkpt>
      <trkpt lat="36.914816" lon="-4.750941">
        <ele>451.222556</ele>
        <time>2026-05-21T09:09:40.000Z</time>
      </trkpt>
      <trkpt lat="36.914820" lon="-4.750899">
        <ele>451.534201</ele>
        <time>2026-05-21T09:09:44.000Z</time>
      </trkpt>
      <trkpt lat="36.914821" lon="-4.750870">
        <ele>451.748072</ele>
        <time>2026-05-21T09:09:47.000Z</time>
      </trkpt>
      <trkpt lat="36.914822" lon="-4.750798">
        <ele>452.278649</ele>
        <time>2026-05-21T09:09:51.000Z</time>
      </trkpt>
      <trkpt lat="36.914823" lon="-4.750778">
        <ele>452.426297</ele>
        <time>2026-05-21T09:09:52.000Z</time>
      </trkpt>
      <trkpt lat="36.914821" lon="-4.750730">
        <ele>452.780442</ele>
        <time>2026-05-21T09:09:55.000Z</time>
      </trkpt>
      <trkpt lat="36.914816" lon="-4.750700">
        <ele>453.006234</ele>
        <time>2026-05-21T09:09:59.000Z</time>
      </trkpt>
      <trkpt lat="36.914806" lon="-4.750687">
        <ele>453.139151</ele>
        <time>2026-05-21T09:10:02.000Z</time>
      </trkpt>
      <trkpt lat="36.914777" lon="-4.750657">
        <ele>453.485966</ele>
        <time>2026-05-21T09:10:08.000Z</time>
      </trkpt>
      <trkpt lat="36.914774" lon="-4.750653">
        <ele>453.526375</ele>
        <time>2026-05-21T09:10:10.000Z</time>
      </trkpt>
      <trkpt lat="36.914779" lon="-4.750653">
        <ele>453.572453</ele>
        <time>2026-05-21T09:10:11.000Z</time>
      </trkpt>
      <trkpt lat="36.914784" lon="-4.750651">
        <ele>453.620829</ele>
        <time>2026-05-21T09:10:15.000Z</time>
      </trkpt>
      <trkpt lat="36.914783" lon="-4.750657">
        <ele>453.665987</ele>
        <time>2026-05-21T09:10:17.000Z</time>
      </trkpt>
      <trkpt lat="36.914779" lon="-4.750671">
        <ele>453.775528</ele>
        <time>2026-05-21T09:10:21.000Z</time>
      </trkpt>
      <trkpt lat="36.914783" lon="-4.750664">
        <ele>453.838923</ele>
        <time>2026-05-21T09:10:26.000Z</time>
      </trkpt>
      <trkpt lat="36.914787" lon="-4.750668">
        <ele>453.886118</ele>
        <time>2026-05-21T09:10:27.000Z</time>
      </trkpt>
      <trkpt lat="36.914805" lon="-4.750609">
        <ele>454.351404</ele>
        <time>2026-05-21T09:10:33.000Z</time>
      </trkpt>
      <trkpt lat="36.914813" lon="-4.750579">
        <ele>454.584415</ele>
        <time>2026-05-21T09:10:37.000Z</time>
      </trkpt>
      <trkpt lat="36.914783" lon="-4.750530">
        <ele>455.039142</ele>
        <time>2026-05-21T09:10:41.000Z</time>
      </trkpt>
      <trkpt lat="36.914783" lon="-4.750505">
        <ele>455.223343</ele>
        <time>2026-05-21T09:10:43.000Z</time>
      </trkpt>
      <trkpt lat="36.914776" lon="-4.750456">
        <ele>455.590093</ele>
        <time>2026-05-21T09:10:46.000Z</time>
      </trkpt>
      <trkpt lat="36.914776" lon="-4.750367">
        <ele>456.245847</ele>
        <time>2026-05-21T09:10:51.000Z</time>
      </trkpt>
      <trkpt lat="36.914777" lon="-4.750358">
        <ele>456.312797</ele>
        <time>2026-05-21T09:10:52.000Z</time>
      </trkpt>
      <trkpt lat="36.914773" lon="-4.750347">
        <ele>456.401834</ele>
        <time>2026-05-21T09:10:53.000Z</time>
      </trkpt>
      <trkpt lat="36.914764" lon="-4.750296">
        <ele>456.786647</ele>
        <time>2026-05-21T09:10:58.000Z</time>
      </trkpt>
      <trkpt lat="36.914761" lon="-4.750273">
        <ele>456.958352</ele>
        <time>2026-05-21T09:11:00.000Z</time>
      </trkpt>
      <trkpt lat="36.914763" lon="-4.750232">
        <ele>457.261003</ele>
        <time>2026-05-21T09:11:03.000Z</time>
      </trkpt>
      <trkpt lat="36.914786" lon="-4.750155">
        <ele>457.866640</ele>
        <time>2026-05-21T09:11:09.000Z</time>
      </trkpt>
      <trkpt lat="36.914789" lon="-4.750140">
        <ele>457.980566</ele>
        <time>2026-05-21T09:11:10.000Z</time>
      </trkpt>
      <trkpt lat="36.914811" lon="-4.750061">
        <ele>458.596937</ele>
        <time>2026-05-21T09:11:15.000Z</time>
      </trkpt>
      <trkpt lat="36.914829" lon="-4.750013">
        <ele>458.987570</ele>
        <time>2026-05-21T09:11:20.000Z</time>
      </trkpt>
      <trkpt lat="36.914830" lon="-4.749984">
        <ele>459.201441</ele>
        <time>2026-05-21T09:11:23.000Z</time>
      </trkpt>
      <trkpt lat="36.914829" lon="-4.749972">
        <ele>459.290336</ele>
        <time>2026-05-21T09:11:24.000Z</time>
      </trkpt>
      <trkpt lat="36.914831" lon="-4.749960">
        <ele>459.380653</ele>
        <time>2026-05-21T09:11:25.000Z</time>
      </trkpt>
      <trkpt lat="36.914835" lon="-4.749908">
        <ele>459.765559</ele>
        <time>2026-05-21T09:11:28.000Z</time>
      </trkpt>
      <trkpt lat="36.914856" lon="-4.749859">
        <ele>460.175188</ele>
        <time>2026-05-21T09:11:33.000Z</time>
      </trkpt>
      <trkpt lat="36.914871" lon="-4.749844">
        <ele>460.352171</ele>
        <time>2026-05-21T09:11:35.000Z</time>
      </trkpt>
      <trkpt lat="36.914880" lon="-4.749826">
        <ele>460.508593</ele>
        <time>2026-05-21T09:11:38.000Z</time>
      </trkpt>
      <trkpt lat="36.914882" lon="-4.749822">
        <ele>460.543354</ele>
        <time>2026-05-21T09:11:39.000Z</time>
      </trkpt>
      <trkpt lat="36.914878" lon="-4.749822">
        <ele>460.580216</ele>
        <time>2026-05-21T09:11:42.000Z</time>
      </trkpt>
      <trkpt lat="36.914855" lon="-4.749822">
        <ele>460.792171</ele>
        <time>2026-05-21T09:11:48.000Z</time>
      </trkpt>
      <trkpt lat="36.914867" lon="-4.749809">
        <ele>460.955954</ele>
        <time>2026-05-21T09:11:50.000Z</time>
      </trkpt>
      <trkpt lat="36.914886" lon="-4.749793">
        <ele>461.265932</ele>
        <time>2026-05-21T09:11:51.000Z</time>
      </trkpt>
      <trkpt lat="36.914911" lon="-4.749764">
        <ele>461.727370</ele>
        <time>2026-05-21T09:11:53.000Z</time>
      </trkpt>
      <trkpt lat="36.914919" lon="-4.749753">
        <ele>461.888265</ele>
        <time>2026-05-21T09:11:54.000Z</time>
      </trkpt>
      <trkpt lat="36.914949" lon="-4.749675">
        <ele>462.824807</ele>
        <time>2026-05-21T09:12:01.000Z</time>
      </trkpt>
      <trkpt lat="36.914965" lon="-4.749620">
        <ele>463.458080</ele>
        <time>2026-05-21T09:12:06.000Z</time>
      </trkpt>
      <trkpt lat="36.914979" lon="-4.749583">
        <ele>463.900992</ele>
        <time>2026-05-21T09:12:09.000Z</time>
      </trkpt>
      <trkpt lat="36.914991" lon="-4.749533">
        <ele>464.465845</ele>
        <time>2026-05-21T09:12:12.000Z</time>
      </trkpt>
      <trkpt lat="36.915001" lon="-4.749477">
        <ele>465.086699</ele>
        <time>2026-05-21T09:12:17.000Z</time>
      </trkpt>
      <trkpt lat="36.915029" lon="-4.749394">
        <ele>466.061434</ele>
        <time>2026-05-21T09:12:25.000Z</time>
      </trkpt>
      <trkpt lat="36.915057" lon="-4.749329">
        <ele>466.860323</ele>
        <time>2026-05-21T09:12:29.000Z</time>
      </trkpt>
      <trkpt lat="36.915064" lon="-4.749320">
        <ele>466.996180</ele>
        <time>2026-05-21T09:12:30.000Z</time>
      </trkpt>
      <trkpt lat="36.915072" lon="-4.749297">
        <ele>467.267572</ele>
        <time>2026-05-21T09:12:31.000Z</time>
      </trkpt>
      <trkpt lat="36.915087" lon="-4.749266">
        <ele>467.659638</ele>
        <time>2026-05-21T09:12:35.000Z</time>
      </trkpt>
      <trkpt lat="36.915109" lon="-4.749224">
        <ele>468.202924</ele>
        <time>2026-05-21T09:12:40.000Z</time>
      </trkpt>
      <trkpt lat="36.915118" lon="-4.749203">
        <ele>468.460731</ele>
        <time>2026-05-21T09:12:42.000Z</time>
      </trkpt>
      <trkpt lat="36.915131" lon="-4.749182">
        <ele>468.748100</ele>
        <time>2026-05-21T09:12:44.000Z</time>
      </trkpt>
      <trkpt lat="36.915134" lon="-4.749176">
        <ele>468.824670</ele>
        <time>2026-05-21T09:12:45.000Z</time>
      </trkpt>
      <trkpt lat="36.915143" lon="-4.749120">
        <ele>469.442714</ele>
        <time>2026-05-21T09:12:50.000Z</time>
      </trkpt>
      <trkpt lat="36.915145" lon="-4.749109">
        <ele>469.564773</ele>
        <time>2026-05-21T09:12:51.000Z</time>
      </trkpt>
      <trkpt lat="36.915145" lon="-4.749099">
        <ele>469.672974</ele>
        <time>2026-05-21T09:12:52.000Z</time>
      </trkpt>
      <trkpt lat="36.915175" lon="-4.749003">
        <ele>470.788224</ele>
        <time>2026-05-21T09:12:59.000Z</time>
      </trkpt>
      <trkpt lat="36.915182" lon="-4.748977">
        <ele>471.085067</ele>
        <time>2026-05-21T09:13:01.000Z</time>
      </trkpt>
      <trkpt lat="36.915190" lon="-4.748905">
        <ele>471.871598</ele>
        <time>2026-05-21T09:13:06.000Z</time>
      </trkpt>
      <trkpt lat="36.915191" lon="-4.748882">
        <ele>472.120827</ele>
        <time>2026-05-21T09:13:08.000Z</time>
      </trkpt>
      <trkpt lat="36.915192" lon="-4.748861">
        <ele>472.348451</ele>
        <time>2026-05-21T09:13:11.000Z</time>
      </trkpt>
      <trkpt lat="36.915193" lon="-4.748781">
        <ele>473.214161</ele>
        <time>2026-05-21T09:13:18.000Z</time>
      </trkpt>
      <trkpt lat="36.915192" lon="-4.748761">
        <ele>473.430985</ele>
        <time>2026-05-21T09:13:20.000Z</time>
      </trkpt>
      <trkpt lat="36.915177" lon="-4.748699">
        <ele>474.131869</ele>
        <time>2026-05-21T09:13:25.000Z</time>
      </trkpt>
      <trkpt lat="36.915168" lon="-4.748656">
        <ele>474.612810</ele>
        <time>2026-05-21T09:13:29.000Z</time>
      </trkpt>
      <trkpt lat="36.915157" lon="-4.748648">
        <ele>474.785011</ele>
        <time>2026-05-21T09:13:32.000Z</time>
      </trkpt>
      <trkpt lat="36.915154" lon="-4.748647">
        <ele>474.827027</ele>
        <time>2026-05-21T09:13:33.000Z</time>
      </trkpt>
      <trkpt lat="36.915145" lon="-4.748652">
        <ele>474.960300</ele>
        <time>2026-05-21T09:13:37.000Z</time>
      </trkpt>
      <trkpt lat="36.915131" lon="-4.748638">
        <ele>475.202875</ele>
        <time>2026-05-21T09:13:39.000Z</time>
      </trkpt>
      <trkpt lat="36.915099" lon="-4.748610">
        <ele>475.731388</ele>
        <time>2026-05-21T09:13:45.000Z</time>
      </trkpt>
      <trkpt lat="36.915076" lon="-4.748631">
        <ele>476.116763</ele>
        <time>2026-05-21T09:13:55.000Z</time>
      </trkpt>
      <trkpt lat="36.915076" lon="-4.748636">
        <ele>476.170863</ele>
        <time>2026-05-21T09:13:56.000Z</time>
      </trkpt>
      <trkpt lat="36.915086" lon="-4.748644">
        <ele>476.331509</ele>
        <time>2026-05-21T09:13:59.000Z</time>
      </trkpt>
      <trkpt lat="36.915103" lon="-4.748612">
        <ele>476.747216</ele>
        <time>2026-05-21T09:14:04.000Z</time>
      </trkpt>
      <trkpt lat="36.915106" lon="-4.748606">
        <ele>476.823786</ele>
        <time>2026-05-21T09:14:06.000Z</time>
      </trkpt>
      <trkpt lat="36.915111" lon="-4.748600">
        <ele>476.917559</ele>
        <time>2026-05-21T09:14:07.000Z</time>
      </trkpt>
      <trkpt lat="36.915114" lon="-4.748605">
        <ele>476.985199</ele>
        <time>2026-05-21T09:14:09.000Z</time>
      </trkpt>
      <trkpt lat="36.915114" lon="-4.748612">
        <ele>477.060939</ele>
        <time>2026-05-21T09:14:11.000Z</time>
      </trkpt>
      <trkpt lat="36.915111" lon="-4.748618">
        <ele>477.137509</ele>
        <time>2026-05-21T09:14:13.000Z</time>
      </trkpt>
      <trkpt lat="36.915085" lon="-4.748657">
        <ele>477.686941</ele>
        <time>2026-05-21T09:14:23.000Z</time>
      </trkpt>
      <trkpt lat="36.915084" lon="-4.748613">
        <ele>478.163216</ele>
        <time>2026-05-21T09:14:32.000Z</time>
      </trkpt>
      <trkpt lat="36.915103" lon="-4.748597">
        <ele>478.473194</ele>
        <time>2026-05-21T09:14:43.000Z</time>
      </trkpt>
      <trkpt lat="36.915130" lon="-4.748561">
        <ele>479.007273</ele>
        <time>2026-05-21T09:14:48.000Z</time>
      </trkpt>
      <trkpt lat="36.915148" lon="-4.748511">
        <ele>479.600589</ele>
        <time>2026-05-21T09:14:51.000Z</time>
      </trkpt>
      <trkpt lat="36.915152" lon="-4.748491">
        <ele>479.823658</ele>
        <time>2026-05-21T09:14:53.000Z</time>
      </trkpt>
      <trkpt lat="36.915156" lon="-4.748426">
        <ele>480.529042</ele>
        <time>2026-05-21T09:14:58.000Z</time>
      </trkpt>
      <trkpt lat="36.915186" lon="-4.748352">
        <ele>481.426776</ele>
        <time>2026-05-21T09:15:04.000Z</time>
      </trkpt>
      <trkpt lat="36.915195" lon="-4.748337">
        <ele>481.629695</ele>
        <time>2026-05-21T09:15:06.000Z</time>
      </trkpt>
      <trkpt lat="36.915215" lon="-4.748307">
        <ele>482.052334</ele>
        <time>2026-05-21T09:15:11.000Z</time>
      </trkpt>
      <trkpt lat="36.915218" lon="-4.748294">
        <ele>482.198737</ele>
        <time>2026-05-21T09:15:13.000Z</time>
      </trkpt>
      <trkpt lat="36.915250" lon="-4.748208">
        <ele>483.225098</ele>
        <time>2026-05-21T09:15:18.000Z</time>
      </trkpt>
      <trkpt lat="36.915287" lon="-4.748121">
        <ele>484.291331</ele>
        <time>2026-05-21T09:15:24.000Z</time>
      </trkpt>
      <trkpt lat="36.915303" lon="-4.748071">
        <ele>484.874056</ele>
        <time>2026-05-21T09:15:30.000Z</time>
      </trkpt>
      <trkpt lat="36.915308" lon="-4.748056">
        <ele>485.049897</ele>
        <time>2026-05-21T09:15:31.000Z</time>
      </trkpt>
      <trkpt lat="36.915320" lon="-4.748009">
        <ele>485.497841</ele>
        <time>2026-05-21T09:15:35.000Z</time>
      </trkpt>
      <trkpt lat="36.915319" lon="-4.747991">
        <ele>485.643946</ele>
        <time>2026-05-21T09:15:36.000Z</time>
      </trkpt>
      <trkpt lat="36.915324" lon="-4.747967">
        <ele>485.844773</ele>
        <time>2026-05-21T09:15:38.000Z</time>
      </trkpt>
      <trkpt lat="36.915325" lon="-4.747958">
        <ele>485.918350</ele>
        <time>2026-05-21T09:15:39.000Z</time>
      </trkpt>
      <trkpt lat="36.915327" lon="-4.747909">
        <ele>486.315639</ele>
        <time>2026-05-21T09:15:42.000Z</time>
      </trkpt>
      <trkpt lat="36.915334" lon="-4.747883">
        <ele>486.537787</ele>
        <time>2026-05-21T09:15:45.000Z</time>
      </trkpt>
      <trkpt lat="36.915342" lon="-4.747861">
        <ele>486.733489</ele>
        <time>2026-05-21T09:15:48.000Z</time>
      </trkpt>
      <trkpt lat="36.915363" lon="-4.747782">
        <ele>487.407613</ele>
        <time>2026-05-21T09:15:54.000Z</time>
      </trkpt>
      <trkpt lat="36.915367" lon="-4.747769">
        <ele>487.520405</ele>
        <time>2026-05-21T09:15:56.000Z</time>
      </trkpt>
      <trkpt lat="36.915370" lon="-4.747728">
        <ele>487.853786</ele>
        <time>2026-05-21T09:16:00.000Z</time>
      </trkpt>
      <trkpt lat="36.915370" lon="-4.747712">
        <ele>487.983344</ele>
        <time>2026-05-21T09:16:01.000Z</time>
      </trkpt>
      <trkpt lat="36.915362" lon="-4.747622">
        <ele>488.716599</ele>
        <time>2026-05-21T09:16:06.000Z</time>
      </trkpt>
      <trkpt lat="36.915361" lon="-4.747578">
        <ele>489.073028</ele>
        <time>2026-05-21T09:16:08.000Z</time>
      </trkpt>
      <trkpt lat="36.915369" lon="-4.747536">
        <ele>489.422637</ele>
        <time>2026-05-21T09:16:13.000Z</time>
      </trkpt>
      <trkpt lat="36.915371" lon="-4.747536">
        <ele>489.442892</ele>
        <time>2026-05-21T09:16:14.000Z</time>
      </trkpt>
      <trkpt lat="36.915369" lon="-4.747531">
        <ele>489.488164</ele>
        <time>2026-05-21T09:16:17.000Z</time>
      </trkpt>
      <trkpt lat="36.915346" lon="-4.747512">
        <ele>489.767324</ele>
        <time>2026-05-21T09:16:23.000Z</time>
      </trkpt>
      <trkpt lat="36.915322" lon="-4.747520">
        <ele>490.018874</ele>
        <time>2026-05-21T09:16:27.000Z</time>
      </trkpt>
      <trkpt lat="36.915311" lon="-4.747544">
        <ele>490.242879</ele>
        <time>2026-05-21T09:16:31.000Z</time>
      </trkpt>
      <trkpt lat="36.915316" lon="-4.747556">
        <ele>490.352452</ele>
        <time>2026-05-21T09:16:33.000Z</time>
      </trkpt>
      <trkpt lat="36.915325" lon="-4.747609">
        <ele>490.791186</ele>
        <time>2026-05-21T09:16:39.000Z</time>
      </trkpt>
      <trkpt lat="36.915349" lon="-4.747636">
        <ele>491.118112</ele>
        <time>2026-05-21T09:16:46.000Z</time>
      </trkpt>
      <trkpt lat="36.915353" lon="-4.747634">
        <ele>491.161740</ele>
        <time>2026-05-21T09:16:48.000Z</time>
      </trkpt>
      <trkpt lat="36.915346" lon="-4.747604">
        <ele>491.414795</ele>
        <time>2026-05-21T09:16:58.000Z</time>
      </trkpt>
      <trkpt lat="36.915302" lon="-4.747565">
        <ele>491.960971</ele>
        <time>2026-05-21T09:17:09.000Z</time>
      </trkpt>
      <trkpt lat="36.915335" lon="-4.747562">
        <ele>492.296069</ele>
        <time>2026-05-21T09:17:17.000Z</time>
      </trkpt>
      <trkpt lat="36.915360" lon="-4.747581">
        <ele>492.592341</ele>
        <time>2026-05-21T09:17:25.000Z</time>
      </trkpt>
      <trkpt lat="36.915375" lon="-4.747571">
        <ele>492.764491</ele>
        <time>2026-05-21T09:17:31.000Z</time>
      </trkpt>
      <trkpt lat="36.915365" lon="-4.747585">
        <ele>492.916505</ele>
        <time>2026-05-21T09:17:37.000Z</time>
      </trkpt>
      <trkpt lat="36.915403" lon="-4.747630">
        <ele>493.446494</ele>
        <time>2026-05-21T09:17:39.000Z</time>
      </trkpt>
      <trkpt lat="36.915408" lon="-4.747651">
        <ele>493.623919</ele>
        <time>2026-05-21T09:17:40.000Z</time>
      </trkpt>
      <trkpt lat="36.915447" lon="-4.747691">
        <ele>494.134722</ele>
        <time>2026-05-21T09:17:45.000Z</time>
      </trkpt>
      <trkpt lat="36.915453" lon="-4.747692">
        <ele>494.196026</ele>
        <time>2026-05-21T09:17:46.000Z</time>
      </trkpt>
      <trkpt lat="36.915463" lon="-4.747692">
        <ele>494.297304</ele>
        <time>2026-05-21T09:17:47.000Z</time>
      </trkpt>
      <trkpt lat="36.915471" lon="-4.747691">
        <ele>494.378730</ele>
        <time>2026-05-21T09:17:48.000Z</time>
      </trkpt>
      <trkpt lat="36.915480" lon="-4.747692">
        <ele>494.470238</ele>
        <time>2026-05-21T09:17:49.000Z</time>
      </trkpt>
      <trkpt lat="36.915529" lon="-4.747621">
        <ele>495.229712</ele>
        <time>2026-05-21T09:17:54.000Z</time>
      </trkpt>
      <trkpt lat="36.915455" lon="-4.747526">
        <ele>496.303691</ele>
        <time>2026-05-21T09:17:58.000Z</time>
      </trkpt>
      <trkpt lat="36.915439" lon="-4.747500">
        <ele>496.569364</ele>
        <time>2026-05-21T09:17:59.000Z</time>
      </trkpt>
      <trkpt lat="36.915383" lon="-4.747394">
        <ele>497.598141</ele>
        <time>2026-05-21T09:18:05.000Z</time>
      </trkpt>
      <trkpt lat="36.915383" lon="-4.747385">
        <ele>497.671018</ele>
        <time>2026-05-21T09:18:06.000Z</time>
      </trkpt>
      <trkpt lat="36.915397" lon="-4.747355">
        <ele>497.952292</ele>
        <time>2026-05-21T09:18:09.000Z</time>
      </trkpt>
      <trkpt lat="36.915403" lon="-4.747341">
        <ele>498.080914</ele>
        <time>2026-05-21T09:18:10.000Z</time>
      </trkpt>
      <trkpt lat="36.915420" lon="-4.747281">
        <ele>498.596363</ele>
        <time>2026-05-21T09:18:14.000Z</time>
      </trkpt>
      <trkpt lat="36.915433" lon="-4.747240">
        <ele>498.953509</ele>
        <time>2026-05-21T09:18:17.000Z</time>
      </trkpt>
      <trkpt lat="36.915433" lon="-4.747238">
        <ele>498.969704</ele>
        <time>2026-05-21T09:18:18.000Z</time>
      </trkpt>
      <trkpt lat="36.915434" lon="-4.747250">
        <ele>499.067399</ele>
        <time>2026-05-21T09:18:21.000Z</time>
      </trkpt>
      <trkpt lat="36.915425" lon="-4.747267">
        <ele>499.232497</ele>
        <time>2026-05-21T09:18:22.000Z</time>
      </trkpt>
      <trkpt lat="36.915424" lon="-4.747283">
        <ele>499.362451</ele>
        <time>2026-05-21T09:18:24.000Z</time>
      </trkpt>
      <trkpt lat="36.915420" lon="-4.747293">
        <ele>499.452993</ele>
        <time>2026-05-21T09:18:25.000Z</time>
      </trkpt>
      <trkpt lat="36.915413" lon="-4.747291">
        <ele>499.525714</ele>
        <time>2026-05-21T09:18:27.000Z</time>
      </trkpt>
      <trkpt lat="36.915407" lon="-4.747294">
        <ele>499.591156</ele>
        <time>2026-05-21T09:18:29.000Z</time>
      </trkpt>
      <trkpt lat="36.915402" lon="-4.747298">
        <ele>499.651267</ele>
        <time>2026-05-21T09:18:30.000Z</time>
      </trkpt>
      <trkpt lat="36.915387" lon="-4.747271">
        <ele>499.917495</ele>
        <time>2026-05-21T09:18:37.000Z</time>
      </trkpt>
      <trkpt lat="36.915405" lon="-4.747259">
        <ele>500.124075</ele>
        <time>2026-05-21T09:18:41.000Z</time>
      </trkpt>
      <trkpt lat="36.915411" lon="-4.747272">
        <ele>500.245621</ele>
        <time>2026-05-21T09:18:47.000Z</time>
      </trkpt>
      <trkpt lat="36.915414" lon="-4.747263">
        <ele>500.324578</ele>
        <time>2026-05-21T09:18:49.000Z</time>
      </trkpt>
      <trkpt lat="36.915455" lon="-4.747183">
        <ele>501.094029</ele>
        <time>2026-05-21T09:18:55.000Z</time>
      </trkpt>
      <trkpt lat="36.915472" lon="-4.747133">
        <ele>501.533986</ele>
        <time>2026-05-21T09:18:58.000Z</time>
      </trkpt>
      <trkpt lat="36.915484" lon="-4.747077">
        <ele>502.003444</ele>
        <time>2026-05-21T09:19:02.000Z</time>
      </trkpt>
      <trkpt lat="36.915485" lon="-4.747053">
        <ele>502.198044</ele>
        <time>2026-05-21T09:19:05.000Z</time>
      </trkpt>
      <trkpt lat="36.915490" lon="-4.747012">
        <ele>502.533877</ele>
        <time>2026-05-21T09:19:08.000Z</time>
      </trkpt>
      <trkpt lat="36.915488" lon="-4.746965">
        <ele>502.914992</ele>
        <time>2026-05-21T09:19:12.000Z</time>
      </trkpt>
      <trkpt lat="36.915500" lon="-4.746892">
        <ele>503.538067</ele>
        <time>2026-05-21T09:19:17.000Z</time>
      </trkpt>
      <trkpt lat="36.915508" lon="-4.746845">
        <ele>504.054616</ele>
        <time>2026-05-21T09:19:20.000Z</time>
      </trkpt>
      <trkpt lat="36.915514" lon="-4.746828">
        <ele>504.254371</ele>
        <time>2026-05-21T09:19:23.000Z</time>
      </trkpt>
      <trkpt lat="36.915520" lon="-4.746825">
        <ele>504.341248</ele>
        <time>2026-05-21T09:19:24.000Z</time>
      </trkpt>
      <trkpt lat="36.915533" lon="-4.746776">
        <ele>504.896216</ele>
        <time>2026-05-21T09:19:30.000Z</time>
      </trkpt>
      <trkpt lat="36.915534" lon="-4.746750">
        <ele>505.176026</ele>
        <time>2026-05-21T09:19:32.000Z</time>
      </trkpt>
      <trkpt lat="36.915537" lon="-4.746728">
        <ele>505.415930</ele>
        <time>2026-05-21T09:19:36.000Z</time>
      </trkpt>
      <trkpt lat="36.915541" lon="-4.746728">
        <ele>505.469710</ele>
        <time>2026-05-21T09:19:38.000Z</time>
      </trkpt>
      <trkpt lat="36.915543" lon="-4.746724">
        <ele>505.520424</ele>
        <time>2026-05-21T09:19:39.000Z</time>
      </trkpt>
      <trkpt lat="36.915572" lon="-4.746705">
        <ele>505.960581</ele>
        <time>2026-05-21T09:19:47.000Z</time>
      </trkpt>
      <trkpt lat="36.915579" lon="-4.746691">
        <ele>506.138079</ele>
        <time>2026-05-21T09:19:48.000Z</time>
      </trkpt>
      <trkpt lat="36.915606" lon="-4.746611">
        <ele>507.071518</ele>
        <time>2026-05-21T09:19:55.000Z</time>
      </trkpt>
      <trkpt lat="36.915601" lon="-4.746608">
        <ele>507.146077</ele>
        <time>2026-05-21T09:19:58.000Z</time>
      </trkpt>
      <trkpt lat="36.915606" lon="-4.746616">
        <ele>507.255231</ele>
        <time>2026-05-21T09:20:01.000Z</time>
      </trkpt>
      <trkpt lat="36.915617" lon="-4.746614">
        <ele>507.404679</ele>
        <time>2026-05-21T09:20:03.000Z</time>
      </trkpt>
      <trkpt lat="36.915637" lon="-4.746613">
        <ele>507.673792</ele>
        <time>2026-05-21T09:20:05.000Z</time>
      </trkpt>
      <trkpt lat="36.915671" lon="-4.746590">
        <ele>508.193496</ele>
        <time>2026-05-21T09:20:08.000Z</time>
      </trkpt>
      <trkpt lat="36.915697" lon="-4.746558">
        <ele>508.683927</ele>
        <time>2026-05-21T09:20:11.000Z</time>
      </trkpt>
      <trkpt lat="36.915742" lon="-4.746510">
        <ele>509.479088</ele>
        <time>2026-05-21T09:20:18.000Z</time>
      </trkpt>
      <trkpt lat="36.915744" lon="-4.746503">
        <ele>509.558994</ele>
        <time>2026-05-21T09:20:19.000Z</time>
      </trkpt>
      <trkpt lat="36.915749" lon="-4.746483">
        <ele>509.784249</ele>
        <time>2026-05-21T09:20:21.000Z</time>
      </trkpt>
      <trkpt lat="36.915745" lon="-4.746375">
        <ele>510.946437</ele>
        <time>2026-05-21T09:20:26.000Z</time>
      </trkpt>
      <trkpt lat="36.915744" lon="-4.746315">
        <ele>511.591545</ele>
        <time>2026-05-21T09:20:30.000Z</time>
      </trkpt>
      <trkpt lat="36.915743" lon="-4.746288">
        <ele>511.882092</ele>
        <time>2026-05-21T09:20:34.000Z</time>
      </trkpt>
      <trkpt lat="36.915741" lon="-4.746275">
        <ele>512.024399</ele>
        <time>2026-05-21T09:20:35.000Z</time>
      </trkpt>
      <trkpt lat="36.915741" lon="-4.746214">
        <ele>512.680117</ele>
        <time>2026-05-21T09:20:40.000Z</time>
      </trkpt>
      <trkpt lat="36.915756" lon="-4.746144">
        <ele>513.459138</ele>
        <time>2026-05-21T09:20:46.000Z</time>
      </trkpt>
      <trkpt lat="36.915758" lon="-4.746127">
        <ele>513.643846</ele>
        <time>2026-05-21T09:20:47.000Z</time>
      </trkpt>
      <trkpt lat="36.915761" lon="-4.746107">
        <ele>513.862587</ele>
        <time>2026-05-21T09:20:50.000Z</time>
      </trkpt>
      <trkpt lat="36.915763" lon="-4.746087">
        <ele>514.079251</ele>
        <time>2026-05-21T09:20:52.000Z</time>
      </trkpt>
      <trkpt lat="36.915767" lon="-4.746054">
        <ele>514.438037</ele>
        <time>2026-05-21T09:20:54.000Z</time>
      </trkpt>
      <trkpt lat="36.915771" lon="-4.745996">
        <ele>515.063822</ele>
        <time>2026-05-21T09:20:59.000Z</time>
      </trkpt>
      <trkpt lat="36.915761" lon="-4.745968">
        <ele>515.393471</ele>
        <time>2026-05-21T09:21:02.000Z</time>
      </trkpt>
      <trkpt lat="36.915769" lon="-4.745911">
        <ele>516.015560</ele>
        <time>2026-05-21T09:21:07.000Z</time>
      </trkpt>
      <trkpt lat="36.915763" lon="-4.745876">
        <ele>516.400343</ele>
        <time>2026-05-21T09:21:10.000Z</time>
      </trkpt>
      <trkpt lat="36.915771" lon="-4.745832">
        <ele>516.885395</ele>
        <time>2026-05-21T09:21:13.000Z</time>
      </trkpt>
      <trkpt lat="36.915782" lon="-4.745834">
        <ele>517.034844</ele>
        <time>2026-05-21T09:21:16.000Z</time>
      </trkpt>
      <trkpt lat="36.915804" lon="-4.745836">
        <ele>517.331412</ele>
        <time>2026-05-21T09:21:24.000Z</time>
      </trkpt>
      <trkpt lat="36.915820" lon="-4.745823">
        <ele>517.587935</ele>
        <time>2026-05-21T09:21:33.000Z</time>
      </trkpt>
      <trkpt lat="36.915813" lon="-4.745803">
        <ele>517.822622</ele>
        <time>2026-05-21T09:21:35.000Z</time>
      </trkpt>
      <trkpt lat="36.915813" lon="-4.745788">
        <ele>517.983864</ele>
        <time>2026-05-21T09:21:40.000Z</time>
      </trkpt>
      <trkpt lat="36.915800" lon="-4.745778">
        <ele>518.189058</ele>
        <time>2026-05-21T09:21:43.000Z</time>
      </trkpt>
      <trkpt lat="36.915796" lon="-4.745761">
        <ele>518.379548</ele>
        <time>2026-05-21T09:21:48.000Z</time>
      </trkpt>
      <trkpt lat="36.915814" lon="-4.745788">
        <ele>518.757443</ele>
        <time>2026-05-21T09:21:52.000Z</time>
      </trkpt>
      <trkpt lat="36.915913" lon="-4.745798">
        <ele>520.092823</ele>
        <time>2026-05-21T09:22:01.000Z</time>
      </trkpt>
      <trkpt lat="36.915939" lon="-4.745790">
        <ele>520.452814</ele>
        <time>2026-05-21T09:22:04.000Z</time>
      </trkpt>
      <trkpt lat="36.915988" lon="-4.745761">
        <ele>521.181646</ele>
        <time>2026-05-21T09:22:09.000Z</time>
      </trkpt>
      <trkpt lat="36.915994" lon="-4.745754">
        <ele>521.291962</ele>
        <time>2026-05-21T09:22:10.000Z</time>
      </trkpt>
      <trkpt lat="36.916000" lon="-4.745745">
        <ele>521.417926</ele>
        <time>2026-05-21T09:22:11.000Z</time>
      </trkpt>
      <trkpt lat="36.916011" lon="-4.745734">
        <ele>521.607279</ele>
        <time>2026-05-21T09:22:12.000Z</time>
      </trkpt>
      <trkpt lat="36.916027" lon="-4.745703">
        <ele>522.003914</ele>
        <time>2026-05-21T09:22:14.000Z</time>
      </trkpt>
      <trkpt lat="36.916046" lon="-4.745634">
        <ele>522.788383</ele>
        <time>2026-05-21T09:22:20.000Z</time>
      </trkpt>
      <trkpt lat="36.916044" lon="-4.745640">
        <ele>522.858261</ele>
        <time>2026-05-21T09:22:24.000Z</time>
      </trkpt>
      <trkpt lat="36.916060" lon="-4.745604">
        <ele>523.301013</ele>
        <time>2026-05-21T09:22:28.000Z</time>
      </trkpt>
      <trkpt lat="36.916068" lon="-4.745574">
        <ele>523.640960</ele>
        <time>2026-05-21T09:22:31.000Z</time>
      </trkpt>
      <trkpt lat="36.916110" lon="-4.745502">
        <ele>524.599022</ele>
        <time>2026-05-21T09:22:37.000Z</time>
      </trkpt>
      <trkpt lat="36.916115" lon="-4.745488">
        <ele>524.763846</ele>
        <time>2026-05-21T09:22:38.000Z</time>
      </trkpt>
      <trkpt lat="36.916139" lon="-4.745451">
        <ele>525.276007</ele>
        <time>2026-05-21T09:22:43.000Z</time>
      </trkpt>
      <trkpt lat="36.916148" lon="-4.745431">
        <ele>525.522709</ele>
        <time>2026-05-21T09:22:46.000Z</time>
      </trkpt>
      <trkpt lat="36.916154" lon="-4.745375">
        <ele>526.130058</ele>
        <time>2026-05-21T09:22:51.000Z</time>
      </trkpt>
      <trkpt lat="36.916164" lon="-4.745330">
        <ele>526.632119</ele>
        <time>2026-05-21T09:22:54.000Z</time>
      </trkpt>
      <trkpt lat="36.916166" lon="-4.745317">
        <ele>526.774425</ele>
        <time>2026-05-21T09:22:55.000Z</time>
      </trkpt>
      <trkpt lat="36.916171" lon="-4.745182">
        <ele>528.162469</ele>
        <time>2026-05-21T09:23:01.000Z</time>
      </trkpt>
      <trkpt lat="36.916171" lon="-4.745142">
        <ele>528.544978</ele>
        <time>2026-05-21T09:23:03.000Z</time>
      </trkpt>
      <trkpt lat="36.916065" lon="-4.744966">
        <ele>530.652116</ele>
        <time>2026-05-21T09:23:12.000Z</time>
      </trkpt>
      <trkpt lat="36.916054" lon="-4.744944">
        <ele>530.900249</ele>
        <time>2026-05-21T09:23:13.000Z</time>
      </trkpt>
      <trkpt lat="36.916039" lon="-4.744901">
        <ele>531.348882</ele>
        <time>2026-05-21T09:23:16.000Z</time>
      </trkpt>
      <trkpt lat="36.916032" lon="-4.744858">
        <ele>531.768518</ele>
        <time>2026-05-21T09:23:19.000Z</time>
      </trkpt>
      <trkpt lat="36.916026" lon="-4.744846">
        <ele>531.903863</ele>
        <time>2026-05-21T09:23:21.000Z</time>
      </trkpt>
      <trkpt lat="36.916022" lon="-4.744810">
        <ele>532.251431</ele>
        <time>2026-05-21T09:23:24.000Z</time>
      </trkpt>
      <trkpt lat="36.916025" lon="-4.744792">
        <ele>532.427260</ele>
        <time>2026-05-21T09:23:26.000Z</time>
      </trkpt>
      <trkpt lat="36.916030" lon="-4.744783">
        <ele>532.532063</ele>
        <time>2026-05-21T09:23:28.000Z</time>
      </trkpt>
      <trkpt lat="36.916036" lon="-4.744729">
        <ele>533.053414</ele>
        <time>2026-05-21T09:23:33.000Z</time>
      </trkpt>
      <trkpt lat="36.916043" lon="-4.744694">
        <ele>533.398424</ele>
        <time>2026-05-21T09:23:36.000Z</time>
      </trkpt>
      <trkpt lat="36.916053" lon="-4.744680">
        <ele>533.577949</ele>
        <time>2026-05-21T09:23:40.000Z</time>
      </trkpt>
      <trkpt lat="36.916057" lon="-4.744672">
        <ele>533.668179</ele>
        <time>2026-05-21T09:23:41.000Z</time>
      </trkpt>
      <trkpt lat="36.916084" lon="-4.744618">
        <ele>534.277232</ele>
        <time>2026-05-21T09:23:46.000Z</time>
      </trkpt>
      <trkpt lat="36.916100" lon="-4.744611">
        <ele>534.479973</ele>
        <time>2026-05-21T09:23:48.000Z</time>
      </trkpt>
      <trkpt lat="36.916128" lon="-4.744564">
        <ele>535.040474</ele>
        <time>2026-05-21T09:23:53.000Z</time>
      </trkpt>
      <trkpt lat="36.916129" lon="-4.744549">
        <ele>535.184413</ele>
        <time>2026-05-21T09:23:54.000Z</time>
      </trkpt>
      <trkpt lat="36.916124" lon="-4.744441">
        <ele>536.218919</ele>
        <time>2026-05-21T09:24:01.000Z</time>
      </trkpt>
      <trkpt lat="36.916125" lon="-4.744430">
        <ele>536.324787</ele>
        <time>2026-05-21T09:24:04.000Z</time>
      </trkpt>
      <trkpt lat="36.916132" lon="-4.744401">
        <ele>536.614469</ele>
        <time>2026-05-21T09:24:07.000Z</time>
      </trkpt>
      <trkpt lat="36.916133" lon="-4.744393">
        <ele>536.691901</ele>
        <time>2026-05-21T09:24:08.000Z</time>
      </trkpt>
      <trkpt lat="36.916157" lon="-4.744291">
        <ele>537.708663</ele>
        <time>2026-05-21T09:24:15.000Z</time>
      </trkpt>
      <trkpt lat="36.916162" lon="-4.744215">
        <ele>538.437887</ele>
        <time>2026-05-21T09:24:20.000Z</time>
      </trkpt>
      <trkpt lat="36.916160" lon="-4.744192">
        <ele>538.659127</ele>
        <time>2026-05-21T09:24:22.000Z</time>
      </trkpt>
      <trkpt lat="36.916154" lon="-4.744164">
        <ele>538.936334</ele>
        <time>2026-05-21T09:24:26.000Z</time>
      </trkpt>
      <trkpt lat="36.916152" lon="-4.744112">
        <ele>539.434172</ele>
        <time>2026-05-21T09:24:30.000Z</time>
      </trkpt>
      <trkpt lat="36.916151" lon="-4.744101">
        <ele>539.540040</ele>
        <time>2026-05-21T09:24:31.000Z</time>
      </trkpt>
      <trkpt lat="36.916149" lon="-4.744047">
        <ele>540.056982</ele>
        <time>2026-05-21T09:24:35.000Z</time>
      </trkpt>
      <trkpt lat="36.916153" lon="-4.744037">
        <ele>540.163909</ele>
        <time>2026-05-21T09:24:37.000Z</time>
      </trkpt>
      <trkpt lat="36.916168" lon="-4.743984">
        <ele>540.701552</ele>
        <time>2026-05-21T09:24:41.000Z</time>
      </trkpt>
      <trkpt lat="36.916177" lon="-4.743975">
        <ele>540.839373</ele>
        <time>2026-05-21T09:24:43.000Z</time>
      </trkpt>
      <trkpt lat="36.916182" lon="-4.743936">
        <ele>541.217085</ele>
        <time>2026-05-21T09:24:48.000Z</time>
      </trkpt>
      <trkpt lat="36.916180" lon="-4.743936">
        <ele>541.241006</ele>
        <time>2026-05-21T09:24:51.000Z</time>
      </trkpt>
      <trkpt lat="36.916164" lon="-4.743887">
        <ele>541.747153</ele>
        <time>2026-05-21T09:25:01.000Z</time>
      </trkpt>
      <trkpt lat="36.916161" lon="-4.743906">
        <ele>541.932354</ele>
        <time>2026-05-21T09:25:07.000Z</time>
      </trkpt>
      <trkpt lat="36.916176" lon="-4.743903">
        <ele>542.114043</ele>
        <time>2026-05-21T09:25:09.000Z</time>
      </trkpt>
      <trkpt lat="36.916201" lon="-4.743931">
        <ele>542.515421</ele>
        <time>2026-05-21T09:25:12.000Z</time>
      </trkpt>
      <trkpt lat="36.916218" lon="-4.743950">
        <ele>542.788104</ele>
        <time>2026-05-21T09:25:15.000Z</time>
      </trkpt>
      <trkpt lat="36.916219" lon="-4.743965">
        <ele>542.932042</ele>
        <time>2026-05-21T09:25:17.000Z</time>
      </trkpt>
      <trkpt lat="36.916198" lon="-4.743960">
        <ele>543.187727</ele>
        <time>2026-05-21T09:25:20.000Z</time>
      </trkpt>
      <trkpt lat="36.916191" lon="-4.743948">
        <ele>543.329776</ele>
        <time>2026-05-21T09:25:21.000Z</time>
      </trkpt>
      <trkpt lat="36.916180" lon="-4.743929">
        <ele>543.554102</ele>
        <time>2026-05-21T09:25:24.000Z</time>
      </trkpt>
      <trkpt lat="36.916186" lon="-4.743930">
        <ele>543.626500</ele>
        <time>2026-05-21T09:25:31.000Z</time>
      </trkpt>
      <trkpt lat="36.916192" lon="-4.743924">
        <ele>543.718381</ele>
        <time>2026-05-21T09:25:37.000Z</time>
      </trkpt>
      <trkpt lat="36.916198" lon="-4.743871">
        <ele>544.230262</ele>
        <time>2026-05-21T09:25:46.000Z</time>
      </trkpt>
      <trkpt lat="36.916191" lon="-4.743858">
        <ele>544.380142</ele>
        <time>2026-05-21T09:25:51.000Z</time>
      </trkpt>
      <trkpt lat="36.916181" lon="-4.743849">
        <ele>544.527495</ele>
        <time>2026-05-21T09:25:53.000Z</time>
      </trkpt>
      <trkpt lat="36.916175" lon="-4.743850">
        <ele>544.599893</ele>
        <time>2026-05-21T09:25:54.000Z</time>
      </trkpt>
      <trkpt lat="36.916171" lon="-4.743847">
        <ele>544.655678</ele>
        <time>2026-05-21T09:25:55.000Z</time>
      </trkpt>
      <trkpt lat="36.916150" lon="-4.743842">
        <ele>544.911363</ele>
        <time>2026-05-21T09:26:04.000Z</time>
      </trkpt>
      <trkpt lat="36.916154" lon="-4.743865">
        <ele>545.136449</ele>
        <time>2026-05-21T09:26:09.000Z</time>
      </trkpt>
      <trkpt lat="36.916148" lon="-4.743876">
        <ele>545.263787</ele>
        <time>2026-05-21T09:26:11.000Z</time>
      </trkpt>
      <trkpt lat="36.916150" lon="-4.743886">
        <ele>545.362361</ele>
        <time>2026-05-21T09:26:12.000Z</time>
      </trkpt>
      <trkpt lat="36.916146" lon="-4.743894">
        <ele>545.452591</ele>
        <time>2026-05-21T09:26:13.000Z</time>
      </trkpt>
      <trkpt lat="36.916146" lon="-4.743905">
        <ele>545.557781</ele>
        <time>2026-05-21T09:26:14.000Z</time>
      </trkpt>
      <trkpt lat="36.916159" lon="-4.743923">
        <ele>545.789741</ele>
        <time>2026-05-21T09:26:19.000Z</time>
      </trkpt>
      <trkpt lat="36.916170" lon="-4.743921">
        <ele>545.922691</ele>
        <time>2026-05-21T09:26:21.000Z</time>
      </trkpt>
      <trkpt lat="36.916182" lon="-4.743921">
        <ele>546.066219</ele>
        <time>2026-05-21T09:26:23.000Z</time>
      </trkpt>
      <trkpt lat="36.916186" lon="-4.743925">
        <ele>546.127473</ele>
        <time>2026-05-21T09:26:29.000Z</time>
      </trkpt>
      <trkpt lat="36.916185" lon="-4.743928">
        <ele>546.158555</ele>
        <time>2026-05-21T09:26:30.000Z</time>
      </trkpt>
      <trkpt lat="36.916164" lon="-4.743939">
        <ele>546.430866</ele>
        <time>2026-05-21T09:26:33.000Z</time>
      </trkpt>
      <trkpt lat="36.916147" lon="-4.743950">
        <ele>546.659795</ele>
        <time>2026-05-21T09:26:34.000Z</time>
      </trkpt>
      <trkpt lat="36.916141" lon="-4.743944">
        <ele>546.751677</ele>
        <time>2026-05-21T09:26:35.000Z</time>
      </trkpt>
      <trkpt lat="36.916147" lon="-4.743940">
        <ele>546.832998</ele>
        <time>2026-05-21T09:26:36.000Z</time>
      </trkpt>
      <trkpt lat="36.916144" lon="-4.743947">
        <ele>546.908948</ele>
        <time>2026-05-21T09:26:38.000Z</time>
      </trkpt>
      <trkpt lat="36.916180" lon="-4.743944">
        <ele>547.340487</ele>
        <time>2026-05-21T09:26:42.000Z</time>
      </trkpt>
      <trkpt lat="36.916213" lon="-4.743921">
        <ele>547.792333</ele>
        <time>2026-05-21T09:26:45.000Z</time>
      </trkpt>
      <trkpt lat="36.916213" lon="-4.743920">
        <ele>547.801895</ele>
        <time>2026-05-21T09:26:46.000Z</time>
      </trkpt>
      <trkpt lat="36.916218" lon="-4.743907">
        <ele>547.939847</ele>
        <time>2026-05-21T09:26:51.000Z</time>
      </trkpt>
      <trkpt lat="36.916213" lon="-4.743907">
        <ele>547.999651</ele>
        <time>2026-05-21T09:26:53.000Z</time>
      </trkpt>
      <trkpt lat="36.916185" lon="-4.743919">
        <ele>548.353664</ele>
        <time>2026-05-21T09:26:55.000Z</time>
      </trkpt>
      <trkpt lat="36.916175" lon="-4.743925">
        <ele>548.486321</ele>
        <time>2026-05-21T09:26:56.000Z</time>
      </trkpt>
      <trkpt lat="36.916175" lon="-4.743917">
        <ele>548.562823</ele>
        <time>2026-05-21T09:27:02.000Z</time>
      </trkpt>
      <trkpt lat="36.916173" lon="-4.743907">
        <ele>548.661397</ele>
        <time>2026-05-21T09:27:09.000Z</time>
      </trkpt>
      <trkpt lat="36.916212" lon="-4.743834">
        <ele>549.438177</ele>
        <time>2026-05-21T09:27:19.000Z</time>
      </trkpt>
      <trkpt lat="36.916266" lon="-4.743871">
        <ele>550.041240</ele>
        <time>2026-05-21T09:27:26.000Z</time>
      </trkpt>
      <trkpt lat="36.916324" lon="-4.743850">
        <ele>550.632642</ele>
        <time>2026-05-21T09:27:34.000Z</time>
      </trkpt>
      <trkpt lat="36.916346" lon="-4.743849">
        <ele>550.848263</ele>
        <time>2026-05-21T09:27:38.000Z</time>
      </trkpt>
      <trkpt lat="36.916377" lon="-4.743862">
        <ele>551.168502</ele>
        <time>2026-05-21T09:27:42.000Z</time>
      </trkpt>
      <trkpt lat="36.916379" lon="-4.743879">
        <ele>551.303059</ele>
        <time>2026-05-21T09:27:44.000Z</time>
      </trkpt>
      <trkpt lat="36.916382" lon="-4.743895">
        <ele>551.431751</ele>
        <time>2026-05-21T09:27:46.000Z</time>
      </trkpt>
      <trkpt lat="36.916388" lon="-4.743912">
        <ele>551.577269</ele>
        <time>2026-05-21T09:27:48.000Z</time>
      </trkpt>
      <trkpt lat="36.916393" lon="-4.743923">
        <ele>551.676356</ele>
        <time>2026-05-21T09:27:49.000Z</time>
      </trkpt>
      <trkpt lat="36.916397" lon="-4.743939">
        <ele>551.807631</ele>
        <time>2026-05-21T09:27:51.000Z</time>
      </trkpt>
      <trkpt lat="36.916399" lon="-4.743944">
        <ele>551.851412</ele>
        <time>2026-05-21T09:27:52.000Z</time>
      </trkpt>
      <trkpt lat="36.916415" lon="-4.743993">
        <ele>552.265889</ele>
        <time>2026-05-21T09:27:56.000Z</time>
      </trkpt>
      <trkpt lat="36.916420" lon="-4.744046">
        <ele>552.683800</ele>
        <time>2026-05-21T09:28:00.000Z</time>
      </trkpt>
      <trkpt lat="36.916433" lon="-4.744117">
        <ele>553.254180</ele>
        <time>2026-05-21T09:28:05.000Z</time>
      </trkpt>
      <trkpt lat="36.916434" lon="-4.744139">
        <ele>553.426735</ele>
        <time>2026-05-21T09:28:06.000Z</time>
      </trkpt>
      <trkpt lat="36.916442" lon="-4.744183">
        <ele>553.780087</ele>
        <time>2026-05-21T09:28:11.000Z</time>
      </trkpt>
      <trkpt lat="36.916448" lon="-4.744201">
        <ele>553.932802</ele>
        <time>2026-05-21T09:28:13.000Z</time>
      </trkpt>
      <trkpt lat="36.916454" lon="-4.744215">
        <ele>554.057190</ele>
        <time>2026-05-21T09:28:15.000Z</time>
      </trkpt>
      <trkpt lat="36.916463" lon="-4.744221">
        <ele>554.157080</ele>
        <time>2026-05-21T09:28:17.000Z</time>
      </trkpt>
      <trkpt lat="36.916471" lon="-4.744221">
        <ele>554.235436</ele>
        <time>2026-05-21T09:28:18.000Z</time>
      </trkpt>
      <trkpt lat="36.916487" lon="-4.744230">
        <ele>554.407265</ele>
        <time>2026-05-21T09:28:19.000Z</time>
      </trkpt>
      <trkpt lat="36.916511" lon="-4.744263">
        <ele>554.756601</ele>
        <time>2026-05-21T09:28:22.000Z</time>
      </trkpt>
      <trkpt lat="36.916562" lon="-4.744286">
        <ele>555.287597</ele>
        <time>2026-05-21T09:28:26.000Z</time>
      </trkpt>
      <trkpt lat="36.916606" lon="-4.744290">
        <ele>555.719690</ele>
        <time>2026-05-21T09:28:29.000Z</time>
      </trkpt>
      <trkpt lat="36.916648" lon="-4.744267">
        <ele>556.168758</ele>
        <time>2026-05-21T09:28:33.000Z</time>
      </trkpt>
      <trkpt lat="36.916685" lon="-4.744244">
        <ele>556.573441</ele>
        <time>2026-05-21T09:28:36.000Z</time>
      </trkpt>
      <trkpt lat="36.916714" lon="-4.744195">
        <ele>557.050840</ele>
        <time>2026-05-21T09:28:42.000Z</time>
      </trkpt>
      <trkpt lat="36.916725" lon="-4.744184">
        <ele>557.188780</ele>
        <time>2026-05-21T09:28:44.000Z</time>
      </trkpt>
      <trkpt lat="36.916759" lon="-4.744133">
        <ele>557.708773</ele>
        <time>2026-05-21T09:28:50.000Z</time>
      </trkpt>
      <trkpt lat="36.916763" lon="-4.744130">
        <ele>557.754454</ele>
        <time>2026-05-21T09:28:51.000Z</time>
      </trkpt>
      <trkpt lat="36.916785" lon="-4.744080">
        <ele>558.201369</ele>
        <time>2026-05-21T09:28:54.000Z</time>
      </trkpt>
      <trkpt lat="36.916798" lon="-4.744020">
        <ele>558.688162</ele>
        <time>2026-05-21T09:28:58.000Z</time>
      </trkpt>
      <trkpt lat="36.916803" lon="-4.743975">
        <ele>559.043932</ele>
        <time>2026-05-21T09:29:01.000Z</time>
      </trkpt>
      <trkpt lat="36.916804" lon="-4.743950">
        <ele>559.239946</ele>
        <time>2026-05-21T09:29:03.000Z</time>
      </trkpt>
      <trkpt lat="36.916805" lon="-4.743937">
        <ele>559.342216</ele>
        <time>2026-05-21T09:29:04.000Z</time>
      </trkpt>
      <trkpt lat="36.916801" lon="-4.743823">
        <ele>560.235781</ele>
        <time>2026-05-21T09:29:10.000Z</time>
      </trkpt>
      <trkpt lat="36.916799" lon="-4.743769">
        <ele>560.659095</ele>
        <time>2026-05-21T09:29:15.000Z</time>
      </trkpt>
      <trkpt lat="36.916800" lon="-4.743750">
        <ele>560.808202</ele>
        <time>2026-05-21T09:29:17.000Z</time>
      </trkpt>
      <trkpt lat="36.916811" lon="-4.743682">
        <ele>561.351483</ele>
        <time>2026-05-21T09:29:23.000Z</time>
      </trkpt>
      <trkpt lat="36.916822" lon="-4.743616">
        <ele>561.879423</ele>
        <time>2026-05-21T09:29:27.000Z</time>
      </trkpt>
      <trkpt lat="36.916826" lon="-4.743602">
        <ele>561.995843</ele>
        <time>2026-05-21T09:29:28.000Z</time>
      </trkpt>
      <trkpt lat="36.916830" lon="-4.743602">
        <ele>562.035021</ele>
        <time>2026-05-21T09:29:29.000Z</time>
      </trkpt>
      <trkpt lat="36.916844" lon="-4.743523">
        <ele>562.668665</ele>
        <time>2026-05-21T09:29:34.000Z</time>
      </trkpt>
      <trkpt lat="36.916853" lon="-4.743430">
        <ele>563.402241</ele>
        <time>2026-05-21T09:29:39.000Z</time>
      </trkpt>
      <trkpt lat="36.916853" lon="-4.743420">
        <ele>563.480548</ele>
        <time>2026-05-21T09:29:40.000Z</time>
      </trkpt>
      <trkpt lat="36.916853" lon="-4.743338">
        <ele>564.122669</ele>
        <time>2026-05-21T09:29:48.000Z</time>
      </trkpt>
      <trkpt lat="36.916856" lon="-4.743323">
        <ele>564.243750</ele>
        <time>2026-05-21T09:29:49.000Z</time>
      </trkpt>
      <trkpt lat="36.916856" lon="-4.743313">
        <ele>564.322058</ele>
        <time>2026-05-21T09:29:50.000Z</time>
      </trkpt>
      <trkpt lat="36.916846" lon="-4.743267">
        <ele>564.695350</ele>
        <time>2026-05-21T09:29:53.000Z</time>
      </trkpt>
      <trkpt lat="36.916847" lon="-4.743258">
        <ele>564.766504</ele>
        <time>2026-05-21T09:29:54.000Z</time>
      </trkpt>
      <trkpt lat="36.916841" lon="-4.743243">
        <ele>564.897846</ele>
        <time>2026-05-21T09:29:56.000Z</time>
      </trkpt>
      <trkpt lat="36.916841" lon="-4.743220">
        <ele>565.077954</ele>
        <time>2026-05-21T09:29:57.000Z</time>
      </trkpt>
      <trkpt lat="36.916838" lon="-4.743167">
        <ele>565.494022</ele>
        <time>2026-05-21T09:30:00.000Z</time>
      </trkpt>
      <trkpt lat="36.916843" lon="-4.743108">
        <ele>565.958625</ele>
        <time>2026-05-21T09:30:05.000Z</time>
      </trkpt>
      <trkpt lat="36.916842" lon="-4.743100">
        <ele>566.022032</ele>
        <time>2026-05-21T09:30:07.000Z</time>
      </trkpt>
      <trkpt lat="36.916859" lon="-4.743039">
        <ele>566.527896</ele>
        <time>2026-05-21T09:30:12.000Z</time>
      </trkpt>
      <trkpt lat="36.916883" lon="-4.742948">
        <ele>567.403899</ele>
        <time>2026-05-21T09:30:19.000Z</time>
      </trkpt>
      <trkpt lat="36.916889" lon="-4.742895">
        <ele>567.926873</ele>
        <time>2026-05-21T09:30:26.000Z</time>
      </trkpt>
      <trkpt lat="36.916938" lon="-4.742808">
        <ele>568.966591</ele>
        <time>2026-05-21T09:30:33.000Z</time>
      </trkpt>
      <trkpt lat="36.916946" lon="-4.742793">
        <ele>569.142755</ele>
        <time>2026-05-21T09:30:34.000Z</time>
      </trkpt>
      <trkpt lat="36.916968" lon="-4.742760">
        <ele>569.562543</ele>
        <time>2026-05-21T09:30:39.000Z</time>
      </trkpt>
      <trkpt lat="36.916966" lon="-4.742782">
        <ele>569.778867</ele>
        <time>2026-05-21T09:30:41.000Z</time>
      </trkpt>
      <trkpt lat="36.916958" lon="-4.742751">
        <ele>570.097123</ele>
        <time>2026-05-21T09:30:49.000Z</time>
      </trkpt>
      <trkpt lat="36.916959" lon="-4.742767">
        <ele>570.253919</ele>
        <time>2026-05-21T09:30:57.000Z</time>
      </trkpt>
      <trkpt lat="36.916965" lon="-4.742772">
        <ele>570.342022</ele>
        <time>2026-05-21T09:31:04.000Z</time>
      </trkpt>
      <trkpt lat="36.916967" lon="-4.742772">
        <ele>570.366462</ele>
        <time>2026-05-21T09:31:05.000Z</time>
      </trkpt>
      <trkpt lat="36.916967" lon="-4.742775">
        <ele>570.395772</ele>
        <time>2026-05-21T09:31:09.000Z</time>
      </trkpt>
      <trkpt lat="36.916968" lon="-4.742757">
        <ele>570.572055</ele>
        <time>2026-05-21T09:31:15.000Z</time>
      </trkpt>
      <trkpt lat="36.916978" lon="-4.742775">
        <ele>570.786203</ele>
        <time>2026-05-21T09:31:24.000Z</time>
      </trkpt>
      <trkpt lat="36.916988" lon="-4.742792">
        <ele>570.992403</ele>
        <time>2026-05-21T09:31:26.000Z</time>
      </trkpt>
      <trkpt lat="36.917022" lon="-4.742797">
        <ele>571.410744</ele>
        <time>2026-05-21T09:31:32.000Z</time>
      </trkpt>
      <trkpt lat="36.917008" lon="-4.742790">
        <ele>571.594987</ele>
        <time>2026-05-21T09:31:34.000Z</time>
      </trkpt>
      <trkpt lat="36.916910" lon="-4.742738">
        <ele>572.895852</ele>
        <time>2026-05-21T09:31:41.000Z</time>
      </trkpt>
      <trkpt lat="36.916911" lon="-4.742733">
        <ele>572.946207</ele>
        <time>2026-05-21T09:31:48.000Z</time>
      </trkpt>
      <trkpt lat="36.916899" lon="-4.742687">
        <ele>573.418944</ele>
        <time>2026-05-21T09:31:55.000Z</time>
      </trkpt>
      <trkpt lat="36.916941" lon="-4.742719">
        <ele>574.019908</ele>
        <time>2026-05-21T09:32:00.000Z</time>
      </trkpt>
      <trkpt lat="36.916955" lon="-4.742730">
        <ele>574.221943</ele>
        <time>2026-05-21T09:32:02.000Z</time>
      </trkpt>
      <trkpt lat="36.916974" lon="-4.742742">
        <ele>574.482044</ele>
        <time>2026-05-21T09:32:04.000Z</time>
      </trkpt>
      <trkpt lat="36.916980" lon="-4.742731">
        <ele>574.612142</ele>
        <time>2026-05-21T09:32:06.000Z</time>
      </trkpt>
      <trkpt lat="36.917002" lon="-4.742705">
        <ele>574.982007</ele>
        <time>2026-05-21T09:32:10.000Z</time>
      </trkpt>
      <trkpt lat="36.917005" lon="-4.742692">
        <ele>575.114201</ele>
        <time>2026-05-21T09:32:11.000Z</time>
      </trkpt>
      <trkpt lat="36.917021" lon="-4.742654">
        <ele>575.533797</ele>
        <time>2026-05-21T09:32:15.000Z</time>
      </trkpt>
      <trkpt lat="36.917008" lon="-4.742619">
        <ele>575.910845</ele>
        <time>2026-05-21T09:32:19.000Z</time>
      </trkpt>
      <trkpt lat="36.917007" lon="-4.742561">
        <ele>576.477634</ele>
        <time>2026-05-21T09:32:22.000Z</time>
      </trkpt>
      <trkpt lat="36.917016" lon="-4.742488">
        <ele>577.199271</ele>
        <time>2026-05-21T09:32:26.000Z</time>
      </trkpt>
      <trkpt lat="36.917019" lon="-4.742478">
        <ele>577.303622</ele>
        <time>2026-05-21T09:32:27.000Z</time>
      </trkpt>
      <trkpt lat="36.917033" lon="-4.742451">
        <ele>577.618031</ele>
        <time>2026-05-21T09:32:31.000Z</time>
      </trkpt>
      <trkpt lat="36.917033" lon="-4.742447">
        <ele>577.657110</ele>
        <time>2026-05-21T09:32:32.000Z</time>
      </trkpt>
      <trkpt lat="36.917035" lon="-4.742437">
        <ele>577.757821</ele>
        <time>2026-05-21T09:32:33.000Z</time>
      </trkpt>
      <trkpt lat="36.917046" lon="-4.742398">
        <ele>578.161864</ele>
        <time>2026-05-21T09:32:37.000Z</time>
      </trkpt>
      <trkpt lat="36.917048" lon="-4.742388">
        <ele>578.262574</ele>
        <time>2026-05-21T09:32:38.000Z</time>
      </trkpt>
      <trkpt lat="36.917067" lon="-4.742360">
        <ele>578.621380</ele>
        <time>2026-05-21T09:32:42.000Z</time>
      </trkpt>
      <trkpt lat="36.917074" lon="-4.742348">
        <ele>578.766508</ele>
        <time>2026-05-21T09:32:44.000Z</time>
      </trkpt>
      <trkpt lat="36.917082" lon="-4.742286">
        <ele>579.380083</ele>
        <time>2026-05-21T09:32:48.000Z</time>
      </trkpt>
      <trkpt lat="36.917080" lon="-4.742205">
        <ele>580.171826</ele>
        <time>2026-05-21T09:32:56.000Z</time>
      </trkpt>
      <trkpt lat="36.917090" lon="-4.742145">
        <ele>580.770624</ele>
        <time>2026-05-21T09:33:01.000Z</time>
      </trkpt>
      <trkpt lat="36.917091" lon="-4.742119">
        <ele>581.024936</ele>
        <time>2026-05-21T09:33:03.000Z</time>
      </trkpt>
      <trkpt lat="36.917101" lon="-4.742109">
        <ele>581.181391</ele>
        <time>2026-05-21T09:33:04.000Z</time>
      </trkpt>
      <trkpt lat="36.917116" lon="-4.742083">
        <ele>581.494638</ele>
        <time>2026-05-21T09:33:06.000Z</time>
      </trkpt>
      <trkpt lat="36.917124" lon="-4.742071">
        <ele>581.647288</ele>
        <time>2026-05-21T09:33:08.000Z</time>
      </trkpt>
      <trkpt lat="36.917136" lon="-4.742044">
        <ele>581.949096</ele>
        <time>2026-05-21T09:33:11.000Z</time>
      </trkpt>
      <trkpt lat="36.917165" lon="-4.742006">
        <ele>582.462337</ele>
        <time>2026-05-21T09:33:16.000Z</time>
      </trkpt>
      <trkpt lat="36.917183" lon="-4.741982">
        <ele>582.783838</ele>
        <time>2026-05-21T09:33:19.000Z</time>
      </trkpt>
      <trkpt lat="36.917189" lon="-4.741971">
        <ele>582.913935</ele>
        <time>2026-05-21T09:33:20.000Z</time>
      </trkpt>
      <trkpt lat="36.917208" lon="-4.741916">
        <ele>583.499297</ele>
        <time>2026-05-21T09:33:27.000Z</time>
      </trkpt>
      <trkpt lat="36.917217" lon="-4.741871">
        <ele>583.952491</ele>
        <time>2026-05-21T09:33:30.000Z</time>
      </trkpt>
      <trkpt lat="36.917227" lon="-4.741842">
        <ele>584.261048</ele>
        <time>2026-05-21T09:33:33.000Z</time>
      </trkpt>
      <trkpt lat="36.917237" lon="-4.741805">
        <ele>584.642632</ele>
        <time>2026-05-21T09:33:35.000Z</time>
      </trkpt>
      <trkpt lat="36.917250" lon="-4.741733">
        <ele>585.363781</ele>
        <time>2026-05-21T09:33:40.000Z</time>
      </trkpt>
      <trkpt lat="36.917250" lon="-4.741722">
        <ele>585.471250</ele>
        <time>2026-05-21T09:33:41.000Z</time>
      </trkpt>
      <trkpt lat="36.917258" lon="-4.741679">
        <ele>585.902582</ele>
        <time>2026-05-21T09:33:46.000Z</time>
      </trkpt>
      <trkpt lat="36.917256" lon="-4.741665">
        <ele>586.041527</ele>
        <time>2026-05-21T09:33:48.000Z</time>
      </trkpt>
      <trkpt lat="36.917251" lon="-4.741654">
        <ele>586.165151</ele>
        <time>2026-05-21T09:33:51.000Z</time>
      </trkpt>
      <trkpt lat="36.917243" lon="-4.741664">
        <ele>586.303361</ele>
        <time>2026-05-21T09:33:55.000Z</time>
      </trkpt>
      <trkpt lat="36.917241" lon="-4.741670">
        <ele>586.366871</ele>
        <time>2026-05-21T09:33:56.000Z</time>
      </trkpt>
      <trkpt lat="36.917240" lon="-4.741670">
        <ele>586.379091</ele>
        <time>2026-05-21T09:33:57.000Z</time>
      </trkpt>
      <trkpt lat="36.917250" lon="-4.741669">
        <ele>586.501681</ele>
        <time>2026-05-21T09:34:00.000Z</time>
      </trkpt>
      <trkpt lat="36.917279" lon="-4.741672">
        <ele>586.857271</ele>
        <time>2026-05-21T09:34:05.000Z</time>
      </trkpt>
      <trkpt lat="36.917260" lon="-4.741672">
        <ele>587.089450</ele>
        <time>2026-05-21T09:34:09.000Z</time>
      </trkpt>
      <trkpt lat="36.917249" lon="-4.741658">
        <ele>587.281224</ele>
        <time>2026-05-21T09:34:12.000Z</time>
      </trkpt>
      <trkpt lat="36.917258" lon="-4.741642">
        <ele>587.472355</ele>
        <time>2026-05-21T09:34:14.000Z</time>
      </trkpt>
      <trkpt lat="36.917267" lon="-4.741642">
        <ele>587.582335</ele>
        <time>2026-05-21T09:34:21.000Z</time>
      </trkpt>
      <trkpt lat="36.917273" lon="-4.741636">
        <ele>587.676208</ele>
        <time>2026-05-21T09:34:22.000Z</time>
      </trkpt>
      <trkpt lat="36.917296" lon="-4.741587">
        <ele>588.231341</ele>
        <time>2026-05-21T09:34:29.000Z</time>
      </trkpt>
      <trkpt lat="36.917310" lon="-4.741551">
        <ele>588.622459</ele>
        <time>2026-05-21T09:34:33.000Z</time>
      </trkpt>
      <trkpt lat="36.917326" lon="-4.741504">
        <ele>589.093496</ele>
        <time>2026-05-21T09:34:38.000Z</time>
      </trkpt>
      <trkpt lat="36.917337" lon="-4.741479">
        <ele>589.351228</ele>
        <time>2026-05-21T09:34:40.000Z</time>
      </trkpt>
      <trkpt lat="36.917356" lon="-4.741415">
        <ele>589.967830</ele>
        <time>2026-05-21T09:34:45.000Z</time>
      </trkpt>
      <trkpt lat="36.917359" lon="-4.741408">
        <ele>590.039564</ele>
        <time>2026-05-21T09:34:46.000Z</time>
      </trkpt>
      <trkpt lat="36.917365" lon="-4.741387">
        <ele>590.240980</ele>
        <time>2026-05-21T09:34:49.000Z</time>
      </trkpt>
      <trkpt lat="36.917372" lon="-4.741359">
        <ele>590.505948</ele>
        <time>2026-05-21T09:34:52.000Z</time>
      </trkpt>
      <trkpt lat="36.917378" lon="-4.741345">
        <ele>590.649415</ele>
        <time>2026-05-21T09:34:54.000Z</time>
      </trkpt>
      <trkpt lat="36.917391" lon="-4.741319">
        <ele>590.926384</ele>
        <time>2026-05-21T09:34:57.000Z</time>
      </trkpt>
      <trkpt lat="36.917400" lon="-4.741301">
        <ele>591.118131</ele>
        <time>2026-05-21T09:34:59.000Z</time>
      </trkpt>
      <trkpt lat="36.917401" lon="-4.741299">
        <ele>591.139437</ele>
        <time>2026-05-21T09:35:00.000Z</time>
      </trkpt>
      <trkpt lat="36.917433" lon="-4.741236">
        <ele>591.813565</ele>
        <time>2026-05-21T09:35:06.000Z</time>
      </trkpt>
      <trkpt lat="36.917439" lon="-4.741222">
        <ele>591.957032</ele>
        <time>2026-05-21T09:35:07.000Z</time>
      </trkpt>
      <trkpt lat="36.917461" lon="-4.741168">
        <ele>592.504424</ele>
        <time>2026-05-21T09:35:13.000Z</time>
      </trkpt>
      <trkpt lat="36.917465" lon="-4.741162">
        <ele>592.574983</ele>
        <time>2026-05-21T09:35:14.000Z</time>
      </trkpt>
      <trkpt lat="36.917491" lon="-4.741115">
        <ele>593.091188</ele>
        <time>2026-05-21T09:35:19.000Z</time>
      </trkpt>
      <trkpt lat="36.917519" lon="-4.741088">
        <ele>593.490588</ele>
        <time>2026-05-21T09:35:22.000Z</time>
      </trkpt>
      <trkpt lat="36.917536" lon="-4.741071">
        <ele>593.736467</ele>
        <time>2026-05-21T09:35:24.000Z</time>
      </trkpt>
      <trkpt lat="36.917587" lon="-4.741035">
        <ele>594.398022</ele>
        <time>2026-05-21T09:35:31.000Z</time>
      </trkpt>
      <trkpt lat="36.917619" lon="-4.740988">
        <ele>594.955587</ele>
        <time>2026-05-21T09:35:38.000Z</time>
      </trkpt>
      <trkpt lat="36.917628" lon="-4.740967">
        <ele>595.170787</ele>
        <time>2026-05-21T09:35:40.000Z</time>
      </trkpt>
      <trkpt lat="36.917644" lon="-4.740898">
        <ele>595.819665</ele>
        <time>2026-05-21T09:35:46.000Z</time>
      </trkpt>
      <trkpt lat="36.917654" lon="-4.740877">
        <ele>596.040427</ele>
        <time>2026-05-21T09:35:48.000Z</time>
      </trkpt>
      <trkpt lat="36.917677" lon="-4.740849">
        <ele>596.403007</ele>
        <time>2026-05-21T09:35:52.000Z</time>
      </trkpt>
      <trkpt lat="36.917698" lon="-4.740826">
        <ele>596.718336</ele>
        <time>2026-05-21T09:35:55.000Z</time>
      </trkpt>
      <trkpt lat="36.917705" lon="-4.740819">
        <ele>596.819580</ele>
        <time>2026-05-21T09:35:56.000Z</time>
      </trkpt>
      <trkpt lat="36.917735" lon="-4.740772">
        <ele>597.362768</ele>
        <time>2026-05-21T09:36:01.000Z</time>
      </trkpt>
      <trkpt lat="36.917742" lon="-4.740754">
        <ele>597.543552</ele>
        <time>2026-05-21T09:36:03.000Z</time>
      </trkpt>
      <trkpt lat="36.917768" lon="-4.740666">
        <ele>598.390887</ele>
        <time>2026-05-21T09:36:12.000Z</time>
      </trkpt>
      <trkpt lat="36.917771" lon="-4.740657">
        <ele>598.478955</ele>
        <time>2026-05-21T09:36:13.000Z</time>
      </trkpt>
      <trkpt lat="36.917811" lon="-4.740580">
        <ele>599.308315</ele>
        <time>2026-05-21T09:36:20.000Z</time>
      </trkpt>
      <trkpt lat="36.917880" lon="-4.740485">
        <ele>600.467535</ele>
        <time>2026-05-21T09:36:30.000Z</time>
      </trkpt>
      <trkpt lat="36.917887" lon="-4.740474">
        <ele>600.594514</ele>
        <time>2026-05-21T09:36:31.000Z</time>
      </trkpt>
      <trkpt lat="36.917940" lon="-4.740377">
        <ele>601.655647</ele>
        <time>2026-05-21T09:36:39.000Z</time>
      </trkpt>
      <trkpt lat="36.917946" lon="-4.740366">
        <ele>601.775916</ele>
        <time>2026-05-21T09:36:40.000Z</time>
      </trkpt>
      <trkpt lat="36.917979" lon="-4.740300">
        <ele>602.478987</ele>
        <time>2026-05-21T09:36:46.000Z</time>
      </trkpt>
      <trkpt lat="36.917995" lon="-4.740256">
        <ele>602.915559</ele>
        <time>2026-05-21T09:36:52.000Z</time>
      </trkpt>
      <trkpt lat="36.918002" lon="-4.740247">
        <ele>603.028964</ele>
        <time>2026-05-21T09:36:53.000Z</time>
      </trkpt>
      <trkpt lat="36.918062" lon="-4.740183">
        <ele>603.919778</ele>
        <time>2026-05-21T09:36:58.000Z</time>
      </trkpt>
      <trkpt lat="36.918096" lon="-4.740171">
        <ele>604.318869</ele>
        <time>2026-05-21T09:37:02.000Z</time>
      </trkpt>
      <trkpt lat="36.918145" lon="-4.740150">
        <ele>604.904007</ele>
        <time>2026-05-21T09:37:06.000Z</time>
      </trkpt>
      <trkpt lat="36.918152" lon="-4.740145">
        <ele>604.995070</ele>
        <time>2026-05-21T09:37:07.000Z</time>
      </trkpt>
      <trkpt lat="36.918159" lon="-4.740142">
        <ele>605.078661</ele>
        <time>2026-05-21T09:37:08.000Z</time>
      </trkpt>
      <trkpt lat="36.918171" lon="-4.740132">
        <ele>605.241555</ele>
        <time>2026-05-21T09:37:09.000Z</time>
      </trkpt>
      <trkpt lat="36.918213" lon="-4.740108">
        <ele>605.763192</ele>
        <time>2026-05-21T09:37:14.000Z</time>
      </trkpt>
      <trkpt lat="36.918223" lon="-4.740101">
        <ele>605.892648</ele>
        <time>2026-05-21T09:37:16.000Z</time>
      </trkpt>
      <trkpt lat="36.918265" lon="-4.740056">
        <ele>606.517391</ele>
        <time>2026-05-21T09:37:21.000Z</time>
      </trkpt>
      <trkpt lat="36.918297" lon="-4.740031">
        <ele>606.943611</ele>
        <time>2026-05-21T09:37:24.000Z</time>
      </trkpt>
      <trkpt lat="36.918319" lon="-4.740000">
        <ele>607.317989</ele>
        <time>2026-05-21T09:37:27.000Z</time>
      </trkpt>
      <trkpt lat="36.918337" lon="-4.739970">
        <ele>607.656756</ele>
        <time>2026-05-21T09:37:31.000Z</time>
      </trkpt>
      <trkpt lat="36.918345" lon="-4.739957">
        <ele>607.804923</ele>
        <time>2026-05-21T09:37:33.000Z</time>
      </trkpt>
      <trkpt lat="36.918361" lon="-4.739932">
        <ele>608.094151</ele>
        <time>2026-05-21T09:37:38.000Z</time>
      </trkpt>
      <trkpt lat="36.918361" lon="-4.739921">
        <ele>608.193500</ele>
        <time>2026-05-21T09:37:40.000Z</time>
      </trkpt>
      <trkpt lat="36.918351" lon="-4.739923">
        <ele>608.307903</ele>
        <time>2026-05-21T09:37:41.000Z</time>
      </trkpt>
      <trkpt lat="36.918343" lon="-4.739929">
        <ele>608.413280</ele>
        <time>2026-05-21T09:37:42.000Z</time>
      </trkpt>
      <trkpt lat="36.918332" lon="-4.739931">
        <ele>608.538851</ele>
        <time>2026-05-21T09:37:43.000Z</time>
      </trkpt>
      <trkpt lat="36.918288" lon="-4.739934">
        <ele>609.036650</ele>
        <time>2026-05-21T09:37:48.000Z</time>
      </trkpt>
      <trkpt lat="36.918269" lon="-4.739938">
        <ele>609.146062</ele>
        <time>2026-05-21T09:37:51.000Z</time>
      </trkpt>
      <trkpt lat="36.918274" lon="-4.739941">
        <ele>609.172053</ele>
        <time>2026-05-21T09:37:55.000Z</time>
      </trkpt>
      <trkpt lat="36.918275" lon="-4.739950">
        <ele>609.206100</ele>
        <time>2026-05-21T09:37:59.000Z</time>
      </trkpt>
      <trkpt lat="36.918277" lon="-4.739951">
        <ele>609.216195</ele>
        <time>2026-05-21T09:38:00.000Z</time>
      </trkpt>
      <trkpt lat="36.918302" lon="-4.739919">
        <ele>609.383845</ele>
        <time>2026-05-21T09:38:08.000Z</time>
      </trkpt>
      <trkpt lat="36.918310" lon="-4.739873">
        <ele>609.560241</ele>
        <time>2026-05-21T09:38:12.000Z</time>
      </trkpt>
      <trkpt lat="36.918296" lon="-4.739910">
        <ele>609.713626</ele>
        <time>2026-05-21T09:38:19.000Z</time>
      </trkpt>
      <trkpt lat="36.918296" lon="-4.739921">
        <ele>609.754844</ele>
        <time>2026-05-21T09:38:22.000Z</time>
      </trkpt>
      <trkpt lat="36.918292" lon="-4.739924">
        <ele>609.776703</ele>
        <time>2026-05-21T09:38:26.000Z</time>
      </trkpt>
      <trkpt lat="36.918255" lon="-4.739936">
        <ele>609.955850</ele>
        <time>2026-05-21T09:38:34.000Z</time>
      </trkpt>
      <trkpt lat="36.918247" lon="-4.739943">
        <ele>610.001608</ele>
        <time>2026-05-21T09:38:36.000Z</time>
      </trkpt>
      <trkpt lat="36.918249" lon="-4.739947">
        <ele>610.019286</ele>
        <time>2026-05-21T09:38:38.000Z</time>
      </trkpt>
      <trkpt lat="36.918263" lon="-4.739926">
        <ele>610.121742</ele>
        <time>2026-05-21T09:38:42.000Z</time>
      </trkpt>
      <trkpt lat="36.918278" lon="-4.739915">
        <ele>610.203236</ele>
        <time>2026-05-21T09:38:44.000Z</time>
      </trkpt>
      <trkpt lat="36.918340" lon="-4.739876">
        <ele>610.528496</ele>
        <time>2026-05-21T09:38:53.000Z</time>
      </trkpt>
      <trkpt lat="36.918347" lon="-4.739868">
        <ele>610.572936</ele>
        <time>2026-05-21T09:38:54.000Z</time>
      </trkpt>
      <trkpt lat="36.918389" lon="-4.739824">
        <ele>610.829706</ele>
        <time>2026-05-21T09:39:00.000Z</time>
      </trkpt>
      <trkpt lat="36.918397" lon="-4.739802">
        <ele>610.920268</ele>
        <time>2026-05-21T09:39:02.000Z</time>
      </trkpt>
      <trkpt lat="36.918409" lon="-4.739753">
        <ele>611.112295</ele>
        <time>2026-05-21T09:39:07.000Z</time>
      </trkpt>
      <trkpt lat="36.918412" lon="-4.739719">
        <ele>611.240469</ele>
        <time>2026-05-21T09:39:10.000Z</time>
      </trkpt>
      <trkpt lat="36.918401" lon="-4.739695">
        <ele>611.344128</ele>
        <time>2026-05-21T09:39:17.000Z</time>
      </trkpt>
      <trkpt lat="36.918398" lon="-4.739694">
        <ele>611.358679</ele>
        <time>2026-05-21T09:39:18.000Z</time>
      </trkpt>
      <trkpt lat="36.918405" lon="-4.739693">
        <ele>611.391700</ele>
        <time>2026-05-21T09:39:25.000Z</time>
      </trkpt>
      <trkpt lat="36.918405" lon="-4.739692">
        <ele>611.395447</ele>
        <time>2026-05-21T09:39:26.000Z</time>
      </trkpt>
      <trkpt lat="36.918399" lon="-4.739717">
        <ele>611.493254</ele>
        <time>2026-05-21T09:39:30.000Z</time>
      </trkpt>
      <trkpt lat="36.918411" lon="-4.739770">
        <ele>611.699658</ele>
        <time>2026-05-21T09:39:35.000Z</time>
      </trkpt>
      <trkpt lat="36.918424" lon="-4.739805">
        <ele>611.844268</ele>
        <time>2026-05-21T09:39:41.000Z</time>
      </trkpt>
      <trkpt lat="36.918419" lon="-4.739792">
        <ele>611.898323</ele>
        <time>2026-05-21T09:39:46.000Z</time>
      </trkpt>
      <trkpt lat="36.918409" lon="-4.739790">
        <ele>611.945787</ele>
        <time>2026-05-21T09:39:48.000Z</time>
      </trkpt>
      <trkpt lat="36.918404" lon="-4.739795">
        <ele>611.975790</ele>
        <time>2026-05-21T09:39:49.000Z</time>
      </trkpt>
      <trkpt lat="36.918402" lon="-4.739809">
        <ele>612.029079</ele>
        <time>2026-05-21T09:39:51.000Z</time>
      </trkpt>
      <trkpt lat="36.918409" lon="-4.739836">
        <ele>612.135437</ele>
        <time>2026-05-21T09:39:54.000Z</time>
      </trkpt>
      <trkpt lat="36.918391" lon="-4.739793">
        <ele>612.317310</ele>
        <time>2026-05-21T09:40:01.000Z</time>
      </trkpt>
      <trkpt lat="36.918427" lon="-4.739710">
        <ele>612.671137</ele>
        <time>2026-05-21T09:40:09.000Z</time>
      </trkpt>
      <trkpt lat="36.918432" lon="-4.739712">
        <ele>612.695740</ele>
        <time>2026-05-21T09:40:14.000Z</time>
      </trkpt>
      <trkpt lat="36.918436" lon="-4.739700">
        <ele>612.744456</ele>
        <time>2026-05-21T09:40:17.000Z</time>
      </trkpt>
      <trkpt lat="36.918456" lon="-4.739684">
        <ele>612.855726</ele>
        <time>2026-05-21T09:40:20.000Z</time>
      </trkpt>
      <trkpt lat="36.918469" lon="-4.739695">
        <ele>612.929286</ele>
        <time>2026-05-21T09:40:24.000Z</time>
      </trkpt>
      <trkpt lat="36.918481" lon="-4.739697">
        <ele>612.986025</ele>
        <time>2026-05-21T09:40:26.000Z</time>
      </trkpt>
      <trkpt lat="36.918516" lon="-4.739708">
        <ele>613.155163</ele>
        <time>2026-05-21T09:40:35.000Z</time>
      </trkpt>
      <trkpt lat="36.918518" lon="-4.739679">
        <ele>613.264231</ele>
        <time>2026-05-21T09:40:44.000Z</time>
      </trkpt>
      <trkpt lat="36.918501" lon="-4.739650">
        <ele>613.398976</ele>
        <time>2026-05-21T09:40:48.000Z</time>
      </trkpt>
      <trkpt lat="36.918422" lon="-4.739704">
        <ele>613.820916</ele>
        <time>2026-05-21T09:40:56.000Z</time>
      </trkpt>
      <trkpt lat="36.918412" lon="-4.739765">
        <ele>614.054242</ele>
        <time>2026-05-21T09:41:00.000Z</time>
      </trkpt>
      <trkpt lat="36.918417" lon="-4.739782">
        <ele>614.122116</ele>
        <time>2026-05-21T09:41:03.000Z</time>
      </trkpt>
      <trkpt lat="36.918421" lon="-4.739780">
        <ele>614.142306</ele>
        <time>2026-05-21T09:41:04.000Z</time>
      </trkpt>
      <trkpt lat="36.918432" lon="-4.739795">
        <ele>614.218575</ele>
        <time>2026-05-21T09:41:14.000Z</time>
      </trkpt>
      <trkpt lat="36.918395" lon="-4.739800">
        <ele>614.392996</ele>
        <time>2026-05-21T09:41:24.000Z</time>
      </trkpt>
      <trkpt lat="36.918413" lon="-4.739798">
        <ele>614.477691</ele>
        <time>2026-05-21T09:41:26.000Z</time>
      </trkpt>
      <trkpt lat="36.918443" lon="-4.739807">
        <ele>614.622283</ele>
        <time>2026-05-21T09:41:34.000Z</time>
      </trkpt>
      <trkpt lat="36.918454" lon="-4.739794">
        <ele>614.693211</ele>
        <time>2026-05-21T09:41:39.000Z</time>
      </trkpt>
      <trkpt lat="36.918469" lon="-4.739759">
        <ele>614.842013</ele>
        <time>2026-05-21T09:41:41.000Z</time>
      </trkpt>
      <trkpt lat="36.918510" lon="-4.739677">
        <ele>615.204412</ele>
        <time>2026-05-21T09:41:48.000Z</time>
      </trkpt>
      <trkpt lat="36.918514" lon="-4.739673">
        <ele>615.228415</ele>
        <time>2026-05-21T09:41:49.000Z</time>
      </trkpt>
      <trkpt lat="36.918575" lon="-4.739611">
        <ele>615.596800</ele>
        <time>2026-05-21T09:41:57.000Z</time>
      </trkpt>
      <trkpt lat="36.918583" lon="-4.739601">
        <ele>615.649808</ele>
        <time>2026-05-21T09:41:58.000Z</time>
      </trkpt>
      <trkpt lat="36.918589" lon="-4.739593">
        <ele>615.690910</ele>
        <time>2026-05-21T09:41:59.000Z</time>
      </trkpt>
      <trkpt lat="36.918655" lon="-4.739510">
        <ele>616.129555</ele>
        <time>2026-05-21T09:42:07.000Z</time>
      </trkpt>
      <trkpt lat="36.918729" lon="-4.739454">
        <ele>616.534916</ele>
        <time>2026-05-21T09:42:14.000Z</time>
      </trkpt>
      <trkpt lat="36.918751" lon="-4.739440">
        <ele>616.650603</ele>
        <time>2026-05-21T09:42:16.000Z</time>
      </trkpt>
      <trkpt lat="36.918802" lon="-4.739408">
        <ele>616.918019</ele>
        <time>2026-05-21T09:42:21.000Z</time>
      </trkpt>
      <trkpt lat="36.918835" lon="-4.739400">
        <ele>617.075562</ele>
        <time>2026-05-21T09:42:24.000Z</time>
      </trkpt>
      <trkpt lat="36.918859" lon="-4.739399">
        <ele>617.188108</ele>
        <time>2026-05-21T09:42:27.000Z</time>
      </trkpt>
      <trkpt lat="36.918880" lon="-4.739393">
        <ele>617.289066</ele>
        <time>2026-05-21T09:42:30.000Z</time>
      </trkpt>
      <trkpt lat="36.918890" lon="-4.739390">
        <ele>617.337264</ele>
        <time>2026-05-21T09:42:32.000Z</time>
      </trkpt>
      <trkpt lat="36.918904" lon="-4.739391">
        <ele>617.402986</ele>
        <time>2026-05-21T09:42:33.000Z</time>
      </trkpt>
      <trkpt lat="36.918983" lon="-4.739406">
        <ele>618.048618</ele>
        <time>2026-05-21T09:42:40.000Z</time>
      </trkpt>
      <trkpt lat="36.919029" lon="-4.739446">
        <ele>618.567025</ele>
        <time>2026-05-21T09:42:46.000Z</time>
      </trkpt>
      <trkpt lat="36.919076" lon="-4.739454">
        <ele>619.005938</ele>
        <time>2026-05-21T09:42:52.000Z</time>
      </trkpt>
      <trkpt lat="36.919123" lon="-4.739460">
        <ele>619.443103</ele>
        <time>2026-05-21T09:43:00.000Z</time>
      </trkpt>
      <trkpt lat="36.919134" lon="-4.739445">
        <ele>619.593683</ele>
        <time>2026-05-21T09:43:05.000Z</time>
      </trkpt>
      <trkpt lat="36.919144" lon="-4.739440">
        <ele>619.693336</ele>
        <time>2026-05-21T09:43:12.000Z</time>
      </trkpt>
      <trkpt lat="36.919154" lon="-4.739459">
        <ele>619.861619</ele>
        <time>2026-05-21T09:43:18.000Z</time>
      </trkpt>
      <trkpt lat="36.919159" lon="-4.739462">
        <ele>619.912933</ele>
        <time>2026-05-21T09:43:20.000Z</time>
      </trkpt>
      <trkpt lat="36.919159" lon="-4.739461">
        <ele>619.920331</ele>
        <time>2026-05-21T09:43:22.000Z</time>
      </trkpt>
      <trkpt lat="36.919157" lon="-4.739460">
        <ele>619.940262</ele>
        <time>2026-05-21T09:43:23.000Z</time>
      </trkpt>
      <trkpt lat="36.919141" lon="-4.739435">
        <ele>620.177169</ele>
        <time>2026-05-21T09:43:32.000Z</time>
      </trkpt>
      <trkpt lat="36.919163" lon="-4.739450">
        <ele>620.409022</ele>
        <time>2026-05-21T09:43:36.000Z</time>
      </trkpt>
      <trkpt lat="36.919185" lon="-4.739458">
        <ele>620.621023</ele>
        <time>2026-05-21T09:43:38.000Z</time>
      </trkpt>
      <trkpt lat="36.919259" lon="-4.739458">
        <ele>621.305768</ele>
        <time>2026-05-21T09:43:44.000Z</time>
      </trkpt>
      <trkpt lat="36.919266" lon="-4.739459">
        <ele>621.370962</ele>
        <time>2026-05-21T09:43:45.000Z</time>
      </trkpt>
      <trkpt lat="36.919328" lon="-4.739460">
        <ele>621.944715</ele>
        <time>2026-05-21T09:43:51.000Z</time>
      </trkpt>
      <trkpt lat="36.919342" lon="-4.739462">
        <ele>622.075103</ele>
        <time>2026-05-21T09:43:52.000Z</time>
      </trkpt>
      <trkpt lat="36.919356" lon="-4.739466">
        <ele>622.207986</ele>
        <time>2026-05-21T09:43:53.000Z</time>
      </trkpt>
      <trkpt lat="36.919408" lon="-4.739447">
        <ele>622.709268</ele>
        <time>2026-05-21T09:43:58.000Z</time>
      </trkpt>
      <trkpt lat="36.919416" lon="-4.739441">
        <ele>622.795582</ele>
        <time>2026-05-21T09:43:59.000Z</time>
      </trkpt>
      <trkpt lat="36.919462" lon="-4.739416">
        <ele>623.259678</ele>
        <time>2026-05-21T09:44:04.000Z</time>
      </trkpt>
      <trkpt lat="36.919473" lon="-4.739410">
        <ele>623.370721</ele>
        <time>2026-05-21T09:44:05.000Z</time>
      </trkpt>
      <trkpt lat="36.919487" lon="-4.739403">
        <ele>623.510235</ele>
        <time>2026-05-21T09:44:07.000Z</time>
      </trkpt>
      <trkpt lat="36.919500" lon="-4.739395">
        <ele>623.644298</ele>
        <time>2026-05-21T09:44:09.000Z</time>
      </trkpt>
      <trkpt lat="36.919536" lon="-4.739398">
        <ele>623.978156</ele>
        <time>2026-05-21T09:44:14.000Z</time>
      </trkpt>
      <trkpt lat="36.919545" lon="-4.739397">
        <ele>624.061763</ele>
        <time>2026-05-21T09:44:15.000Z</time>
      </trkpt>
      <trkpt lat="36.919568" lon="-4.739399">
        <ele>624.275103</ele>
        <time>2026-05-21T09:44:18.000Z</time>
      </trkpt>
      <trkpt lat="36.919600" lon="-4.739400">
        <ele>624.571301</ele>
        <time>2026-05-21T09:44:22.000Z</time>
      </trkpt>
      <trkpt lat="36.919618" lon="-4.739401">
        <ele>624.738025</ele>
        <time>2026-05-21T09:44:24.000Z</time>
      </trkpt>
      <trkpt lat="36.919622" lon="-4.739406">
        <ele>624.790353</ele>
        <time>2026-05-21T09:44:26.000Z</time>
      </trkpt>
      <trkpt lat="36.919625" lon="-4.739427">
        <ele>624.948168</ele>
        <time>2026-05-21T09:44:31.000Z</time>
      </trkpt>
      <trkpt lat="36.919626" lon="-4.739432">
        <ele>624.986297</ele>
        <time>2026-05-21T09:44:40.000Z</time>
      </trkpt>
      <trkpt lat="36.919633" lon="-4.739393">
        <ele>625.281993</ele>
        <time>2026-05-21T09:44:48.000Z</time>
      </trkpt>
      <trkpt lat="36.919662" lon="-4.739364">
        <ele>625.625556</ele>
        <time>2026-05-21T09:44:52.000Z</time>
      </trkpt>
      <trkpt lat="36.919702" lon="-4.739330">
        <ele>626.073064</ele>
        <time>2026-05-21T09:44:55.000Z</time>
      </trkpt>
      <trkpt lat="36.919714" lon="-4.739327">
        <ele>626.186300</ele>
        <time>2026-05-21T09:44:56.000Z</time>
      </trkpt>
      <trkpt lat="36.919762" lon="-4.739321">
        <ele>626.632671</ele>
        <time>2026-05-21T09:45:02.000Z</time>
      </trkpt>
      <trkpt lat="36.919782" lon="-4.739310">
        <ele>626.834838</ele>
        <time>2026-05-21T09:45:04.000Z</time>
      </trkpt>
      <trkpt lat="36.919842" lon="-4.739278">
        <ele>627.438400</ele>
        <time>2026-05-21T09:45:09.000Z</time>
      </trkpt>
      <trkpt lat="36.919859" lon="-4.739266">
        <ele>627.619026</ele>
        <time>2026-05-21T09:45:11.000Z</time>
      </trkpt>
      <trkpt lat="36.919882" lon="-4.739254">
        <ele>627.849625</ele>
        <time>2026-05-21T09:45:13.000Z</time>
      </trkpt>
      <trkpt lat="36.919891" lon="-4.739249">
        <ele>627.940750</ele>
        <time>2026-05-21T09:45:14.000Z</time>
      </trkpt>
      <trkpt lat="36.919930" lon="-4.739224">
        <ele>628.346260</ele>
        <time>2026-05-21T09:45:20.000Z</time>
      </trkpt>
      <trkpt lat="36.919934" lon="-4.739218">
        <ele>628.404054</ele>
        <time>2026-05-21T09:45:21.000Z</time>
      </trkpt>
      <trkpt lat="36.919965" lon="-4.739172">
        <ele>628.849124</ele>
        <time>2026-05-21T09:45:27.000Z</time>
      </trkpt>
      <trkpt lat="36.919967" lon="-4.739167">
        <ele>628.890484</ele>
        <time>2026-05-21T09:45:28.000Z</time>
      </trkpt>
      <trkpt lat="36.919976" lon="-4.739160">
        <ele>628.988551</ele>
        <time>2026-05-21T09:45:30.000Z</time>
      </trkpt>
      <trkpt lat="36.920000" lon="-4.739145">
        <ele>629.236811</ele>
        <time>2026-05-21T09:45:33.000Z</time>
      </trkpt>
      <trkpt lat="36.920008" lon="-4.739142">
        <ele>629.314093</ele>
        <time>2026-05-21T09:45:34.000Z</time>
      </trkpt>
      <trkpt lat="36.920081" lon="-4.739106">
        <ele>630.040189</ele>
        <time>2026-05-21T09:45:41.000Z</time>
      </trkpt>
      <trkpt lat="36.920110" lon="-4.739083">
        <ele>630.357931</ele>
        <time>2026-05-21T09:45:46.000Z</time>
      </trkpt>
      <trkpt lat="36.920128" lon="-4.739075">
        <ele>630.534692</ele>
        <time>2026-05-21T09:45:48.000Z</time>
      </trkpt>
      <trkpt lat="36.920186" lon="-4.739059">
        <ele>631.084282</ele>
        <time>2026-05-21T09:45:54.000Z</time>
      </trkpt>
      <trkpt lat="36.920207" lon="-4.739056">
        <ele>631.279864</ele>
        <time>2026-05-21T09:45:56.000Z</time>
      </trkpt>
      <trkpt lat="36.920248" lon="-4.739052">
        <ele>631.660402</ele>
        <time>2026-05-21T09:46:00.000Z</time>
      </trkpt>
      <trkpt lat="36.920276" lon="-4.739048">
        <ele>631.921179</ele>
        <time>2026-05-21T09:46:03.000Z</time>
      </trkpt>
      <trkpt lat="36.920347" lon="-4.739062">
        <ele>632.586277</ele>
        <time>2026-05-21T09:46:10.000Z</time>
      </trkpt>
      <trkpt lat="36.920384" lon="-4.739070">
        <ele>632.933727</ele>
        <time>2026-05-21T09:46:13.000Z</time>
      </trkpt>
      <trkpt lat="36.920426" lon="-4.739075">
        <ele>633.324122</ele>
        <time>2026-05-21T09:46:16.000Z</time>
      </trkpt>
      <trkpt lat="36.920434" lon="-4.739081">
        <ele>633.410436</ele>
        <time>2026-05-21T09:46:18.000Z</time>
      </trkpt>
      <trkpt lat="36.920478" lon="-4.739043">
        <ele>633.905201</ele>
        <time>2026-05-21T09:46:25.000Z</time>
      </trkpt>
      <trkpt lat="36.920479" lon="-4.739033">
        <ele>633.979755</ele>
        <time>2026-05-21T09:46:26.000Z</time>
      </trkpt>
      <trkpt lat="36.920481" lon="-4.738966">
        <ele>633.890224</ele>
        <time>2026-05-21T09:46:31.000Z</time>
      </trkpt>
      <trkpt lat="36.920489" lon="-4.738861">
        <ele>633.299085</ele>
        <time>2026-05-21T09:46:39.000Z</time>
      </trkpt>
      <trkpt lat="36.920497" lon="-4.738832">
        <ele>633.127151</ele>
        <time>2026-05-21T09:46:42.000Z</time>
      </trkpt>
      <trkpt lat="36.920504" lon="-4.738784">
        <ele>632.853696</ele>
        <time>2026-05-21T09:46:47.000Z</time>
      </trkpt>
      <trkpt lat="36.920496" lon="-4.738732">
        <ele>632.556915</ele>
        <time>2026-05-21T09:46:52.000Z</time>
      </trkpt>
      <trkpt lat="36.920493" lon="-4.738724">
        <ele>632.507392</ele>
        <time>2026-05-21T09:46:54.000Z</time>
      </trkpt>
      <trkpt lat="36.920468" lon="-4.738678">
        <ele>632.195656</ele>
        <time>2026-05-21T09:46:59.000Z</time>
      </trkpt>
      <trkpt lat="36.920454" lon="-4.738645">
        <ele>631.986280</ele>
        <time>2026-05-21T09:47:03.000Z</time>
      </trkpt>
      <trkpt lat="36.920441" lon="-4.738627">
        <ele>631.850331</ele>
        <time>2026-05-21T09:47:05.000Z</time>
      </trkpt>
      <trkpt lat="36.920409" lon="-4.738596">
        <ele>631.566590</ele>
        <time>2026-05-21T09:47:11.000Z</time>
      </trkpt>
      <trkpt lat="36.920359" lon="-4.738572">
        <ele>631.191154</ele>
        <time>2026-05-21T09:47:17.000Z</time>
      </trkpt>
      <trkpt lat="36.920348" lon="-4.738574">
        <ele>631.113231</ele>
        <time>2026-05-21T09:47:18.000Z</time>
      </trkpt>
      <trkpt lat="36.920288" lon="-4.738577">
        <ele>630.692279</ele>
        <time>2026-05-21T09:47:23.000Z</time>
      </trkpt>
      <trkpt lat="36.920276" lon="-4.738578">
        <ele>630.607969</ele>
        <time>2026-05-21T09:47:24.000Z</time>
      </trkpt>
      <trkpt lat="36.920254" lon="-4.738590">
        <ele>630.439717</ele>
        <time>2026-05-21T09:47:29.000Z</time>
      </trkpt>
      <trkpt lat="36.920151" lon="-4.738597">
        <ele>629.716594</ele>
        <time>2026-05-21T09:47:35.000Z</time>
      </trkpt>
      <trkpt lat="36.920110" lon="-4.738545">
        <ele>629.307271</ele>
        <time>2026-05-21T09:47:41.000Z</time>
      </trkpt>
      <trkpt lat="36.920085" lon="-4.738447">
        <ele>628.730744</ele>
        <time>2026-05-21T09:47:46.000Z</time>
      </trkpt>
      <trkpt lat="36.920082" lon="-4.738434">
        <ele>628.654910</ele>
        <time>2026-05-21T09:47:47.000Z</time>
      </trkpt>
      <trkpt lat="36.920051" lon="-4.738422">
        <ele>628.427423</ele>
        <time>2026-05-21T09:47:52.000Z</time>
      </trkpt>
      <trkpt lat="36.920022" lon="-4.738421">
        <ele>628.224048</ele>
        <time>2026-05-21T09:47:59.000Z</time>
      </trkpt>
      <trkpt lat="36.920021" lon="-4.738424">
        <ele>628.205832</ele>
        <time>2026-05-21T09:48:01.000Z</time>
      </trkpt>
      <trkpt lat="36.920037" lon="-4.738427">
        <ele>628.092414</ele>
        <time>2026-05-21T09:48:03.000Z</time>
      </trkpt>
      <trkpt lat="36.920050" lon="-4.738432">
        <ele>627.997070</ele>
        <time>2026-05-21T09:48:05.000Z</time>
      </trkpt>
      <trkpt lat="36.920064" lon="-4.738403">
        <ele>627.807205</ele>
        <time>2026-05-21T09:48:12.000Z</time>
      </trkpt>
      <trkpt lat="36.920018" lon="-4.738280">
        <ele>627.046152</ele>
        <time>2026-05-21T09:48:20.000Z</time>
      </trkpt>
      <trkpt lat="36.920038" lon="-4.738291">
        <ele>626.892991</ele>
        <time>2026-05-21T09:48:28.000Z</time>
      </trkpt>
      <trkpt lat="36.920033" lon="-4.738234">
        <ele>626.571615</ele>
        <time>2026-05-21T09:48:35.000Z</time>
      </trkpt>
      <trkpt lat="36.920031" lon="-4.738230">
        <ele>626.545174</ele>
        <time>2026-05-21T09:48:36.000Z</time>
      </trkpt>
      <trkpt lat="36.920030" lon="-4.738230">
        <ele>626.538163</ele>
        <time>2026-05-21T09:48:38.000Z</time>
      </trkpt>
      <trkpt lat="36.920044" lon="-4.738284">
        <ele>626.220003</ele>
        <time>2026-05-21T09:48:46.000Z</time>
      </trkpt>
      <trkpt lat="36.920026" lon="-4.738325">
        <ele>625.957850</ele>
        <time>2026-05-21T09:48:56.000Z</time>
      </trkpt>
      <trkpt lat="36.919996" lon="-4.738278">
        <ele>625.620780</ele>
        <time>2026-05-21T09:49:03.000Z</time>
      </trkpt>
      <trkpt lat="36.919996" lon="-4.738268">
        <ele>625.564735</ele>
        <time>2026-05-21T09:49:04.000Z</time>
      </trkpt>
      <trkpt lat="36.919982" lon="-4.738183">
        <ele>625.078345</ele>
        <time>2026-05-21T09:49:10.000Z</time>
      </trkpt>
      <trkpt lat="36.919977" lon="-4.738166">
        <ele>624.976825</ele>
        <time>2026-05-21T09:49:11.000Z</time>
      </trkpt>
      <trkpt lat="36.919937" lon="-4.738065">
        <ele>624.345119</ele>
        <time>2026-05-21T09:49:19.000Z</time>
      </trkpt>
      <trkpt lat="36.919905" lon="-4.737995">
        <ele>623.893194</ele>
        <time>2026-05-21T09:49:26.000Z</time>
      </trkpt>
      <trkpt lat="36.919889" lon="-4.737949">
        <ele>623.612042</ele>
        <time>2026-05-21T09:49:32.000Z</time>
      </trkpt>
      <trkpt lat="36.919872" lon="-4.737851">
        <ele>623.050016</ele>
        <time>2026-05-21T09:49:39.000Z</time>
      </trkpt>
      <trkpt lat="36.919863" lon="-4.737802">
        <ele>622.768239</ele>
        <time>2026-05-21T09:49:44.000Z</time>
      </trkpt>
      <trkpt lat="36.919855" lon="-4.737785">
        <ele>622.657681</ele>
        <time>2026-05-21T09:49:46.000Z</time>
      </trkpt>
      <trkpt lat="36.919824" lon="-4.737713">
        <ele>622.199357</ele>
        <time>2026-05-21T09:49:53.000Z</time>
      </trkpt>
      <trkpt lat="36.919812" lon="-4.737686">
        <ele>622.026223</ele>
        <time>2026-05-21T09:49:55.000Z</time>
      </trkpt>
      <trkpt lat="36.919785" lon="-4.737639">
        <ele>621.701858</ele>
        <time>2026-05-21T09:50:00.000Z</time>
      </trkpt>
      <trkpt lat="36.919748" lon="-4.737555">
        <ele>621.257526</ele>
        <time>2026-05-21T09:50:07.000Z</time>
      </trkpt>
      <trkpt lat="36.919737" lon="-4.737487">
        <ele>620.966801</ele>
        <time>2026-05-21T09:50:12.000Z</time>
      </trkpt>
      <trkpt lat="36.919739" lon="-4.737458">
        <ele>620.844826</ele>
        <time>2026-05-21T09:50:15.000Z</time>
      </trkpt>
      <trkpt lat="36.919726" lon="-4.737471">
        <ele>620.757587</ele>
        <time>2026-05-21T09:50:21.000Z</time>
      </trkpt>
      <trkpt lat="36.919722" lon="-4.737467">
        <ele>620.730745</ele>
        <time>2026-05-21T09:50:24.000Z</time>
      </trkpt>
      <trkpt lat="36.919719" lon="-4.737470">
        <ele>620.710613</ele>
        <time>2026-05-21T09:50:26.000Z</time>
      </trkpt>
      <trkpt lat="36.919708" lon="-4.737495">
        <ele>620.591033</ele>
        <time>2026-05-21T09:50:33.000Z</time>
      </trkpt>
      <trkpt lat="36.919710" lon="-4.737497">
        <ele>620.577612</ele>
        <time>2026-05-21T09:50:35.000Z</time>
      </trkpt>
      <trkpt lat="36.919716" lon="-4.737494">
        <ele>620.543743</ele>
        <time>2026-05-21T09:50:39.000Z</time>
      </trkpt>
      <trkpt lat="36.919717" lon="-4.737496">
        <ele>620.533858</ele>
        <time>2026-05-21T09:50:41.000Z</time>
      </trkpt>
      <trkpt lat="36.919721" lon="-4.737483">
        <ele>620.475487</ele>
        <time>2026-05-21T09:50:44.000Z</time>
      </trkpt>
      <trkpt lat="36.919725" lon="-4.737388">
        <ele>620.076842</ele>
        <time>2026-05-21T09:50:50.000Z</time>
      </trkpt>
      <trkpt lat="36.919707" lon="-4.737316">
        <ele>619.760722</ele>
        <time>2026-05-21T09:50:58.000Z</time>
      </trkpt>
      <trkpt lat="36.919702" lon="-4.737289">
        <ele>619.644584</ele>
        <time>2026-05-21T09:51:00.000Z</time>
      </trkpt>
      <trkpt lat="36.919706" lon="-4.737234">
        <ele>619.413157</ele>
        <time>2026-05-21T09:51:05.000Z</time>
      </trkpt>
      <trkpt lat="36.919705" lon="-4.737149">
        <ele>619.056930</ele>
        <time>2026-05-21T09:51:11.000Z</time>
      </trkpt>
      <trkpt lat="36.919649" lon="-4.737071">
        <ele>618.617623</ele>
        <time>2026-05-21T09:51:20.000Z</time>
      </trkpt>
      <trkpt lat="36.919643" lon="-4.737054">
        <ele>618.539752</ele>
        <time>2026-05-21T09:51:22.000Z</time>
      </trkpt>
      <trkpt lat="36.919650" lon="-4.737054">
        <ele>618.503062</ele>
        <time>2026-05-21T09:51:24.000Z</time>
      </trkpt>
      <trkpt lat="36.919651" lon="-4.737053">
        <ele>618.496351</ele>
        <time>2026-05-21T09:51:27.000Z</time>
      </trkpt>
      <trkpt lat="36.919649" lon="-4.737071">
        <ele>618.420198</ele>
        <time>2026-05-21T09:51:31.000Z</time>
      </trkpt>
      <trkpt lat="36.919655" lon="-4.737076">
        <ele>618.382408</ele>
        <time>2026-05-21T09:51:37.000Z</time>
      </trkpt>
      <trkpt lat="36.919664" lon="-4.737070">
        <ele>618.328953</ele>
        <time>2026-05-21T09:51:47.000Z</time>
      </trkpt>
      <trkpt lat="36.919662" lon="-4.737067">
        <ele>618.312584</ele>
        <time>2026-05-21T09:51:56.000Z</time>
      </trkpt>
      <trkpt lat="36.919665" lon="-4.737070">
        <ele>618.292452</ele>
        <time>2026-05-21T09:51:57.000Z</time>
      </trkpt>
      <trkpt lat="36.919662" lon="-4.737074">
        <ele>618.269469</ele>
        <time>2026-05-21T09:51:58.000Z</time>
      </trkpt>
      <trkpt lat="36.919656" lon="-4.737066">
        <ele>618.223503</ele>
        <time>2026-05-21T09:52:05.000Z</time>
      </trkpt>
      <trkpt lat="36.919656" lon="-4.737066">
        <ele>618.223503</ele>
        <time>2026-05-21T09:52:06.000Z</time>
      </trkpt>
      <trkpt lat="36.919660" lon="-4.737080">
        <ele>618.161203</ele>
        <time>2026-05-21T09:52:16.000Z</time>
      </trkpt>
      <trkpt lat="36.919669" lon="-4.737093">
        <ele>618.089141</ele>
        <time>2026-05-21T09:52:24.000Z</time>
      </trkpt>
      <trkpt lat="36.919654" lon="-4.737037">
        <ele>617.841655</ele>
        <time>2026-05-21T09:52:32.000Z</time>
      </trkpt>
      <trkpt lat="36.919647" lon="-4.737026">
        <ele>617.782740</ele>
        <time>2026-05-21T09:52:33.000Z</time>
      </trkpt>
      <trkpt lat="36.919626" lon="-4.736993">
        <ele>617.605996</ele>
        <time>2026-05-21T09:52:37.000Z</time>
      </trkpt>
      <trkpt lat="36.919619" lon="-4.736987">
        <ele>617.561517</ele>
        <time>2026-05-21T09:52:39.000Z</time>
      </trkpt>
      <trkpt lat="36.919604" lon="-4.736985">
        <ele>617.482449</ele>
        <time>2026-05-21T09:52:42.000Z</time>
      </trkpt>
      <trkpt lat="36.919590" lon="-4.736969">
        <ele>617.383051</ele>
        <time>2026-05-21T09:52:44.000Z</time>
      </trkpt>
      <trkpt lat="36.919582" lon="-4.736948">
        <ele>617.285571</ele>
        <time>2026-05-21T09:52:47.000Z</time>
      </trkpt>
      <trkpt lat="36.919574" lon="-4.736920">
        <ele>617.160971</ele>
        <time>2026-05-21T09:52:52.000Z</time>
      </trkpt>
      <trkpt lat="36.919575" lon="-4.736926">
        <ele>617.135287</ele>
        <time>2026-05-21T09:52:55.000Z</time>
      </trkpt>
      <trkpt lat="36.919572" lon="-4.736918">
        <ele>617.098259</ele>
        <time>2026-05-21T09:52:57.000Z</time>
      </trkpt>
      <trkpt lat="36.919553" lon="-4.736872">
        <ele>616.881292</ele>
        <time>2026-05-21T09:53:03.000Z</time>
      </trkpt>
      <trkpt lat="36.919550" lon="-4.736863">
        <ele>616.840431</ele>
        <time>2026-05-21T09:53:04.000Z</time>
      </trkpt>
      <trkpt lat="36.919536" lon="-4.736798">
        <ele>616.558339</ele>
        <time>2026-05-21T09:53:12.000Z</time>
      </trkpt>
      <trkpt lat="36.919541" lon="-4.736724">
        <ele>616.247139</ele>
        <time>2026-05-21T09:53:18.000Z</time>
      </trkpt>
      <trkpt lat="36.919516" lon="-4.736648">
        <ele>615.902759</ele>
        <time>2026-05-21T09:53:24.000Z</time>
      </trkpt>
      <trkpt lat="36.919506" lon="-4.736623">
        <ele>615.785617</ele>
        <time>2026-05-21T09:53:27.000Z</time>
      </trkpt>
      <trkpt lat="36.919498" lon="-4.736596">
        <ele>615.664954</ele>
        <time>2026-05-21T09:53:30.000Z</time>
      </trkpt>
      <trkpt lat="36.919487" lon="-4.736523">
        <ele>615.353664</ele>
        <time>2026-05-21T09:53:35.000Z</time>
      </trkpt>
      <trkpt lat="36.919475" lon="-4.736438">
        <ele>614.991963</ele>
        <time>2026-05-21T09:53:43.000Z</time>
      </trkpt>
      <trkpt lat="36.919463" lon="-4.736406">
        <ele>614.843849</ele>
        <time>2026-05-21T09:53:51.000Z</time>
      </trkpt>
      <trkpt lat="36.919451" lon="-4.736418">
        <ele>614.763321</ele>
        <time>2026-05-21T09:53:53.000Z</time>
      </trkpt>
      <trkpt lat="36.919411" lon="-4.736402">
        <ele>614.543202</ele>
        <time>2026-05-21T09:53:58.000Z</time>
      </trkpt>
      <trkpt lat="36.919386" lon="-4.736410">
        <ele>614.407944</ele>
        <time>2026-05-21T09:54:07.000Z</time>
      </trkpt>
      <trkpt lat="36.919389" lon="-4.736411">
        <ele>614.391671</ele>
        <time>2026-05-21T09:54:08.000Z</time>
      </trkpt>
      <trkpt lat="36.919402" lon="-4.736411">
        <ele>614.323532</ele>
        <time>2026-05-21T09:54:12.000Z</time>
      </trkpt>
      <trkpt lat="36.919407" lon="-4.736412">
        <ele>614.296991</ele>
        <time>2026-05-21T09:54:14.000Z</time>
      </trkpt>
      <trkpt lat="36.919403" lon="-4.736413">
        <ele>614.275611</ele>
        <time>2026-05-21T09:54:17.000Z</time>
      </trkpt>
      <trkpt lat="36.919404" lon="-4.736413">
        <ele>614.270369</ele>
        <time>2026-05-21T09:54:19.000Z</time>
      </trkpt>
      <trkpt lat="36.919413" lon="-4.736437">
        <ele>614.159284</ele>
        <time>2026-05-21T09:54:23.000Z</time>
      </trkpt>
      <trkpt lat="36.919418" lon="-4.736448">
        <ele>614.106260</ele>
        <time>2026-05-21T09:54:24.000Z</time>
      </trkpt>
      <trkpt lat="36.919417" lon="-4.736450">
        <ele>614.096375</ele>
        <time>2026-05-21T09:54:25.000Z</time>
      </trkpt>
      <trkpt lat="36.919410" lon="-4.736446">
        <ele>614.056037</ele>
        <time>2026-05-21T09:54:26.000Z</time>
      </trkpt>
      <trkpt lat="36.919403" lon="-4.736443">
        <ele>614.017252</ele>
        <time>2026-05-21T09:54:27.000Z</time>
      </trkpt>
      <trkpt lat="36.919391" lon="-4.736440">
        <ele>613.953110</ele>
        <time>2026-05-21T09:54:29.000Z</time>
      </trkpt>
      <trkpt lat="36.919405" lon="-4.736424">
        <ele>613.853711</ele>
        <time>2026-05-21T09:54:39.000Z</time>
      </trkpt>
      <trkpt lat="36.919373" lon="-4.736392">
        <ele>613.638970</ele>
        <time>2026-05-21T09:54:44.000Z</time>
      </trkpt>
      <trkpt lat="36.919371" lon="-4.736392">
        <ele>613.628487</ele>
        <time>2026-05-21T09:54:47.000Z</time>
      </trkpt>
      <trkpt lat="36.919412" lon="-4.736380">
        <ele>613.407781</ele>
        <time>2026-05-21T09:54:54.000Z</time>
      </trkpt>
      <trkpt lat="36.919453" lon="-4.736350">
        <ele>613.158810</ele>
        <time>2026-05-21T09:54:58.000Z</time>
      </trkpt>
      <trkpt lat="36.919489" lon="-4.736323">
        <ele>612.938795</ele>
        <time>2026-05-21T09:55:02.000Z</time>
      </trkpt>
      <trkpt lat="36.919500" lon="-4.736308">
        <ele>612.853500</ele>
        <time>2026-05-21T09:55:04.000Z</time>
      </trkpt>
      <trkpt lat="36.919539" lon="-4.736236">
        <ele>612.489058</ele>
        <time>2026-05-21T09:55:11.000Z</time>
      </trkpt>
      <trkpt lat="36.919538" lon="-4.736210">
        <ele>612.379980</ele>
        <time>2026-05-21T09:55:13.000Z</time>
      </trkpt>
      <trkpt lat="36.919550" lon="-4.736145">
        <ele>612.118225</ele>
        <time>2026-05-21T09:55:17.000Z</time>
      </trkpt>
      <trkpt lat="36.919578" lon="-4.736074">
        <ele>612.834172</ele>
        <time>2026-05-21T09:55:23.000Z</time>
      </trkpt>
      <trkpt lat="36.919580" lon="-4.736081">
        <ele>612.901396</ele>
        <time>2026-05-21T09:55:24.000Z</time>
      </trkpt>
      <trkpt lat="36.919593" lon="-4.736113">
        <ele>613.226003</ele>
        <time>2026-05-21T09:55:29.000Z</time>
      </trkpt>
      <trkpt lat="36.919610" lon="-4.736116">
        <ele>613.420204</ele>
        <time>2026-05-21T09:55:31.000Z</time>
      </trkpt>
      <trkpt lat="36.919662" lon="-4.736111">
        <ele>614.010141</ele>
        <time>2026-05-21T09:55:37.000Z</time>
      </trkpt>
      <trkpt lat="36.919734" lon="-4.736112">
        <ele>614.824624</ele>
        <time>2026-05-21T09:55:44.000Z</time>
      </trkpt>
      <trkpt lat="36.919749" lon="-4.736114">
        <ele>614.995259</ele>
        <time>2026-05-21T09:55:45.000Z</time>
      </trkpt>
      <trkpt lat="36.919802" lon="-4.736130">
        <ele>615.611986</ele>
        <time>2026-05-21T09:55:50.000Z</time>
      </trkpt>
      <trkpt lat="36.919815" lon="-4.736132">
        <ele>615.760145</ele>
        <time>2026-05-21T09:55:51.000Z</time>
      </trkpt>
      <trkpt lat="36.919839" lon="-4.736139">
        <ele>616.038906</ele>
        <time>2026-05-21T09:55:54.000Z</time>
      </trkpt>
      <trkpt lat="36.919861" lon="-4.736124">
        <ele>616.322330</ele>
        <time>2026-05-21T09:55:58.000Z</time>
      </trkpt>
      <trkpt lat="36.919915" lon="-4.736090">
        <ele>617.006177</ele>
        <time>2026-05-21T09:56:03.000Z</time>
      </trkpt>
      <trkpt lat="36.919927" lon="-4.736085">
        <ele>617.149249</ele>
        <time>2026-05-21T09:56:04.000Z</time>
      </trkpt>
      <trkpt lat="36.919948" lon="-4.736079">
        <ele>617.392911</ele>
        <time>2026-05-21T09:56:06.000Z</time>
      </trkpt>
      <trkpt lat="36.919958" lon="-4.736076">
        <ele>617.509234</ele>
        <time>2026-05-21T09:56:07.000Z</time>
      </trkpt>
      <trkpt lat="36.919965" lon="-4.736076">
        <ele>617.588415</ele>
        <time>2026-05-21T09:56:08.000Z</time>
      </trkpt>
      <trkpt lat="36.919992" lon="-4.736081">
        <ele>617.897157</ele>
        <time>2026-05-21T09:56:12.000Z</time>
      </trkpt>
      <trkpt lat="36.920002" lon="-4.736076">
        <ele>618.018975</ele>
        <time>2026-05-21T09:56:13.000Z</time>
      </trkpt>
      <trkpt lat="36.920018" lon="-4.736066">
        <ele>618.221296</ele>
        <time>2026-05-21T09:56:15.000Z</time>
      </trkpt>
      <trkpt lat="36.920046" lon="-4.736053">
        <ele>618.559135</ele>
        <time>2026-05-21T09:56:17.000Z</time>
      </trkpt>
      <trkpt lat="36.920062" lon="-4.736045">
        <ele>618.754045</ele>
        <time>2026-05-21T09:56:19.000Z</time>
      </trkpt>
      <trkpt lat="36.920071" lon="-4.736045">
        <ele>618.855849</ele>
        <time>2026-05-21T09:56:20.000Z</time>
      </trkpt>
      <trkpt lat="36.920086" lon="-4.736047">
        <ele>619.026484</ele>
        <time>2026-05-21T09:56:22.000Z</time>
      </trkpt>
      <trkpt lat="36.920109" lon="-4.736058">
        <ele>619.305019</ele>
        <time>2026-05-21T09:56:26.000Z</time>
      </trkpt>
      <trkpt lat="36.920115" lon="-4.736061">
        <ele>619.378110</ele>
        <time>2026-05-21T09:56:27.000Z</time>
      </trkpt>
      <trkpt lat="36.920141" lon="-4.736078">
        <ele>619.709969</ele>
        <time>2026-05-21T09:56:30.000Z</time>
      </trkpt>
      <trkpt lat="36.920171" lon="-4.736112">
        <ele>620.167894</ele>
        <time>2026-05-21T09:56:34.000Z</time>
      </trkpt>
      <trkpt lat="36.920188" lon="-4.736128">
        <ele>620.408548</ele>
        <time>2026-05-21T09:56:36.000Z</time>
      </trkpt>
      <trkpt lat="36.920201" lon="-4.736135">
        <ele>620.568645</ele>
        <time>2026-05-21T09:56:38.000Z</time>
      </trkpt>
      <trkpt lat="36.920225" lon="-4.736141">
        <ele>620.845492</ele>
        <time>2026-05-21T09:56:40.000Z</time>
      </trkpt>
      <trkpt lat="36.920269" lon="-4.736161">
        <ele>621.375045</ele>
        <time>2026-05-21T09:56:47.000Z</time>
      </trkpt>
      <trkpt lat="36.920272" lon="-4.736160">
        <ele>621.410164</ele>
        <time>2026-05-21T09:56:48.000Z</time>
      </trkpt>
      <trkpt lat="36.920320" lon="-4.736179">
        <ele>621.979658</ele>
        <time>2026-05-21T09:56:54.000Z</time>
      </trkpt>
      <trkpt lat="36.920348" lon="-4.736192">
        <ele>622.317497</ele>
        <time>2026-05-21T09:56:57.000Z</time>
      </trkpt>
      <trkpt lat="36.920383" lon="-4.736206">
        <ele>622.733153</ele>
        <time>2026-05-21T09:57:00.000Z</time>
      </trkpt>
      <trkpt lat="36.920391" lon="-4.736207">
        <ele>622.824097</ele>
        <time>2026-05-21T09:57:01.000Z</time>
      </trkpt>
      <trkpt lat="36.920414" lon="-4.736210">
        <ele>623.085673</ele>
        <time>2026-05-21T09:57:03.000Z</time>
      </trkpt>
      <trkpt lat="36.920460" lon="-4.736233">
        <ele>623.646037</ele>
        <time>2026-05-21T09:57:07.000Z</time>
      </trkpt>
      <trkpt lat="36.920472" lon="-4.736239">
        <ele>623.792219</ele>
        <time>2026-05-21T09:57:08.000Z</time>
      </trkpt>
      <trkpt lat="36.920483" lon="-4.736243">
        <ele>623.921798</ele>
        <time>2026-05-21T09:57:09.000Z</time>
      </trkpt>
      <trkpt lat="36.920528" lon="-4.736267">
        <ele>624.475158</ele>
        <time>2026-05-21T09:57:15.000Z</time>
      </trkpt>
      <trkpt lat="36.920536" lon="-4.736269">
        <ele>624.567441</ele>
        <time>2026-05-21T09:57:16.000Z</time>
      </trkpt>
      <trkpt lat="36.920585" lon="-4.736271">
        <ele>625.122003</ele>
        <time>2026-05-21T09:57:21.000Z</time>
      </trkpt>
      <trkpt lat="36.920592" lon="-4.736270">
        <ele>625.201699</ele>
        <time>2026-05-21T09:57:22.000Z</time>
      </trkpt>
      <trkpt lat="36.920638" lon="-4.736275">
        <ele>625.723992</ele>
        <time>2026-05-21T09:57:28.000Z</time>
      </trkpt>
      <trkpt lat="36.920648" lon="-4.736276">
        <ele>625.837468</ele>
        <time>2026-05-21T09:57:29.000Z</time>
      </trkpt>
      <trkpt lat="36.920694" lon="-4.736286">
        <ele>626.365601</ele>
        <time>2026-05-21T09:57:34.000Z</time>
      </trkpt>
      <trkpt lat="36.920706" lon="-4.736287">
        <ele>626.501641</ele>
        <time>2026-05-21T09:57:35.000Z</time>
      </trkpt>
      <trkpt lat="36.920749" lon="-4.736278">
        <ele>626.994801</ele>
        <time>2026-05-21T09:57:41.000Z</time>
      </trkpt>
      <trkpt lat="36.920755" lon="-4.736275">
        <ele>627.067892</ele>
        <time>2026-05-21T09:57:42.000Z</time>
      </trkpt>
      <trkpt lat="36.920806" lon="-4.736269">
        <ele>627.647328</ele>
        <time>2026-05-21T09:57:47.000Z</time>
      </trkpt>
      <trkpt lat="36.920831" lon="-4.736264">
        <ele>627.933709</ele>
        <time>2026-05-21T09:57:49.000Z</time>
      </trkpt>
      <trkpt lat="36.920863" lon="-4.736261">
        <ele>628.296695</ele>
        <time>2026-05-21T09:57:52.000Z</time>
      </trkpt>
      <trkpt lat="36.920893" lon="-4.736247">
        <ele>628.658890</ele>
        <time>2026-05-21T09:57:55.000Z</time>
      </trkpt>
      <trkpt lat="36.920902" lon="-4.736240">
        <ele>628.778770</ele>
        <time>2026-05-21T09:57:56.000Z</time>
      </trkpt>
      <trkpt lat="36.920913" lon="-4.736232">
        <ele>628.922701</ele>
        <time>2026-05-21T09:57:58.000Z</time>
      </trkpt>
      <trkpt lat="36.920933" lon="-4.736183">
        <ele>629.420228</ele>
        <time>2026-05-21T09:58:02.000Z</time>
      </trkpt>
      <trkpt lat="36.920958" lon="-4.736087">
        <ele>630.333273</ele>
        <time>2026-05-21T09:58:09.000Z</time>
      </trkpt>
      <trkpt lat="36.920957" lon="-4.736004">
        <ele>631.083945</ele>
        <time>2026-05-21T09:58:14.000Z</time>
      </trkpt>
      <trkpt lat="36.920957" lon="-4.735992">
        <ele>631.192463</ele>
        <time>2026-05-21T09:58:15.000Z</time>
      </trkpt>
      <trkpt lat="36.920952" lon="-4.735979">
        <ele>631.322922</ele>
        <time>2026-05-21T09:58:16.000Z</time>
      </trkpt>
      <trkpt lat="36.920962" lon="-4.735878">
        <ele>632.243264</ele>
        <time>2026-05-21T09:58:24.000Z</time>
      </trkpt>
      <trkpt lat="36.920978" lon="-4.735853">
        <ele>632.535016</ele>
        <time>2026-05-21T09:58:26.000Z</time>
      </trkpt>
      <trkpt lat="36.921017" lon="-4.735798">
        <ele>633.217445</ele>
        <time>2026-05-21T09:58:31.000Z</time>
      </trkpt>
      <trkpt lat="36.921027" lon="-4.735784">
        <ele>633.391716</ele>
        <time>2026-05-21T09:58:32.000Z</time>
      </trkpt>
      <trkpt lat="36.921056" lon="-4.735738">
        <ele>633.935507</ele>
        <time>2026-05-21T09:58:36.000Z</time>
      </trkpt>
      <trkpt lat="36.921066" lon="-4.735716">
        <ele>634.170425</ele>
        <time>2026-05-21T09:58:38.000Z</time>
      </trkpt>
      <trkpt lat="36.921081" lon="-4.735692">
        <ele>634.453206</ele>
        <time>2026-05-21T09:58:40.000Z</time>
      </trkpt>
      <trkpt lat="36.921102" lon="-4.735642">
        <ele>634.977487</ele>
        <time>2026-05-21T09:58:44.000Z</time>
      </trkpt>
      <trkpt lat="36.921124" lon="-4.735634">
        <ele>635.243505</ele>
        <time>2026-05-21T09:58:46.000Z</time>
      </trkpt>
      <trkpt lat="36.921199" lon="-4.735595">
        <ele>636.186585</ele>
        <time>2026-05-21T09:58:54.000Z</time>
      </trkpt>
      <trkpt lat="36.921253" lon="-4.735539">
        <ele>637.001042</ele>
        <time>2026-05-21T09:59:01.000Z</time>
      </trkpt>
      <trkpt lat="36.921264" lon="-4.735525">
        <ele>637.183255</ele>
        <time>2026-05-21T09:59:02.000Z</time>
      </trkpt>
      <trkpt lat="36.921291" lon="-4.735479">
        <ele>637.712980</ele>
        <time>2026-05-21T09:59:07.000Z</time>
      </trkpt>
      <trkpt lat="36.921295" lon="-4.735472">
        <ele>637.792849</ele>
        <time>2026-05-21T09:59:08.000Z</time>
      </trkpt>
      <trkpt lat="36.921309" lon="-4.735446">
        <ele>638.083834</ele>
        <time>2026-05-21T09:59:10.000Z</time>
      </trkpt>
      <trkpt lat="36.921334" lon="-4.735402">
        <ele>638.584911</ele>
        <time>2026-05-21T09:59:14.000Z</time>
      </trkpt>
      <trkpt lat="36.921371" lon="-4.735340">
        <ele>639.303093</ele>
        <time>2026-05-21T09:59:20.000Z</time>
      </trkpt>
      <trkpt lat="36.921379" lon="-4.735326">
        <ele>639.462832</ele>
        <time>2026-05-21T09:59:21.000Z</time>
      </trkpt>
      <trkpt lat="36.921399" lon="-4.735288">
        <ele>639.885147</ele>
        <time>2026-05-21T09:59:25.000Z</time>
      </trkpt>
      <trkpt lat="36.921406" lon="-4.735263">
        <ele>640.131033</ele>
        <time>2026-05-21T09:59:27.000Z</time>
      </trkpt>
      <trkpt lat="36.921423" lon="-4.735220">
        <ele>640.576322</ele>
        <time>2026-05-21T09:59:31.000Z</time>
      </trkpt>
      <trkpt lat="36.921428" lon="-4.735209">
        <ele>640.693780</ele>
        <time>2026-05-21T09:59:32.000Z</time>
      </trkpt>
      <trkpt lat="36.921441" lon="-4.735181">
        <ele>640.994343</ele>
        <time>2026-05-21T09:59:38.000Z</time>
      </trkpt>
      <trkpt lat="36.921440" lon="-4.735184">
        <ele>641.024514</ele>
        <time>2026-05-21T09:59:40.000Z</time>
      </trkpt>
      <trkpt lat="36.921453" lon="-4.735170">
        <ele>641.223693</ele>
        <time>2026-05-21T09:59:49.000Z</time>
      </trkpt>
      <trkpt lat="36.921464" lon="-4.735160">
        <ele>641.381584</ele>
        <time>2026-05-21T09:59:55.000Z</time>
      </trkpt>
      <trkpt lat="36.921479" lon="-4.735172">
        <ele>641.588324</ele>
        <time>2026-05-21T09:59:59.000Z</time>
      </trkpt>
      <trkpt lat="36.921498" lon="-4.735191">
        <ele>641.870767</ele>
        <time>2026-05-21T10:00:03.000Z</time>
      </trkpt>
      <trkpt lat="36.921506" lon="-4.735141">
        <ele>642.344098</ele>
        <time>2026-05-21T10:00:07.000Z</time>
      </trkpt>
      <trkpt lat="36.921534" lon="-4.735067">
        <ele>643.104058</ele>
        <time>2026-05-21T10:00:14.000Z</time>
      </trkpt>
      <trkpt lat="36.921541" lon="-4.735053">
        <ele>643.257337</ele>
        <time>2026-05-21T10:00:15.000Z</time>
      </trkpt>
      <trkpt lat="36.921564" lon="-4.734995">
        <ele>643.858318</ele>
        <time>2026-05-21T10:00:20.000Z</time>
      </trkpt>
      <trkpt lat="36.921603" lon="-4.734905">
        <ele>644.808579</ele>
        <time>2026-05-21T10:00:27.000Z</time>
      </trkpt>
      <trkpt lat="36.921612" lon="-4.734880">
        <ele>645.063085</ele>
        <time>2026-05-21T10:00:29.000Z</time>
      </trkpt>
      <trkpt lat="36.921638" lon="-4.734828">
        <ele>645.632407</ele>
        <time>2026-05-21T10:00:33.000Z</time>
      </trkpt>
      <trkpt lat="36.921639" lon="-4.734822">
        <ele>645.689299</ele>
        <time>2026-05-21T10:00:34.000Z</time>
      </trkpt>
      <trkpt lat="36.921651" lon="-4.734789">
        <ele>646.025822</ele>
        <time>2026-05-21T10:00:38.000Z</time>
      </trkpt>
      <trkpt lat="36.921660" lon="-4.734772">
        <ele>646.215089</ele>
        <time>2026-05-21T10:00:40.000Z</time>
      </trkpt>
      <trkpt lat="36.921685" lon="-4.734714">
        <ele>646.826742</ele>
        <time>2026-05-21T10:00:45.000Z</time>
      </trkpt>
      <trkpt lat="36.921697" lon="-4.734683">
        <ele>647.146458</ele>
        <time>2026-05-21T10:00:47.000Z</time>
      </trkpt>
      <trkpt lat="36.921729" lon="-4.734625">
        <ele>647.800607</ele>
        <time>2026-05-21T10:00:52.000Z</time>
      </trkpt>
      <trkpt lat="36.921736" lon="-4.734607">
        <ele>647.986412</ele>
        <time>2026-05-21T10:00:54.000Z</time>
      </trkpt>
      <trkpt lat="36.921750" lon="-4.734572">
        <ele>648.349698</ele>
        <time>2026-05-21T10:00:57.000Z</time>
      </trkpt>
      <trkpt lat="36.921753" lon="-4.734562">
        <ele>648.448843</ele>
        <time>2026-05-21T10:00:58.000Z</time>
      </trkpt>
      <trkpt lat="36.921754" lon="-4.734555">
        <ele>648.514850</ele>
        <time>2026-05-21T10:00:59.000Z</time>
      </trkpt>
      <trkpt lat="36.921760" lon="-4.734528">
        <ele>648.774980</ele>
        <time>2026-05-21T10:01:02.000Z</time>
      </trkpt>
      <trkpt lat="36.921764" lon="-4.734515">
        <ele>648.904282</ele>
        <time>2026-05-21T10:01:03.000Z</time>
      </trkpt>
      <trkpt lat="36.921768" lon="-4.734505">
        <ele>649.008078</ele>
        <time>2026-05-21T10:01:04.000Z</time>
      </trkpt>
      <trkpt lat="36.921788" lon="-4.734450">
        <ele>649.568948</ele>
        <time>2026-05-21T10:01:09.000Z</time>
      </trkpt>
      <trkpt lat="36.921790" lon="-4.734442">
        <ele>649.646755</ele>
        <time>2026-05-21T10:01:10.000Z</time>
      </trkpt>
      <trkpt lat="36.921798" lon="-4.734423">
        <ele>649.846088</ele>
        <time>2026-05-21T10:01:15.000Z</time>
      </trkpt>
      <trkpt lat="36.921801" lon="-4.734427">
        <ele>649.897000</ele>
        <time>2026-05-21T10:01:16.000Z</time>
      </trkpt>
      <trkpt lat="36.921804" lon="-4.734428">
        <ele>649.933048</ele>
        <time>2026-05-21T10:01:20.000Z</time>
      </trkpt>
      <trkpt lat="36.921802" lon="-4.734425">
        <ele>649.969308</ele>
        <time>2026-05-21T10:01:24.000Z</time>
      </trkpt>
      <trkpt lat="36.921797" lon="-4.734431">
        <ele>650.049759</ele>
        <time>2026-05-21T10:01:26.000Z</time>
      </trkpt>
      <trkpt lat="36.921807" lon="-4.734430">
        <ele>650.166239</ele>
        <time>2026-05-21T10:01:35.000Z</time>
      </trkpt>
      <trkpt lat="36.921808" lon="-4.734428">
        <ele>650.188136</ele>
        <time>2026-05-21T10:01:36.000Z</time>
      </trkpt>
      <trkpt lat="36.921817" lon="-4.734426">
        <ele>650.294272</ele>
        <time>2026-05-21T10:01:38.000Z</time>
      </trkpt>
      <trkpt lat="36.921817" lon="-4.734423">
        <ele>650.322119</ele>
        <time>2026-05-21T10:01:40.000Z</time>
      </trkpt>
      <trkpt lat="36.921814" lon="-4.734423">
        <ele>650.356952</ele>
        <time>2026-05-21T10:01:41.000Z</time>
      </trkpt>
      <trkpt lat="36.921801" lon="-4.734428">
        <ele>650.514870</ele>
        <time>2026-05-21T10:01:43.000Z</time>
      </trkpt>
      <trkpt lat="36.921788" lon="-4.734431">
        <ele>650.668361</ele>
        <time>2026-05-21T10:01:45.000Z</time>
      </trkpt>
      <trkpt lat="36.921784" lon="-4.734431">
        <ele>650.714805</ele>
        <time>2026-05-21T10:01:46.000Z</time>
      </trkpt>
      <trkpt lat="36.921776" lon="-4.734430">
        <ele>650.808156</ele>
        <time>2026-05-21T10:01:48.000Z</time>
      </trkpt>
      <trkpt lat="36.921781" lon="-4.734430">
        <ele>650.866211</ele>
        <time>2026-05-21T10:01:50.000Z</time>
      </trkpt>
      <trkpt lat="36.921785" lon="-4.734430">
        <ele>650.912655</ele>
        <time>2026-05-21T10:01:51.000Z</time>
      </trkpt>
      <trkpt lat="36.921798" lon="-4.734430">
        <ele>651.063599</ele>
        <time>2026-05-21T10:01:54.000Z</time>
      </trkpt>
      <trkpt lat="36.921804" lon="-4.734434">
        <ele>651.142542</ele>
        <time>2026-05-21T10:01:56.000Z</time>
      </trkpt>
      <trkpt lat="36.921802" lon="-4.734432">
        <ele>651.172273</ele>
        <time>2026-05-21T10:01:58.000Z</time>
      </trkpt>
      <trkpt lat="36.921802" lon="-4.734433">
        <ele>651.181555</ele>
        <time>2026-05-21T10:02:05.000Z</time>
      </trkpt>
      <trkpt lat="36.921807" lon="-4.734437">
        <ele>651.250468</ele>
        <time>2026-05-21T10:02:07.000Z</time>
      </trkpt>
      <trkpt lat="36.921813" lon="-4.734445">
        <ele>651.352291</ele>
        <time>2026-05-21T10:02:10.000Z</time>
      </trkpt>
      <trkpt lat="36.921813" lon="-4.734445">
        <ele>651.352291</ele>
        <time>2026-05-21T10:02:11.000Z</time>
      </trkpt>
      <trkpt lat="36.921814" lon="-4.734444">
        <ele>651.367157</ele>
        <time>2026-05-21T10:02:12.000Z</time>
      </trkpt>
      <trkpt lat="36.921815" lon="-4.734443">
        <ele>651.382022</ele>
        <time>2026-05-21T10:02:13.000Z</time>
      </trkpt>
      <trkpt lat="36.921818" lon="-4.734442">
        <ele>651.418071</ele>
        <time>2026-05-21T10:02:15.000Z</time>
      </trkpt>
      <trkpt lat="36.921825" lon="-4.734442">
        <ele>651.499348</ele>
        <time>2026-05-21T10:02:17.000Z</time>
      </trkpt>
      <trkpt lat="36.921797" lon="-4.734448">
        <ele>651.829193</ele>
        <time>2026-05-21T10:02:28.000Z</time>
      </trkpt>
      <trkpt lat="36.921769" lon="-4.734405">
        <ele>652.343989</ele>
        <time>2026-05-21T10:02:36.000Z</time>
      </trkpt>
      <trkpt lat="36.921796" lon="-4.734408">
        <ele>652.658721</ele>
        <time>2026-05-21T10:02:43.000Z</time>
      </trkpt>
      <trkpt lat="36.921803" lon="-4.734411">
        <ele>652.744637</ele>
        <time>2026-05-21T10:02:44.000Z</time>
      </trkpt>
      <trkpt lat="36.921834" lon="-4.734356">
        <ele>653.374377</ele>
        <time>2026-05-21T10:02:50.000Z</time>
      </trkpt>
      <trkpt lat="36.921840" lon="-4.734346">
        <ele>653.507939</ele>
        <time>2026-05-21T10:02:51.000Z</time>
      </trkpt>
      <trkpt lat="36.921856" lon="-4.734321">
        <ele>653.850030</ele>
        <time>2026-05-21T10:02:54.000Z</time>
      </trkpt>
      <trkpt lat="36.921865" lon="-4.734306">
        <ele>654.050372</ele>
        <time>2026-05-21T10:02:56.000Z</time>
      </trkpt>
      <trkpt lat="36.921869" lon="-4.734299">
        <ele>654.142285</ele>
        <time>2026-05-21T10:02:57.000Z</time>
      </trkpt>
      <trkpt lat="36.921899" lon="-4.734264">
        <ele>654.690440</ele>
        <time>2026-05-21T10:03:02.000Z</time>
      </trkpt>
      <trkpt lat="36.921924" lon="-4.734230">
        <ele>655.183899</ele>
        <time>2026-05-21T10:03:05.000Z</time>
      </trkpt>
      <trkpt lat="36.921940" lon="-4.734216">
        <ele>655.444806</ele>
        <time>2026-05-21T10:03:07.000Z</time>
      </trkpt>
      <trkpt lat="36.921965" lon="-4.734191">
        <ele>655.872483</ele>
        <time>2026-05-21T10:03:10.000Z</time>
      </trkpt>
      <trkpt lat="36.921973" lon="-4.734173">
        <ele>656.092480</ele>
        <time>2026-05-21T10:03:13.000Z</time>
      </trkpt>
      <trkpt lat="36.921973" lon="-4.734161">
        <ele>656.220668</ele>
        <time>2026-05-21T10:03:18.000Z</time>
      </trkpt>
      <trkpt lat="36.921974" lon="-4.734163">
        <ele>656.245866</ele>
        <time>2026-05-21T10:03:19.000Z</time>
      </trkpt>
      <trkpt lat="36.921994" lon="-4.734178">
        <ele>656.557462</ele>
        <time>2026-05-21T10:03:28.000Z</time>
      </trkpt>
      <trkpt lat="36.921983" lon="-4.734166">
        <ele>656.752489</ele>
        <time>2026-05-21T10:03:37.000Z</time>
      </trkpt>
      <trkpt lat="36.921983" lon="-4.734164">
        <ele>656.773853</ele>
        <time>2026-05-21T10:03:38.000Z</time>
      </trkpt>
      <trkpt lat="36.921987" lon="-4.734161">
        <ele>656.836173</ele>
        <time>2026-05-21T10:03:39.000Z</time>
      </trkpt>
      <trkpt lat="36.921999" lon="-4.734160">
        <ele>656.996871</ele>
        <time>2026-05-21T10:03:44.000Z</time>
      </trkpt>
      <trkpt lat="36.922016" lon="-4.734180">
        <ele>657.308709</ele>
        <time>2026-05-21T10:03:49.000Z</time>
      </trkpt>
      <trkpt lat="36.922010" lon="-4.734180">
        <ele>657.388881</ele>
        <time>2026-05-21T10:03:52.000Z</time>
      </trkpt>
      <trkpt lat="36.922000" lon="-4.734177">
        <ele>657.526290</ele>
        <time>2026-05-21T10:03:58.000Z</time>
      </trkpt>
      <trkpt lat="36.922008" lon="-4.734151">
        <ele>657.823890</ele>
        <time>2026-05-21T10:04:00.000Z</time>
      </trkpt>
      <trkpt lat="36.922036" lon="-4.734115">
        <ele>658.360420</ele>
        <time>2026-05-21T10:04:04.000Z</time>
      </trkpt>
      <trkpt lat="36.922044" lon="-4.734111">
        <ele>658.475539</ele>
        <time>2026-05-21T10:04:05.000Z</time>
      </trkpt>
      <trkpt lat="36.922079" lon="-4.734069">
        <ele>659.123617</ele>
        <time>2026-05-21T10:04:10.000Z</time>
      </trkpt>
      <trkpt lat="36.922090" lon="-4.734047">
        <ele>659.400805</ele>
        <time>2026-05-21T10:04:12.000Z</time>
      </trkpt>
      <trkpt lat="36.922104" lon="-4.734017">
        <ele>659.771876</ele>
        <time>2026-05-21T10:04:15.000Z</time>
      </trkpt>
      <trkpt lat="36.922108" lon="-4.734014">
        <ele>659.834195</ele>
        <time>2026-05-21T10:04:16.000Z</time>
      </trkpt>
      <trkpt lat="36.922134" lon="-4.733982">
        <ele>660.321579</ele>
        <time>2026-05-21T10:04:20.000Z</time>
      </trkpt>
      <trkpt lat="36.922153" lon="-4.733957">
        <ele>660.690053</ele>
        <time>2026-05-21T10:04:23.000Z</time>
      </trkpt>
      <trkpt lat="36.922171" lon="-4.733931">
        <ele>661.057457</ele>
        <time>2026-05-21T10:04:26.000Z</time>
      </trkpt>
      <trkpt lat="36.922191" lon="-4.733893">
        <ele>661.543453</ele>
        <time>2026-05-21T10:04:29.000Z</time>
      </trkpt>
      <trkpt lat="36.922197" lon="-4.733881">
        <ele>661.694647</ele>
        <time>2026-05-21T10:04:30.000Z</time>
      </trkpt>
      <trkpt lat="36.922202" lon="-4.733870">
        <ele>661.829816</ele>
        <time>2026-05-21T10:04:31.000Z</time>
      </trkpt>
      <trkpt lat="36.922213" lon="-4.733854">
        <ele>662.055240</ele>
        <time>2026-05-21T10:04:33.000Z</time>
      </trkpt>
      <trkpt lat="36.922224" lon="-4.733841">
        <ele>662.257448</ele>
        <time>2026-05-21T10:04:35.000Z</time>
      </trkpt>
      <trkpt lat="36.922243" lon="-4.733824">
        <ele>662.569588</ele>
        <time>2026-05-21T10:04:38.000Z</time>
      </trkpt>
      <trkpt lat="36.922249" lon="-4.733816">
        <ele>662.686766</ele>
        <time>2026-05-21T10:04:40.000Z</time>
      </trkpt>
      <trkpt lat="36.922254" lon="-4.733812">
        <ele>662.766071</ele>
        <time>2026-05-21T10:04:41.000Z</time>
      </trkpt>
      <trkpt lat="36.922282" lon="-4.733780">
        <ele>663.272851</ele>
        <time>2026-05-21T10:04:45.000Z</time>
      </trkpt>
      <trkpt lat="36.922289" lon="-4.733773">
        <ele>663.392600</ele>
        <time>2026-05-21T10:04:46.000Z</time>
      </trkpt>
      <trkpt lat="36.922297" lon="-4.733764">
        <ele>663.536369</ele>
        <time>2026-05-21T10:04:47.000Z</time>
      </trkpt>
      <trkpt lat="36.922321" lon="-4.733731">
        <ele>664.012926</ele>
        <time>2026-05-21T10:04:52.000Z</time>
      </trkpt>
      <trkpt lat="36.922341" lon="-4.733664">
        <ele>664.776899</ele>
        <time>2026-05-21T10:04:58.000Z</time>
      </trkpt>
      <trkpt lat="36.922366" lon="-4.733617">
        <ele>665.379939</ele>
        <time>2026-05-21T10:05:02.000Z</time>
      </trkpt>
      <trkpt lat="36.922385" lon="-4.733575">
        <ele>665.895442</ele>
        <time>2026-05-21T10:05:06.000Z</time>
      </trkpt>
      <trkpt lat="36.922388" lon="-4.733563">
        <ele>666.029751</ele>
        <time>2026-05-21T10:05:07.000Z</time>
      </trkpt>
      <trkpt lat="36.922400" lon="-4.733525">
        <ele>666.466196</ele>
        <time>2026-05-21T10:05:10.000Z</time>
      </trkpt>
      <trkpt lat="36.922403" lon="-4.733514">
        <ele>666.590349</ele>
        <time>2026-05-21T10:05:11.000Z</time>
      </trkpt>
      <trkpt lat="36.922407" lon="-4.733487">
        <ele>666.883680</ele>
        <time>2026-05-21T10:05:16.000Z</time>
      </trkpt>
      <trkpt lat="36.922409" lon="-4.733481">
        <ele>666.953121</ele>
        <time>2026-05-21T10:05:22.000Z</time>
      </trkpt>
      <trkpt lat="36.922406" lon="-4.733482">
        <ele>666.994606</ele>
        <time>2026-05-21T10:05:24.000Z</time>
      </trkpt>
      <trkpt lat="36.922397" lon="-4.733481">
        <ele>667.115337</ele>
        <time>2026-05-21T10:05:26.000Z</time>
      </trkpt>
      <trkpt lat="36.922396" lon="-4.733455">
        <ele>667.393396</ele>
        <time>2026-05-21T10:05:31.000Z</time>
      </trkpt>
      <trkpt lat="36.922401" lon="-4.733423">
        <ele>667.741694</ele>
        <time>2026-05-21T10:05:33.000Z</time>
      </trkpt>
      <trkpt lat="36.922407" lon="-4.733408">
        <ele>667.920865</ele>
        <time>2026-05-21T10:05:34.000Z</time>
      </trkpt>
      <trkpt lat="36.922421" lon="-4.733374">
        <ele>668.329405</ele>
        <time>2026-05-21T10:05:36.000Z</time>
      </trkpt>
      <trkpt lat="36.922443" lon="-4.733328">
        <ele>668.902005</ele>
        <time>2026-05-21T10:05:40.000Z</time>
      </trkpt>
      <trkpt lat="36.922482" lon="-4.733306">
        <ele>669.473661</ele>
        <time>2026-05-21T10:05:45.000Z</time>
      </trkpt>
      <trkpt lat="36.922493" lon="-4.733300">
        <ele>669.634009</ele>
        <time>2026-05-21T10:05:46.000Z</time>
      </trkpt>
      <trkpt lat="36.922528" lon="-4.733273">
        <ele>670.183463</ele>
        <time>2026-05-21T10:05:50.000Z</time>
      </trkpt>
      <trkpt lat="36.922539" lon="-4.733267">
        <ele>670.343811</ele>
        <time>2026-05-21T10:05:51.000Z</time>
      </trkpt>
      <trkpt lat="36.922541" lon="-4.733262">
        <ele>670.403535</ele>
        <time>2026-05-21T10:05:52.000Z</time>
      </trkpt>
      <trkpt lat="36.922558" lon="-4.733246">
        <ele>670.687807</ele>
        <time>2026-05-21T10:05:55.000Z</time>
      </trkpt>
      <trkpt lat="36.922585" lon="-4.733192">
        <ele>671.368174</ele>
        <time>2026-05-21T10:06:01.000Z</time>
      </trkpt>
      <trkpt lat="36.922591" lon="-4.733166">
        <ele>671.657250</ele>
        <time>2026-05-21T10:06:03.000Z</time>
      </trkpt>
      <trkpt lat="36.922616" lon="-4.733093">
        <ele>672.505587</ele>
        <time>2026-05-21T10:06:08.000Z</time>
      </trkpt>
      <trkpt lat="36.922622" lon="-4.733083">
        <ele>672.639148</ele>
        <time>2026-05-21T10:06:10.000Z</time>
      </trkpt>
      <trkpt lat="36.922635" lon="-4.733048">
        <ele>673.051407</ele>
        <time>2026-05-21T10:06:13.000Z</time>
      </trkpt>
      <trkpt lat="36.922648" lon="-4.733026">
        <ele>673.343643</ele>
        <time>2026-05-21T10:06:16.000Z</time>
      </trkpt>
      <trkpt lat="36.922660" lon="-4.732995">
        <ele>673.711568</ele>
        <time>2026-05-21T10:06:18.000Z</time>
      </trkpt>
      <trkpt lat="36.922677" lon="-4.732918">
        <ele>674.564885</ele>
        <time>2026-05-21T10:06:24.000Z</time>
      </trkpt>
      <trkpt lat="36.922680" lon="-4.732902">
        <ele>674.740438</ele>
        <time>2026-05-21T10:06:25.000Z</time>
      </trkpt>
      <trkpt lat="36.922683" lon="-4.732884">
        <ele>674.936851</ele>
        <time>2026-05-21T10:06:26.000Z</time>
      </trkpt>
      <trkpt lat="36.922693" lon="-4.732837">
        <ele>675.456390</ele>
        <time>2026-05-21T10:06:30.000Z</time>
      </trkpt>
      <trkpt lat="36.922707" lon="-4.732776">
        <ele>676.134323</ele>
        <time>2026-05-21T10:06:34.000Z</time>
      </trkpt>
      <trkpt lat="36.922720" lon="-4.732732">
        <ele>676.635410</ele>
        <time>2026-05-21T10:06:38.000Z</time>
      </trkpt>
      <trkpt lat="36.922724" lon="-4.732696">
        <ele>677.023664</ele>
        <time>2026-05-21T10:06:41.000Z</time>
      </trkpt>
      <trkpt lat="36.922735" lon="-4.732619">
        <ele>677.431635</ele>
        <time>2026-05-21T10:06:45.000Z</time>
      </trkpt>
      <trkpt lat="36.922735" lon="-4.732599">
        <ele>677.458916</ele>
        <time>2026-05-21T10:06:47.000Z</time>
      </trkpt>
      <trkpt lat="36.922755" lon="-4.732510">
        <ele>677.585025</ele>
        <time>2026-05-21T10:06:53.000Z</time>
      </trkpt>
      <trkpt lat="36.922767" lon="-4.732449">
        <ele>677.670716</ele>
        <time>2026-05-21T10:06:58.000Z</time>
      </trkpt>
      <trkpt lat="36.922775" lon="-4.732431">
        <ele>677.698809</ele>
        <time>2026-05-21T10:07:00.000Z</time>
      </trkpt>
      <trkpt lat="36.922819" lon="-4.732340">
        <ele>677.843878</ele>
        <time>2026-05-21T10:07:06.000Z</time>
      </trkpt>
      <trkpt lat="36.922831" lon="-4.732309">
        <ele>677.890861</ele>
        <time>2026-05-21T10:07:08.000Z</time>
      </trkpt>
      <trkpt lat="36.922849" lon="-4.732238">
        <ele>677.992464</ele>
        <time>2026-05-21T10:07:14.000Z</time>
      </trkpt>
      <trkpt lat="36.922863" lon="-4.732170">
        <ele>678.088248</ele>
        <time>2026-05-21T10:07:20.000Z</time>
      </trkpt>
      <trkpt lat="36.922872" lon="-4.732101">
        <ele>678.183614</ele>
        <time>2026-05-21T10:07:24.000Z</time>
      </trkpt>
      <trkpt lat="36.922874" lon="-4.732074">
        <ele>678.220602</ele>
        <time>2026-05-21T10:07:26.000Z</time>
      </trkpt>
      <trkpt lat="36.922879" lon="-4.731968">
        <ele>678.365446</ele>
        <time>2026-05-21T10:07:33.000Z</time>
      </trkpt>
      <trkpt lat="36.922881" lon="-4.731905">
        <ele>678.451451</ele>
        <time>2026-05-21T10:07:38.000Z</time>
      </trkpt>
      <trkpt lat="36.922890" lon="-4.731868">
        <ele>678.504206</ele>
        <time>2026-05-21T10:07:41.000Z</time>
      </trkpt>
      <trkpt lat="36.922898" lon="-4.731838">
        <ele>678.547345</ele>
        <time>2026-05-21T10:07:44.000Z</time>
      </trkpt>
      <trkpt lat="36.922906" lon="-4.731814">
        <ele>678.582815</ele>
        <time>2026-05-21T10:07:46.000Z</time>
      </trkpt>
      <trkpt lat="36.922915" lon="-4.731790">
        <ele>678.618976</ele>
        <time>2026-05-21T10:07:48.000Z</time>
      </trkpt>
      <trkpt lat="36.922931" lon="-4.731723">
        <ele>678.714359</ele>
        <time>2026-05-21T10:07:52.000Z</time>
      </trkpt>
      <trkpt lat="36.922940" lon="-4.731649">
        <ele>678.816463</ele>
        <time>2026-05-21T10:07:57.000Z</time>
      </trkpt>
      <trkpt lat="36.922946" lon="-4.731615">
        <ele>678.863958</ele>
        <time>2026-05-21T10:07:59.000Z</time>
      </trkpt>
      <trkpt lat="36.922969" lon="-4.731525">
        <ele>678.992845</ele>
        <time>2026-05-21T10:08:05.000Z</time>
      </trkpt>
      <trkpt lat="36.922976" lon="-4.731434">
        <ele>679.117549</ele>
        <time>2026-05-21T10:08:11.000Z</time>
      </trkpt>
      <trkpt lat="36.922988" lon="-4.731351">
        <ele>679.232604</ele>
        <time>2026-05-21T10:08:17.000Z</time>
      </trkpt>
      <trkpt lat="36.922990" lon="-4.731326">
        <ele>679.266877</ele>
        <time>2026-05-21T10:08:19.000Z</time>
      </trkpt>
      <trkpt lat="36.923017" lon="-4.731243">
        <ele>679.389109</ele>
        <time>2026-05-21T10:08:24.000Z</time>
      </trkpt>
      <trkpt lat="36.923043" lon="-4.731157">
        <ele>679.514528</ele>
        <time>2026-05-21T10:08:31.000Z</time>
      </trkpt>
      <trkpt lat="36.923075" lon="-4.731041">
        <ele>679.681917</ele>
        <time>2026-05-21T10:08:38.000Z</time>
      </trkpt>
      <trkpt lat="36.923108" lon="-4.730944">
        <ele>679.825715</ele>
        <time>2026-05-21T10:08:45.000Z</time>
      </trkpt>
      <trkpt lat="36.923133" lon="-4.730841">
        <ele>679.972548</ele>
        <time>2026-05-21T10:08:52.000Z</time>
      </trkpt>
      <trkpt lat="36.923159" lon="-4.730773">
        <ele>680.075368</ele>
        <time>2026-05-21T10:08:58.000Z</time>
      </trkpt>
      <trkpt lat="36.923196" lon="-4.730671">
        <ele>680.228157</ele>
        <time>2026-05-21T10:09:05.000Z</time>
      </trkpt>
      <trkpt lat="36.923203" lon="-4.730614">
        <ele>680.306821</ele>
        <time>2026-05-21T10:09:10.000Z</time>
      </trkpt>
      <trkpt lat="36.923231" lon="-4.730521">
        <ele>680.439082</ele>
        <time>2026-05-21T10:09:16.000Z</time>
      </trkpt>
      <trkpt lat="36.923244" lon="-4.730483">
        <ele>680.452658</ele>
        <time>2026-05-21T10:09:19.000Z</time>
      </trkpt>
      <trkpt lat="36.923258" lon="-4.730435">
        <ele>680.469439</ele>
        <time>2026-05-21T10:09:22.000Z</time>
      </trkpt>
      <trkpt lat="36.923296" lon="-4.730340">
        <ele>680.504329</ele>
        <time>2026-05-21T10:09:29.000Z</time>
      </trkpt>
      <trkpt lat="36.923318" lon="-4.730257">
        <ele>680.533050</ele>
        <time>2026-05-21T10:09:34.000Z</time>
      </trkpt>
      <trkpt lat="36.923322" lon="-4.730239">
        <ele>680.539186</ele>
        <time>2026-05-21T10:09:35.000Z</time>
      </trkpt>
      <trkpt lat="36.923363" lon="-4.730138">
        <ele>680.576390</ele>
        <time>2026-05-21T10:09:42.000Z</time>
      </trkpt>
      <trkpt lat="36.923393" lon="-4.730058">
        <ele>680.605413</ele>
        <time>2026-05-21T10:09:48.000Z</time>
      </trkpt>
      <trkpt lat="36.923434" lon="-4.729973">
        <ele>680.638019</ele>
        <time>2026-05-21T10:09:55.000Z</time>
      </trkpt>
      <trkpt lat="36.923472" lon="-4.729883">
        <ele>680.671448</ele>
        <time>2026-05-21T10:10:02.000Z</time>
      </trkpt>
      <trkpt lat="36.923514" lon="-4.729789">
        <ele>680.706817</ele>
        <time>2026-05-21T10:10:09.000Z</time>
      </trkpt>
      <trkpt lat="36.923569" lon="-4.729683">
        <ele>680.748322</ele>
        <time>2026-05-21T10:10:17.000Z</time>
      </trkpt>
      <trkpt lat="36.923604" lon="-4.729601">
        <ele>680.778852</ele>
        <time>2026-05-21T10:10:25.000Z</time>
      </trkpt>
      <trkpt lat="36.923632" lon="-4.729543">
        <ele>680.801106</ele>
        <time>2026-05-21T10:10:29.000Z</time>
      </trkpt>
      <trkpt lat="36.923637" lon="-4.729529">
        <ele>680.806142</ele>
        <time>2026-05-21T10:10:30.000Z</time>
      </trkpt>
      <trkpt lat="36.923688" lon="-4.729455">
        <ele>680.838232</ele>
        <time>2026-05-21T10:10:37.000Z</time>
      </trkpt>
      <trkpt lat="36.923695" lon="-4.729439">
        <ele>680.844223</ele>
        <time>2026-05-21T10:10:38.000Z</time>
      </trkpt>
      <trkpt lat="36.923725" lon="-4.729391">
        <ele>680.864234</ele>
        <time>2026-05-21T10:10:42.000Z</time>
      </trkpt>
      <trkpt lat="36.923747" lon="-4.729363">
        <ele>680.877128</ele>
        <time>2026-05-21T10:10:45.000Z</time>
      </trkpt>
      <trkpt lat="36.923776" lon="-4.729306">
        <ele>680.899319</ele>
        <time>2026-05-21T10:10:49.000Z</time>
      </trkpt>
      <trkpt lat="36.923796" lon="-4.729268">
        <ele>680.914262</ele>
        <time>2026-05-21T10:10:52.000Z</time>
      </trkpt>
      <trkpt lat="36.923825" lon="-4.729223">
        <ele>680.933246</ele>
        <time>2026-05-21T10:10:56.000Z</time>
      </trkpt>
      <trkpt lat="36.923861" lon="-4.729164">
        <ele>680.957624</ele>
        <time>2026-05-21T10:11:01.000Z</time>
      </trkpt>
      <trkpt lat="36.923885" lon="-4.729129">
        <ele>680.972769</ele>
        <time>2026-05-21T10:11:06.000Z</time>
      </trkpt>
      <trkpt lat="36.923879" lon="-4.729128">
        <ele>680.975256</ele>
        <time>2026-05-21T10:11:08.000Z</time>
      </trkpt>
      <trkpt lat="36.923864" lon="-4.729130">
        <ele>680.981453</ele>
        <time>2026-05-21T10:11:13.000Z</time>
      </trkpt>
      <trkpt lat="36.923863" lon="-4.729133">
        <ele>680.982521</ele>
        <time>2026-05-21T10:11:16.000Z</time>
      </trkpt>
      <trkpt lat="36.923864" lon="-4.729133">
        <ele>680.982932</ele>
        <time>2026-05-21T10:11:17.000Z</time>
      </trkpt>
      <trkpt lat="36.923864" lon="-4.729132">
        <ele>680.983260</ele>
        <time>2026-05-21T10:11:18.000Z</time>
      </trkpt>
      <trkpt lat="36.923865" lon="-4.729130">
        <ele>680.984035</ele>
        <time>2026-05-21T10:11:24.000Z</time>
      </trkpt>
      <trkpt lat="36.923864" lon="-4.729132">
        <ele>680.984810</ele>
        <time>2026-05-21T10:11:25.000Z</time>
      </trkpt>
      <trkpt lat="36.923869" lon="-4.729142">
        <ele>680.988684</ele>
        <time>2026-05-21T10:11:29.000Z</time>
      </trkpt>
      <trkpt lat="36.923888" lon="-4.729114">
        <ele>681.000746</ele>
        <time>2026-05-21T10:11:33.000Z</time>
      </trkpt>
      <trkpt lat="36.923913" lon="-4.729061">
        <ele>681.020958</ele>
        <time>2026-05-21T10:11:38.000Z</time>
      </trkpt>
      <trkpt lat="36.923932" lon="-4.729023">
        <ele>681.035679</ele>
        <time>2026-05-21T10:11:42.000Z</time>
      </trkpt>
      <trkpt lat="36.923982" lon="-4.728957">
        <ele>681.065543</ele>
        <time>2026-05-21T10:11:48.000Z</time>
      </trkpt>
      <trkpt lat="36.924066" lon="-4.728891">
        <ele>681.106297</ele>
        <time>2026-05-21T10:11:56.000Z</time>
      </trkpt>
      <trkpt lat="36.924126" lon="-4.728831">
        <ele>681.137857</ele>
        <time>2026-05-21T10:12:03.000Z</time>
      </trkpt>
      <trkpt lat="36.924166" lon="-4.728787">
        <ele>681.159741</ele>
        <time>2026-05-21T10:12:08.000Z</time>
      </trkpt>
      <trkpt lat="36.924188" lon="-4.728755">
        <ele>681.173603</ele>
        <time>2026-05-21T10:12:10.000Z</time>
      </trkpt>
      <trkpt lat="36.924223" lon="-4.728703">
        <ele>681.156538</ele>
        <time>2026-05-21T10:12:14.000Z</time>
      </trkpt>
      <trkpt lat="36.924242" lon="-4.728674">
        <ele>681.143230</ele>
        <time>2026-05-21T10:12:17.000Z</time>
      </trkpt>
      <trkpt lat="36.924270" lon="-4.728636">
        <ele>681.124889</ele>
        <time>2026-05-21T10:12:21.000Z</time>
      </trkpt>
      <trkpt lat="36.924301" lon="-4.728610">
        <ele>681.108319</ele>
        <time>2026-05-21T10:12:24.000Z</time>
      </trkpt>
      <trkpt lat="36.924320" lon="-4.728603">
        <ele>681.099525</ele>
        <time>2026-05-21T10:12:26.000Z</time>
      </trkpt>
      <trkpt lat="36.924367" lon="-4.728562">
        <ele>681.074087</ele>
        <time>2026-05-21T10:12:31.000Z</time>
      </trkpt>
      <trkpt lat="36.924389" lon="-4.728545">
        <ele>681.062606</ele>
        <time>2026-05-21T10:12:33.000Z</time>
      </trkpt>
      <trkpt lat="36.924398" lon="-4.728545">
        <ele>681.058611</ele>
        <time>2026-05-21T10:12:37.000Z</time>
      </trkpt>
      <trkpt lat="36.924387" lon="-4.728547">
        <ele>681.053676</ele>
        <time>2026-05-21T10:12:40.000Z</time>
      </trkpt>
      <trkpt lat="36.924389" lon="-4.728553">
        <ele>681.051369</ele>
        <time>2026-05-21T10:12:44.000Z</time>
      </trkpt>
      <trkpt lat="36.924381" lon="-4.728557">
        <ele>681.047544</ele>
        <time>2026-05-21T10:12:46.000Z</time>
      </trkpt>
      <trkpt lat="36.924359" lon="-4.728541">
        <ele>681.036246</ele>
        <time>2026-05-21T10:12:51.000Z</time>
      </trkpt>
      <trkpt lat="36.924359" lon="-4.728541">
        <ele>681.036246</ele>
        <time>2026-05-21T10:12:53.000Z</time>
      </trkpt>
      <trkpt lat="36.924367" lon="-4.728535">
        <ele>681.032105</ele>
        <time>2026-05-21T10:12:54.000Z</time>
      </trkpt>
      <trkpt lat="36.924404" lon="-4.728499">
        <ele>681.011295</ele>
        <time>2026-05-21T10:12:58.000Z</time>
      </trkpt>
      <trkpt lat="36.924441" lon="-4.728480">
        <ele>680.993538</ele>
        <time>2026-05-21T10:13:02.000Z</time>
      </trkpt>
      <trkpt lat="36.924455" lon="-4.728472">
        <ele>680.986705</ele>
        <time>2026-05-21T10:13:03.000Z</time>
      </trkpt>
      <trkpt lat="36.924553" lon="-4.728430">
        <ele>680.940715</ele>
        <time>2026-05-21T10:13:10.000Z</time>
      </trkpt>
      <trkpt lat="36.924609" lon="-4.728406">
        <ele>680.914435</ele>
        <time>2026-05-21T10:13:14.000Z</time>
      </trkpt>
      <trkpt lat="36.924621" lon="-4.728397">
        <ele>680.908223</ele>
        <time>2026-05-21T10:13:16.000Z</time>
      </trkpt>
      <trkpt lat="36.924672" lon="-4.728335">
        <ele>680.876650</ele>
        <time>2026-05-21T10:13:22.000Z</time>
      </trkpt>
      <trkpt lat="36.924740" lon="-4.728269">
        <ele>680.838440</ele>
        <time>2026-05-21T10:13:28.000Z</time>
      </trkpt>
      <trkpt lat="36.924765" lon="-4.728252">
        <ele>680.825807</ele>
        <time>2026-05-21T10:13:31.000Z</time>
      </trkpt>
      <trkpt lat="36.924828" lon="-4.728188">
        <ele>680.789776</ele>
        <time>2026-05-21T10:13:41.000Z</time>
      </trkpt>
      <trkpt lat="36.924863" lon="-4.728069">
        <ele>680.744774</ele>
        <time>2026-05-21T10:13:50.000Z</time>
      </trkpt>
      <trkpt lat="36.924886" lon="-4.727978">
        <ele>680.710902</ele>
        <time>2026-05-21T10:13:56.000Z</time>
      </trkpt>
      <trkpt lat="36.924910" lon="-4.727891">
        <ele>680.678238</ele>
        <time>2026-05-21T10:14:03.000Z</time>
      </trkpt>
      <trkpt lat="36.924935" lon="-4.727835">
        <ele>680.655475</ele>
        <time>2026-05-21T10:14:08.000Z</time>
      </trkpt>
      <trkpt lat="36.924963" lon="-4.727732">
        <ele>680.616863</ele>
        <time>2026-05-21T10:14:15.000Z</time>
      </trkpt>
      <trkpt lat="36.924999" lon="-4.727667">
        <ele>680.588799</ele>
        <time>2026-05-21T10:14:21.000Z</time>
      </trkpt>
      <trkpt lat="36.925062" lon="-4.727585">
        <ele>680.548435</ele>
        <time>2026-05-21T10:14:28.000Z</time>
      </trkpt>
      <trkpt lat="36.925069" lon="-4.727574">
        <ele>680.543445</ele>
        <time>2026-05-21T10:14:29.000Z</time>
      </trkpt>
      <trkpt lat="36.925097" lon="-4.727496">
        <ele>680.513100</ele>
        <time>2026-05-21T10:14:34.000Z</time>
      </trkpt>
      <trkpt lat="36.925108" lon="-4.727472">
        <ele>680.503281</ele>
        <time>2026-05-21T10:14:36.000Z</time>
      </trkpt>
      <trkpt lat="36.925116" lon="-4.727453">
        <ele>680.495660</ele>
        <time>2026-05-21T10:14:38.000Z</time>
      </trkpt>
      <trkpt lat="36.925129" lon="-4.727404">
        <ele>680.477337</ele>
        <time>2026-05-21T10:14:42.000Z</time>
      </trkpt>
      <trkpt lat="36.925146" lon="-4.727336">
        <ele>680.452051</ele>
        <time>2026-05-21T10:14:46.000Z</time>
      </trkpt>
      <trkpt lat="36.925148" lon="-4.727316">
        <ele>680.444897</ele>
        <time>2026-05-21T10:14:47.000Z</time>
      </trkpt>
      <trkpt lat="36.925178" lon="-4.727196">
        <ele>680.400274</ele>
        <time>2026-05-21T10:14:54.000Z</time>
      </trkpt>
      <trkpt lat="36.925167" lon="-4.727193">
        <ele>680.395276</ele>
        <time>2026-05-21T10:14:59.000Z</time>
      </trkpt>
      <trkpt lat="36.925160" lon="-4.727184">
        <ele>680.390820</ele>
        <time>2026-05-21T10:15:10.000Z</time>
      </trkpt>
      <trkpt lat="36.925164" lon="-4.727182">
        <ele>680.388907</ele>
        <time>2026-05-21T10:15:14.000Z</time>
      </trkpt>
      <trkpt lat="36.925164" lon="-4.727184">
        <ele>680.388197</ele>
        <time>2026-05-21T10:15:15.000Z</time>
      </trkpt>
      <trkpt lat="36.925164" lon="-4.727185">
        <ele>680.387843</ele>
        <time>2026-05-21T10:15:16.000Z</time>
      </trkpt>
      <trkpt lat="36.925167" lon="-4.727188">
        <ele>680.386137</ele>
        <time>2026-05-21T10:15:20.000Z</time>
      </trkpt>
      <trkpt lat="36.925183" lon="-4.727182">
        <ele>680.378722</ele>
        <time>2026-05-21T10:15:24.000Z</time>
      </trkpt>
      <trkpt lat="36.925154" lon="-4.727203">
        <ele>679.998280</ele>
        <time>2026-05-21T10:15:32.000Z</time>
      </trkpt>
      <trkpt lat="36.925154" lon="-4.727203">
        <ele>679.998280</ele>
        <time>2026-05-21T10:15:33.000Z</time>
      </trkpt>
      <trkpt lat="36.925161" lon="-4.727196">
        <ele>679.894916</ele>
        <time>2026-05-21T10:15:37.000Z</time>
      </trkpt>
      <trkpt lat="36.925179" lon="-4.727210">
        <ele>679.650450</ele>
        <time>2026-05-21T10:15:47.000Z</time>
      </trkpt>
      <trkpt lat="36.925177" lon="-4.727211">
        <ele>679.625608</ele>
        <time>2026-05-21T10:15:51.000Z</time>
      </trkpt>
      <trkpt lat="36.925171" lon="-4.727208">
        <ele>679.551082</ele>
        <time>2026-05-21T10:15:54.000Z</time>
      </trkpt>
      <trkpt lat="36.925163" lon="-4.727198">
        <ele>679.420639</ele>
        <time>2026-05-21T10:15:58.000Z</time>
      </trkpt>
      <trkpt lat="36.925157" lon="-4.727191">
        <ele>679.326010</ele>
        <time>2026-05-21T10:16:02.000Z</time>
      </trkpt>
      <trkpt lat="36.925157" lon="-4.727197">
        <ele>679.270688</ele>
        <time>2026-05-21T10:16:08.000Z</time>
      </trkpt>
      <trkpt lat="36.925152" lon="-4.727196">
        <ele>679.212286</ele>
        <time>2026-05-21T10:16:13.000Z</time>
      </trkpt>
      <trkpt lat="36.925157" lon="-4.727143">
        <ele>678.720217</ele>
        <time>2026-05-21T10:16:17.000Z</time>
      </trkpt>
      <trkpt lat="36.925137" lon="-4.727020">
        <ele>677.562894</ele>
        <time>2026-05-21T10:16:24.000Z</time>
      </trkpt>
      <trkpt lat="36.925127" lon="-4.726961">
        <ele>677.006801</ele>
        <time>2026-05-21T10:16:28.000Z</time>
      </trkpt>
      <trkpt lat="36.925125" lon="-4.726915">
        <ele>676.582039</ele>
        <time>2026-05-21T10:16:33.000Z</time>
      </trkpt>
      <trkpt lat="36.925114" lon="-4.726796">
        <ele>675.477507</ele>
        <time>2026-05-21T10:16:41.000Z</time>
      </trkpt>
      <trkpt lat="36.925113" lon="-4.726771">
        <ele>675.246710</ele>
        <time>2026-05-21T10:16:43.000Z</time>
      </trkpt>
      <trkpt lat="36.925094" lon="-4.726700">
        <ele>674.556361</ele>
        <time>2026-05-21T10:16:49.000Z</time>
      </trkpt>
      <trkpt lat="36.925086" lon="-4.726677">
        <ele>674.325089</ele>
        <time>2026-05-21T10:16:51.000Z</time>
      </trkpt>
      <trkpt lat="36.925069" lon="-4.726638">
        <ele>673.915513</ele>
        <time>2026-05-21T10:16:54.000Z</time>
      </trkpt>
      <trkpt lat="36.925059" lon="-4.726609">
        <ele>673.624308</ele>
        <time>2026-05-21T10:16:56.000Z</time>
      </trkpt>
      <trkpt lat="36.925049" lon="-4.726574">
        <ele>673.281604</ele>
        <time>2026-05-21T10:16:59.000Z</time>
      </trkpt>
      <trkpt lat="36.925045" lon="-4.726557">
        <ele>673.118209</ele>
        <time>2026-05-21T10:17:01.000Z</time>
      </trkpt>
      <trkpt lat="36.925000" lon="-4.726484">
        <ele>672.268253</ele>
        <time>2026-05-21T10:17:08.000Z</time>
      </trkpt>
      <trkpt lat="36.924962" lon="-4.726426">
        <ele>671.576818</ele>
        <time>2026-05-21T10:17:12.000Z</time>
      </trkpt>
      <trkpt lat="36.924947" lon="-4.726396">
        <ele>671.250559</ele>
        <time>2026-05-21T10:17:14.000Z</time>
      </trkpt>
      <trkpt lat="36.924922" lon="-4.726314">
        <ele>670.441371</ele>
        <time>2026-05-21T10:17:20.000Z</time>
      </trkpt>
      <trkpt lat="36.924916" lon="-4.726301">
        <ele>670.302964</ele>
        <time>2026-05-21T10:17:21.000Z</time>
      </trkpt>
      <trkpt lat="36.924862" lon="-4.726183">
        <ele>669.049305</ele>
        <time>2026-05-21T10:17:30.000Z</time>
      </trkpt>
      <trkpt lat="36.924847" lon="-4.726143">
        <ele>668.641928</ele>
        <time>2026-05-21T10:17:34.000Z</time>
      </trkpt>
      <trkpt lat="36.924823" lon="-4.726095">
        <ele>668.119913</ele>
        <time>2026-05-21T10:17:38.000Z</time>
      </trkpt>
      <trkpt lat="36.924807" lon="-4.726063">
        <ele>667.771903</ele>
        <time>2026-05-21T10:17:40.000Z</time>
      </trkpt>
      <trkpt lat="36.924774" lon="-4.726006">
        <ele>667.122995</ele>
        <time>2026-05-21T10:17:44.000Z</time>
      </trkpt>
      <trkpt lat="36.924747" lon="-4.725942">
        <ele>666.455761</ele>
        <time>2026-05-21T10:17:49.000Z</time>
      </trkpt>
      <trkpt lat="36.924742" lon="-4.725928">
        <ele>666.314379</ele>
        <time>2026-05-21T10:17:50.000Z</time>
      </trkpt>
      <trkpt lat="36.924713" lon="-4.725872">
        <ele>665.699168</ele>
        <time>2026-05-21T10:17:54.000Z</time>
      </trkpt>
      <trkpt lat="36.924663" lon="-4.725816">
        <ele>664.925101</ele>
        <time>2026-05-21T10:17:59.000Z</time>
      </trkpt>
      <trkpt lat="36.924588" lon="-4.725728">
        <ele>663.739081</ele>
        <time>2026-05-21T10:18:07.000Z</time>
      </trkpt>
      <trkpt lat="36.924582" lon="-4.725718">
        <ele>663.623796</ele>
        <time>2026-05-21T10:18:08.000Z</time>
      </trkpt>
      <trkpt lat="36.924569" lon="-4.725665">
        <ele>663.112629</ele>
        <time>2026-05-21T10:18:12.000Z</time>
      </trkpt>
      <trkpt lat="36.924549" lon="-4.725560">
        <ele>662.117384</ele>
        <time>2026-05-21T10:18:17.000Z</time>
      </trkpt>
      <trkpt lat="36.924549" lon="-4.725547">
        <ele>661.997519</ele>
        <time>2026-05-21T10:18:18.000Z</time>
      </trkpt>
      <trkpt lat="36.924549" lon="-4.725483">
        <ele>661.407413</ele>
        <time>2026-05-21T10:18:22.000Z</time>
      </trkpt>
      <trkpt lat="36.924541" lon="-4.725436">
        <ele>660.964339</ele>
        <time>2026-05-21T10:18:26.000Z</time>
      </trkpt>
      <trkpt lat="36.924538" lon="-4.725422">
        <ele>660.830696</ele>
        <time>2026-05-21T10:18:27.000Z</time>
      </trkpt>
      <trkpt lat="36.924497" lon="-4.725313">
        <ele>659.719978</ele>
        <time>2026-05-21T10:18:36.000Z</time>
      </trkpt>
      <trkpt lat="36.924450" lon="-4.725226">
        <ele>658.958130</ele>
        <time>2026-05-21T10:18:43.000Z</time>
      </trkpt>
      <trkpt lat="36.924444" lon="-4.725208">
        <ele>658.820399</ele>
        <time>2026-05-21T10:18:44.000Z</time>
      </trkpt>
      <trkpt lat="36.924422" lon="-4.725137">
        <ele>658.282619</ele>
        <time>2026-05-21T10:18:49.000Z</time>
      </trkpt>
      <trkpt lat="36.924418" lon="-4.725127">
        <ele>658.203647</ele>
        <time>2026-05-21T10:18:50.000Z</time>
      </trkpt>
      <trkpt lat="36.924409" lon="-4.725109">
        <ele>658.053707</ele>
        <time>2026-05-21T10:18:52.000Z</time>
      </trkpt>
      <trkpt lat="36.924354" lon="-4.725010">
        <ele>657.202273</ele>
        <time>2026-05-21T10:19:00.000Z</time>
      </trkpt>
      <trkpt lat="36.924348" lon="-4.724995">
        <ele>657.083816</ele>
        <time>2026-05-21T10:19:01.000Z</time>
      </trkpt>
      <trkpt lat="36.924330" lon="-4.724908">
        <ele>656.449141</ele>
        <time>2026-05-21T10:19:07.000Z</time>
      </trkpt>
      <trkpt lat="36.924330" lon="-4.724890">
        <ele>656.322018</ele>
        <time>2026-05-21T10:19:09.000Z</time>
      </trkpt>
      <trkpt lat="36.924325" lon="-4.724820">
        <ele>655.825678</ele>
        <time>2026-05-21T10:19:16.000Z</time>
      </trkpt>
      <trkpt lat="36.924326" lon="-4.724810">
        <ele>655.754504</ele>
        <time>2026-05-21T10:19:17.000Z</time>
      </trkpt>
      <trkpt lat="36.924300" lon="-4.724783">
        <ele>655.455975</ele>
        <time>2026-05-21T10:19:24.000Z</time>
      </trkpt>
      <trkpt lat="36.924306" lon="-4.724724">
        <ele>655.035934</ele>
        <time>2026-05-21T10:19:33.000Z</time>
      </trkpt>
      <trkpt lat="36.924303" lon="-4.724697">
        <ele>654.843415</ele>
        <time>2026-05-21T10:19:35.000Z</time>
      </trkpt>
      <trkpt lat="36.924306" lon="-4.724601">
        <ele>654.164904</ele>
        <time>2026-05-21T10:19:42.000Z</time>
      </trkpt>
      <trkpt lat="36.924310" lon="-4.724561">
        <ele>653.880206</ele>
        <time>2026-05-21T10:19:45.000Z</time>
      </trkpt>
      <trkpt lat="36.924337" lon="-4.724485">
        <ele>653.292847</ele>
        <time>2026-05-21T10:19:52.000Z</time>
      </trkpt>
      <trkpt lat="36.924338" lon="-4.724457">
        <ele>653.094902</ele>
        <time>2026-05-21T10:19:55.000Z</time>
      </trkpt>
      <trkpt lat="36.924337" lon="-4.724444">
        <ele>653.002667</ele>
        <time>2026-05-21T10:19:56.000Z</time>
      </trkpt>
      <trkpt lat="36.924338" lon="-4.724392">
        <ele>652.635315</ele>
        <time>2026-05-21T10:19:59.000Z</time>
      </trkpt>
      <trkpt lat="36.924364" lon="-4.724316">
        <ele>652.051488</ele>
        <time>2026-05-21T10:20:04.000Z</time>
      </trkpt>
      <trkpt lat="36.924372" lon="-4.724293">
        <ele>651.874344</ele>
        <time>2026-05-21T10:20:06.000Z</time>
      </trkpt>
      <trkpt lat="36.924441" lon="-4.724202">
        <ele>650.988561</ele>
        <time>2026-05-21T10:20:16.000Z</time>
      </trkpt>
      <trkpt lat="36.924456" lon="-4.724194">
        <ele>650.844504</ele>
        <time>2026-05-21T10:20:17.000Z</time>
      </trkpt>
      <trkpt lat="36.924507" lon="-4.724143">
        <ele>650.267678</ele>
        <time>2026-05-21T10:20:23.000Z</time>
      </trkpt>
      <trkpt lat="36.924531" lon="-4.724124">
        <ele>650.016760</ele>
        <time>2026-05-21T10:20:25.000Z</time>
      </trkpt>
      <trkpt lat="36.924561" lon="-4.724114">
        <ele>649.742482</ele>
        <time>2026-05-21T10:20:30.000Z</time>
      </trkpt>
      <trkpt lat="36.924570" lon="-4.724118">
        <ele>649.658103</ele>
        <time>2026-05-21T10:20:32.000Z</time>
      </trkpt>
      <trkpt lat="36.924578" lon="-4.724124">
        <ele>649.575699</ele>
        <time>2026-05-21T10:20:35.000Z</time>
      </trkpt>
      <trkpt lat="36.924593" lon="-4.724133">
        <ele>649.428728</ele>
        <time>2026-05-21T10:20:39.000Z</time>
      </trkpt>
      <trkpt lat="36.924579" lon="-4.724112">
        <ele>649.235615</ele>
        <time>2026-05-21T10:20:45.000Z</time>
      </trkpt>
      <trkpt lat="36.924577" lon="-4.724105">
        <ele>649.183115</ele>
        <time>2026-05-21T10:20:48.000Z</time>
      </trkpt>
      <trkpt lat="36.924572" lon="-4.724113">
        <ele>649.111399</ele>
        <time>2026-05-21T10:20:51.000Z</time>
      </trkpt>
      <trkpt lat="36.924556" lon="-4.724100">
        <ele>648.942849</ele>
        <time>2026-05-21T10:20:56.000Z</time>
      </trkpt>
      <trkpt lat="36.924546" lon="-4.724097">
        <ele>648.852001</ele>
        <time>2026-05-21T10:21:00.000Z</time>
      </trkpt>
      <trkpt lat="36.924546" lon="-4.724099">
        <ele>648.837876</ele>
        <time>2026-05-21T10:21:03.000Z</time>
      </trkpt>
      <trkpt lat="36.924559" lon="-4.724112">
        <ele>648.690842</ele>
        <time>2026-05-21T10:21:08.000Z</time>
      </trkpt>
      <trkpt lat="36.924563" lon="-4.724114">
        <ele>648.652786</ele>
        <time>2026-05-21T10:21:09.000Z</time>
      </trkpt>
      <trkpt lat="36.924568" lon="-4.724116">
        <ele>648.606411</ele>
        <time>2026-05-21T10:21:10.000Z</time>
      </trkpt>
      <trkpt lat="36.924563" lon="-4.724105">
        <ele>648.517045</ele>
        <time>2026-05-21T10:21:17.000Z</time>
      </trkpt>
      <trkpt lat="36.924628" lon="-4.724055">
        <ele>647.842927</ele>
        <time>2026-05-21T10:21:23.000Z</time>
      </trkpt>
      <trkpt lat="36.924658" lon="-4.724022">
        <ele>647.490000</ele>
        <time>2026-05-21T10:21:26.000Z</time>
      </trkpt>
      <trkpt lat="36.924738" lon="-4.723931">
        <ele>646.534738</ele>
        <time>2026-05-21T10:21:33.000Z</time>
      </trkpt>
      <trkpt lat="36.924755" lon="-4.723906">
        <ele>646.302944</ele>
        <time>2026-05-21T10:21:35.000Z</time>
      </trkpt>
      <trkpt lat="36.924775" lon="-4.723849">
        <ele>645.863320</ele>
        <time>2026-05-21T10:21:40.000Z</time>
      </trkpt>
      <trkpt lat="36.924798" lon="-4.723779">
        <ele>645.328826</ele>
        <time>2026-05-21T10:21:45.000Z</time>
      </trkpt>
      <trkpt lat="36.924812" lon="-4.723752">
        <ele>645.101543</ele>
        <time>2026-05-21T10:21:47.000Z</time>
      </trkpt>
      <trkpt lat="36.924884" lon="-4.723663">
        <ele>644.207304</ele>
        <time>2026-05-21T10:21:55.000Z</time>
      </trkpt>
      <trkpt lat="36.924955" lon="-4.723570">
        <ele>643.470030</ele>
        <time>2026-05-21T10:22:02.000Z</time>
      </trkpt>
      <trkpt lat="36.925025" lon="-4.723482">
        <ele>642.930472</ele>
        <time>2026-05-21T10:22:10.000Z</time>
      </trkpt>
      <trkpt lat="36.925084" lon="-4.723435">
        <ele>642.550181</ele>
        <time>2026-05-21T10:22:15.000Z</time>
      </trkpt>
      <trkpt lat="36.925107" lon="-4.723421">
        <ele>642.411116</ele>
        <time>2026-05-21T10:22:17.000Z</time>
      </trkpt>
      <trkpt lat="36.925161" lon="-4.723389">
        <ele>642.086253</ele>
        <time>2026-05-21T10:22:22.000Z</time>
      </trkpt>
      <trkpt lat="36.925179" lon="-4.723376">
        <ele>641.973251</ele>
        <time>2026-05-21T10:22:24.000Z</time>
      </trkpt>
      <trkpt lat="36.925186" lon="-4.723367">
        <ele>641.918676</ele>
        <time>2026-05-21T10:22:25.000Z</time>
      </trkpt>
      <trkpt lat="36.925227" lon="-4.723320">
        <ele>641.616325</ele>
        <time>2026-05-21T10:22:30.000Z</time>
      </trkpt>
      <trkpt lat="36.925237" lon="-4.723310">
        <ele>641.546720</ele>
        <time>2026-05-21T10:22:31.000Z</time>
      </trkpt>
      <trkpt lat="36.925246" lon="-4.723295">
        <ele>641.465206</ele>
        <time>2026-05-21T10:22:33.000Z</time>
      </trkpt>
      <trkpt lat="36.925253" lon="-4.723274">
        <ele>641.366318</ele>
        <time>2026-05-21T10:22:37.000Z</time>
      </trkpt>
      <trkpt lat="36.925247" lon="-4.723286">
        <ele>641.304802</ele>
        <time>2026-05-21T10:22:44.000Z</time>
      </trkpt>
      <trkpt lat="36.925243" lon="-4.723298">
        <ele>641.248294</ele>
        <time>2026-05-21T10:22:46.000Z</time>
      </trkpt>
      <trkpt lat="36.925236" lon="-4.723308">
        <ele>641.190524</ele>
        <time>2026-05-21T10:22:48.000Z</time>
      </trkpt>
      <trkpt lat="36.925234" lon="-4.723324">
        <ele>641.120139</ele>
        <time>2026-05-21T10:22:54.000Z</time>
      </trkpt>
      <trkpt lat="36.925245" lon="-4.723302">
        <ele>641.007359</ele>
        <time>2026-05-21T10:23:03.000Z</time>
      </trkpt>
      <trkpt lat="36.925246" lon="-4.723297">
        <ele>640.984957</ele>
        <time>2026-05-21T10:23:09.000Z</time>
      </trkpt>
      <trkpt lat="36.925239" lon="-4.723311">
        <ele>640.913188</ele>
        <time>2026-05-21T10:23:13.000Z</time>
      </trkpt>
      <trkpt lat="36.925246" lon="-4.723314">
        <ele>640.872959</ele>
        <time>2026-05-21T10:23:20.000Z</time>
      </trkpt>
      <trkpt lat="36.925248" lon="-4.723301">
        <ele>640.815421</ele>
        <time>2026-05-21T10:23:25.000Z</time>
      </trkpt>
      <trkpt lat="36.925246" lon="-4.723308">
        <ele>640.783112</ele>
        <time>2026-05-21T10:23:27.000Z</time>
      </trkpt>
      <trkpt lat="36.925241" lon="-4.723310">
        <ele>640.754572</ele>
        <time>2026-05-21T10:23:37.000Z</time>
      </trkpt>
      <trkpt lat="36.925238" lon="-4.723315">
        <ele>640.727401</ele>
        <time>2026-05-21T10:23:44.000Z</time>
      </trkpt>
      <trkpt lat="36.925236" lon="-4.723314">
        <ele>640.715691</ele>
        <time>2026-05-21T10:23:45.000Z</time>
      </trkpt>
      <trkpt lat="36.925233" lon="-4.723313">
        <ele>640.698812</ele>
        <time>2026-05-21T10:23:50.000Z</time>
      </trkpt>
      <trkpt lat="36.925218" lon="-4.723267">
        <ele>640.482890</ele>
        <time>2026-05-21T10:24:02.000Z</time>
      </trkpt>
      <trkpt lat="36.925221" lon="-4.723242">
        <ele>640.373016</ele>
        <time>2026-05-21T10:24:03.000Z</time>
      </trkpt>
      <trkpt lat="36.925225" lon="-4.723246">
        <ele>640.345174</ele>
        <time>2026-05-21T10:24:04.000Z</time>
      </trkpt>
      <trkpt lat="36.925275" lon="-4.723240">
        <ele>640.072088</ele>
        <time>2026-05-21T10:24:10.000Z</time>
      </trkpt>
      <trkpt lat="36.925286" lon="-4.723235">
        <ele>640.008457</ele>
        <time>2026-05-21T10:24:11.000Z</time>
      </trkpt>
      <trkpt lat="36.925300" lon="-4.723234">
        <ele>639.932218</ele>
        <time>2026-05-21T10:24:13.000Z</time>
      </trkpt>
      <trkpt lat="36.925333" lon="-4.723219">
        <ele>639.741327</ele>
        <time>2026-05-21T10:24:19.000Z</time>
      </trkpt>
      <trkpt lat="36.925371" lon="-4.723231">
        <ele>639.528248</ele>
        <time>2026-05-21T10:24:25.000Z</time>
      </trkpt>
      <trkpt lat="36.925380" lon="-4.723246">
        <ele>639.446734</ele>
        <time>2026-05-21T10:24:30.000Z</time>
      </trkpt>
      <trkpt lat="36.925379" lon="-4.723247">
        <ele>639.439774</ele>
        <time>2026-05-21T10:24:32.000Z</time>
      </trkpt>
      <trkpt lat="36.925376" lon="-4.723248">
        <ele>639.422894</ele>
        <time>2026-05-21T10:24:33.000Z</time>
      </trkpt>
      <trkpt lat="36.925384" lon="-4.723230">
        <ele>639.333384</ele>
        <time>2026-05-21T10:24:36.000Z</time>
      </trkpt>
      <trkpt lat="36.925387" lon="-4.723213">
        <ele>639.257719</ele>
        <time>2026-05-21T10:24:40.000Z</time>
      </trkpt>
      <trkpt lat="36.925366" lon="-4.723183">
        <ele>639.084409</ele>
        <time>2026-05-21T10:24:50.000Z</time>
      </trkpt>
      <trkpt lat="36.925372" lon="-4.723192">
        <ele>639.033475</ele>
        <time>2026-05-21T10:24:55.000Z</time>
      </trkpt>
      <trkpt lat="36.925385" lon="-4.723194">
        <ele>638.962265</ele>
        <time>2026-05-21T10:25:00.000Z</time>
      </trkpt>
      <trkpt lat="36.925394" lon="-4.723197">
        <ele>638.911626</ele>
        <time>2026-05-21T10:25:03.000Z</time>
      </trkpt>
      <trkpt lat="36.925425" lon="-4.723164">
        <ele>638.690319</ele>
        <time>2026-05-21T10:25:07.000Z</time>
      </trkpt>
      <trkpt lat="36.925435" lon="-4.723147">
        <ele>638.598586</ele>
        <time>2026-05-21T10:25:08.000Z</time>
      </trkpt>
      <trkpt lat="36.925496" lon="-4.723056">
        <ele>638.082432</ele>
        <time>2026-05-21T10:25:14.000Z</time>
      </trkpt>
      <trkpt lat="36.925531" lon="-4.722980">
        <ele>637.701227</ele>
        <time>2026-05-21T10:25:20.000Z</time>
      </trkpt>
      <trkpt lat="36.925536" lon="-4.722968">
        <ele>637.642412</ele>
        <time>2026-05-21T10:25:21.000Z</time>
      </trkpt>
      <trkpt lat="36.925543" lon="-4.722947">
        <ele>637.543524</ele>
        <time>2026-05-21T10:25:23.000Z</time>
      </trkpt>
      <trkpt lat="36.925561" lon="-4.722918">
        <ele>637.383952</ele>
        <time>2026-05-21T10:25:25.000Z</time>
      </trkpt>
      <trkpt lat="36.925588" lon="-4.722857">
        <ele>637.080905</ele>
        <time>2026-05-21T10:25:29.000Z</time>
      </trkpt>
      <trkpt lat="36.925600" lon="-4.722815">
        <ele>636.887054</ele>
        <time>2026-05-21T10:25:32.000Z</time>
      </trkpt>
      <trkpt lat="36.925629" lon="-4.722749">
        <ele>636.559727</ele>
        <time>2026-05-21T10:25:37.000Z</time>
      </trkpt>
      <trkpt lat="36.925637" lon="-4.722722">
        <ele>636.434578</ele>
        <time>2026-05-21T10:25:39.000Z</time>
      </trkpt>
      <trkpt lat="36.925648" lon="-4.722620">
        <ele>635.987245</ele>
        <time>2026-05-21T10:25:45.000Z</time>
      </trkpt>
      <trkpt lat="36.925668" lon="-4.722608">
        <ele>635.866648</ele>
        <time>2026-05-21T10:25:47.000Z</time>
      </trkpt>
      <trkpt lat="36.925694" lon="-4.722565">
        <ele>635.632322</ele>
        <time>2026-05-21T10:25:50.000Z</time>
      </trkpt>
      <trkpt lat="36.925704" lon="-4.722554">
        <ele>635.559923</ele>
        <time>2026-05-21T10:25:51.000Z</time>
      </trkpt>
      <trkpt lat="36.925745" lon="-4.722452">
        <ele>635.063720</ele>
        <time>2026-05-21T10:25:57.000Z</time>
      </trkpt>
      <trkpt lat="36.925752" lon="-4.722381">
        <ele>634.752799</ele>
        <time>2026-05-21T10:26:02.000Z</time>
      </trkpt>
      <trkpt lat="36.925782" lon="-4.722311">
        <ele>634.407600</ele>
        <time>2026-05-21T10:26:08.000Z</time>
      </trkpt>
      <trkpt lat="36.925819" lon="-4.722241">
        <ele>634.042873</ele>
        <time>2026-05-21T10:26:14.000Z</time>
      </trkpt>
      <trkpt lat="36.925857" lon="-4.722200">
        <ele>633.628436</ele>
        <time>2026-05-21T10:26:19.000Z</time>
      </trkpt>
      <trkpt lat="36.925882" lon="-4.722171">
        <ele>633.308232</ele>
        <time>2026-05-21T10:26:21.000Z</time>
      </trkpt>
      <trkpt lat="36.925946" lon="-4.722148">
        <ele>632.682856</ele>
        <time>2026-05-21T10:26:26.000Z</time>
      </trkpt>
      <trkpt lat="36.925997" lon="-4.722128">
        <ele>632.180899</ele>
        <time>2026-05-21T10:26:30.000Z</time>
      </trkpt>
      <trkpt lat="36.926038" lon="-4.722095">
        <ele>631.723022</ele>
        <time>2026-05-21T10:26:34.000Z</time>
      </trkpt>
      <trkpt lat="36.926057" lon="-4.722075">
        <ele>631.489811</ele>
        <time>2026-05-21T10:26:36.000Z</time>
      </trkpt>
      <trkpt lat="36.926066" lon="-4.722067">
        <ele>631.386120</ele>
        <time>2026-05-21T10:26:37.000Z</time>
      </trkpt>
      <trkpt lat="36.926072" lon="-4.722062">
        <ele>631.318411</ele>
        <time>2026-05-21T10:26:38.000Z</time>
      </trkpt>
      <trkpt lat="36.926081" lon="-4.722056">
        <ele>631.222633</ele>
        <time>2026-05-21T10:26:39.000Z</time>
      </trkpt>
      <trkpt lat="36.926099" lon="-4.722039">
        <ele>631.010813</ele>
        <time>2026-05-21T10:26:41.000Z</time>
      </trkpt>
      <trkpt lat="36.926171" lon="-4.721990">
        <ele>630.241023</ele>
        <time>2026-05-21T10:26:47.000Z</time>
      </trkpt>
      <trkpt lat="36.926211" lon="-4.721968">
        <ele>629.830652</ele>
        <time>2026-05-21T10:26:51.000Z</time>
      </trkpt>
      <trkpt lat="36.926227" lon="-4.721958">
        <ele>629.662674</ele>
        <time>2026-05-21T10:26:53.000Z</time>
      </trkpt>
      <trkpt lat="36.926299" lon="-4.721907">
        <ele>628.885597</ele>
        <time>2026-05-21T10:27:00.000Z</time>
      </trkpt>
      <trkpt lat="36.926309" lon="-4.721899">
        <ele>628.774117</ele>
        <time>2026-05-21T10:27:01.000Z</time>
      </trkpt>
      <trkpt lat="36.926353" lon="-4.721856">
        <ele>628.249732</ele>
        <time>2026-05-21T10:27:06.000Z</time>
      </trkpt>
      <trkpt lat="36.926363" lon="-4.721846">
        <ele>628.129495</ele>
        <time>2026-05-21T10:27:07.000Z</time>
      </trkpt>
      <trkpt lat="36.926422" lon="-4.721786">
        <ele>627.415387</ele>
        <time>2026-05-21T10:27:13.000Z</time>
      </trkpt>
      <trkpt lat="36.926430" lon="-4.721782">
        <ele>627.334475</ele>
        <time>2026-05-21T10:27:14.000Z</time>
      </trkpt>
      <trkpt lat="36.926440" lon="-4.721769">
        <ele>627.199027</ele>
        <time>2026-05-21T10:27:15.000Z</time>
      </trkpt>
      <trkpt lat="36.926463" lon="-4.721744">
        <ele>626.912867</ele>
        <time>2026-05-21T10:27:18.000Z</time>
      </trkpt>
      <trkpt lat="36.926488" lon="-4.721722">
        <ele>626.625800</ele>
        <time>2026-05-21T10:27:23.000Z</time>
      </trkpt>
      <trkpt lat="36.926496" lon="-4.721710">
        <ele>626.508490</ele>
        <time>2026-05-21T10:27:24.000Z</time>
      </trkpt>
      <trkpt lat="36.926535" lon="-4.721644">
        <ele>625.892304</ele>
        <time>2026-05-21T10:27:28.000Z</time>
      </trkpt>
      <trkpt lat="36.926545" lon="-4.721625">
        <ele>625.721517</ele>
        <time>2026-05-21T10:27:30.000Z</time>
      </trkpt>
      <trkpt lat="36.926599" lon="-4.721557">
        <ele>625.001911</ele>
        <time>2026-05-21T10:27:37.000Z</time>
      </trkpt>
      <trkpt lat="36.926665" lon="-4.721503">
        <ele>624.261255</ele>
        <time>2026-05-21T10:27:44.000Z</time>
      </trkpt>
      <trkpt lat="36.926678" lon="-4.721491">
        <ele>624.109522</ele>
        <time>2026-05-21T10:27:46.000Z</time>
      </trkpt>
      <trkpt lat="36.926753" lon="-4.721447">
        <ele>623.331537</ele>
        <time>2026-05-21T10:27:52.000Z</time>
      </trkpt>
      <trkpt lat="36.926773" lon="-4.721430">
        <ele>623.104445</ele>
        <time>2026-05-21T10:27:54.000Z</time>
      </trkpt>
      <trkpt lat="36.926798" lon="-4.721394">
        <ele>622.746428</ele>
        <time>2026-05-21T10:27:58.000Z</time>
      </trkpt>
      <trkpt lat="36.926825" lon="-4.721349">
        <ele>622.324008</ele>
        <time>2026-05-21T10:28:02.000Z</time>
      </trkpt>
      <trkpt lat="36.926830" lon="-4.721338">
        <ele>622.229006</ele>
        <time>2026-05-21T10:28:03.000Z</time>
      </trkpt>
      <trkpt lat="36.926861" lon="-4.721268">
        <ele>621.628213</ele>
        <time>2026-05-21T10:28:08.000Z</time>
      </trkpt>
      <trkpt lat="36.926866" lon="-4.721248">
        <ele>621.470888</ele>
        <time>2026-05-21T10:28:10.000Z</time>
      </trkpt>
      <trkpt lat="36.926861" lon="-4.721187">
        <ele>621.010518</ele>
        <time>2026-05-21T10:28:14.000Z</time>
      </trkpt>
      <trkpt lat="36.926855" lon="-4.721143">
        <ele>620.675409</ele>
        <time>2026-05-21T10:28:17.000Z</time>
      </trkpt>
      <trkpt lat="36.926845" lon="-4.721096">
        <ele>620.310263</ele>
        <time>2026-05-21T10:28:21.000Z</time>
      </trkpt>
      <trkpt lat="36.926829" lon="-4.721051">
        <ele>619.940507</ele>
        <time>2026-05-21T10:28:24.000Z</time>
      </trkpt>
      <trkpt lat="36.926832" lon="-4.721015">
        <ele>619.668766</ele>
        <time>2026-05-21T10:28:28.000Z</time>
      </trkpt>
      <trkpt lat="36.926836" lon="-4.720977">
        <ele>619.381012</ele>
        <time>2026-05-21T10:28:32.000Z</time>
      </trkpt>
      <trkpt lat="36.926839" lon="-4.720961">
        <ele>619.257629</ele>
        <time>2026-05-21T10:28:33.000Z</time>
      </trkpt>
      <trkpt lat="36.926834" lon="-4.720915">
        <ele>618.909097</ele>
        <time>2026-05-21T10:28:37.000Z</time>
      </trkpt>
      <trkpt lat="36.926835" lon="-4.720898">
        <ele>618.781122</ele>
        <time>2026-05-21T10:28:39.000Z</time>
      </trkpt>
      <trkpt lat="36.926839" lon="-4.720858">
        <ele>618.478474</ele>
        <time>2026-05-21T10:28:44.000Z</time>
      </trkpt>
      <trkpt lat="36.926842" lon="-4.720857">
        <ele>618.449316</ele>
        <time>2026-05-21T10:28:46.000Z</time>
      </trkpt>
      <trkpt lat="36.926841" lon="-4.720862">
        <ele>618.410621</ele>
        <time>2026-05-21T10:28:57.000Z</time>
      </trkpt>
      <trkpt lat="36.926847" lon="-4.720861">
        <ele>618.353773</ele>
        <time>2026-05-21T10:29:05.000Z</time>
      </trkpt>
      <trkpt lat="36.926846" lon="-4.720871">
        <ele>618.278111</ele>
        <time>2026-05-21T10:29:11.000Z</time>
      </trkpt>
      <trkpt lat="36.926836" lon="-4.720873">
        <ele>618.183002</ele>
        <time>2026-05-21T10:29:14.000Z</time>
      </trkpt>
      <trkpt lat="36.926839" lon="-4.720871">
        <ele>618.151076</ele>
        <time>2026-05-21T10:29:24.000Z</time>
      </trkpt>
      <trkpt lat="36.926839" lon="-4.720864">
        <ele>618.098522</ele>
        <time>2026-05-21T10:29:27.000Z</time>
      </trkpt>
      <trkpt lat="36.926836" lon="-4.720859">
        <ele>618.051587</ele>
        <time>2026-05-21T10:29:30.000Z</time>
      </trkpt>
      <trkpt lat="36.926834" lon="-4.720864">
        <ele>618.009611</ele>
        <time>2026-05-21T10:29:33.000Z</time>
      </trkpt>
      <trkpt lat="36.926836" lon="-4.720869">
        <ele>617.967636</ele>
        <time>2026-05-21T10:29:35.000Z</time>
      </trkpt>
      <trkpt lat="36.926841" lon="-4.720879">
        <ele>617.879083</ele>
        <time>2026-05-21T10:29:45.000Z</time>
      </trkpt>
      <trkpt lat="36.926858" lon="-4.720877">
        <ele>617.718721</ele>
        <time>2026-05-21T10:29:51.000Z</time>
      </trkpt>
      <trkpt lat="36.926868" lon="-4.720883">
        <ele>617.614561</ele>
        <time>2026-05-21T10:29:54.000Z</time>
      </trkpt>
      <trkpt lat="36.926871" lon="-4.720885">
        <ele>617.582634</ele>
        <time>2026-05-21T10:29:56.000Z</time>
      </trkpt>
      <trkpt lat="36.926875" lon="-4.720893">
        <ele>617.511792</ele>
        <time>2026-05-21T10:30:05.000Z</time>
      </trkpt>
      <trkpt lat="36.926870" lon="-4.720895">
        <ele>617.462492</ele>
        <time>2026-05-21T10:30:06.000Z</time>
      </trkpt>
      <trkpt lat="36.926859" lon="-4.720892">
        <ele>617.356757</ele>
        <time>2026-05-21T10:30:08.000Z</time>
      </trkpt>
      <trkpt lat="36.926857" lon="-4.720891">
        <ele>617.336529</ele>
        <time>2026-05-21T10:30:10.000Z</time>
      </trkpt>
      <trkpt lat="36.926849" lon="-4.720886">
        <ele>617.252541</ele>
        <time>2026-05-21T10:30:15.000Z</time>
      </trkpt>
      <trkpt lat="36.926838" lon="-4.720887">
        <ele>617.148961</ele>
        <time>2026-05-21T10:30:18.000Z</time>
      </trkpt>
      <trkpt lat="36.926828" lon="-4.720886">
        <ele>617.050207</ele>
        <time>2026-05-21T10:30:20.000Z</time>
      </trkpt>
      <trkpt lat="36.926818" lon="-4.720896">
        <ele>616.899345</ele>
        <time>2026-05-21T10:30:26.000Z</time>
      </trkpt>
      <trkpt lat="36.926840" lon="-4.720924">
        <ele>616.529513</ele>
        <time>2026-05-21T10:30:37.000Z</time>
      </trkpt>
      <trkpt lat="36.926825" lon="-4.720912">
        <ele>616.319701</ele>
        <time>2026-05-21T10:30:47.000Z</time>
      </trkpt>
      <trkpt lat="36.926840" lon="-4.720905">
        <ele>616.131045</ele>
        <time>2026-05-21T10:30:58.000Z</time>
      </trkpt>
      <trkpt lat="36.926922" lon="-4.720916">
        <ele>615.159236</ele>
        <time>2026-05-21T10:31:09.000Z</time>
      </trkpt>
      <trkpt lat="36.926977" lon="-4.720955">
        <ele>614.414246</ele>
        <time>2026-05-21T10:31:18.000Z</time>
      </trkpt>
      <trkpt lat="36.926976" lon="-4.720981">
        <ele>614.169043</ele>
        <time>2026-05-21T10:31:27.000Z</time>
      </trkpt>
      <trkpt lat="36.926926" lon="-4.720966">
        <ele>613.563148</ele>
        <time>2026-05-21T10:31:35.000Z</time>
      </trkpt>
      <trkpt lat="36.926906" lon="-4.720963">
        <ele>613.325784</ele>
        <time>2026-05-21T10:31:41.000Z</time>
      </trkpt>
      <trkpt lat="36.926825" lon="-4.720874">
        <ele>612.055382</ele>
        <time>2026-05-21T10:31:47.000Z</time>
      </trkpt>
      <trkpt lat="36.926825" lon="-4.720833">
        <ele>611.669163</ele>
        <time>2026-05-21T10:31:50.000Z</time>
      </trkpt>
      <trkpt lat="36.926823" lon="-4.720790">
        <ele>611.263418</ele>
        <time>2026-05-21T10:31:53.000Z</time>
      </trkpt>
      <trkpt lat="36.926826" lon="-4.720766">
        <ele>611.034591</ele>
        <time>2026-05-21T10:31:56.000Z</time>
      </trkpt>
      <trkpt lat="36.926827" lon="-4.720761">
        <ele>610.986040</ele>
        <time>2026-05-21T10:31:57.000Z</time>
      </trkpt>
      <trkpt lat="36.926822" lon="-4.720747">
        <ele>610.841597</ele>
        <time>2026-05-21T10:32:05.000Z</time>
      </trkpt>
      <trkpt lat="36.926809" lon="-4.720713">
        <ele>610.486567</ele>
        <time>2026-05-21T10:32:12.000Z</time>
      </trkpt>
      <trkpt lat="36.926806" lon="-4.720720">
        <ele>610.411749</ele>
        <time>2026-05-21T10:32:16.000Z</time>
      </trkpt>
      <trkpt lat="36.926801" lon="-4.720726">
        <ele>610.330104</ele>
        <time>2026-05-21T10:32:18.000Z</time>
      </trkpt>
      <trkpt lat="36.926798" lon="-4.720727">
        <ele>610.293519</ele>
        <time>2026-05-21T10:32:19.000Z</time>
      </trkpt>
      <trkpt lat="36.926796" lon="-4.720671">
        <ele>609.765473</ele>
        <time>2026-05-21T10:32:28.000Z</time>
      </trkpt>
      <trkpt lat="36.926842" lon="-4.720562">
        <ele>608.604398</ele>
        <time>2026-05-21T10:32:36.000Z</time>
      </trkpt>
      <trkpt lat="36.926893" lon="-4.720513">
        <ele>607.846622</ele>
        <time>2026-05-21T10:32:42.000Z</time>
      </trkpt>
      <trkpt lat="36.926907" lon="-4.720506">
        <ele>607.668960</ele>
        <time>2026-05-21T10:32:44.000Z</time>
      </trkpt>
      <trkpt lat="36.926937" lon="-4.720479">
        <ele>607.233460</ele>
        <time>2026-05-21T10:32:47.000Z</time>
      </trkpt>
      <trkpt lat="36.926947" lon="-4.720468">
        <ele>607.076543</ele>
        <time>2026-05-21T10:32:48.000Z</time>
      </trkpt>
      <trkpt lat="36.926958" lon="-4.720457">
        <ele>606.910595</ele>
        <time>2026-05-21T10:32:49.000Z</time>
      </trkpt>
      <trkpt lat="36.926997" lon="-4.720408">
        <ele>606.259245</ele>
        <time>2026-05-21T10:32:53.000Z</time>
      </trkpt>
      <trkpt lat="36.927053" lon="-4.720343">
        <ele>605.359043</ele>
        <time>2026-05-21T10:33:00.000Z</time>
      </trkpt>
      <trkpt lat="36.927085" lon="-4.720318">
        <ele>604.914465</ele>
        <time>2026-05-21T10:33:03.000Z</time>
      </trkpt>
      <trkpt lat="36.927096" lon="-4.720307">
        <ele>604.748517</ele>
        <time>2026-05-21T10:33:04.000Z</time>
      </trkpt>
      <trkpt lat="36.927158" lon="-4.720194">
        <ele>603.457459</ele>
        <time>2026-05-21T10:33:13.000Z</time>
      </trkpt>
      <trkpt lat="36.927158" lon="-4.720176">
        <ele>603.287900</ele>
        <time>2026-05-21T10:33:14.000Z</time>
      </trkpt>
      <trkpt lat="36.927160" lon="-4.720110">
        <ele>602.665737</ele>
        <time>2026-05-21T10:33:18.000Z</time>
      </trkpt>
      <trkpt lat="36.927159" lon="-4.720085">
        <ele>602.429943</ele>
        <time>2026-05-21T10:33:20.000Z</time>
      </trkpt>
      <trkpt lat="36.927158" lon="-4.720057">
        <ele>602.165922</ele>
        <time>2026-05-21T10:33:22.000Z</time>
      </trkpt>
      <trkpt lat="36.927139" lon="-4.719990">
        <ele>601.496249</ele>
        <time>2026-05-21T10:33:27.000Z</time>
      </trkpt>
      <trkpt lat="36.927126" lon="-4.719966">
        <ele>601.223159</ele>
        <time>2026-05-21T10:33:29.000Z</time>
      </trkpt>
      <trkpt lat="36.927088" lon="-4.719905">
        <ele>600.494671</ele>
        <time>2026-05-21T10:33:34.000Z</time>
      </trkpt>
      <trkpt lat="36.927069" lon="-4.719878">
        <ele>600.155826</ele>
        <time>2026-05-21T10:33:37.000Z</time>
      </trkpt>
      <trkpt lat="36.927056" lon="-4.719855">
        <ele>599.890481</ele>
        <time>2026-05-21T10:33:39.000Z</time>
      </trkpt>
      <trkpt lat="36.927037" lon="-4.719840">
        <ele>599.625730</ele>
        <time>2026-05-21T10:33:41.000Z</time>
      </trkpt>
      <trkpt lat="36.927026" lon="-4.719832">
        <ele>599.475794</ele>
        <time>2026-05-21T10:33:42.000Z</time>
      </trkpt>
      <trkpt lat="36.927010" lon="-4.719816">
        <ele>599.234415</ele>
        <time>2026-05-21T10:33:44.000Z</time>
      </trkpt>
      <trkpt lat="36.926996" lon="-4.719806">
        <ele>599.044442</ele>
        <time>2026-05-21T10:33:46.000Z</time>
      </trkpt>
      <trkpt lat="36.926945" lon="-4.719778">
        <ele>598.388137</ele>
        <time>2026-05-21T10:33:52.000Z</time>
      </trkpt>
      <trkpt lat="36.926911" lon="-4.719771">
        <ele>597.982099</ele>
        <time>2026-05-21T10:33:55.000Z</time>
      </trkpt>
      <trkpt lat="36.926896" lon="-4.719766">
        <ele>597.799174</ele>
        <time>2026-05-21T10:33:56.000Z</time>
      </trkpt>
      <trkpt lat="36.926832" lon="-4.719748">
        <ele>597.026187</ele>
        <time>2026-05-21T10:34:00.000Z</time>
      </trkpt>
      <trkpt lat="36.926820" lon="-4.719745">
        <ele>596.881985</ele>
        <time>2026-05-21T10:34:01.000Z</time>
      </trkpt>
      <trkpt lat="36.926772" lon="-4.719739">
        <ele>596.313547</ele>
        <time>2026-05-21T10:34:06.000Z</time>
      </trkpt>
      <trkpt lat="36.926730" lon="-4.719730">
        <ele>595.868802</ele>
        <time>2026-05-21T10:34:11.000Z</time>
      </trkpt>
      <trkpt lat="36.926693" lon="-4.719701">
        <ele>595.799342</ele>
        <time>2026-05-21T10:34:15.000Z</time>
      </trkpt>
      <trkpt lat="36.926671" lon="-4.719672">
        <ele>595.748498</ele>
        <time>2026-05-21T10:34:19.000Z</time>
      </trkpt>
      <trkpt lat="36.926652" lon="-4.719647">
        <ele>595.704630</ele>
        <time>2026-05-21T10:34:21.000Z</time>
      </trkpt>
      <trkpt lat="36.926631" lon="-4.719559">
        <ele>595.587838</ele>
        <time>2026-05-21T10:34:27.000Z</time>
      </trkpt>
      <trkpt lat="36.926627" lon="-4.719550">
        <ele>595.574743</ele>
        <time>2026-05-21T10:34:28.000Z</time>
      </trkpt>
      <trkpt lat="36.926630" lon="-4.719512">
        <ele>595.526182</ele>
        <time>2026-05-21T10:34:31.000Z</time>
      </trkpt>
      <trkpt lat="36.926649" lon="-4.719439">
        <ele>595.428549</ele>
        <time>2026-05-21T10:34:37.000Z</time>
      </trkpt>
      <trkpt lat="36.926652" lon="-4.719430">
        <ele>595.416148</ele>
        <time>2026-05-21T10:34:38.000Z</time>
      </trkpt>
      <trkpt lat="36.926671" lon="-4.719379">
        <ele>595.344593</ele>
        <time>2026-05-21T10:34:42.000Z</time>
      </trkpt>
      <trkpt lat="36.926682" lon="-4.719339">
        <ele>595.290798</ele>
        <time>2026-05-21T10:34:45.000Z</time>
      </trkpt>
      <trkpt lat="36.926695" lon="-4.719288">
        <ele>595.222722</ele>
        <time>2026-05-21T10:34:48.000Z</time>
      </trkpt>
      <trkpt lat="36.926720" lon="-4.719229">
        <ele>595.137802</ele>
        <time>2026-05-21T10:34:52.000Z</time>
      </trkpt>
      <trkpt lat="36.926751" lon="-4.719165">
        <ele>595.042636</ele>
        <time>2026-05-21T10:34:59.000Z</time>
      </trkpt>
      <trkpt lat="36.926781" lon="-4.719048">
        <ele>594.886377</ele>
        <time>2026-05-21T10:35:06.000Z</time>
      </trkpt>
      <trkpt lat="36.926801" lon="-4.718937">
        <ele>594.741674</ele>
        <time>2026-05-21T10:35:16.000Z</time>
      </trkpt>
      <trkpt lat="36.926821" lon="-4.718850">
        <ele>594.626550</ele>
        <time>2026-05-21T10:35:22.000Z</time>
      </trkpt>
      <trkpt lat="36.926839" lon="-4.718781">
        <ele>594.534247</ele>
        <time>2026-05-21T10:35:26.000Z</time>
      </trkpt>
      <trkpt lat="36.926847" lon="-4.718757">
        <ele>594.501179</ele>
        <time>2026-05-21T10:35:28.000Z</time>
      </trkpt>
      <trkpt lat="36.926857" lon="-4.718733">
        <ele>594.466760</ele>
        <time>2026-05-21T10:35:30.000Z</time>
      </trkpt>
      <trkpt lat="36.926881" lon="-4.718663">
        <ele>594.369897</ele>
        <time>2026-05-21T10:35:34.000Z</time>
      </trkpt>
      <trkpt lat="36.926895" lon="-4.718612">
        <ele>594.301322</ele>
        <time>2026-05-21T10:35:37.000Z</time>
      </trkpt>
      <trkpt lat="36.926905" lon="-4.718572">
        <ele>594.248023</ele>
        <time>2026-05-21T10:35:40.000Z</time>
      </trkpt>
      <trkpt lat="36.926883" lon="-4.718475">
        <ele>594.119797</ele>
        <time>2026-05-21T10:35:46.000Z</time>
      </trkpt>
      <trkpt lat="36.926877" lon="-4.718455">
        <ele>594.092631</ele>
        <time>2026-05-21T10:35:47.000Z</time>
      </trkpt>
      <trkpt lat="36.926856" lon="-4.718376">
        <ele>593.986756</ele>
        <time>2026-05-21T10:35:53.000Z</time>
      </trkpt>
      <trkpt lat="36.926851" lon="-4.718362">
        <ele>593.967255</ele>
        <time>2026-05-21T10:35:54.000Z</time>
      </trkpt>
      <trkpt lat="36.926783" lon="-4.718265">
        <ele>593.803184</ele>
        <time>2026-05-21T10:36:01.000Z</time>
      </trkpt>
      <trkpt lat="36.926764" lon="-4.718246">
        <ele>593.764487</ele>
        <time>2026-05-21T10:36:03.000Z</time>
      </trkpt>
      <trkpt lat="36.926726" lon="-4.718211">
        <ele>593.689416</ele>
        <time>2026-05-21T10:36:08.000Z</time>
      </trkpt>
      <trkpt lat="36.926725" lon="-4.718202">
        <ele>593.677861</ele>
        <time>2026-05-21T10:36:10.000Z</time>
      </trkpt>
      <trkpt lat="36.926699" lon="-4.718165">
        <ele>593.615212</ele>
        <time>2026-05-21T10:36:13.000Z</time>
      </trkpt>
      <trkpt lat="36.926663" lon="-4.718099">
        <ele>593.513601</ele>
        <time>2026-05-21T10:36:17.000Z</time>
      </trkpt>
      <trkpt lat="36.926657" lon="-4.718089">
        <ele>593.497700</ele>
        <time>2026-05-21T10:36:18.000Z</time>
      </trkpt>
      <trkpt lat="36.926638" lon="-4.717999">
        <ele>593.379321</ele>
        <time>2026-05-21T10:36:24.000Z</time>
      </trkpt>
      <trkpt lat="36.926640" lon="-4.717988">
        <ele>593.364974</ele>
        <time>2026-05-21T10:36:25.000Z</time>
      </trkpt>
      <trkpt lat="36.926640" lon="-4.717975">
        <ele>593.348442</ele>
        <time>2026-05-21T10:36:26.000Z</time>
      </trkpt>
      <trkpt lat="36.926645" lon="-4.717970">
        <ele>593.338258</ele>
        <time>2026-05-21T10:36:31.000Z</time>
      </trkpt>
      <trkpt lat="36.926641" lon="-4.717905">
        <ele>593.255351</ele>
        <time>2026-05-21T10:36:37.000Z</time>
      </trkpt>
      <trkpt lat="36.926655" lon="-4.717835">
        <ele>593.163587</ele>
        <time>2026-05-21T10:36:42.000Z</time>
      </trkpt>
      <trkpt lat="36.926661" lon="-4.717812">
        <ele>593.132819</ele>
        <time>2026-05-21T10:36:44.000Z</time>
      </trkpt>
      <trkpt lat="36.926690" lon="-4.717703">
        <ele>593.154610</ele>
        <time>2026-05-21T10:36:50.000Z</time>
      </trkpt>
      <trkpt lat="36.926676" lon="-4.717614">
        <ele>593.691889</ele>
        <time>2026-05-21T10:36:56.000Z</time>
      </trkpt>
      <trkpt lat="36.926650" lon="-4.717568">
        <ele>594.025586</ele>
        <time>2026-05-21T10:36:59.000Z</time>
      </trkpt>
      <trkpt lat="36.926628" lon="-4.717499">
        <ele>594.465601</ele>
        <time>2026-05-21T10:37:03.000Z</time>
      </trkpt>
      <trkpt lat="36.926630" lon="-4.717457">
        <ele>594.714819</ele>
        <time>2026-05-21T10:37:08.000Z</time>
      </trkpt>
      <trkpt lat="36.926615" lon="-4.717346">
        <ele>595.381630</ele>
        <time>2026-05-21T10:37:14.000Z</time>
      </trkpt>
      <trkpt lat="36.926600" lon="-4.717235">
        <ele>596.048441</ele>
        <time>2026-05-21T10:37:20.000Z</time>
      </trkpt>
      <trkpt lat="36.926600" lon="-4.717225">
        <ele>596.107673</ele>
        <time>2026-05-21T10:37:21.000Z</time>
      </trkpt>
      <trkpt lat="36.926593" lon="-4.717182">
        <ele>596.367601</ele>
        <time>2026-05-21T10:37:28.000Z</time>
      </trkpt>
      <trkpt lat="36.926597" lon="-4.717113">
        <ele>596.777380</ele>
        <time>2026-05-21T10:37:34.000Z</time>
      </trkpt>
      <trkpt lat="36.926609" lon="-4.717089">
        <ele>596.945055</ele>
        <time>2026-05-21T10:37:36.000Z</time>
      </trkpt>
      <trkpt lat="36.926652" lon="-4.717066">
        <ele>597.291572</ele>
        <time>2026-05-21T10:37:41.000Z</time>
      </trkpt>
      <trkpt lat="36.926721" lon="-4.717053">
        <ele>597.808600</ele>
        <time>2026-05-21T10:37:48.000Z</time>
      </trkpt>
      <trkpt lat="36.926767" lon="-4.717042">
        <ele>598.155613</ele>
        <time>2026-05-21T10:37:51.000Z</time>
      </trkpt>
      <trkpt lat="36.926798" lon="-4.717036">
        <ele>598.388044</ele>
        <time>2026-05-21T10:37:53.000Z</time>
      </trkpt>
      <trkpt lat="36.926818" lon="-4.717033">
        <ele>598.537297</ele>
        <time>2026-05-21T10:37:55.000Z</time>
      </trkpt>
      <trkpt lat="36.926833" lon="-4.717029">
        <ele>598.650938</ele>
        <time>2026-05-21T10:37:57.000Z</time>
      </trkpt>
      <trkpt lat="36.926856" lon="-4.717051">
        <ele>598.865471</ele>
        <time>2026-05-21T10:38:02.000Z</time>
      </trkpt>
      <trkpt lat="36.926910" lon="-4.717079">
        <ele>599.298600</ele>
        <time>2026-05-21T10:38:06.000Z</time>
      </trkpt>
      <trkpt lat="36.926947" lon="-4.717096">
        <ele>599.590662</ele>
        <time>2026-05-21T10:38:09.000Z</time>
      </trkpt>
      <trkpt lat="36.926973" lon="-4.717094">
        <ele>599.783676</ele>
        <time>2026-05-21T10:38:14.000Z</time>
      </trkpt>
      <trkpt lat="36.926997" lon="-4.717090">
        <ele>599.963077</ele>
        <time>2026-05-21T10:38:16.000Z</time>
      </trkpt>
      <trkpt lat="36.927035" lon="-4.717088">
        <ele>600.244891</ele>
        <time>2026-05-21T10:38:21.000Z</time>
      </trkpt>
      <trkpt lat="36.927048" lon="-4.717082">
        <ele>600.347562</ele>
        <time>2026-05-21T10:38:23.000Z</time>
      </trkpt>
      <trkpt lat="36.927056" lon="-4.717079">
        <ele>600.409445</ele>
        <time>2026-05-21T10:38:24.000Z</time>
      </trkpt>
      <trkpt lat="36.927116" lon="-4.717051">
        <ele>600.883949</ele>
        <time>2026-05-21T10:38:32.000Z</time>
      </trkpt>
      <trkpt lat="36.927123" lon="-4.717048">
        <ele>600.938776</ele>
        <time>2026-05-21T10:38:33.000Z</time>
      </trkpt>
      <trkpt lat="36.927181" lon="-4.717027">
        <ele>601.386171</ele>
        <time>2026-05-21T10:38:39.000Z</time>
      </trkpt>
      <trkpt lat="36.927198" lon="-4.717022">
        <ele>601.515569</ele>
        <time>2026-05-21T10:38:41.000Z</time>
      </trkpt>
      <trkpt lat="36.927226" lon="-4.717006">
        <ele>601.743659</ele>
        <time>2026-05-21T10:38:45.000Z</time>
      </trkpt>
      <trkpt lat="36.927256" lon="-4.716981">
        <ele>602.010753</ele>
        <time>2026-05-21T10:38:49.000Z</time>
      </trkpt>
      <trkpt lat="36.927260" lon="-4.716976">
        <ele>602.052653</ele>
        <time>2026-05-21T10:38:50.000Z</time>
      </trkpt>
      <trkpt lat="36.927277" lon="-4.716956">
        <ele>602.225570</ele>
        <time>2026-05-21T10:38:53.000Z</time>
      </trkpt>
      <trkpt lat="36.927277" lon="-4.716956">
        <ele>602.225570</ele>
        <time>2026-05-21T10:38:56.000Z</time>
      </trkpt>
      <trkpt lat="36.927276" lon="-4.716951">
        <ele>602.256099</ele>
        <time>2026-05-21T10:39:00.000Z</time>
      </trkpt>
      <trkpt lat="36.927273" lon="-4.716948">
        <ele>602.284558</ele>
        <time>2026-05-21T10:39:02.000Z</time>
      </trkpt>
      <trkpt lat="36.927271" lon="-4.716937">
        <ele>602.351377</ele>
        <time>2026-05-21T10:39:05.000Z</time>
      </trkpt>
      <trkpt lat="36.927219" lon="-4.716889">
        <ele>602.830219</ele>
        <time>2026-05-21T10:39:12.000Z</time>
      </trkpt>
      <trkpt lat="36.927219" lon="-4.716892">
        <ele>602.847989</ele>
        <time>2026-05-21T10:39:13.000Z</time>
      </trkpt>
      <trkpt lat="36.927239" lon="-4.716916">
        <ele>603.053341</ele>
        <time>2026-05-21T10:39:16.000Z</time>
      </trkpt>
      <trkpt lat="36.927276" lon="-4.716931">
        <ele>603.341534</ele>
        <time>2026-05-21T10:39:19.000Z</time>
      </trkpt>
      <trkpt lat="36.927298" lon="-4.716919">
        <ele>603.519367</ele>
        <time>2026-05-21T10:39:22.000Z</time>
      </trkpt>
      <trkpt lat="36.927335" lon="-4.716898">
        <ele>603.820420</ele>
        <time>2026-05-21T10:39:26.000Z</time>
      </trkpt>
      <trkpt lat="36.927362" lon="-4.716878">
        <ele>604.052923</ele>
        <time>2026-05-21T10:39:29.000Z</time>
      </trkpt>
      <trkpt lat="36.927401" lon="-4.716843">
        <ele>604.408569</ele>
        <time>2026-05-21T10:39:33.000Z</time>
      </trkpt>
      <trkpt lat="36.927434" lon="-4.716801">
        <ele>604.757392</ele>
        <time>2026-05-21T10:39:39.000Z</time>
      </trkpt>
      <trkpt lat="36.927435" lon="-4.716795">
        <ele>604.793695</ele>
        <time>2026-05-21T10:39:40.000Z</time>
      </trkpt>
      <trkpt lat="36.927465" lon="-4.716709">
        <ele>605.349479</ele>
        <time>2026-05-21T10:39:46.000Z</time>
      </trkpt>
      <trkpt lat="36.927473" lon="-4.716647">
        <ele>605.721471</ele>
        <time>2026-05-21T10:39:51.000Z</time>
      </trkpt>
      <trkpt lat="36.927480" lon="-4.716576">
        <ele>606.145204</ele>
        <time>2026-05-21T10:39:55.000Z</time>
      </trkpt>
      <trkpt lat="36.927487" lon="-4.716456">
        <ele>605.606815</ele>
        <time>2026-05-21T10:40:04.000Z</time>
      </trkpt>
      <trkpt lat="36.927498" lon="-4.716417">
        <ele>605.255858</ele>
        <time>2026-05-21T10:40:06.000Z</time>
      </trkpt>
      <trkpt lat="36.927534" lon="-4.716350">
        <ele>604.570785</ele>
        <time>2026-05-21T10:40:12.000Z</time>
      </trkpt>
      <trkpt lat="36.927557" lon="-4.716315">
        <ele>604.186294</ele>
        <time>2026-05-21T10:40:17.000Z</time>
      </trkpt>
      <trkpt lat="36.927562" lon="-4.716300">
        <ele>604.048379</ele>
        <time>2026-05-21T10:40:18.000Z</time>
      </trkpt>
      <trkpt lat="36.927568" lon="-4.716281">
        <ele>603.875017</ele>
        <time>2026-05-21T10:40:19.000Z</time>
      </trkpt>
      <trkpt lat="36.927573" lon="-4.716197">
        <ele>603.160207</ele>
        <time>2026-05-21T10:40:24.000Z</time>
      </trkpt>
      <trkpt lat="36.927576" lon="-4.716170">
        <ele>602.928878</ele>
        <time>2026-05-21T10:40:26.000Z</time>
      </trkpt>
      <trkpt lat="36.927588" lon="-4.716106">
        <ele>602.371024</ele>
        <time>2026-05-21T10:40:31.000Z</time>
      </trkpt>
      <trkpt lat="36.927592" lon="-4.716074">
        <ele>602.096167</ele>
        <time>2026-05-21T10:40:33.000Z</time>
      </trkpt>
      <trkpt lat="36.927587" lon="-4.715964">
        <ele>601.161183</ele>
        <time>2026-05-21T10:40:40.000Z</time>
      </trkpt>
      <trkpt lat="36.927550" lon="-4.715839">
        <ele>600.030029</ele>
        <time>2026-05-21T10:40:48.000Z</time>
      </trkpt>
      <trkpt lat="36.927550" lon="-4.715829">
        <ele>599.945167</ele>
        <time>2026-05-21T10:40:49.000Z</time>
      </trkpt>
      <trkpt lat="36.927535" lon="-4.715770">
        <ele>599.419772</ele>
        <time>2026-05-21T10:40:54.000Z</time>
      </trkpt>
      <trkpt lat="36.927517" lon="-4.715680">
        <ele>598.632477</ele>
        <time>2026-05-21T10:41:00.000Z</time>
      </trkpt>
      <trkpt lat="36.927513" lon="-4.715664">
        <ele>598.490214</ele>
        <time>2026-05-21T10:41:01.000Z</time>
      </trkpt>
      <trkpt lat="36.927485" lon="-4.715546">
        <ele>597.445662</ele>
        <time>2026-05-21T10:41:09.000Z</time>
      </trkpt>
      <trkpt lat="36.927459" lon="-4.715441">
        <ele>596.512846</ele>
        <time>2026-05-21T10:41:15.000Z</time>
      </trkpt>
      <trkpt lat="36.927432" lon="-4.715366">
        <ele>595.814821</ele>
        <time>2026-05-21T10:41:21.000Z</time>
      </trkpt>
      <trkpt lat="36.927411" lon="-4.715323">
        <ele>595.387207</ele>
        <time>2026-05-21T10:41:26.000Z</time>
      </trkpt>
      <trkpt lat="36.927407" lon="-4.715287">
        <ele>595.078768</ele>
        <time>2026-05-21T10:41:28.000Z</time>
      </trkpt>
      <trkpt lat="36.927392" lon="-4.715207">
        <ele>594.381450</ele>
        <time>2026-05-21T10:41:34.000Z</time>
      </trkpt>
      <trkpt lat="36.927389" lon="-4.715192">
        <ele>594.250234</ele>
        <time>2026-05-21T10:41:35.000Z</time>
      </trkpt>
      <trkpt lat="36.927373" lon="-4.715089">
        <ele>593.359807</ele>
        <time>2026-05-21T10:41:41.000Z</time>
      </trkpt>
      <trkpt lat="36.927369" lon="-4.715053">
        <ele>593.051368</ele>
        <time>2026-05-21T10:41:43.000Z</time>
      </trkpt>
      <trkpt lat="36.927374" lon="-4.714994">
        <ele>592.547878</ele>
        <time>2026-05-21T10:41:48.000Z</time>
      </trkpt>
      <trkpt lat="36.927382" lon="-4.714961">
        <ele>592.255240</ele>
        <time>2026-05-21T10:41:50.000Z</time>
      </trkpt>
      <trkpt lat="36.927391" lon="-4.714937">
        <ele>592.030276</ele>
        <time>2026-05-21T10:41:52.000Z</time>
      </trkpt>
      <trkpt lat="36.927394" lon="-4.714928">
        <ele>591.947526</ele>
        <time>2026-05-21T10:41:53.000Z</time>
      </trkpt>
      <trkpt lat="36.927382" lon="-4.714894">
        <ele>591.632126</ele>
        <time>2026-05-21T10:41:55.000Z</time>
      </trkpt>
      <trkpt lat="36.927375" lon="-4.714880">
        <ele>591.491994</ele>
        <time>2026-05-21T10:41:56.000Z</time>
      </trkpt>
      <trkpt lat="36.927370" lon="-4.714841">
        <ele>591.156804</ele>
        <time>2026-05-21T10:41:59.000Z</time>
      </trkpt>
      <trkpt lat="36.927356" lon="-4.714765">
        <ele>590.494952</ele>
        <time>2026-05-21T10:42:04.000Z</time>
      </trkpt>
      <trkpt lat="36.927355" lon="-4.714669">
        <ele>589.680210</ele>
        <time>2026-05-21T10:42:10.000Z</time>
      </trkpt>
      <trkpt lat="36.927360" lon="-4.714638">
        <ele>589.411837</ele>
        <time>2026-05-21T10:42:12.000Z</time>
      </trkpt>
      <trkpt lat="36.927368" lon="-4.714622">
        <ele>589.251686</ele>
        <time>2026-05-21T10:42:14.000Z</time>
      </trkpt>
      <trkpt lat="36.927385" lon="-4.714561">
        <ele>588.703474</ele>
        <time>2026-05-21T10:42:18.000Z</time>
      </trkpt>
      <trkpt lat="36.927387" lon="-4.714543">
        <ele>588.549254</ele>
        <time>2026-05-21T10:42:19.000Z</time>
      </trkpt>
      <trkpt lat="36.927389" lon="-4.714501">
        <ele>588.192203</ele>
        <time>2026-05-21T10:42:23.000Z</time>
      </trkpt>
      <trkpt lat="36.927399" lon="-4.714421">
        <ele>587.505059</ele>
        <time>2026-05-21T10:42:28.000Z</time>
      </trkpt>
      <trkpt lat="36.927404" lon="-4.714401">
        <ele>587.327229</ele>
        <time>2026-05-21T10:42:29.000Z</time>
      </trkpt>
      <trkpt lat="36.927409" lon="-4.714327">
        <ele>586.552355</ele>
        <time>2026-05-21T10:42:33.000Z</time>
      </trkpt>
      <trkpt lat="36.927403" lon="-4.714288">
        <ele>586.127111</ele>
        <time>2026-05-21T10:42:36.000Z</time>
      </trkpt>
      <trkpt lat="36.927401" lon="-4.714260">
        <ele>585.826114</ele>
        <time>2026-05-21T10:42:38.000Z</time>
      </trkpt>
      <trkpt lat="36.927409" lon="-4.714192">
        <ele>585.090181</ele>
        <time>2026-05-21T10:42:43.000Z</time>
      </trkpt>
      <trkpt lat="36.927413" lon="-4.714171">
        <ele>584.859035</ele>
        <time>2026-05-21T10:42:45.000Z</time>
      </trkpt>
      <trkpt lat="36.927420" lon="-4.714120">
        <ele>584.304977</ele>
        <time>2026-05-21T10:42:49.000Z</time>
      </trkpt>
      <trkpt lat="36.927418" lon="-4.714072">
        <ele>583.790333</ele>
        <time>2026-05-21T10:42:52.000Z</time>
      </trkpt>
      <trkpt lat="36.927418" lon="-4.714046">
        <ele>583.511946</ele>
        <time>2026-05-21T10:42:54.000Z</time>
      </trkpt>
      <trkpt lat="36.927411" lon="-4.714015">
        <ele>583.167034</ele>
        <time>2026-05-21T10:42:58.000Z</time>
      </trkpt>
      <trkpt lat="36.927403" lon="-4.713975">
        <ele>582.725545</ele>
        <time>2026-05-21T10:43:01.000Z</time>
      </trkpt>
      <trkpt lat="36.927380" lon="-4.713862">
        <ele>581.477026</ele>
        <time>2026-05-21T10:43:07.000Z</time>
      </trkpt>
      <trkpt lat="36.927377" lon="-4.713843">
        <ele>581.269659</ele>
        <time>2026-05-21T10:43:08.000Z</time>
      </trkpt>
      <trkpt lat="36.927363" lon="-4.713791">
        <ele>580.682155</ele>
        <time>2026-05-21T10:43:15.000Z</time>
      </trkpt>
      <trkpt lat="36.927356" lon="-4.713778">
        <ele>580.514328</ele>
        <time>2026-05-21T10:43:16.000Z</time>
      </trkpt>
      <trkpt lat="36.927328" lon="-4.713705">
        <ele>579.647384</ele>
        <time>2026-05-21T10:43:22.000Z</time>
      </trkpt>
      <trkpt lat="36.927310" lon="-4.713696">
        <ele>579.387745</ele>
        <time>2026-05-21T10:43:29.000Z</time>
      </trkpt>
      <trkpt lat="36.927291" lon="-4.713702">
        <ele>579.125274</ele>
        <time>2026-05-21T10:43:32.000Z</time>
      </trkpt>
      <trkpt lat="36.927268" lon="-4.713701">
        <ele>578.817023</ele>
        <time>2026-05-21T10:43:35.000Z</time>
      </trkpt>
      <trkpt lat="36.927259" lon="-4.713677">
        <ele>578.533180</ele>
        <time>2026-05-21T10:43:38.000Z</time>
      </trkpt>
      <trkpt lat="36.927247" lon="-4.713669">
        <ele>578.351050</ele>
        <time>2026-05-21T10:43:40.000Z</time>
      </trkpt>
      <trkpt lat="36.927229" lon="-4.713652">
        <ele>578.048960</ele>
        <time>2026-05-21T10:43:43.000Z</time>
      </trkpt>
      <trkpt lat="36.927218" lon="-4.713606">
        <ele>577.534862</ele>
        <time>2026-05-21T10:43:46.000Z</time>
      </trkpt>
      <trkpt lat="36.927192" lon="-4.713583">
        <ele>577.108338</ele>
        <time>2026-05-21T10:43:48.000Z</time>
      </trkpt>
      <trkpt lat="36.927159" lon="-4.713543">
        <ele>576.492870</ele>
        <time>2026-05-21T10:43:53.000Z</time>
      </trkpt>
      <trkpt lat="36.927162" lon="-4.713440">
        <ele>575.389292</ele>
        <time>2026-05-21T10:43:58.000Z</time>
      </trkpt>
      <trkpt lat="36.927131" lon="-4.713414">
        <ele>574.889387</ele>
        <time>2026-05-21T10:44:00.000Z</time>
      </trkpt>
      <trkpt lat="36.927095" lon="-4.713359">
        <ele>574.128264</ele>
        <time>2026-05-21T10:44:04.000Z</time>
      </trkpt>
      <trkpt lat="36.927082" lon="-4.713319">
        <ele>573.665932</ele>
        <time>2026-05-21T10:44:07.000Z</time>
      </trkpt>
      <trkpt lat="36.927038" lon="-4.713274">
        <ele>572.904696</ele>
        <time>2026-05-21T10:44:11.000Z</time>
      </trkpt>
      <trkpt lat="36.927026" lon="-4.713242">
        <ele>572.526238</ele>
        <time>2026-05-21T10:44:14.000Z</time>
      </trkpt>
      <trkpt lat="36.926996" lon="-4.713208">
        <ele>571.984027</ele>
        <time>2026-05-21T10:44:18.000Z</time>
      </trkpt>
      <trkpt lat="36.927021" lon="-4.713234">
        <ele>571.548566</ele>
        <time>2026-05-21T10:44:26.000Z</time>
      </trkpt>
      <trkpt lat="36.927023" lon="-4.713240">
        <ele>571.478961</ele>
        <time>2026-05-21T10:44:27.000Z</time>
      </trkpt>
      <trkpt lat="36.927015" lon="-4.713241">
        <ele>571.371275</ele>
        <time>2026-05-21T10:44:30.000Z</time>
      </trkpt>
      <trkpt lat="36.926944" lon="-4.713224">
        <ele>570.403030</ele>
        <time>2026-05-21T10:44:34.000Z</time>
      </trkpt>
      <trkpt lat="36.926881" lon="-4.713177">
        <ele>569.420533</ele>
        <time>2026-05-21T10:44:39.000Z</time>
      </trkpt>
      <trkpt lat="36.926821" lon="-4.713130">
        <ele>568.472324</ele>
        <time>2026-05-21T10:44:43.000Z</time>
      </trkpt>
      <trkpt lat="36.926744" lon="-4.713070">
        <ele>567.257252</ele>
        <time>2026-05-21T10:44:50.000Z</time>
      </trkpt>
      <trkpt lat="36.926735" lon="-4.713062">
        <ele>567.109370</ele>
        <time>2026-05-21T10:44:52.000Z</time>
      </trkpt>
      <trkpt lat="36.926706" lon="-4.713017">
        <ele>566.490471</ele>
        <time>2026-05-21T10:44:57.000Z</time>
      </trkpt>
      <trkpt lat="36.926678" lon="-4.712989">
        <ele>566.010332</ele>
        <time>2026-05-21T10:45:00.000Z</time>
      </trkpt>
      <trkpt lat="36.926595" lon="-4.712925">
        <ele>564.704386</ele>
        <time>2026-05-21T10:45:06.000Z</time>
      </trkpt>
      <trkpt lat="36.926527" lon="-4.712844">
        <ele>563.446708</ele>
        <time>2026-05-21T10:45:14.000Z</time>
      </trkpt>
      <trkpt lat="36.926505" lon="-4.712810">
        <ele>563.053525</ele>
        <time>2026-05-21T10:45:17.000Z</time>
      </trkpt>
      <trkpt lat="36.926483" lon="-4.712786">
        <ele>562.825687</ele>
        <time>2026-05-21T10:45:19.000Z</time>
      </trkpt>
      <trkpt lat="36.926473" lon="-4.712774">
        <ele>562.717529</ele>
        <time>2026-05-21T10:45:20.000Z</time>
      </trkpt>
      <trkpt lat="36.926449" lon="-4.712742">
        <ele>562.443747</ele>
        <time>2026-05-21T10:45:23.000Z</time>
      </trkpt>
      <trkpt lat="36.926397" lon="-4.712683">
        <ele>561.895797</ele>
        <time>2026-05-21T10:45:28.000Z</time>
      </trkpt>
      <trkpt lat="36.926312" lon="-4.712569">
        <ele>560.923117</ele>
        <time>2026-05-21T10:45:37.000Z</time>
      </trkpt>
      <trkpt lat="36.926270" lon="-4.712485">
        <ele>560.304922</ele>
        <time>2026-05-21T10:45:45.000Z</time>
      </trkpt>
      <trkpt lat="36.926229" lon="-4.712414">
        <ele>559.758422</ele>
        <time>2026-05-21T10:45:50.000Z</time>
      </trkpt>
      <trkpt lat="36.926222" lon="-4.712384">
        <ele>559.563425</ele>
        <time>2026-05-21T10:45:52.000Z</time>
      </trkpt>
      <trkpt lat="36.926204" lon="-4.712306">
        <ele>559.056870</ele>
        <time>2026-05-21T10:45:59.000Z</time>
      </trkpt>
      <trkpt lat="36.926174" lon="-4.712231">
        <ele>558.533592</ele>
        <time>2026-05-21T10:46:04.000Z</time>
      </trkpt>
      <trkpt lat="36.926166" lon="-4.712215">
        <ele>558.415840</ele>
        <time>2026-05-21T10:46:05.000Z</time>
      </trkpt>
      <trkpt lat="36.926150" lon="-4.712166">
        <ele>558.085582</ele>
        <time>2026-05-21T10:46:08.000Z</time>
      </trkpt>
      <trkpt lat="36.926131" lon="-4.712105">
        <ele>557.677100</ele>
        <time>2026-05-21T10:46:12.000Z</time>
      </trkpt>
      <trkpt lat="36.926113" lon="-4.712037">
        <ele>557.230156</ele>
        <time>2026-05-21T10:46:17.000Z</time>
      </trkpt>
      <trkpt lat="36.926112" lon="-4.712021">
        <ele>557.130019</ele>
        <time>2026-05-21T10:46:18.000Z</time>
      </trkpt>
      <trkpt lat="36.926117" lon="-4.711946">
        <ele>556.660429</ele>
        <time>2026-05-21T10:46:23.000Z</time>
      </trkpt>
      <trkpt lat="36.926120" lon="-4.711917">
        <ele>556.477974</ele>
        <time>2026-05-21T10:46:25.000Z</time>
      </trkpt>
      <trkpt lat="36.926112" lon="-4.711817">
        <ele>555.850904</ele>
        <time>2026-05-21T10:46:31.000Z</time>
      </trkpt>
      <trkpt lat="36.926113" lon="-4.711780">
        <ele>555.619909</ele>
        <time>2026-05-21T10:46:33.000Z</time>
      </trkpt>
      <trkpt lat="36.926112" lon="-4.711763">
        <ele>555.513550</ele>
        <time>2026-05-21T10:46:34.000Z</time>
      </trkpt>
      <trkpt lat="36.926096" lon="-4.711700">
        <ele>555.101099</ele>
        <time>2026-05-21T10:46:37.000Z</time>
      </trkpt>
      <trkpt lat="36.926060" lon="-4.711647">
        <ele>554.667149</ele>
        <time>2026-05-21T10:46:41.000Z</time>
      </trkpt>
      <trkpt lat="36.926018" lon="-4.711565">
        <ele>554.059496</ele>
        <time>2026-05-21T10:46:47.000Z</time>
      </trkpt>
      <trkpt lat="36.925970" lon="-4.711479">
        <ele>553.405048</ele>
        <time>2026-05-21T10:46:55.000Z</time>
      </trkpt>
      <trkpt lat="36.925877" lon="-4.711362">
        <ele>552.375562</ele>
        <time>2026-05-21T10:47:04.000Z</time>
      </trkpt>
      <trkpt lat="36.925791" lon="-4.711298">
        <ele>551.594515</ele>
        <time>2026-05-21T10:47:10.000Z</time>
      </trkpt>
      <trkpt lat="36.925769" lon="-4.711281">
        <ele>551.392681</ele>
        <time>2026-05-21T10:47:12.000Z</time>
      </trkpt>
      <trkpt lat="36.925678" lon="-4.711217">
        <ele>550.577849</ele>
        <time>2026-05-21T10:47:20.000Z</time>
      </trkpt>
      <trkpt lat="36.925656" lon="-4.711195">
        <ele>550.358011</ele>
        <time>2026-05-21T10:47:22.000Z</time>
      </trkpt>
      <trkpt lat="36.925591" lon="-4.711135">
        <ele>549.727499</ele>
        <time>2026-05-21T10:47:28.000Z</time>
      </trkpt>
      <trkpt lat="36.925573" lon="-4.711122">
        <ele>549.565271</ele>
        <time>2026-05-21T10:47:30.000Z</time>
      </trkpt>
      <trkpt lat="36.925552" lon="-4.711113">
        <ele>549.392010</ele>
        <time>2026-05-21T10:47:33.000Z</time>
      </trkpt>
      <trkpt lat="36.925529" lon="-4.711109">
        <ele>549.210764</ele>
        <time>2026-05-21T10:47:36.000Z</time>
      </trkpt>
      <trkpt lat="36.925521" lon="-4.711119">
        <ele>549.122491</ele>
        <time>2026-05-21T10:47:42.000Z</time>
      </trkpt>
      <trkpt lat="36.925516" lon="-4.711119">
        <ele>549.095796</ele>
        <time>2026-05-21T10:47:46.000Z</time>
      </trkpt>
      <trkpt lat="36.925520" lon="-4.711116">
        <ele>549.071745</ele>
        <time>2026-05-21T10:47:52.000Z</time>
      </trkpt>
      <trkpt lat="36.925518" lon="-4.711125">
        <ele>549.033237</ele>
        <time>2026-05-21T10:47:55.000Z</time>
      </trkpt>
      <trkpt lat="36.925520" lon="-4.711128">
        <ele>549.017134</ele>
        <time>2026-05-21T10:48:00.000Z</time>
      </trkpt>
      <trkpt lat="36.925521" lon="-4.711127">
        <ele>549.010532</ele>
        <time>2026-05-21T10:48:01.000Z</time>
      </trkpt>
      <trkpt lat="36.925520" lon="-4.711116">
        <ele>548.964894</ele>
        <time>2026-05-21T10:48:04.000Z</time>
      </trkpt>
      <trkpt lat="36.925519" lon="-4.711106">
        <ele>548.923348</ele>
        <time>2026-05-21T10:48:07.000Z</time>
      </trkpt>
      <trkpt lat="36.925518" lon="-4.711107">
        <ele>548.916747</ele>
        <time>2026-05-21T10:48:12.000Z</time>
      </trkpt>
      <trkpt lat="36.925519" lon="-4.711107">
        <ele>548.911590</ele>
        <time>2026-05-21T10:48:14.000Z</time>
      </trkpt>
      <trkpt lat="36.925520" lon="-4.711110">
        <ele>548.898191</ele>
        <time>2026-05-21T10:48:17.000Z</time>
      </trkpt>
      <trkpt lat="36.925524" lon="-4.711115">
        <ele>548.869030</ele>
        <time>2026-05-21T10:48:20.000Z</time>
      </trkpt>
      <trkpt lat="36.925529" lon="-4.711112">
        <ele>548.840434</ele>
        <time>2026-05-21T10:48:25.000Z</time>
      </trkpt>
      <trkpt lat="36.925515" lon="-4.711109">
        <ele>548.767188</ele>
        <time>2026-05-21T10:48:36.000Z</time>
      </trkpt>
      <trkpt lat="36.925495" lon="-4.711082">
        <ele>548.615447</ele>
        <time>2026-05-21T10:48:39.000Z</time>
      </trkpt>
      <trkpt lat="36.925440" lon="-4.711033">
        <ele>548.267248</ele>
        <time>2026-05-21T10:48:44.000Z</time>
      </trkpt>
      <trkpt lat="36.925357" lon="-4.710920">
        <ele>547.634644</ele>
        <time>2026-05-21T10:48:53.000Z</time>
      </trkpt>
      <trkpt lat="36.925308" lon="-4.710875">
        <ele>547.321179</ele>
        <time>2026-05-21T10:48:57.000Z</time>
      </trkpt>
      <trkpt lat="36.925275" lon="-4.710840">
        <ele>547.098073</ele>
        <time>2026-05-21T10:49:01.000Z</time>
      </trkpt>
      <trkpt lat="36.925217" lon="-4.710755">
        <ele>546.637381</ele>
        <time>2026-05-21T10:49:09.000Z</time>
      </trkpt>
      <trkpt lat="36.925144" lon="-4.710641">
        <ele>546.035248</ele>
        <time>2026-05-21T10:49:17.000Z</time>
      </trkpt>
      <trkpt lat="36.925103" lon="-4.710584">
        <ele>545.719155</ele>
        <time>2026-05-21T10:49:24.000Z</time>
      </trkpt>
      <trkpt lat="36.925068" lon="-4.710502">
        <ele>545.335953</ele>
        <time>2026-05-21T10:49:32.000Z</time>
      </trkpt>
      <trkpt lat="36.925049" lon="-4.710470">
        <ele>545.171631</ele>
        <time>2026-05-21T10:49:35.000Z</time>
      </trkpt>
      <trkpt lat="36.925008" lon="-4.710390">
        <ele>544.779886</ele>
        <time>2026-05-21T10:49:41.000Z</time>
      </trkpt>
      <trkpt lat="36.925006" lon="-4.710379">
        <ele>544.733382</ele>
        <time>2026-05-21T10:49:42.000Z</time>
      </trkpt>
      <trkpt lat="36.924988" lon="-4.710318">
        <ele>544.465331</ele>
        <time>2026-05-21T10:49:45.000Z</time>
      </trkpt>
      <trkpt lat="36.924985" lon="-4.710290">
        <ele>544.348871</ele>
        <time>2026-05-21T10:49:47.000Z</time>
      </trkpt>
      <trkpt lat="36.924994" lon="-4.710268">
        <ele>544.246993</ele>
        <time>2026-05-21T10:49:50.000Z</time>
      </trkpt>
      <trkpt lat="36.924999" lon="-4.710238">
        <ele>544.120662</ele>
        <time>2026-05-21T10:49:52.000Z</time>
      </trkpt>
      <trkpt lat="36.924999" lon="-4.710219">
        <ele>544.042336</ele>
        <time>2026-05-21T10:49:53.000Z</time>
      </trkpt>
      <trkpt lat="36.924999" lon="-4.710205">
        <ele>543.984623</ele>
        <time>2026-05-21T10:49:54.000Z</time>
      </trkpt>
      <trkpt lat="36.924999" lon="-4.710181">
        <ele>543.885685</ele>
        <time>2026-05-21T10:49:56.000Z</time>
      </trkpt>
      <trkpt lat="36.924998" lon="-4.710153">
        <ele>543.770142</ele>
        <time>2026-05-21T10:49:58.000Z</time>
      </trkpt>
      <trkpt lat="36.925019" lon="-4.710075">
        <ele>543.430849</ele>
        <time>2026-05-21T10:50:04.000Z</time>
      </trkpt>
      <trkpt lat="36.925038" lon="-4.710040">
        <ele>543.256443</ele>
        <time>2026-05-21T10:50:07.000Z</time>
      </trkpt>
      <trkpt lat="36.925050" lon="-4.709995">
        <ele>543.060886</ele>
        <time>2026-05-21T10:50:10.000Z</time>
      </trkpt>
      <trkpt lat="36.925066" lon="-4.709968">
        <ele>542.922335</ele>
        <time>2026-05-21T10:50:12.000Z</time>
      </trkpt>
      <trkpt lat="36.925079" lon="-4.709916">
        <ele>542.697733</ele>
        <time>2026-05-21T10:50:17.000Z</time>
      </trkpt>
      <trkpt lat="36.925088" lon="-4.709865">
        <ele>542.482429</ele>
        <time>2026-05-21T10:50:20.000Z</time>
      </trkpt>
      <trkpt lat="36.925094" lon="-4.709837">
        <ele>542.362927</ele>
        <time>2026-05-21T10:50:23.000Z</time>
      </trkpt>
      <trkpt lat="36.925109" lon="-4.709801">
        <ele>542.195572</ele>
        <time>2026-05-21T10:50:27.000Z</time>
      </trkpt>
      <trkpt lat="36.925128" lon="-4.709763">
        <ele>542.010804</ele>
        <time>2026-05-21T10:50:30.000Z</time>
      </trkpt>
      <trkpt lat="36.925164" lon="-4.709657">
        <ele>541.536031</ele>
        <time>2026-05-21T10:50:36.000Z</time>
      </trkpt>
      <trkpt lat="36.925193" lon="-4.709588">
        <ele>541.214670</ele>
        <time>2026-05-21T10:50:40.000Z</time>
      </trkpt>
      <trkpt lat="36.925200" lon="-4.709558">
        <ele>541.085838</ele>
        <time>2026-05-21T10:50:43.000Z</time>
      </trkpt>
      <trkpt lat="36.925213" lon="-4.709467">
        <ele>540.704757</ele>
        <time>2026-05-21T10:50:49.000Z</time>
      </trkpt>
      <trkpt lat="36.925217" lon="-4.709447">
        <ele>540.619768</ele>
        <time>2026-05-21T10:50:50.000Z</time>
      </trkpt>
      <trkpt lat="36.925222" lon="-4.709431">
        <ele>540.548950</ele>
        <time>2026-05-21T10:50:51.000Z</time>
      </trkpt>
      <trkpt lat="36.925234" lon="-4.709395">
        <ele>540.388159</ele>
        <time>2026-05-21T10:50:54.000Z</time>
      </trkpt>
      <trkpt lat="36.925238" lon="-4.709387">
        <ele>540.349261</ele>
        <time>2026-05-21T10:50:55.000Z</time>
      </trkpt>
      <trkpt lat="36.925272" lon="-4.709295">
        <ele>539.931435</ele>
        <time>2026-05-21T10:51:02.000Z</time>
      </trkpt>
      <trkpt lat="36.925305" lon="-4.709218">
        <ele>539.399163</ele>
        <time>2026-05-21T10:51:08.000Z</time>
      </trkpt>
      <trkpt lat="36.925307" lon="-4.709224">
        <ele>539.355496</ele>
        <time>2026-05-21T10:51:13.000Z</time>
      </trkpt>
      <trkpt lat="36.925300" lon="-4.709235">
        <ele>539.261052</ele>
        <time>2026-05-21T10:51:14.000Z</time>
      </trkpt>
      <trkpt lat="36.925298" lon="-4.709235">
        <ele>539.244247</ele>
        <time>2026-05-21T10:51:15.000Z</time>
      </trkpt>
      <trkpt lat="36.925307" lon="-4.709232">
        <ele>539.165983</ele>
        <time>2026-05-21T10:51:20.000Z</time>
      </trkpt>
      <trkpt lat="36.925314" lon="-4.709235">
        <ele>539.103807</ele>
        <time>2026-05-21T10:51:24.000Z</time>
      </trkpt>
      <trkpt lat="36.925311" lon="-4.709220">
        <ele>538.999942</ele>
        <time>2026-05-21T10:51:29.000Z</time>
      </trkpt>
      <trkpt lat="36.925304" lon="-4.709209">
        <ele>538.905498</ele>
        <time>2026-05-21T10:51:32.000Z</time>
      </trkpt>
      <trkpt lat="36.925301" lon="-4.709224">
        <ele>538.801633</ele>
        <time>2026-05-21T10:51:34.000Z</time>
      </trkpt>
      <trkpt lat="36.925278" lon="-4.709261">
        <ele>538.486793</ele>
        <time>2026-05-21T10:51:43.000Z</time>
      </trkpt>
      <trkpt lat="36.925278" lon="-4.709261">
        <ele>538.486793</ele>
        <time>2026-05-21T10:51:46.000Z</time>
      </trkpt>
      <trkpt lat="36.925278" lon="-4.709261">
        <ele>538.486793</ele>
        <time>2026-05-21T10:56:23.000Z</time>
      </trkpt>
      <trkpt lat="36.925278" lon="-4.709261">
        <ele>538.486793</ele>
        <time>2026-05-21T10:56:24.000Z</time>
      </trkpt>
      <trkpt lat="36.925278" lon="-4.709261">
        <ele>538.486793</ele>
        <time>2026-05-21T10:56:26.000Z</time>
      </trkpt>
      <trkpt lat="36.925370" lon="-4.709090">
        <ele>537.102219</ele>
        <time>2026-05-21T10:56:28.000Z</time>
      </trkpt>
      <trkpt lat="36.925363" lon="-4.709069">
        <ele>536.949383</ele>
        <time>2026-05-21T10:56:31.000Z</time>
      </trkpt>
      <trkpt lat="36.925420" lon="-4.709030">
        <ele>536.403460</ele>
        <time>2026-05-21T10:56:36.000Z</time>
      </trkpt>
      <trkpt lat="36.925459" lon="-4.708980">
        <ele>535.934206</ele>
        <time>2026-05-21T10:56:41.000Z</time>
      </trkpt>
      <trkpt lat="36.925491" lon="-4.708889">
        <ele>535.266403</ele>
        <time>2026-05-21T10:56:48.000Z</time>
      </trkpt>
      <trkpt lat="36.925507" lon="-4.708808">
        <ele>534.705936</ele>
        <time>2026-05-21T10:56:55.000Z</time>
      </trkpt>
      <trkpt lat="36.925517" lon="-4.708722">
        <ele>534.122167</ele>
        <time>2026-05-21T10:57:01.000Z</time>
      </trkpt>
      <trkpt lat="36.925516" lon="-4.708714">
        <ele>534.067775</ele>
        <time>2026-05-21T10:57:02.000Z</time>
      </trkpt>
      <trkpt lat="36.925514" lon="-4.708696">
        <ele>533.945701</ele>
        <time>2026-05-21T10:57:04.000Z</time>
      </trkpt>
      <trkpt lat="36.925515" lon="-4.708630">
        <ele>533.502278</ele>
        <time>2026-05-21T10:57:08.000Z</time>
      </trkpt>
      <trkpt lat="36.925534" lon="-4.708572">
        <ele>533.081231</ele>
        <time>2026-05-21T10:57:13.000Z</time>
      </trkpt>
      <trkpt lat="36.925537" lon="-4.708556">
        <ele>532.970837</ele>
        <time>2026-05-21T10:57:14.000Z</time>
      </trkpt>
      <trkpt lat="36.925547" lon="-4.708476">
        <ele>532.426922</ele>
        <time>2026-05-21T10:57:20.000Z</time>
      </trkpt>
      <trkpt lat="36.925555" lon="-4.708408">
        <ele>531.965224</ele>
        <time>2026-05-21T10:57:26.000Z</time>
      </trkpt>
      <trkpt lat="36.925561" lon="-4.708389">
        <ele>531.827998</ele>
        <time>2026-05-21T10:57:28.000Z</time>
      </trkpt>
      <trkpt lat="36.925577" lon="-4.708318">
        <ele>531.332481</ele>
        <time>2026-05-21T10:57:33.000Z</time>
      </trkpt>
      <trkpt lat="36.925570" lon="-4.708250">
        <ele>530.871932</ele>
        <time>2026-05-21T10:57:38.000Z</time>
      </trkpt>
      <trkpt lat="36.925570" lon="-4.708233">
        <ele>530.757738</ele>
        <time>2026-05-21T10:57:39.000Z</time>
      </trkpt>
      <trkpt lat="36.925575" lon="-4.708147">
        <ele>530.178523</ele>
        <time>2026-05-21T10:57:45.000Z</time>
      </trkpt>
      <trkpt lat="36.925574" lon="-4.708019">
        <ele>529.318665</ele>
        <time>2026-05-21T10:57:53.000Z</time>
      </trkpt>
      <trkpt lat="36.925572" lon="-4.707961">
        <ele>528.928698</ele>
        <time>2026-05-21T10:57:57.000Z</time>
      </trkpt>
      <trkpt lat="36.925575" lon="-4.707910">
        <ele>528.585189</ele>
        <time>2026-05-21T10:58:01.000Z</time>
      </trkpt>
      <trkpt lat="36.925574" lon="-4.707881">
        <ele>528.390205</ele>
        <time>2026-05-21T10:58:03.000Z</time>
      </trkpt>
      <trkpt lat="36.925569" lon="-4.707848">
        <ele>528.164588</ele>
        <time>2026-05-21T10:58:05.000Z</time>
      </trkpt>
      <trkpt lat="36.925564" lon="-4.707818">
        <ele>527.958735</ele>
        <time>2026-05-21T10:58:07.000Z</time>
      </trkpt>
      <trkpt lat="36.925547" lon="-4.707743">
        <ele>527.435076</ele>
        <time>2026-05-21T10:58:13.000Z</time>
      </trkpt>
      <trkpt lat="36.925533" lon="-4.707655">
        <ele>526.832360</ele>
        <time>2026-05-21T10:58:20.000Z</time>
      </trkpt>
      <trkpt lat="36.925532" lon="-4.707635">
        <ele>526.697751</ele>
        <time>2026-05-21T10:58:21.000Z</time>
      </trkpt>
      <trkpt lat="36.925536" lon="-4.707607">
        <ele>526.506686</ele>
        <time>2026-05-21T10:58:23.000Z</time>
      </trkpt>
      <trkpt lat="36.925537" lon="-4.707570">
        <ele>526.258003</ele>
        <time>2026-05-21T10:58:26.000Z</time>
      </trkpt>
      <trkpt lat="36.925549" lon="-4.707478">
        <ele>525.631838</ele>
        <time>2026-05-21T10:58:32.000Z</time>
      </trkpt>
      <trkpt lat="36.925562" lon="-4.707435">
        <ele>525.323028</ele>
        <time>2026-05-21T10:58:35.000Z</time>
      </trkpt>
      <trkpt lat="36.925568" lon="-4.707376">
        <ele>524.923512</ele>
        <time>2026-05-21T10:58:39.000Z</time>
      </trkpt>
      <trkpt lat="36.925581" lon="-4.707298">
        <ele>524.516967</ele>
        <time>2026-05-21T10:58:45.000Z</time>
      </trkpt>
      <trkpt lat="36.925587" lon="-4.707251">
        <ele>524.317259</ele>
        <time>2026-05-21T10:58:48.000Z</time>
      </trkpt>
      <trkpt lat="36.925589" lon="-4.707238">
        <ele>524.261711</ele>
        <time>2026-05-21T10:58:49.000Z</time>
      </trkpt>
      <trkpt lat="36.925605" lon="-4.707177">
        <ele>523.992333</ele>
        <time>2026-05-21T10:58:54.000Z</time>
      </trkpt>
      <trkpt lat="36.925606" lon="-4.707169">
        <ele>523.958358</ele>
        <time>2026-05-21T10:58:55.000Z</time>
      </trkpt>
      <trkpt lat="36.925637" lon="-4.707101">
        <ele>523.629900</ele>
        <time>2026-05-21T10:59:00.000Z</time>
      </trkpt>
      <trkpt lat="36.925653" lon="-4.707016">
        <ele>523.263491</ele>
        <time>2026-05-21T10:59:06.000Z</time>
      </trkpt>
      <trkpt lat="36.925657" lon="-4.706917">
        <ele>522.847563</ele>
        <time>2026-05-21T10:59:14.000Z</time>
      </trkpt>
      <trkpt lat="36.925688" lon="-4.706837">
        <ele>522.474531</ele>
        <time>2026-05-21T10:59:19.000Z</time>
      </trkpt>
      <trkpt lat="36.925694" lon="-4.706824">
        <ele>522.411545</ele>
        <time>2026-05-21T10:59:20.000Z</time>
      </trkpt>
      <trkpt lat="36.925722" lon="-4.706740">
        <ele>522.029674</ele>
        <time>2026-05-21T10:59:27.000Z</time>
      </trkpt>
      <trkpt lat="36.925736" lon="-4.706645">
        <ele>521.624343</ele>
        <time>2026-05-21T10:59:33.000Z</time>
      </trkpt>
      <trkpt lat="36.925761" lon="-4.706543">
        <ele>521.176694</ele>
        <time>2026-05-21T10:59:40.000Z</time>
      </trkpt>
      <trkpt lat="36.925765" lon="-4.706532">
        <ele>521.125988</ele>
        <time>2026-05-21T10:59:41.000Z</time>
      </trkpt>
      <trkpt lat="36.925779" lon="-4.706455">
        <ele>520.794650</ele>
        <time>2026-05-21T10:59:45.000Z</time>
      </trkpt>
      <trkpt lat="36.925809" lon="-4.706385">
        <ele>520.461389</ele>
        <time>2026-05-21T10:59:51.000Z</time>
      </trkpt>
      <trkpt lat="36.925843" lon="-4.706308">
        <ele>520.092293</ele>
        <time>2026-05-21T10:59:57.000Z</time>
      </trkpt>
      <trkpt lat="36.925846" lon="-4.706300">
        <ele>520.055215</ele>
        <time>2026-05-21T10:59:58.000Z</time>
      </trkpt>
      <trkpt lat="36.925873" lon="-4.706224">
        <ele>519.706253</ele>
        <time>2026-05-21T11:00:04.000Z</time>
      </trkpt>
      <trkpt lat="36.925928" lon="-4.706161">
        <ele>519.314827</ele>
        <time>2026-05-21T11:00:10.000Z</time>
      </trkpt>
      <trkpt lat="36.925930" lon="-4.706151">
        <ele>519.271574</ele>
        <time>2026-05-21T11:00:11.000Z</time>
      </trkpt>
      <trkpt lat="36.925957" lon="-4.706080">
        <ele>518.941674</ele>
        <time>2026-05-21T11:00:17.000Z</time>
      </trkpt>
      <trkpt lat="36.925987" lon="-4.706011">
        <ele>518.612105</ele>
        <time>2026-05-21T11:00:23.000Z</time>
      </trkpt>
      <trkpt lat="36.926029" lon="-4.705930">
        <ele>518.207002</ele>
        <time>2026-05-21T11:00:29.000Z</time>
      </trkpt>
      <trkpt lat="36.926053" lon="-4.705842">
        <ele>517.816865</ele>
        <time>2026-05-21T11:00:35.000Z</time>
      </trkpt>
      <trkpt lat="36.926056" lon="-4.705830">
        <ele>517.764109</ele>
        <time>2026-05-21T11:00:36.000Z</time>
      </trkpt>
      <trkpt lat="36.926084" lon="-4.705755">
        <ele>517.416789</ele>
        <time>2026-05-21T11:00:42.000Z</time>
      </trkpt>
      <trkpt lat="36.926122" lon="-4.705633">
        <ele>516.867404</ele>
        <time>2026-05-21T11:00:50.000Z</time>
      </trkpt>
      <trkpt lat="36.926134" lon="-4.705615">
        <ele>516.769061</ele>
        <time>2026-05-21T11:00:52.000Z</time>
      </trkpt>
      <trkpt lat="36.926149" lon="-4.705510">
        <ele>516.321510</ele>
        <time>2026-05-21T11:00:59.000Z</time>
      </trkpt>
      <trkpt lat="36.926151" lon="-4.705414">
        <ele>515.918566</ele>
        <time>2026-05-21T11:01:06.000Z</time>
      </trkpt>
      <trkpt lat="36.926170" lon="-4.705320">
        <ele>515.511738</ele>
        <time>2026-05-21T11:01:13.000Z</time>
      </trkpt>
      <trkpt lat="36.926194" lon="-4.705227">
        <ele>515.077159</ele>
        <time>2026-05-21T11:01:19.000Z</time>
      </trkpt>
      <trkpt lat="36.926206" lon="-4.705130">
        <ele>514.611790</ele>
        <time>2026-05-21T11:01:25.000Z</time>
      </trkpt>
      <trkpt lat="36.926212" lon="-4.705074">
        <ele>514.343910</ele>
        <time>2026-05-21T11:01:30.000Z</time>
      </trkpt>
      <trkpt lat="36.926215" lon="-4.705056">
        <ele>514.256734</ele>
        <time>2026-05-21T11:01:31.000Z</time>
      </trkpt>
      <trkpt lat="36.926230" lon="-4.704989">
        <ele>513.926853</ele>
        <time>2026-05-21T11:01:36.000Z</time>
      </trkpt>
      <trkpt lat="36.926237" lon="-4.704958">
        <ele>513.774125</ele>
        <time>2026-05-21T11:01:38.000Z</time>
      </trkpt>
      <trkpt lat="36.926260" lon="-4.704919">
        <ele>513.544348</ele>
        <time>2026-05-21T11:01:43.000Z</time>
      </trkpt>
      <trkpt lat="36.926266" lon="-4.704884">
        <ele>513.374634</ele>
        <time>2026-05-21T11:01:45.000Z</time>
      </trkpt>
      <trkpt lat="36.926263" lon="-4.704814">
        <ele>513.042275</ele>
        <time>2026-05-21T11:01:49.000Z</time>
      </trkpt>
      <trkpt lat="36.926265" lon="-4.704781">
        <ele>512.885367</ele>
        <time>2026-05-21T11:01:51.000Z</time>
      </trkpt>
      <trkpt lat="36.926274" lon="-4.704735">
        <ele>512.660836</ele>
        <time>2026-05-21T11:01:56.000Z</time>
      </trkpt>
      <trkpt lat="36.926278" lon="-4.704710">
        <ele>512.539956</ele>
        <time>2026-05-21T11:01:58.000Z</time>
      </trkpt>
      <trkpt lat="36.926280" lon="-4.704655">
        <ele>512.278922</ele>
        <time>2026-05-21T11:02:02.000Z</time>
      </trkpt>
      <trkpt lat="36.926268" lon="-4.704662">
        <ele>512.200394</ele>
        <time>2026-05-21T11:02:05.000Z</time>
      </trkpt>
      <trkpt lat="36.926262" lon="-4.704651">
        <ele>512.137257</ele>
        <time>2026-05-21T11:02:08.000Z</time>
      </trkpt>
      <trkpt lat="36.926275" lon="-4.704611">
        <ele>511.932536</ele>
        <time>2026-05-21T11:02:14.000Z</time>
      </trkpt>
      <trkpt lat="36.926292" lon="-4.704595">
        <ele>511.806362</ele>
        <time>2026-05-21T11:02:16.000Z</time>
      </trkpt>
      <trkpt lat="36.926312" lon="-4.704579">
        <ele>511.665562</ele>
        <time>2026-05-21T11:02:18.000Z</time>
      </trkpt>
      <trkpt lat="36.926338" lon="-4.704544">
        <ele>511.439034</ele>
        <time>2026-05-21T11:02:21.000Z</time>
      </trkpt>
      <trkpt lat="36.926350" lon="-4.704515">
        <ele>511.284213</ele>
        <time>2026-05-21T11:02:23.000Z</time>
      </trkpt>
      <trkpt lat="36.926367" lon="-4.704477">
        <ele>511.077755</ele>
        <time>2026-05-21T11:02:28.000Z</time>
      </trkpt>
      <trkpt lat="36.926369" lon="-4.704464">
        <ele>511.014989</ele>
        <time>2026-05-21T11:02:29.000Z</time>
      </trkpt>
      <trkpt lat="36.926390" lon="-4.704390">
        <ele>510.642691</ele>
        <time>2026-05-21T11:02:34.000Z</time>
      </trkpt>
      <trkpt lat="36.926403" lon="-4.704341">
        <ele>510.397914</ele>
        <time>2026-05-21T11:02:37.000Z</time>
      </trkpt>
      <trkpt lat="36.926422" lon="-4.704296">
        <ele>510.156631</ele>
        <time>2026-05-21T11:02:41.000Z</time>
      </trkpt>
      <trkpt lat="36.926441" lon="-4.704242">
        <ele>509.876907</ele>
        <time>2026-05-21T11:02:45.000Z</time>
      </trkpt>
      <trkpt lat="36.926444" lon="-4.704229">
        <ele>509.812755</ele>
        <time>2026-05-21T11:02:46.000Z</time>
      </trkpt>
      <trkpt lat="36.926456" lon="-4.704195">
        <ele>509.636543</ele>
        <time>2026-05-21T11:02:48.000Z</time>
      </trkpt>
      <trkpt lat="36.926492" lon="-4.704111">
        <ele>509.184663</ele>
        <time>2026-05-21T11:02:54.000Z</time>
      </trkpt>
      <trkpt lat="36.926514" lon="-4.704035">
        <ele>508.801438</ele>
        <time>2026-05-21T11:03:00.000Z</time>
      </trkpt>
      <trkpt lat="36.926546" lon="-4.703934">
        <ele>508.286343</ele>
        <time>2026-05-21T11:03:07.000Z</time>
      </trkpt>
      <trkpt lat="36.926599" lon="-4.703851">
        <ele>507.782695</ele>
        <time>2026-05-21T11:03:14.000Z</time>
      </trkpt>
      <trkpt lat="36.926627" lon="-4.703792">
        <ele>507.457388</ele>
        <time>2026-05-21T11:03:19.000Z</time>
      </trkpt>
      <trkpt lat="36.926634" lon="-4.703781">
        <ele>507.390728</ele>
        <time>2026-05-21T11:03:21.000Z</time>
      </trkpt>
      <trkpt lat="36.926607" lon="-4.703777">
        <ele>507.229476</ele>
        <time>2026-05-21T11:03:30.000Z</time>
      </trkpt>
      <trkpt lat="36.926609" lon="-4.703768">
        <ele>507.185188</ele>
        <time>2026-05-21T11:03:31.000Z</time>
      </trkpt>
      <trkpt lat="36.926625" lon="-4.703774">
        <ele>507.086122</ele>
        <time>2026-05-21T11:03:37.000Z</time>
      </trkpt>
      <trkpt lat="36.926629" lon="-4.703766">
        <ele>507.041385</ele>
        <time>2026-05-21T11:03:40.000Z</time>
      </trkpt>
      <trkpt lat="36.926678" lon="-4.703690">
        <ele>506.578469</ele>
        <time>2026-05-21T11:03:48.000Z</time>
      </trkpt>
      <trkpt lat="36.926705" lon="-4.703646">
        <ele>506.315484</ele>
        <time>2026-05-21T11:03:51.000Z</time>
      </trkpt>
      <trkpt lat="36.926737" lon="-4.703598">
        <ele>506.019158</ele>
        <time>2026-05-21T11:03:55.000Z</time>
      </trkpt>
      <trkpt lat="36.926768" lon="-4.703566">
        <ele>505.780786</ele>
        <time>2026-05-21T11:03:59.000Z</time>
      </trkpt>
      <trkpt lat="36.926776" lon="-4.703558">
        <ele>505.720042</ele>
        <time>2026-05-21T11:04:00.000Z</time>
      </trkpt>
      <trkpt lat="36.926816" lon="-4.703508">
        <ele>505.384668</ele>
        <time>2026-05-21T11:04:04.000Z</time>
      </trkpt>
      <trkpt lat="36.926870" lon="-4.703406">
        <ele>504.804637</ele>
        <time>2026-05-21T11:04:10.000Z</time>
      </trkpt>
      <trkpt lat="36.926908" lon="-4.703297">
        <ele>503.967189</ele>
        <time>2026-05-21T11:04:18.000Z</time>
      </trkpt>
      <trkpt lat="36.926922" lon="-4.703243">
        <ele>503.505289</ele>
        <time>2026-05-21T11:04:21.000Z</time>
      </trkpt>
      <trkpt lat="36.926955" lon="-4.703162">
        <ele>502.765580</ele>
        <time>2026-05-21T11:04:26.000Z</time>
      </trkpt>
      <trkpt lat="36.926969" lon="-4.703140">
        <ele>502.536786</ele>
        <time>2026-05-21T11:04:28.000Z</time>
      </trkpt>
      <trkpt lat="36.926998" lon="-4.703085">
        <ele>502.000702</ele>
        <time>2026-05-21T11:04:32.000Z</time>
      </trkpt>
      <trkpt lat="36.927021" lon="-4.703010">
        <ele>501.347104</ele>
        <time>2026-05-21T11:04:37.000Z</time>
      </trkpt>
      <trkpt lat="36.927052" lon="-4.702892">
        <ele>500.336483</ele>
        <time>2026-05-21T11:04:45.000Z</time>
      </trkpt>
      <trkpt lat="36.927080" lon="-4.702827">
        <ele>499.735714</ele>
        <time>2026-05-21T11:04:51.000Z</time>
      </trkpt>
      <trkpt lat="36.927127" lon="-4.702755">
        <ele>498.979384</ele>
        <time>2026-05-21T11:04:58.000Z</time>
      </trkpt>
      <trkpt lat="36.927153" lon="-4.702748">
        <ele>498.708691</ele>
        <time>2026-05-21T11:05:00.000Z</time>
      </trkpt>
      <trkpt lat="36.927174" lon="-4.702704">
        <ele>498.291734</ele>
        <time>2026-05-21T11:05:05.000Z</time>
      </trkpt>
      <trkpt lat="36.927177" lon="-4.702689">
        <ele>498.165926</ele>
        <time>2026-05-21T11:05:07.000Z</time>
      </trkpt>
      <trkpt lat="36.927175" lon="-4.702605">
        <ele>497.482160</ele>
        <time>2026-05-21T11:05:13.000Z</time>
      </trkpt>
      <trkpt lat="36.927198" lon="-4.702516">
        <ele>496.721116</ele>
        <time>2026-05-21T11:05:19.000Z</time>
      </trkpt>
      <trkpt lat="36.927204" lon="-4.702507">
        <ele>496.625765</ele>
        <time>2026-05-21T11:05:20.000Z</time>
      </trkpt>
      <trkpt lat="36.927217" lon="-4.702497">
        <ele>496.470434</ele>
        <time>2026-05-21T11:05:22.000Z</time>
      </trkpt>
      <trkpt lat="36.927243" lon="-4.702433">
        <ele>495.886316</ele>
        <time>2026-05-21T11:05:27.000Z</time>
      </trkpt>
      <trkpt lat="36.927254" lon="-4.702360">
        <ele>495.281895</ele>
        <time>2026-05-21T11:05:31.000Z</time>
      </trkpt>
      <trkpt lat="36.927251" lon="-4.702317">
        <ele>494.930697</ele>
        <time>2026-05-21T11:05:34.000Z</time>
      </trkpt>
      <trkpt lat="36.927253" lon="-4.702248">
        <ele>494.368913</ele>
        <time>2026-05-21T11:05:38.000Z</time>
      </trkpt>
      <trkpt lat="36.927268" lon="-4.702192">
        <ele>493.888374</ele>
        <time>2026-05-21T11:05:42.000Z</time>
      </trkpt>
      <trkpt lat="36.927296" lon="-4.702108">
        <ele>493.147875</ele>
        <time>2026-05-21T11:05:49.000Z</time>
      </trkpt>
      <trkpt lat="36.927325" lon="-4.702022">
        <ele>492.388433</ele>
        <time>2026-05-21T11:05:55.000Z</time>
      </trkpt>
      <trkpt lat="36.927335" lon="-4.701927">
        <ele>491.608799</ele>
        <time>2026-05-21T11:06:00.000Z</time>
      </trkpt>
      <trkpt lat="36.927340" lon="-4.701904">
        <ele>491.414864</ele>
        <time>2026-05-21T11:06:02.000Z</time>
      </trkpt>
      <trkpt lat="36.927355" lon="-4.701813">
        <ele>490.658871</ele>
        <time>2026-05-21T11:06:08.000Z</time>
      </trkpt>
      <trkpt lat="36.927355" lon="-4.701788">
        <ele>490.455460</ele>
        <time>2026-05-21T11:06:10.000Z</time>
      </trkpt>
      <trkpt lat="36.927373" lon="-4.701688">
        <ele>489.621445</ele>
        <time>2026-05-21T11:06:17.000Z</time>
      </trkpt>
      <trkpt lat="36.927391" lon="-4.701608">
        <ele>488.945239</ele>
        <time>2026-05-21T11:06:22.000Z</time>
      </trkpt>
      <trkpt lat="36.927392" lon="-4.701583">
        <ele>488.741573</ele>
        <time>2026-05-21T11:06:25.000Z</time>
      </trkpt>
      <trkpt lat="36.927392" lon="-4.701553">
        <ele>488.497480</ele>
        <time>2026-05-21T11:06:27.000Z</time>
      </trkpt>
      <trkpt lat="36.927390" lon="-4.701500">
        <ele>488.065769</ele>
        <time>2026-05-21T11:06:30.000Z</time>
      </trkpt>
      <trkpt lat="36.927386" lon="-4.701414">
        <ele>487.364852</ele>
        <time>2026-05-21T11:06:35.000Z</time>
      </trkpt>
      <trkpt lat="36.927386" lon="-4.701398">
        <ele>487.234669</ele>
        <time>2026-05-21T11:06:36.000Z</time>
      </trkpt>
      <trkpt lat="36.927408" lon="-4.701262">
        <ele>486.204232</ele>
        <time>2026-05-21T11:06:45.000Z</time>
      </trkpt>
      <trkpt lat="36.927413" lon="-4.701244">
        <ele>486.121833</ele>
        <time>2026-05-21T11:06:46.000Z</time>
      </trkpt>
      <trkpt lat="36.927440" lon="-4.701186">
        <ele>485.831611</ele>
        <time>2026-05-21T11:06:50.000Z</time>
      </trkpt>
      <trkpt lat="36.927460" lon="-4.701126">
        <ele>485.550514</ele>
        <time>2026-05-21T11:06:54.000Z</time>
      </trkpt>
      <trkpt lat="36.927464" lon="-4.701059">
        <ele>485.259994</ele>
        <time>2026-05-21T11:06:58.000Z</time>
      </trkpt>
      <trkpt lat="36.927465" lon="-4.701001">
        <ele>485.009139</ele>
        <time>2026-05-21T11:07:01.000Z</time>
      </trkpt>
      <trkpt lat="36.927463" lon="-4.700925">
        <ele>484.680331</ele>
        <time>2026-05-21T11:07:06.000Z</time>
      </trkpt>
      <trkpt lat="36.927464" lon="-4.700896">
        <ele>484.554816</ele>
        <time>2026-05-21T11:07:08.000Z</time>
      </trkpt>
      <trkpt lat="36.927475" lon="-4.700830">
        <ele>484.263290</ele>
        <time>2026-05-21T11:07:13.000Z</time>
      </trkpt>
      <trkpt lat="36.927488" lon="-4.700804">
        <ele>484.130683</ele>
        <time>2026-05-21T11:07:15.000Z</time>
      </trkpt>
      <trkpt lat="36.927512" lon="-4.700713">
        <ele>483.716330</ele>
        <time>2026-05-21T11:07:20.000Z</time>
      </trkpt>
      <trkpt lat="36.927514" lon="-4.700694">
        <ele>483.633463</ele>
        <time>2026-05-21T11:07:21.000Z</time>
      </trkpt>
      <trkpt lat="36.927534" lon="-4.700564">
        <ele>483.061018</ele>
        <time>2026-05-21T11:07:28.000Z</time>
      </trkpt>
      <trkpt lat="36.927538" lon="-4.700547">
        <ele>482.984390</ele>
        <time>2026-05-21T11:07:29.000Z</time>
      </trkpt>
      <trkpt lat="36.927545" lon="-4.700478">
        <ele>482.683636</ele>
        <time>2026-05-21T11:07:35.000Z</time>
      </trkpt>
      <trkpt lat="36.927573" lon="-4.700378">
        <ele>482.225470</ele>
        <time>2026-05-21T11:07:41.000Z</time>
      </trkpt>
      <trkpt lat="36.927609" lon="-4.700290">
        <ele>481.798020</ele>
        <time>2026-05-21T11:07:47.000Z</time>
      </trkpt>
      <trkpt lat="36.927635" lon="-4.700237">
        <ele>481.529131</ele>
        <time>2026-05-21T11:07:51.000Z</time>
      </trkpt>
      <trkpt lat="36.927656" lon="-4.700198">
        <ele>481.325803</ele>
        <time>2026-05-21T11:07:54.000Z</time>
      </trkpt>
      <trkpt lat="36.927679" lon="-4.700114">
        <ele>480.941865</ele>
        <time>2026-05-21T11:07:59.000Z</time>
      </trkpt>
      <trkpt lat="36.927684" lon="-4.700081">
        <ele>480.796631</ele>
        <time>2026-05-21T11:08:01.000Z</time>
      </trkpt>
      <trkpt lat="36.927685" lon="-4.699997">
        <ele>480.433369</ele>
        <time>2026-05-21T11:08:06.000Z</time>
      </trkpt>
      <trkpt lat="36.927684" lon="-4.699961">
        <ele>480.277608</ele>
        <time>2026-05-21T11:08:08.000Z</time>
      </trkpt>
      <trkpt lat="36.927675" lon="-4.699914">
        <ele>480.068627</ele>
        <time>2026-05-21T11:08:11.000Z</time>
      </trkpt>
      <trkpt lat="36.927649" lon="-4.699832">
        <ele>479.687180</ele>
        <time>2026-05-21T11:08:16.000Z</time>
      </trkpt>
      <trkpt lat="36.927618" lon="-4.699766">
        <ele>479.356175</ele>
        <time>2026-05-21T11:08:22.000Z</time>
      </trkpt>
      <trkpt lat="36.927619" lon="-4.699771">
        <ele>479.333888</ele>
        <time>2026-05-21T11:08:23.000Z</time>
      </trkpt>
      <trkpt lat="36.927621" lon="-4.699780">
        <ele>479.293495</ele>
        <time>2026-05-21T11:08:26.000Z</time>
      </trkpt>
      <trkpt lat="36.927633" lon="-4.699818">
        <ele>479.116824</ele>
        <time>2026-05-21T11:08:30.000Z</time>
      </trkpt>
      <trkpt lat="36.927657" lon="-4.699863">
        <ele>478.882910</ele>
        <time>2026-05-21T11:08:39.000Z</time>
      </trkpt>
      <trkpt lat="36.927690" lon="-4.699883">
        <ele>478.684561</ele>
        <time>2026-05-21T11:08:45.000Z</time>
      </trkpt>
      <trkpt lat="36.927687" lon="-4.699877">
        <ele>478.653960</ele>
        <time>2026-05-21T11:08:48.000Z</time>
      </trkpt>
      <trkpt lat="36.927661" lon="-4.699846">
        <ele>478.459672</ele>
        <time>2026-05-21T11:08:53.000Z</time>
      </trkpt>
      <trkpt lat="36.927643" lon="-4.699804">
        <ele>478.253608</ele>
        <time>2026-05-21T11:08:57.000Z</time>
      </trkpt>
      <trkpt lat="36.927673" lon="-4.699819">
        <ele>478.078850</ele>
        <time>2026-05-21T11:09:05.000Z</time>
      </trkpt>
      <trkpt lat="36.927703" lon="-4.699834">
        <ele>477.904092</ele>
        <time>2026-05-21T11:09:15.000Z</time>
      </trkpt>
      <trkpt lat="36.927694" lon="-4.699877">
        <ele>477.711890</ele>
        <time>2026-05-21T11:09:24.000Z</time>
      </trkpt>
      <trkpt lat="36.927685" lon="-4.699923">
        <ele>477.507112</ele>
        <time>2026-05-21T11:09:33.000Z</time>
      </trkpt>
      <trkpt lat="36.927678" lon="-4.699920">
        <ele>477.467087</ele>
        <time>2026-05-21T11:09:42.000Z</time>
      </trkpt>
      <trkpt lat="36.927672" lon="-4.699887">
        <ele>477.320748</ele>
        <time>2026-05-21T11:09:52.000Z</time>
      </trkpt>
      <trkpt lat="36.927671" lon="-4.699866">
        <ele>477.229782</ele>
        <time>2026-05-21T11:09:56.000Z</time>
      </trkpt>
      <trkpt lat="36.927672" lon="-4.699866">
        <ele>477.224373</ele>
        <time>2026-05-21T11:09:57.000Z</time>
      </trkpt>
      <trkpt lat="36.927676" lon="-4.699892">
        <ele>477.109884</ele>
        <time>2026-05-21T11:10:00.000Z</time>
      </trkpt>
      <trkpt lat="36.927699" lon="-4.699956">
        <ele>476.806464</ele>
        <time>2026-05-21T11:10:04.000Z</time>
      </trkpt>
      <trkpt lat="36.927707" lon="-4.699962">
        <ele>476.756009</ele>
        <time>2026-05-21T11:10:05.000Z</time>
      </trkpt>
      <trkpt lat="36.927772" lon="-4.699982">
        <ele>476.597025</ele>
        <time>2026-05-21T11:10:11.000Z</time>
      </trkpt>
      <trkpt lat="36.927801" lon="-4.699991">
        <ele>476.605575</ele>
        <time>2026-05-21T11:10:14.000Z</time>
      </trkpt>
      <trkpt lat="36.927868" lon="-4.700009">
        <ele>476.625185</ele>
        <time>2026-05-21T11:10:20.000Z</time>
      </trkpt>
      <trkpt lat="36.927942" lon="-4.699996">
        <ele>476.646568</ele>
        <time>2026-05-21T11:10:27.000Z</time>
      </trkpt>
      <trkpt lat="36.928016" lon="-4.699939">
        <ele>476.671436</ele>
        <time>2026-05-21T11:10:33.000Z</time>
      </trkpt>
      <trkpt lat="36.928051" lon="-4.699903">
        <ele>476.684402</ele>
        <time>2026-05-21T11:10:37.000Z</time>
      </trkpt>
      <trkpt lat="36.928060" lon="-4.699888">
        <ele>476.688692</ele>
        <time>2026-05-21T11:10:38.000Z</time>
      </trkpt>
      <trkpt lat="36.928068" lon="-4.699877">
        <ele>476.692094</ele>
        <time>2026-05-21T11:10:39.000Z</time>
      </trkpt>
      <trkpt lat="36.928093" lon="-4.699814">
        <ele>476.708183</ele>
        <time>2026-05-21T11:10:44.000Z</time>
      </trkpt>
      <trkpt lat="36.928090" lon="-4.699778">
        <ele>476.716462</ele>
        <time>2026-05-21T11:10:46.000Z</time>
      </trkpt>
      <trkpt lat="36.928086" lon="-4.699713">
        <ele>476.731375</ele>
        <time>2026-05-21T11:10:50.000Z</time>
      </trkpt>
      <trkpt lat="36.928080" lon="-4.699687">
        <ele>476.737565</ele>
        <time>2026-05-21T11:10:52.000Z</time>
      </trkpt>
      <trkpt lat="36.928066" lon="-4.699617">
        <ele>476.754071</ele>
        <time>2026-05-21T11:10:56.000Z</time>
      </trkpt>
      <trkpt lat="36.928062" lon="-4.699597">
        <ele>476.758787</ele>
        <time>2026-05-21T11:10:58.000Z</time>
      </trkpt>
      <trkpt lat="36.928062" lon="-4.699568">
        <ele>476.765421</ele>
        <time>2026-05-21T11:11:00.000Z</time>
      </trkpt>
      <trkpt lat="36.928058" lon="-4.699512">
        <ele>476.778282</ele>
        <time>2026-05-21T11:11:04.000Z</time>
      </trkpt>
      <trkpt lat="36.928036" lon="-4.699441">
        <ele>476.795700</ele>
        <time>2026-05-21T11:11:09.000Z</time>
      </trkpt>
      <trkpt lat="36.928026" lon="-4.699358">
        <ele>476.814901</ele>
        <time>2026-05-21T11:11:14.000Z</time>
      </trkpt>
      <trkpt lat="36.928026" lon="-4.699342">
        <ele>476.818561</ele>
        <time>2026-05-21T11:11:15.000Z</time>
      </trkpt>
      <trkpt lat="36.928029" lon="-4.699232">
        <ele>476.843738</ele>
        <time>2026-05-21T11:11:22.000Z</time>
      </trkpt>
      <trkpt lat="36.928032" lon="-4.699207">
        <ele>476.849521</ele>
        <time>2026-05-21T11:11:23.000Z</time>
      </trkpt>
      <trkpt lat="36.928039" lon="-4.699152">
        <ele>476.862260</ele>
        <time>2026-05-21T11:11:26.000Z</time>
      </trkpt>
      <trkpt lat="36.928040" lon="-4.699122">
        <ele>476.869129</ele>
        <time>2026-05-21T11:11:28.000Z</time>
      </trkpt>
      <trkpt lat="36.928047" lon="-4.699114">
        <ele>476.871842</ele>
        <time>2026-05-21T11:11:30.000Z</time>
      </trkpt>
      <trkpt lat="36.928071" lon="-4.699109">
        <ele>476.878804</ele>
        <time>2026-05-21T11:11:35.000Z</time>
      </trkpt>
      <trkpt lat="36.928073" lon="-4.699115">
        <ele>476.880291</ele>
        <time>2026-05-21T11:11:37.000Z</time>
      </trkpt>
      <trkpt lat="36.928067" lon="-4.699120">
        <ele>476.882354</ele>
        <time>2026-05-21T11:11:38.000Z</time>
      </trkpt>
      <trkpt lat="36.928042" lon="-4.699113">
        <ele>476.889685</ele>
        <time>2026-05-21T11:11:42.000Z</time>
      </trkpt>
      <trkpt lat="36.928031" lon="-4.699116">
        <ele>476.892907</ele>
        <time>2026-05-21T11:11:46.000Z</time>
      </trkpt>
      <trkpt lat="36.928041" lon="-4.699121">
        <ele>476.895988</ele>
        <time>2026-05-21T11:11:49.000Z</time>
      </trkpt>
      <trkpt lat="36.928050" lon="-4.699129">
        <ele>476.899148</ele>
        <time>2026-05-21T11:11:51.000Z</time>
      </trkpt>
      <trkpt lat="36.928057" lon="-4.699144">
        <ele>476.903121</ele>
        <time>2026-05-21T11:11:55.000Z</time>
      </trkpt>
      <trkpt lat="36.928050" lon="-4.699138">
        <ele>476.905549</ele>
        <time>2026-05-21T11:11:57.000Z</time>
      </trkpt>
      <trkpt lat="36.928032" lon="-4.699108">
        <ele>476.914129</ele>
        <time>2026-05-21T11:11:59.000Z</time>
      </trkpt>
      <trkpt lat="36.928009" lon="-4.699052">
        <ele>476.928531</ele>
        <time>2026-05-21T11:12:02.000Z</time>
      </trkpt>
      <trkpt lat="36.928009" lon="-4.698972">
        <ele>476.946831</ele>
        <time>2026-05-21T11:12:07.000Z</time>
      </trkpt>
      <trkpt lat="36.928010" lon="-4.698961">
        <ele>476.949363</ele>
        <time>2026-05-21T11:12:08.000Z</time>
      </trkpt>
      <trkpt lat="36.928012" lon="-4.698861">
        <ele>476.972245</ele>
        <time>2026-05-21T11:12:14.000Z</time>
      </trkpt>
      <trkpt lat="36.928015" lon="-4.698796">
        <ele>476.987139</ele>
        <time>2026-05-21T11:12:21.000Z</time>
      </trkpt>
      <trkpt lat="36.928019" lon="-4.698720">
        <ele>477.004561</ele>
        <time>2026-05-21T11:12:25.000Z</time>
      </trkpt>
      <trkpt lat="36.928017" lon="-4.698630">
        <ele>477.025157</ele>
        <time>2026-05-21T11:12:31.000Z</time>
      </trkpt>
      <trkpt lat="36.928021" lon="-4.698556">
        <ele>477.042123</ele>
        <time>2026-05-21T11:12:36.000Z</time>
      </trkpt>
      <trkpt lat="36.928020" lon="-4.698523">
        <ele>477.049677</ele>
        <time>2026-05-21T11:12:38.000Z</time>
      </trkpt>
      <trkpt lat="36.928023" lon="-4.698476">
        <ele>477.060462</ele>
        <time>2026-05-21T11:12:41.000Z</time>
      </trkpt>
      <trkpt lat="36.928026" lon="-4.698443">
        <ele>477.068059</ele>
        <time>2026-05-21T11:12:43.000Z</time>
      </trkpt>
      <trkpt lat="36.928029" lon="-4.698424">
        <ele>477.072490</ele>
        <time>2026-05-21T11:12:44.000Z</time>
      </trkpt>
      <trkpt lat="36.928040" lon="-4.698368">
        <ele>477.085681</ele>
        <time>2026-05-21T11:12:47.000Z</time>
      </trkpt>
      <trkpt lat="36.928073" lon="-4.698291">
        <ele>477.046966</ele>
        <time>2026-05-21T11:12:53.000Z</time>
      </trkpt>
      <trkpt lat="36.928090" lon="-4.698220">
        <ele>476.824509</ele>
        <time>2026-05-21T11:12:59.000Z</time>
      </trkpt>
      <trkpt lat="36.928100" lon="-4.698192">
        <ele>476.732462</ele>
        <time>2026-05-21T11:13:01.000Z</time>
      </trkpt>
      <trkpt lat="36.928128" lon="-4.698122">
        <ele>476.497525</ele>
        <time>2026-05-21T11:13:05.000Z</time>
      </trkpt>
      <trkpt lat="36.928165" lon="-4.698038">
        <ele>476.209662</ele>
        <time>2026-05-21T11:13:12.000Z</time>
      </trkpt>
      <trkpt lat="36.928203" lon="-4.697935">
        <ele>475.869177</ele>
        <time>2026-05-21T11:13:19.000Z</time>
      </trkpt>
      <trkpt lat="36.928225" lon="-4.697823">
        <ele>475.523015</ele>
        <time>2026-05-21T11:13:25.000Z</time>
      </trkpt>
      <trkpt lat="36.928241" lon="-4.697766">
        <ele>475.341692</ele>
        <time>2026-05-21T11:13:29.000Z</time>
      </trkpt>
      <trkpt lat="36.928251" lon="-4.697728">
        <ele>475.221616</ele>
        <time>2026-05-21T11:13:31.000Z</time>
      </trkpt>
      <trkpt lat="36.928281" lon="-4.697658">
        <ele>474.983225</ele>
        <time>2026-05-21T11:13:37.000Z</time>
      </trkpt>
      <trkpt lat="36.928308" lon="-4.697541">
        <ele>474.617716</ele>
        <time>2026-05-21T11:13:45.000Z</time>
      </trkpt>
      <trkpt lat="36.928321" lon="-4.697453">
        <ele>474.349116</ele>
        <time>2026-05-21T11:13:51.000Z</time>
      </trkpt>
      <trkpt lat="36.928332" lon="-4.697405">
        <ele>474.199244</ele>
        <time>2026-05-21T11:13:54.000Z</time>
      </trkpt>
      <trkpt lat="36.928344" lon="-4.697349">
        <ele>474.025229</ele>
        <time>2026-05-21T11:13:58.000Z</time>
      </trkpt>
      <trkpt lat="36.928371" lon="-4.697242">
        <ele>473.688454</ele>
        <time>2026-05-21T11:14:05.000Z</time>
      </trkpt>
      <trkpt lat="36.928404" lon="-4.697155">
        <ele>473.399424</ele>
        <time>2026-05-21T11:14:10.000Z</time>
      </trkpt>
      <trkpt lat="36.928409" lon="-4.697146">
        <ele>473.366528</ele>
        <time>2026-05-21T11:14:11.000Z</time>
      </trkpt>
      <trkpt lat="36.928443" lon="-4.697052">
        <ele>473.056855</ele>
        <time>2026-05-21T11:14:18.000Z</time>
      </trkpt>
      <trkpt lat="36.928451" lon="-4.696998">
        <ele>472.892018</ele>
        <time>2026-05-21T11:14:21.000Z</time>
      </trkpt>
      <trkpt lat="36.928462" lon="-4.696907">
        <ele>472.615782</ele>
        <time>2026-05-21T11:14:26.000Z</time>
      </trkpt>
      <trkpt lat="36.928465" lon="-4.696892">
        <ele>472.569372</ele>
        <time>2026-05-21T11:14:27.000Z</time>
      </trkpt>
      <trkpt lat="36.928499" lon="-4.696790">
        <ele>472.237676</ele>
        <time>2026-05-21T11:14:34.000Z</time>
      </trkpt>
      <trkpt lat="36.928524" lon="-4.696761">
        <ele>472.109663</ele>
        <time>2026-05-21T11:14:38.000Z</time>
      </trkpt>
      <trkpt lat="36.928534" lon="-4.696742">
        <ele>472.041385</ele>
        <time>2026-05-21T11:14:40.000Z</time>
      </trkpt>
      <trkpt lat="36.928553" lon="-4.696623">
        <ele>471.677160</ele>
        <time>2026-05-21T11:14:46.000Z</time>
      </trkpt>
      <trkpt lat="36.928553" lon="-4.696554">
        <ele>471.470061</ele>
        <time>2026-05-21T11:14:51.000Z</time>
      </trkpt>
      <trkpt lat="36.928553" lon="-4.696542">
        <ele>471.434044</ele>
        <time>2026-05-21T11:14:52.000Z</time>
      </trkpt>
      <trkpt lat="36.928556" lon="-4.696482">
        <ele>471.253606</ele>
        <time>2026-05-21T11:14:56.000Z</time>
      </trkpt>
      <trkpt lat="36.928552" lon="-4.696387">
        <ele>470.968075</ele>
        <time>2026-05-21T11:15:02.000Z</time>
      </trkpt>
      <trkpt lat="36.928544" lon="-4.696357">
        <ele>470.873154</ele>
        <time>2026-05-21T11:15:04.000Z</time>
      </trkpt>
      <trkpt lat="36.928518" lon="-4.696275">
        <ele>470.608382</ele>
        <time>2026-05-21T11:15:09.000Z</time>
      </trkpt>
      <trkpt lat="36.928499" lon="-4.696206">
        <ele>470.389341</ele>
        <time>2026-05-21T11:15:12.000Z</time>
      </trkpt>
      <trkpt lat="36.928471" lon="-4.696099">
        <ele>469.590560</ele>
        <time>2026-05-21T11:15:18.000Z</time>
      </trkpt>
      <trkpt lat="36.928462" lon="-4.696051">
        <ele>469.212781</ele>
        <time>2026-05-21T11:15:23.000Z</time>
      </trkpt>
      <trkpt lat="36.928460" lon="-4.696003">
        <ele>468.844485</ele>
        <time>2026-05-21T11:15:27.000Z</time>
      </trkpt>
      <trkpt lat="36.928488" lon="-4.695922">
        <ele>468.168283</ele>
        <time>2026-05-21T11:15:32.000Z</time>
      </trkpt>
      <trkpt lat="36.928507" lon="-4.695898">
        <ele>467.909464</ele>
        <time>2026-05-21T11:15:34.000Z</time>
      </trkpt>
      <trkpt lat="36.928513" lon="-4.695886">
        <ele>467.801009</ele>
        <time>2026-05-21T11:15:35.000Z</time>
      </trkpt>
      <trkpt lat="36.928571" lon="-4.695812">
        <ele>467.006909</ele>
        <time>2026-05-21T11:15:43.000Z</time>
      </trkpt>
      <trkpt lat="36.928576" lon="-4.695798">
        <ele>466.889416</ele>
        <time>2026-05-21T11:15:44.000Z</time>
      </trkpt>
      <trkpt lat="36.928586" lon="-4.695741">
        <ele>466.442263</ele>
        <time>2026-05-21T11:15:49.000Z</time>
      </trkpt>
      <trkpt lat="36.928589" lon="-4.695722">
        <ele>466.293864</ele>
        <time>2026-05-21T11:15:51.000Z</time>
      </trkpt>
      <trkpt lat="36.928618" lon="-4.695643">
        <ele>465.627758</ele>
        <time>2026-05-21T11:15:57.000Z</time>
      </trkpt>
      <trkpt lat="36.928629" lon="-4.695614">
        <ele>465.381801</ele>
        <time>2026-05-21T11:15:59.000Z</time>
      </trkpt>
      <trkpt lat="36.928651" lon="-4.695529">
        <ele>464.697207</ele>
        <time>2026-05-21T11:16:05.000Z</time>
      </trkpt>
      <trkpt lat="36.928653" lon="-4.695519">
        <ele>464.618221</ele>
        <time>2026-05-21T11:16:06.000Z</time>
      </trkpt>
      <trkpt lat="36.928658" lon="-4.695488">
        <ele>464.375899</ele>
        <time>2026-05-21T11:16:09.000Z</time>
      </trkpt>
      <trkpt lat="36.928670" lon="-4.695409">
        <ele>463.759736</ele>
        <time>2026-05-21T11:16:13.000Z</time>
      </trkpt>
      <trkpt lat="36.928673" lon="-4.695379">
        <ele>463.528072</ele>
        <time>2026-05-21T11:16:15.000Z</time>
      </trkpt>
      <trkpt lat="36.928684" lon="-4.695294">
        <ele>462.868287</ele>
        <time>2026-05-21T11:16:21.000Z</time>
      </trkpt>
      <trkpt lat="36.928688" lon="-4.695274">
        <ele>462.710315</ele>
        <time>2026-05-21T11:16:22.000Z</time>
      </trkpt>
      <trkpt lat="36.928700" lon="-4.695215">
        <ele>462.243829</ele>
        <time>2026-05-21T11:16:27.000Z</time>
      </trkpt>
      <trkpt lat="36.928723" lon="-4.695193">
        <ele>461.966302</ele>
        <time>2026-05-21T11:16:32.000Z</time>
      </trkpt>
      <trkpt lat="36.928731" lon="-4.695177">
        <ele>461.821697</ele>
        <time>2026-05-21T11:16:34.000Z</time>
      </trkpt>
      <trkpt lat="36.928739" lon="-4.695158">
        <ele>461.657150</ele>
        <time>2026-05-21T11:16:37.000Z</time>
      </trkpt>
      <trkpt lat="36.928747" lon="-4.695104">
        <ele>461.236334</ele>
        <time>2026-05-21T11:16:41.000Z</time>
      </trkpt>
      <trkpt lat="36.928747" lon="-4.695083">
        <ele>461.075424</ele>
        <time>2026-05-21T11:16:43.000Z</time>
      </trkpt>
      <trkpt lat="36.928750" lon="-4.695022">
        <ele>460.607133</ele>
        <time>2026-05-21T11:16:48.000Z</time>
      </trkpt>
      <trkpt lat="36.928750" lon="-4.695009">
        <ele>460.507522</ele>
        <time>2026-05-21T11:16:49.000Z</time>
      </trkpt>
      <trkpt lat="36.928766" lon="-4.694872">
        <ele>459.446628</ele>
        <time>2026-05-21T11:16:57.000Z</time>
      </trkpt>
      <trkpt lat="36.928770" lon="-4.694861">
        <ele>459.354030</ele>
        <time>2026-05-21T11:16:58.000Z</time>
      </trkpt>
      <trkpt lat="36.928785" lon="-4.694793">
        <ele>458.813512</ele>
        <time>2026-05-21T11:17:04.000Z</time>
      </trkpt>
      <trkpt lat="36.928794" lon="-4.694757">
        <ele>458.524491</ele>
        <time>2026-05-21T11:17:06.000Z</time>
      </trkpt>
      <trkpt lat="36.928808" lon="-4.694686">
        <ele>457.964153</ele>
        <time>2026-05-21T11:17:10.000Z</time>
      </trkpt>
      <trkpt lat="36.928812" lon="-4.694663">
        <ele>457.783796</ele>
        <time>2026-05-21T11:17:12.000Z</time>
      </trkpt>
      <trkpt lat="36.928831" lon="-4.694586">
        <ele>457.166321</ele>
        <time>2026-05-21T11:17:18.000Z</time>
      </trkpt>
      <trkpt lat="36.928875" lon="-4.694484">
        <ele>456.278221</ele>
        <time>2026-05-21T11:17:25.000Z</time>
      </trkpt>
      <trkpt lat="36.928927" lon="-4.694426">
        <ele>455.610425</ele>
        <time>2026-05-21T11:17:30.000Z</time>
      </trkpt>
      <trkpt lat="36.928943" lon="-4.694415">
        <ele>455.435424</ele>
        <time>2026-05-21T11:17:31.000Z</time>
      </trkpt>
      <trkpt lat="36.929032" lon="-4.694386">
        <ele>454.553858</ele>
        <time>2026-05-21T11:17:37.000Z</time>
      </trkpt>
      <trkpt lat="36.929014" lon="-4.694391">
        <ele>454.377118</ele>
        <time>2026-05-21T11:17:40.000Z</time>
      </trkpt>
      <trkpt lat="36.928993" lon="-4.694391">
        <ele>454.175825</ele>
        <time>2026-05-21T11:17:42.000Z</time>
      </trkpt>
      <trkpt lat="36.928943" lon="-4.694394">
        <ele>453.696004</ele>
        <time>2026-05-21T11:17:51.000Z</time>
      </trkpt>
      <trkpt lat="36.928951" lon="-4.694399">
        <ele>453.610283</ele>
        <time>2026-05-21T11:17:52.000Z</time>
      </trkpt>
      <trkpt lat="36.928957" lon="-4.694403">
        <ele>453.545113</ele>
        <time>2026-05-21T11:17:53.000Z</time>
      </trkpt>
      <trkpt lat="36.928974" lon="-4.694426">
        <ele>453.305088</ele>
        <time>2026-05-21T11:17:57.000Z</time>
      </trkpt>
      <trkpt lat="36.928978" lon="-4.694440">
        <ele>453.191169</ele>
        <time>2026-05-21T11:17:58.000Z</time>
      </trkpt>
      <trkpt lat="36.928999" lon="-4.694483">
        <ele>452.819210</ele>
        <time>2026-05-21T11:18:02.000Z</time>
      </trkpt>
      <trkpt lat="36.929001" lon="-4.694493">
        <ele>452.743919</ele>
        <time>2026-05-21T11:18:06.000Z</time>
      </trkpt>
      <trkpt lat="36.929008" lon="-4.694492">
        <ele>452.679544</ele>
        <time>2026-05-21T11:18:07.000Z</time>
      </trkpt>
      <trkpt lat="36.928999" lon="-4.694473">
        <ele>452.518235</ele>
        <time>2026-05-21T11:18:10.000Z</time>
      </trkpt>
      <trkpt lat="36.928976" lon="-4.694440">
        <ele>452.198456</ele>
        <time>2026-05-21T11:18:15.000Z</time>
      </trkpt>
      <trkpt lat="36.928972" lon="-4.694433">
        <ele>452.135609</ele>
        <time>2026-05-21T11:18:16.000Z</time>
      </trkpt>
      <trkpt lat="36.928959" lon="-4.694410">
        <ele>451.929867</ele>
        <time>2026-05-21T11:18:18.000Z</time>
      </trkpt>
      <trkpt lat="36.928958" lon="-4.694402">
        <ele>451.870725</ele>
        <time>2026-05-21T11:18:20.000Z</time>
      </trkpt>
      <trkpt lat="36.928966" lon="-4.694377">
        <ele>451.674040</ele>
        <time>2026-05-21T11:18:24.000Z</time>
      </trkpt>
      <trkpt lat="36.929011" lon="-4.694363">
        <ele>451.250351</ele>
        <time>2026-05-21T11:18:29.000Z</time>
      </trkpt>
      <trkpt lat="36.929102" lon="-4.694332">
        <ele>450.388607</ele>
        <time>2026-05-21T11:18:37.000Z</time>
      </trkpt>
      <trkpt lat="36.929208" lon="-4.694257">
        <ele>449.275903</ele>
        <time>2026-05-21T11:18:46.000Z</time>
      </trkpt>
      <trkpt lat="36.929263" lon="-4.694209">
        <ele>448.663161</ele>
        <time>2026-05-21T11:18:53.000Z</time>
      </trkpt>
      <trkpt lat="36.929275" lon="-4.694203">
        <ele>448.545083</ele>
        <time>2026-05-21T11:18:54.000Z</time>
      </trkpt>
      <trkpt lat="36.929353" lon="-4.694144">
        <ele>447.712244</ele>
        <time>2026-05-21T11:19:01.000Z</time>
      </trkpt>
      <trkpt lat="36.929365" lon="-4.694099">
        <ele>447.365763</ele>
        <time>2026-05-21T11:19:04.000Z</time>
      </trkpt>
      <trkpt lat="36.929390" lon="-4.694027">
        <ele>446.792415</ele>
        <time>2026-05-21T11:19:08.000Z</time>
      </trkpt>
      <trkpt lat="36.929397" lon="-4.694016">
        <ele>446.689722</ele>
        <time>2026-05-21T11:19:09.000Z</time>
      </trkpt>
      <trkpt lat="36.929418" lon="-4.693929">
        <ele>446.025946</ele>
        <time>2026-05-21T11:19:14.000Z</time>
      </trkpt>
      <trkpt lat="36.929427" lon="-4.693886">
        <ele>445.701291</ele>
        <time>2026-05-21T11:19:17.000Z</time>
      </trkpt>
      <trkpt lat="36.929427" lon="-4.693873">
        <ele>445.606341</ele>
        <time>2026-05-21T11:19:18.000Z</time>
      </trkpt>
      <trkpt lat="36.929439" lon="-4.693783">
        <ele>444.939909</ele>
        <time>2026-05-21T11:19:22.000Z</time>
      </trkpt>
      <trkpt lat="36.929438" lon="-4.693767">
        <ele>444.822690</ele>
        <time>2026-05-21T11:19:23.000Z</time>
      </trkpt>
      <trkpt lat="36.929436" lon="-4.693720">
        <ele>444.478921</ele>
        <time>2026-05-21T11:19:27.000Z</time>
      </trkpt>
      <trkpt lat="36.929430" lon="-4.693701">
        <ele>444.329711</ele>
        <time>2026-05-21T11:19:30.000Z</time>
      </trkpt>
      <trkpt lat="36.929454" lon="-4.693713">
        <ele>444.093557</ele>
        <time>2026-05-21T11:19:40.000Z</time>
      </trkpt>
      <trkpt lat="36.929459" lon="-4.693728">
        <ele>443.974855</ele>
        <time>2026-05-21T11:19:43.000Z</time>
      </trkpt>
      <trkpt lat="36.929456" lon="-4.693731">
        <ele>443.939762</ele>
        <time>2026-05-21T11:19:45.000Z</time>
      </trkpt>
      <trkpt lat="36.929428" lon="-4.693718">
        <ele>443.666875</ele>
        <time>2026-05-21T11:19:48.000Z</time>
      </trkpt>
      <trkpt lat="36.929399" lon="-4.693674">
        <ele>443.250353</ele>
        <time>2026-05-21T11:19:52.000Z</time>
      </trkpt>
      <trkpt lat="36.929403" lon="-4.693648">
        <ele>443.056967</ele>
        <time>2026-05-21T11:19:55.000Z</time>
      </trkpt>
      <trkpt lat="36.929405" lon="-4.693629">
        <ele>442.916995</ele>
        <time>2026-05-21T11:19:58.000Z</time>
      </trkpt>
      <trkpt lat="36.929399" lon="-4.693571">
        <ele>442.489837</ele>
        <time>2026-05-21T11:20:03.000Z</time>
      </trkpt>
      <trkpt lat="36.929397" lon="-4.693558">
        <ele>442.393144</ele>
        <time>2026-05-21T11:20:04.000Z</time>
      </trkpt>
      <trkpt lat="36.929409" lon="-4.693457">
        <ele>441.647347</ele>
        <time>2026-05-21T11:20:10.000Z</time>
      </trkpt>
      <trkpt lat="36.929410" lon="-4.693439">
        <ele>441.515559</ele>
        <time>2026-05-21T11:20:11.000Z</time>
      </trkpt>
      <trkpt lat="36.929421" lon="-4.693371">
        <ele>441.008827</ele>
        <time>2026-05-21T11:20:18.000Z</time>
      </trkpt>
      <trkpt lat="36.929421" lon="-4.693371">
        <ele>441.008827</ele>
        <time>2026-05-21T11:20:19.000Z</time>
      </trkpt>
      <trkpt lat="36.929417" lon="-4.693389">
        <ele>440.872372</ele>
        <time>2026-05-21T11:20:26.000Z</time>
      </trkpt>
      <trkpt lat="36.929422" lon="-4.693383">
        <ele>440.809066</ele>
        <time>2026-05-21T11:20:29.000Z</time>
      </trkpt>
      <trkpt lat="36.929438" lon="-4.693331">
        <ele>440.402099</ele>
        <time>2026-05-21T11:20:36.000Z</time>
      </trkpt>
      <trkpt lat="36.929456" lon="-4.693250">
        <ele>439.788049</ele>
        <time>2026-05-21T11:20:44.000Z</time>
      </trkpt>
      <trkpt lat="36.929462" lon="-4.693222">
        <ele>439.576320</ele>
        <time>2026-05-21T11:20:47.000Z</time>
      </trkpt>
      <trkpt lat="36.929475" lon="-4.693195">
        <ele>439.346106</ele>
        <time>2026-05-21T11:20:53.000Z</time>
      </trkpt>
      <trkpt lat="36.929480" lon="-4.693177">
        <ele>439.206924</ele>
        <time>2026-05-21T11:20:56.000Z</time>
      </trkpt>
      <trkpt lat="36.929495" lon="-4.693140">
        <ele>438.903913</ele>
        <time>2026-05-21T11:21:01.000Z</time>
      </trkpt>
      <trkpt lat="36.929496" lon="-4.693134">
        <ele>438.859147</ele>
        <time>2026-05-21T11:21:02.000Z</time>
      </trkpt>
      <trkpt lat="36.929505" lon="-4.693074">
        <ele>438.413266</ele>
        <time>2026-05-21T11:21:11.000Z</time>
      </trkpt>
      <trkpt lat="36.929501" lon="-4.693067">
        <ele>438.350419</ele>
        <time>2026-05-21T11:21:21.000Z</time>
      </trkpt>
      <trkpt lat="36.929500" lon="-4.693078">
        <ele>438.269558</ele>
        <time>2026-05-21T11:21:27.000Z</time>
      </trkpt>
      <trkpt lat="36.929494" lon="-4.693093">
        <ele>438.147049</ele>
        <time>2026-05-21T11:21:31.000Z</time>
      </trkpt>
      <trkpt lat="36.929497" lon="-4.693098">
        <ele>438.101387</ele>
        <time>2026-05-21T11:21:32.000Z</time>
      </trkpt>
      <trkpt lat="36.929504" lon="-4.693107">
        <ele>438.009671</ele>
        <time>2026-05-21T11:21:34.000Z</time>
      </trkpt>
      <trkpt lat="36.929529" lon="-4.693073">
        <ele>437.672259</ele>
        <time>2026-05-21T11:21:41.000Z</time>
      </trkpt>
      <trkpt lat="36.929531" lon="-4.693064">
        <ele>437.604032</ele>
        <time>2026-05-21T11:21:42.000Z</time>
      </trkpt>
      <trkpt lat="36.929556" lon="-4.693014">
        <ele>437.173283</ele>
        <time>2026-05-21T11:21:47.000Z</time>
      </trkpt>
      <trkpt lat="36.929569" lon="-4.692986">
        <ele>436.936782</ele>
        <time>2026-05-21T11:21:50.000Z</time>
      </trkpt>
      <trkpt lat="36.929576" lon="-4.692965">
        <ele>436.770599</ele>
        <time>2026-05-21T11:21:52.000Z</time>
      </trkpt>
      <trkpt lat="36.929598" lon="-4.692899">
        <ele>436.612488</ele>
        <time>2026-05-21T11:21:57.000Z</time>
      </trkpt>
      <trkpt lat="36.929602" lon="-4.692884">
        <ele>436.595965</ele>
        <time>2026-05-21T11:21:58.000Z</time>
      </trkpt>
      <trkpt lat="36.929605" lon="-4.692872">
        <ele>436.582827</ele>
        <time>2026-05-21T11:21:59.000Z</time>
      </trkpt>
      <trkpt lat="36.929650" lon="-4.692756">
        <ele>436.448100</ele>
        <time>2026-05-21T11:22:07.000Z</time>
      </trkpt>
      <trkpt lat="36.929671" lon="-4.692631">
        <ele>436.314634</ele>
        <time>2026-05-21T11:22:14.000Z</time>
      </trkpt>
      <trkpt lat="36.929693" lon="-4.692526">
        <ele>436.201213</ele>
        <time>2026-05-21T11:22:21.000Z</time>
      </trkpt>
      <trkpt lat="36.929679" lon="-4.692401">
        <ele>436.069325</ele>
        <time>2026-05-21T11:22:27.000Z</time>
      </trkpt>
      <trkpt lat="36.929663" lon="-4.692307">
        <ele>435.968902</ele>
        <time>2026-05-21T11:22:34.000Z</time>
      </trkpt>
      <trkpt lat="36.929643" lon="-4.692214">
        <ele>435.868271</ele>
        <time>2026-05-21T11:22:40.000Z</time>
      </trkpt>
      <trkpt lat="36.929646" lon="-4.692202">
        <ele>435.855133</ele>
        <time>2026-05-21T11:22:41.000Z</time>
      </trkpt>
      <trkpt lat="36.929639" lon="-4.692180">
        <ele>435.830391</ele>
        <time>2026-05-21T11:22:43.000Z</time>
      </trkpt>
      <trkpt lat="36.929629" lon="-4.692128">
        <ele>435.774506</ele>
        <time>2026-05-21T11:22:46.000Z</time>
      </trkpt>
      <trkpt lat="36.929626" lon="-4.692092">
        <ele>435.736686</ele>
        <time>2026-05-21T11:22:49.000Z</time>
      </trkpt>
      <trkpt lat="36.929629" lon="-4.692048">
        <ele>435.690543</ele>
        <time>2026-05-21T11:22:52.000Z</time>
      </trkpt>
      <trkpt lat="36.929630" lon="-4.692006">
        <ele>435.646638</ele>
        <time>2026-05-21T11:22:54.000Z</time>
      </trkpt>
      <trkpt lat="36.929631" lon="-4.691974">
        <ele>435.613176</ele>
        <time>2026-05-21T11:22:57.000Z</time>
      </trkpt>
      <trkpt lat="36.929629" lon="-4.691913">
        <ele>435.549383</ele>
        <time>2026-05-21T11:23:01.000Z</time>
      </trkpt>
      <trkpt lat="36.929633" lon="-4.691847">
        <ele>435.480221</ele>
        <time>2026-05-21T11:23:05.000Z</time>
      </trkpt>
      <trkpt lat="36.929622" lon="-4.691784">
        <ele>435.412841</ele>
        <time>2026-05-21T11:23:10.000Z</time>
      </trkpt>
      <trkpt lat="36.929618" lon="-4.691757">
        <ele>435.384148</ele>
        <time>2026-05-21T11:23:12.000Z</time>
      </trkpt>
      <trkpt lat="36.929586" lon="-4.691665">
        <ele>435.279311</ele>
        <time>2026-05-21T11:23:18.000Z</time>
      </trkpt>
      <trkpt lat="36.929579" lon="-4.691635">
        <ele>435.246656</ele>
        <time>2026-05-21T11:23:20.000Z</time>
      </trkpt>
      <trkpt lat="36.929550" lon="-4.691541">
        <ele>435.141374</ele>
        <time>2026-05-21T11:23:26.000Z</time>
      </trkpt>
      <trkpt lat="36.929534" lon="-4.691511">
        <ele>435.103690</ele>
        <time>2026-05-21T11:23:29.000Z</time>
      </trkpt>
      <trkpt lat="36.929513" lon="-4.691465">
        <ele>435.048338</ele>
        <time>2026-05-21T11:23:32.000Z</time>
      </trkpt>
      <trkpt lat="36.929491" lon="-4.691366">
        <ele>434.940970</ele>
        <time>2026-05-21T11:23:39.000Z</time>
      </trkpt>
      <trkpt lat="36.929490" lon="-4.691322">
        <ele>434.894976</ele>
        <time>2026-05-21T11:23:42.000Z</time>
      </trkpt>
      <trkpt lat="36.929495" lon="-4.691289">
        <ele>434.859880</ele>
        <time>2026-05-21T11:23:45.000Z</time>
      </trkpt>
      <trkpt lat="36.929502" lon="-4.691233">
        <ele>434.800654</ele>
        <time>2026-05-21T11:23:48.000Z</time>
      </trkpt>
      <trkpt lat="36.929509" lon="-4.691217">
        <ele>434.781596</ele>
        <time>2026-05-21T11:23:50.000Z</time>
      </trkpt>
      <trkpt lat="36.929533" lon="-4.691114">
        <ele>434.669492</ele>
        <time>2026-05-21T11:23:59.000Z</time>
      </trkpt>
      <trkpt lat="36.929554" lon="-4.691047">
        <ele>434.594294</ele>
        <time>2026-05-21T11:24:05.000Z</time>
      </trkpt>
      <trkpt lat="36.929565" lon="-4.691038">
        <ele>434.577113</ele>
        <time>2026-05-21T11:24:07.000Z</time>
      </trkpt>
      <trkpt lat="36.929577" lon="-4.691045">
        <ele>434.559806</ele>
        <time>2026-05-21T11:24:12.000Z</time>
      </trkpt>
      <trkpt lat="36.929576" lon="-4.691033">
        <ele>434.547199</ele>
        <time>2026-05-21T11:24:15.000Z</time>
      </trkpt>
      <trkpt lat="36.929572" lon="-4.691032">
        <ele>434.541867</ele>
        <time>2026-05-21T11:24:16.000Z</time>
      </trkpt>
      <trkpt lat="36.929569" lon="-4.691022">
        <ele>434.530706</ele>
        <time>2026-05-21T11:24:21.000Z</time>
      </trkpt>
      <trkpt lat="36.929579" lon="-4.691002">
        <ele>434.506057</ele>
        <time>2026-05-21T11:24:23.000Z</time>
      </trkpt>
      <trkpt lat="36.929593" lon="-4.690993">
        <ele>434.485482</ele>
        <time>2026-05-21T11:24:24.000Z</time>
      </trkpt>
      <trkpt lat="36.929602" lon="-4.690986">
        <ele>434.471629</ele>
        <time>2026-05-21T11:24:25.000Z</time>
      </trkpt>
      <trkpt lat="36.929648" lon="-4.690911">
        <ele>434.372852</ele>
        <time>2026-05-21T11:24:33.000Z</time>
      </trkpt>
      <trkpt lat="36.929651" lon="-4.690901">
        <ele>434.361691</ele>
        <time>2026-05-21T11:24:34.000Z</time>
      </trkpt>
      <trkpt lat="36.929727" lon="-4.690803">
        <ele>433.614348</ele>
        <time>2026-05-21T11:24:43.000Z</time>
      </trkpt>
      <trkpt lat="36.929795" lon="-4.690701">
        <ele>432.662172</ele>
        <time>2026-05-21T11:24:51.000Z</time>
      </trkpt>
      <trkpt lat="36.929825" lon="-4.690618">
        <ele>432.009138</ele>
        <time>2026-05-21T11:24:57.000Z</time>
      </trkpt>
      <trkpt lat="36.929865" lon="-4.690540">
        <ele>431.344772</ele>
        <time>2026-05-21T11:25:03.000Z</time>
      </trkpt>
      <trkpt lat="36.929904" lon="-4.690438">
        <ele>430.534182</ele>
        <time>2026-05-21T11:25:09.000Z</time>
      </trkpt>
      <trkpt lat="36.929914" lon="-4.690408">
        <ele>430.301160</ele>
        <time>2026-05-21T11:25:11.000Z</time>
      </trkpt>
      <trkpt lat="36.929936" lon="-4.690362">
        <ele>429.916866</ele>
        <time>2026-05-21T11:25:15.000Z</time>
      </trkpt>
      <trkpt lat="36.929971" lon="-4.690285">
        <ele>429.281844</ele>
        <time>2026-05-21T11:25:23.000Z</time>
      </trkpt>
      <trkpt lat="36.929977" lon="-4.690265">
        <ele>429.128698</ele>
        <time>2026-05-21T11:25:24.000Z</time>
      </trkpt>
      <trkpt lat="36.930011" lon="-4.690171">
        <ele>428.389030</ele>
        <time>2026-05-21T11:25:30.000Z</time>
      </trkpt>
      <trkpt lat="36.930022" lon="-4.690157">
        <ele>428.248297</ele>
        <time>2026-05-21T11:25:32.000Z</time>
      </trkpt>
      <trkpt lat="36.930045" lon="-4.690107">
        <ele>427.834731</ele>
        <time>2026-05-21T11:25:36.000Z</time>
      </trkpt>
      <trkpt lat="36.930058" lon="-4.689988">
        <ele>426.973684</ele>
        <time>2026-05-21T11:25:43.000Z</time>
      </trkpt>
      <trkpt lat="36.930073" lon="-4.689928">
        <ele>426.522995</ele>
        <time>2026-05-21T11:25:48.000Z</time>
      </trkpt>
      <trkpt lat="36.930082" lon="-4.689902">
        <ele>426.319874</ele>
        <time>2026-05-21T11:25:51.000Z</time>
      </trkpt>
      <trkpt lat="36.930097" lon="-4.689874">
        <ele>426.078231</ele>
        <time>2026-05-21T11:25:53.000Z</time>
      </trkpt>
      <trkpt lat="36.930130" lon="-4.689794">
        <ele>425.432847</ele>
        <time>2026-05-21T11:25:57.000Z</time>
      </trkpt>
      <trkpt lat="36.930144" lon="-4.689727">
        <ele>424.936382</ele>
        <time>2026-05-21T11:26:03.000Z</time>
      </trkpt>
      <trkpt lat="36.930154" lon="-4.689624">
        <ele>424.192544</ele>
        <time>2026-05-21T11:26:10.000Z</time>
      </trkpt>
      <trkpt lat="36.930158" lon="-4.689603">
        <ele>424.037779</ele>
        <time>2026-05-21T11:26:11.000Z</time>
      </trkpt>
      <trkpt lat="36.930181" lon="-4.689553">
        <ele>423.624214</ele>
        <time>2026-05-21T11:26:16.000Z</time>
      </trkpt>
      <trkpt lat="36.930231" lon="-4.689477">
        <ele>422.918566</ele>
        <time>2026-05-21T11:26:22.000Z</time>
      </trkpt>
      <trkpt lat="36.930261" lon="-4.689404">
        <ele>422.330116</ele>
        <time>2026-05-21T11:26:27.000Z</time>
      </trkpt>
      <trkpt lat="36.930280" lon="-4.689337">
        <ele>421.820461</ele>
        <time>2026-05-21T11:26:31.000Z</time>
      </trkpt>
      <trkpt lat="36.930307" lon="-4.689258">
        <ele>421.204514</ele>
        <time>2026-05-21T11:26:37.000Z</time>
      </trkpt>
      <trkpt lat="36.930312" lon="-4.689243">
        <ele>421.088004</ele>
        <time>2026-05-21T11:26:38.000Z</time>
      </trkpt>
      <trkpt lat="36.930323" lon="-4.689205">
        <ele>420.798268</ele>
        <time>2026-05-21T11:26:41.000Z</time>
      </trkpt>
      <trkpt lat="36.930338" lon="-4.689113">
        <ele>420.125138</ele>
        <time>2026-05-21T11:26:46.000Z</time>
      </trkpt>
      <trkpt lat="36.930350" lon="-4.689059">
        <ele>419.723330</ele>
        <time>2026-05-21T11:26:50.000Z</time>
      </trkpt>
      <trkpt lat="36.930369" lon="-4.688951">
        <ele>418.930546</ele>
        <time>2026-05-21T11:26:56.000Z</time>
      </trkpt>
      <trkpt lat="36.930408" lon="-4.688874">
        <ele>418.277050</ele>
        <time>2026-05-21T11:27:03.000Z</time>
      </trkpt>
      <trkpt lat="36.930440" lon="-4.688831">
        <ele>417.750612</ele>
        <time>2026-05-21T11:27:07.000Z</time>
      </trkpt>
      <trkpt lat="36.930454" lon="-4.688783">
        <ele>417.269349</ele>
        <time>2026-05-21T11:27:10.000Z</time>
      </trkpt>
      <trkpt lat="36.930458" lon="-4.688763">
        <ele>417.075164</ele>
        <time>2026-05-21T11:27:11.000Z</time>
      </trkpt>
      <trkpt lat="36.930462" lon="-4.688743">
        <ele>416.880979</ele>
        <time>2026-05-21T11:27:12.000Z</time>
      </trkpt>
      <trkpt lat="36.930467" lon="-4.688723">
        <ele>416.683602</ele>
        <time>2026-05-21T11:27:13.000Z</time>
      </trkpt>
      <trkpt lat="36.930474" lon="-4.688702">
        <ele>416.469297</ele>
        <time>2026-05-21T11:27:15.000Z</time>
      </trkpt>
      <trkpt lat="36.930480" lon="-4.688683">
        <ele>416.276879</ele>
        <time>2026-05-21T11:27:17.000Z</time>
      </trkpt>
      <trkpt lat="36.930491" lon="-4.688651">
        <ele>415.948786</ele>
        <time>2026-05-21T11:27:20.000Z</time>
      </trkpt>
      <trkpt lat="36.930499" lon="-4.688612">
        <ele>415.569547</ele>
        <time>2026-05-21T11:27:23.000Z</time>
      </trkpt>
      <trkpt lat="36.930535" lon="-4.688528">
        <ele>414.671819</ele>
        <time>2026-05-21T11:27:28.000Z</time>
      </trkpt>
      <trkpt lat="36.930569" lon="-4.688469">
        <ele>413.986751</ele>
        <time>2026-05-21T11:27:32.000Z</time>
      </trkpt>
      <trkpt lat="36.930607" lon="-4.688420">
        <ele>413.343719</ele>
        <time>2026-05-21T11:27:39.000Z</time>
      </trkpt>
      <trkpt lat="36.930609" lon="-4.688397">
        <ele>413.125806</ele>
        <time>2026-05-21T11:27:42.000Z</time>
      </trkpt>
      <trkpt lat="36.930599" lon="-4.688362">
        <ele>412.775720</ele>
        <time>2026-05-21T11:27:47.000Z</time>
      </trkpt>
      <trkpt lat="36.930598" lon="-4.688343">
        <ele>412.596373</ele>
        <time>2026-05-21T11:27:50.000Z</time>
      </trkpt>
      <trkpt lat="36.930630" lon="-4.688317">
        <ele>412.146770</ele>
        <time>2026-05-21T11:27:55.000Z</time>
      </trkpt>
      <trkpt lat="36.930652" lon="-4.688340">
        <ele>411.808940</ele>
        <time>2026-05-21T11:27:57.000Z</time>
      </trkpt>
      <trkpt lat="36.930702" lon="-4.688316">
        <ele>411.177911</ele>
        <time>2026-05-21T11:28:01.000Z</time>
      </trkpt>
      <trkpt lat="36.930732" lon="-4.688288">
        <ele>410.736880</ele>
        <time>2026-05-21T11:28:04.000Z</time>
      </trkpt>
      <trkpt lat="36.930770" lon="-4.688252">
        <ele>410.175223</ele>
        <time>2026-05-21T11:28:08.000Z</time>
      </trkpt>
      <trkpt lat="36.930804" lon="-4.688187">
        <ele>409.443567</ele>
        <time>2026-05-21T11:28:13.000Z</time>
      </trkpt>
      <trkpt lat="36.930817" lon="-4.688171">
        <ele>409.228684</ele>
        <time>2026-05-21T11:28:15.000Z</time>
      </trkpt>
      <trkpt lat="36.930817" lon="-4.688130">
        <ele>408.842510</ele>
        <time>2026-05-21T11:28:18.000Z</time>
      </trkpt>
      <trkpt lat="36.930818" lon="-4.688117">
        <ele>408.719499</ele>
        <time>2026-05-21T11:28:19.000Z</time>
      </trkpt>
      <trkpt lat="36.930846" lon="-4.688054">
        <ele>408.040558</ele>
        <time>2026-05-21T11:28:24.000Z</time>
      </trkpt>
      <trkpt lat="36.930859" lon="-4.688003">
        <ele>407.536364</ele>
        <time>2026-05-21T11:28:27.000Z</time>
      </trkpt>
      <trkpt lat="36.930899" lon="-4.687900">
        <ele>406.457790</ele>
        <time>2026-05-21T11:28:34.000Z</time>
      </trkpt>
      <trkpt lat="36.930920" lon="-4.687833">
        <ele>405.779948</ele>
        <time>2026-05-21T11:28:38.000Z</time>
      </trkpt>
      <trkpt lat="36.930939" lon="-4.687803">
        <ele>405.419443</ele>
        <time>2026-05-21T11:28:42.000Z</time>
      </trkpt>
      <trkpt lat="36.930947" lon="-4.687784">
        <ele>405.217176</ele>
        <time>2026-05-21T11:28:44.000Z</time>
      </trkpt>
      <trkpt lat="36.930972" lon="-4.687712">
        <ele>404.477803</ele>
        <time>2026-05-21T11:28:48.000Z</time>
      </trkpt>
      <trkpt lat="36.931014" lon="-4.687605">
        <ele>403.355035</ele>
        <time>2026-05-21T11:28:55.000Z</time>
      </trkpt>
      <trkpt lat="36.931017" lon="-4.687593">
        <ele>403.236610</ele>
        <time>2026-05-21T11:28:56.000Z</time>
      </trkpt>
      <trkpt lat="36.931039" lon="-4.687522">
        <ele>402.519386</ele>
        <time>2026-05-21T11:29:00.000Z</time>
      </trkpt>
      <trkpt lat="36.931056" lon="-4.687452">
        <ele>401.830310</ele>
        <time>2026-05-21T11:29:04.000Z</time>
      </trkpt>
      <trkpt lat="36.931065" lon="-4.687375">
        <ele>401.097346</ele>
        <time>2026-05-21T11:29:10.000Z</time>
      </trkpt>
      <trkpt lat="36.931067" lon="-4.687365">
        <ele>401.000255</ele>
        <time>2026-05-21T11:29:11.000Z</time>
      </trkpt>
      <trkpt lat="36.931097" lon="-4.687255">
        <ele>399.905539</ele>
        <time>2026-05-21T11:29:19.000Z</time>
      </trkpt>
      <trkpt lat="36.931132" lon="-4.687157">
        <ele>398.894553</ele>
        <time>2026-05-21T11:29:26.000Z</time>
      </trkpt>
      <trkpt lat="36.931149" lon="-4.687116">
        <ele>398.459520</ele>
        <time>2026-05-21T11:29:31.000Z</time>
      </trkpt>
      <trkpt lat="36.931165" lon="-4.687080">
        <ele>398.071556</ele>
        <time>2026-05-21T11:29:34.000Z</time>
      </trkpt>
      <trkpt lat="36.931191" lon="-4.687006">
        <ele>397.310205</ele>
        <time>2026-05-21T11:29:39.000Z</time>
      </trkpt>
      <trkpt lat="36.931206" lon="-4.686959">
        <ele>396.859910</ele>
        <time>2026-05-21T11:29:42.000Z</time>
      </trkpt>
      <trkpt lat="36.931217" lon="-4.686932">
        <ele>396.620284</ele>
        <time>2026-05-21T11:29:44.000Z</time>
      </trkpt>
      <trkpt lat="36.931238" lon="-4.686855">
        <ele>395.976963</ele>
        <time>2026-05-21T11:29:49.000Z</time>
      </trkpt>
      <trkpt lat="36.931249" lon="-4.686823">
        <ele>395.701526</ele>
        <time>2026-05-21T11:29:51.000Z</time>
      </trkpt>
      <trkpt lat="36.931271" lon="-4.686785">
        <ele>395.330520</ele>
        <time>2026-05-21T11:29:54.000Z</time>
      </trkpt>
      <trkpt lat="36.931310" lon="-4.686709">
        <ele>394.616395</ele>
        <time>2026-05-21T11:29:59.000Z</time>
      </trkpt>
      <trkpt lat="36.931316" lon="-4.686693">
        <ele>394.476649</ele>
        <time>2026-05-21T11:30:00.000Z</time>
      </trkpt>
      <trkpt lat="36.931354" lon="-4.686592">
        <ele>393.593976</ele>
        <time>2026-05-21T11:30:08.000Z</time>
      </trkpt>
      <trkpt lat="36.931382" lon="-4.686511">
        <ele>392.896166</ele>
        <time>2026-05-21T11:30:14.000Z</time>
      </trkpt>
      <trkpt lat="36.931396" lon="-4.686451">
        <ele>392.401933</ele>
        <time>2026-05-21T11:30:19.000Z</time>
      </trkpt>
      <trkpt lat="36.931415" lon="-4.686392">
        <ele>391.898969</ele>
        <time>2026-05-21T11:30:23.000Z</time>
      </trkpt>
      <trkpt lat="36.931427" lon="-4.686356">
        <ele>391.590550</ele>
        <time>2026-05-21T11:30:25.000Z</time>
      </trkpt>
      <trkpt lat="36.931451" lon="-4.686285">
        <ele>390.981003</ele>
        <time>2026-05-21T11:30:31.000Z</time>
      </trkpt>
      <trkpt lat="36.931455" lon="-4.686274">
        <ele>390.885446</ele>
        <time>2026-05-21T11:30:32.000Z</time>
      </trkpt>
      <trkpt lat="36.931472" lon="-4.686206">
        <ele>390.322071</ele>
        <time>2026-05-21T11:30:37.000Z</time>
      </trkpt>
      <trkpt lat="36.931482" lon="-4.686169">
        <ele>390.013233</ele>
        <time>2026-05-21T11:30:39.000Z</time>
      </trkpt>
      <trkpt lat="36.931501" lon="-4.686122">
        <ele>389.596771</ele>
        <time>2026-05-21T11:30:42.000Z</time>
      </trkpt>
      <trkpt lat="36.931505" lon="-4.686100">
        <ele>389.418369</ele>
        <time>2026-05-21T11:30:45.000Z</time>
      </trkpt>
      <trkpt lat="36.931500" lon="-4.686105">
        <ele>389.355049</ele>
        <time>2026-05-21T11:30:55.000Z</time>
      </trkpt>
      <trkpt lat="36.931506" lon="-4.686055">
        <ele>388.955258</ele>
        <time>2026-05-21T11:31:00.000Z</time>
      </trkpt>
      <trkpt lat="36.931509" lon="-4.686028">
        <ele>388.739710</ele>
        <time>2026-05-21T11:31:02.000Z</time>
      </trkpt>
      <trkpt lat="36.931509" lon="-4.686001">
        <ele>388.526215</ele>
        <time>2026-05-21T11:31:04.000Z</time>
      </trkpt>
      <trkpt lat="36.931515" lon="-4.685932">
        <ele>387.977398</ele>
        <time>2026-05-21T11:31:08.000Z</time>
      </trkpt>
      <trkpt lat="36.931524" lon="-4.685858">
        <ele>387.385529</ele>
        <time>2026-05-21T11:31:12.000Z</time>
      </trkpt>
      <trkpt lat="36.931536" lon="-4.685806">
        <ele>386.957562</ele>
        <time>2026-05-21T11:31:15.000Z</time>
      </trkpt>
      <trkpt lat="36.931541" lon="-4.685783">
        <ele>386.769090</ele>
        <time>2026-05-21T11:31:17.000Z</time>
      </trkpt>
      <trkpt lat="36.931543" lon="-4.685726">
        <ele>386.317944</ele>
        <time>2026-05-21T11:31:22.000Z</time>
      </trkpt>
      <trkpt lat="36.931540" lon="-4.685658">
        <ele>385.779435</ele>
        <time>2026-05-21T11:31:27.000Z</time>
      </trkpt>
      <trkpt lat="36.931540" lon="-4.685627">
        <ele>385.534311</ele>
        <time>2026-05-21T11:31:29.000Z</time>
      </trkpt>
      <trkpt lat="36.931558" lon="-4.685539">
        <ele>384.816055</ele>
        <time>2026-05-21T11:31:35.000Z</time>
      </trkpt>
      <trkpt lat="36.931562" lon="-4.685525">
        <ele>384.698495</ele>
        <time>2026-05-21T11:31:36.000Z</time>
      </trkpt>
      <trkpt lat="36.931565" lon="-4.685512">
        <ele>384.591504</ele>
        <time>2026-05-21T11:31:37.000Z</time>
      </trkpt>
      <trkpt lat="36.931581" lon="-4.685406">
        <ele>383.738526</ele>
        <time>2026-05-21T11:31:45.000Z</time>
      </trkpt>
      <trkpt lat="36.931611" lon="-4.685276">
        <ele>382.668608</ele>
        <time>2026-05-21T11:31:54.000Z</time>
      </trkpt>
      <trkpt lat="36.931613" lon="-4.685261">
        <ele>382.548361</ele>
        <time>2026-05-21T11:31:55.000Z</time>
      </trkpt>
      <trkpt lat="36.931619" lon="-4.685152">
        <ele>381.684434</ele>
        <time>2026-05-21T11:32:03.000Z</time>
      </trkpt>
      <trkpt lat="36.931629" lon="-4.685059">
        <ele>380.942440</ele>
        <time>2026-05-21T11:32:09.000Z</time>
      </trkpt>
      <trkpt lat="36.931646" lon="-4.685006">
        <ele>380.490877</ele>
        <time>2026-05-21T11:32:13.000Z</time>
      </trkpt>
      <trkpt lat="36.931708" lon="-4.684891">
        <ele>379.394053</ele>
        <time>2026-05-21T11:32:21.000Z</time>
      </trkpt>
      <trkpt lat="36.931749" lon="-4.684806">
        <ele>379.181746</ele>
        <time>2026-05-21T11:32:27.000Z</time>
      </trkpt>
      <trkpt lat="36.931793" lon="-4.684728">
        <ele>379.151504</ele>
        <time>2026-05-21T11:32:33.000Z</time>
      </trkpt>
      <trkpt lat="36.931813" lon="-4.684660">
        <ele>379.128552</ele>
        <time>2026-05-21T11:32:38.000Z</time>
      </trkpt>
      <trkpt lat="36.931818" lon="-4.684642">
        <ele>379.122516</ele>
        <time>2026-05-21T11:32:39.000Z</time>
      </trkpt>
      <trkpt lat="36.931821" lon="-4.684627">
        <ele>379.117618</ele>
        <time>2026-05-21T11:32:40.000Z</time>
      </trkpt>
      <trkpt lat="36.931817" lon="-4.684578">
        <ele>379.102015</ele>
        <time>2026-05-21T11:32:43.000Z</time>
      </trkpt>
      <trkpt lat="36.931815" lon="-4.684561">
        <ele>379.096572</ele>
        <time>2026-05-21T11:32:44.000Z</time>
      </trkpt>
      <trkpt lat="36.931815" lon="-4.684539">
        <ele>379.089603</ele>
        <time>2026-05-21T11:32:45.000Z</time>
      </trkpt>
      <trkpt lat="36.931818" lon="-4.684501">
        <ele>379.077507</ele>
        <time>2026-05-21T11:32:47.000Z</time>
      </trkpt>
      <trkpt lat="36.931821" lon="-4.684469">
        <ele>379.067301</ele>
        <time>2026-05-21T11:32:49.000Z</time>
      </trkpt>
      <trkpt lat="36.931823" lon="-4.684455">
        <ele>379.062796</ele>
        <time>2026-05-21T11:32:50.000Z</time>
      </trkpt>
      <trkpt lat="36.931824" lon="-4.684448">
        <ele>379.060543</ele>
        <time>2026-05-21T11:32:51.000Z</time>
      </trkpt>
      <trkpt lat="36.931829" lon="-4.684438">
        <ele>379.056807</ele>
        <time>2026-05-21T11:32:54.000Z</time>
      </trkpt>
      <trkpt lat="36.931834" lon="-4.684425">
        <ele>379.052237</ele>
        <time>2026-05-21T11:32:55.000Z</time>
      </trkpt>
      <trkpt lat="36.931846" lon="-4.684378">
        <ele>379.036608</ele>
        <time>2026-05-21T11:32:58.000Z</time>
      </trkpt>
      <trkpt lat="36.931849" lon="-4.684363">
        <ele>379.031709</ele>
        <time>2026-05-21T11:32:59.000Z</time>
      </trkpt>
      <trkpt lat="36.931853" lon="-4.684334">
        <ele>379.022387</ele>
        <time>2026-05-21T11:33:03.000Z</time>
      </trkpt>
      <trkpt lat="36.931840" lon="-4.684325">
        <ele>379.016499</ele>
        <time>2026-05-21T11:33:06.000Z</time>
      </trkpt>
      <trkpt lat="36.931849" lon="-4.684262">
        <ele>378.996226</ele>
        <time>2026-05-21T11:33:13.000Z</time>
      </trkpt>
      <trkpt lat="36.931887" lon="-4.684174">
        <ele>378.964543</ele>
        <time>2026-05-21T11:33:21.000Z</time>
      </trkpt>
      <trkpt lat="36.931903" lon="-4.684141">
        <ele>378.952317</ele>
        <time>2026-05-21T11:33:23.000Z</time>
      </trkpt>
      <trkpt lat="36.931942" lon="-4.684060">
        <ele>378.922363</ele>
        <time>2026-05-21T11:33:28.000Z</time>
      </trkpt>
      <trkpt lat="36.931959" lon="-4.683989">
        <ele>378.898885</ele>
        <time>2026-05-21T11:33:33.000Z</time>
      </trkpt>
      <trkpt lat="36.931963" lon="-4.683928">
        <ele>378.879497</ele>
        <time>2026-05-21T11:33:37.000Z</time>
      </trkpt>
      <trkpt lat="36.931971" lon="-4.683885">
        <ele>378.865512</ele>
        <time>2026-05-21T11:33:39.000Z</time>
      </trkpt>
      <trkpt lat="36.932003" lon="-4.683834">
        <ele>378.844974</ele>
        <time>2026-05-21T11:33:44.000Z</time>
      </trkpt>
      <trkpt lat="36.932051" lon="-4.683768">
        <ele>378.816709</ele>
        <time>2026-05-21T11:33:48.000Z</time>
      </trkpt>
      <trkpt lat="36.932061" lon="-4.683752">
        <ele>378.810275</ele>
        <time>2026-05-21T11:33:49.000Z</time>
      </trkpt>
      <trkpt lat="36.932077" lon="-4.683721">
        <ele>378.798586</ele>
        <time>2026-05-21T11:33:51.000Z</time>
      </trkpt>
      <trkpt lat="36.932096" lon="-4.683687">
        <ele>378.785445</ele>
        <time>2026-05-21T11:33:53.000Z</time>
      </trkpt>
      <trkpt lat="36.932117" lon="-4.683667">
        <ele>378.774986</ele>
        <time>2026-05-21T11:33:56.000Z</time>
      </trkpt>
      <trkpt lat="36.932146" lon="-4.683646">
        <ele>378.761707</ele>
        <time>2026-05-21T11:34:00.000Z</time>
      </trkpt>
      <trkpt lat="36.932155" lon="-4.683641">
        <ele>378.757804</ele>
        <time>2026-05-21T11:34:02.000Z</time>
      </trkpt>
      <trkpt lat="36.932171" lon="-4.683633">
        <ele>378.750976</ele>
        <time>2026-05-21T11:34:06.000Z</time>
      </trkpt>
      <trkpt lat="36.932179" lon="-4.683601">
        <ele>378.740355</ele>
        <time>2026-05-21T11:34:09.000Z</time>
      </trkpt>
      <trkpt lat="36.932200" lon="-4.683570">
        <ele>378.727483</ele>
        <time>2026-05-21T11:34:11.000Z</time>
      </trkpt>
      <trkpt lat="36.932212" lon="-4.683554">
        <ele>378.720533</ele>
        <time>2026-05-21T11:34:13.000Z</time>
      </trkpt>
      <trkpt lat="36.932221" lon="-4.683542">
        <ele>378.715321</ele>
        <time>2026-05-21T11:34:14.000Z</time>
      </trkpt>
      <trkpt lat="36.932247" lon="-4.683513">
        <ele>378.701517</ele>
        <time>2026-05-21T11:34:16.000Z</time>
      </trkpt>
      <trkpt lat="36.932265" lon="-4.683495">
        <ele>378.692385</ele>
        <time>2026-05-21T11:34:18.000Z</time>
      </trkpt>
      <trkpt lat="36.932312" lon="-4.683460">
        <ele>378.670709</ele>
        <time>2026-05-21T11:34:23.000Z</time>
      </trkpt>
      <trkpt lat="36.932366" lon="-4.683399">
        <ele>378.641877</ele>
        <time>2026-05-21T11:34:28.000Z</time>
      </trkpt>
      <trkpt lat="36.932380" lon="-4.683383">
        <ele>378.634362</ele>
        <time>2026-05-21T11:34:30.000Z</time>
      </trkpt>
      <trkpt lat="36.932409" lon="-4.683318">
        <ele>378.610782</ele>
        <time>2026-05-21T11:34:34.000Z</time>
      </trkpt>
      <trkpt lat="36.932431" lon="-4.683280">
        <ele>378.595919</ele>
        <time>2026-05-21T11:34:36.000Z</time>
      </trkpt>
      <trkpt lat="36.932442" lon="-4.683268">
        <ele>378.590136</ele>
        <time>2026-05-21T11:34:37.000Z</time>
      </trkpt>
      <trkpt lat="36.932473" lon="-4.683242">
        <ele>378.575345</ele>
        <time>2026-05-21T11:34:41.000Z</time>
      </trkpt>
      <trkpt lat="36.932485" lon="-4.683234">
        <ele>378.569957</ele>
        <time>2026-05-21T11:34:44.000Z</time>
      </trkpt>
      <trkpt lat="36.932516" lon="-4.683210">
        <ele>378.555510</ele>
        <time>2026-05-21T11:34:46.000Z</time>
      </trkpt>
      <trkpt lat="36.932550" lon="-4.683191">
        <ele>378.540753</ele>
        <time>2026-05-21T11:34:49.000Z</time>
      </trkpt>
      <trkpt lat="36.932590" lon="-4.683169">
        <ele>378.523437</ele>
        <time>2026-05-21T11:34:52.000Z</time>
      </trkpt>
      <trkpt lat="36.932682" lon="-4.683102">
        <ele>378.223617</ele>
        <time>2026-05-21T11:34:59.000Z</time>
      </trkpt>
      <trkpt lat="36.932773" lon="-4.683078">
        <ele>377.369349</ele>
        <time>2026-05-21T11:35:08.000Z</time>
      </trkpt>
      <trkpt lat="36.932767" lon="-4.683095">
        <ele>377.232901</ele>
        <time>2026-05-21T11:35:12.000Z</time>
      </trkpt>
      <trkpt lat="36.932764" lon="-4.683097">
        <ele>377.201675</ele>
        <time>2026-05-21T11:35:13.000Z</time>
      </trkpt>
      <trkpt lat="36.932773" lon="-4.683102">
        <ele>377.111219</ele>
        <time>2026-05-21T11:35:20.000Z</time>
      </trkpt>
      <trkpt lat="36.932780" lon="-4.683101">
        <ele>377.046502</ele>
        <time>2026-05-21T11:35:21.000Z</time>
      </trkpt>
      <trkpt lat="36.932863" lon="-4.683079">
        <ele>376.267168</ele>
        <time>2026-05-21T11:35:28.000Z</time>
      </trkpt>
      <trkpt lat="36.932877" lon="-4.683076">
        <ele>376.136696</ele>
        <time>2026-05-21T11:35:29.000Z</time>
      </trkpt>
      <trkpt lat="36.932891" lon="-4.683072">
        <ele>376.004785</ele>
        <time>2026-05-21T11:35:30.000Z</time>
      </trkpt>
      <trkpt lat="36.932924" lon="-4.683065">
        <ele>375.697332</ele>
        <time>2026-05-21T11:35:32.000Z</time>
      </trkpt>
      <trkpt lat="36.933041" lon="-4.683009">
        <ele>374.546639</ele>
        <time>2026-05-21T11:35:38.000Z</time>
      </trkpt>
      <trkpt lat="36.933057" lon="-4.683002">
        <ele>374.390941</ele>
        <time>2026-05-21T11:35:39.000Z</time>
      </trkpt>
      <trkpt lat="36.933073" lon="-4.682996">
        <ele>374.237510</ele>
        <time>2026-05-21T11:35:40.000Z</time>
      </trkpt>
      <trkpt lat="36.933088" lon="-4.682958">
        <ele>373.926330</ele>
        <time>2026-05-21T11:35:44.000Z</time>
      </trkpt>
      <trkpt lat="36.933083" lon="-4.682931">
        <ele>373.722833</ele>
        <time>2026-05-21T11:35:46.000Z</time>
      </trkpt>
      <trkpt lat="36.933039" lon="-4.682858">
        <ele>373.051531</ele>
        <time>2026-05-21T11:35:52.000Z</time>
      </trkpt>
      <trkpt lat="36.933006" lon="-4.682806">
        <ele>372.564024</ele>
        <time>2026-05-21T11:35:57.000Z</time>
      </trkpt>
      <trkpt lat="36.932994" lon="-4.682774">
        <ele>372.304495</ele>
        <time>2026-05-21T11:35:59.000Z</time>
      </trkpt>
      <trkpt lat="36.933005" lon="-4.682748">
        <ele>372.088500</ele>
        <time>2026-05-21T11:36:02.000Z</time>
      </trkpt>
      <trkpt lat="36.933003" lon="-4.682670">
        <ele>371.515494</ele>
        <time>2026-05-21T11:36:10.000Z</time>
      </trkpt>
      <trkpt lat="36.932992" lon="-4.682647">
        <ele>371.318698</ele>
        <time>2026-05-21T11:36:12.000Z</time>
      </trkpt>
      <trkpt lat="36.932984" lon="-4.682604">
        <ele>370.994533</ele>
        <time>2026-05-21T11:36:15.000Z</time>
      </trkpt>
      <trkpt lat="36.932980" lon="-4.682584">
        <ele>370.843158</ele>
        <time>2026-05-21T11:36:17.000Z</time>
      </trkpt>
      <trkpt lat="36.932972" lon="-4.682566">
        <ele>370.691938</ele>
        <time>2026-05-21T11:36:19.000Z</time>
      </trkpt>
      <trkpt lat="36.932941" lon="-4.682538">
        <ele>370.340722</ele>
        <time>2026-05-21T11:36:22.000Z</time>
      </trkpt>
      <trkpt lat="36.932862" lon="-4.682468">
        <ele>369.451475</ele>
        <time>2026-05-21T11:36:29.000Z</time>
      </trkpt>
      <trkpt lat="36.932826" lon="-4.682474">
        <ele>369.117870</ele>
        <time>2026-05-21T11:36:31.000Z</time>
      </trkpt>
      <trkpt lat="36.932812" lon="-4.682485">
        <ele>368.966011</ele>
        <time>2026-05-21T11:36:36.000Z</time>
      </trkpt>
      <trkpt lat="36.932826" lon="-4.682496">
        <ele>368.814152</ele>
        <time>2026-05-21T11:36:47.000Z</time>
      </trkpt>
      <trkpt lat="36.932837" lon="-4.682486">
        <ele>368.689250</ele>
        <time>2026-05-21T11:36:49.000Z</time>
      </trkpt>
      <trkpt lat="36.932846" lon="-4.682478">
        <ele>368.587835</ele>
        <time>2026-05-21T11:36:51.000Z</time>
      </trkpt>
      <trkpt lat="36.932853" lon="-4.682471">
        <ele>368.505518</ele>
        <time>2026-05-21T11:36:53.000Z</time>
      </trkpt>
      <trkpt lat="36.932852" lon="-4.682471">
        <ele>368.496333</ele>
        <time>2026-05-21T11:36:54.000Z</time>
      </trkpt>
      <trkpt lat="36.932851" lon="-4.682470">
        <ele>368.484573</ele>
        <time>2026-05-21T11:36:55.000Z</time>
      </trkpt>
      <trkpt lat="36.932851" lon="-4.682470">
        <ele>368.484573</ele>
        <time>2026-05-21T11:36:56.000Z</time>
      </trkpt>
      <trkpt lat="36.932849" lon="-4.682475">
        <ele>368.443521</ele>
        <time>2026-05-21T11:36:58.000Z</time>
      </trkpt>
      <trkpt lat="36.932850" lon="-4.682497">
        <ele>368.281725</ele>
        <time>2026-05-21T11:37:01.000Z</time>
      </trkpt>
      <trkpt lat="36.932782" lon="-4.682505">
        <ele>367.654345</ele>
        <time>2026-05-21T11:37:06.000Z</time>
      </trkpt>
      <trkpt lat="36.932755" lon="-4.682513">
        <ele>367.399471</ele>
        <time>2026-05-21T11:37:08.000Z</time>
      </trkpt>
      <trkpt lat="36.932683" lon="-4.682530">
        <ele>366.726428</ele>
        <time>2026-05-21T11:37:14.000Z</time>
      </trkpt>
      <trkpt lat="36.932659" lon="-4.682546">
        <ele>366.476623</ele>
        <time>2026-05-21T11:37:16.000Z</time>
      </trkpt>
      <trkpt lat="36.932589" lon="-4.682614">
        <ele>365.662539</ele>
        <time>2026-05-21T11:37:23.000Z</time>
      </trkpt>
      <trkpt lat="36.932555" lon="-4.682640">
        <ele>365.296501</ele>
        <time>2026-05-21T11:37:28.000Z</time>
      </trkpt>
      <trkpt lat="36.932561" lon="-4.682629">
        <ele>365.198721</ele>
        <time>2026-05-21T11:37:31.000Z</time>
      </trkpt>
      <trkpt lat="36.932560" lon="-4.682625">
        <ele>365.167948</ele>
        <time>2026-05-21T11:37:32.000Z</time>
      </trkpt>
      <trkpt lat="36.932541" lon="-4.682571">
        <ele>364.734742</ele>
        <time>2026-05-21T11:37:39.000Z</time>
      </trkpt>
      <trkpt lat="36.932522" lon="-4.682533">
        <ele>364.405638</ele>
        <time>2026-05-21T11:37:42.000Z</time>
      </trkpt>
      <trkpt lat="36.932511" lon="-4.682452">
        <ele>363.802374</ele>
        <time>2026-05-21T11:37:47.000Z</time>
      </trkpt>
      <trkpt lat="36.932487" lon="-4.682431">
        <ele>363.533346</ele>
        <time>2026-05-21T11:37:51.000Z</time>
      </trkpt>
      <trkpt lat="36.932456" lon="-4.682396">
        <ele>363.149773</ele>
        <time>2026-05-21T11:37:54.000Z</time>
      </trkpt>
      <trkpt lat="36.932429" lon="-4.682364">
        <ele>362.808135</ele>
        <time>2026-05-21T11:37:58.000Z</time>
      </trkpt>
      <trkpt lat="36.932423" lon="-4.682363">
        <ele>362.752534</ele>
        <time>2026-05-21T11:38:00.000Z</time>
      </trkpt>
      <trkpt lat="36.932397" lon="-4.682356">
        <ele>362.508239</ele>
        <time>2026-05-21T11:38:04.000Z</time>
      </trkpt>
      <trkpt lat="36.932402" lon="-4.682322">
        <ele>362.254404</ele>
        <time>2026-05-21T11:38:10.000Z</time>
      </trkpt>
      <trkpt lat="36.932444" lon="-4.682283">
        <ele>361.971148</ele>
        <time>2026-05-21T11:38:17.000Z</time>
      </trkpt>
      <trkpt lat="36.932451" lon="-4.682241">
        <ele>361.971148</ele>
        <time>2026-05-21T11:38:27.000Z</time>
      </trkpt>
      <trkpt lat="36.932448" lon="-4.682241">
        <ele>361.971148</ele>
        <time>2026-05-21T11:38:29.000Z</time>
      </trkpt>
      <trkpt lat="36.932453" lon="-4.682236">
        <ele>361.971148</ele>
        <time>2026-05-21T11:38:40.000Z</time>
      </trkpt>
      <trkpt lat="36.932446" lon="-4.682238">
        <ele>361.971148</ele>
        <time>2026-05-21T11:38:42.000Z</time>
      </trkpt>
      <trkpt lat="36.932427" lon="-4.682236">
        <ele>361.971148</ele>
        <time>2026-05-21T11:38:45.000Z</time>
      </trkpt>
      <trkpt lat="36.932413" lon="-4.682237">
        <ele>361.971148</ele>
        <time>2026-05-21T11:38:50.000Z</time>
      </trkpt>
      <trkpt lat="36.932466" lon="-4.682209">
        <ele>361.971148</ele>
        <time>2026-05-21T11:38:58.000Z</time>
      </trkpt>
      <trkpt lat="36.932422" lon="-4.682237">
        <ele>361.971148</ele>
        <time>2026-05-21T11:39:04.000Z</time>
      </trkpt>
      <trkpt lat="36.932399" lon="-4.682257">
        <ele>361.971148</ele>
        <time>2026-05-21T11:39:10.000Z</time>
      </trkpt>
      <trkpt lat="36.932369" lon="-4.682272">
        <ele>361.971148</ele>
        <time>2026-05-21T11:39:12.000Z</time>
      </trkpt>
      <trkpt lat="36.932300" lon="-4.682268">
        <ele>361.971148</ele>
        <time>2026-05-21T11:39:17.000Z</time>
      </trkpt>
      <trkpt lat="36.932290" lon="-4.682262">
        <ele>361.971148</ele>
        <time>2026-05-21T11:39:18.000Z</time>
      </trkpt>
      <trkpt lat="36.932224" lon="-4.682259">
        <ele>361.971148</ele>
        <time>2026-05-21T11:39:25.000Z</time>
      </trkpt>
      <trkpt lat="36.932220" lon="-4.682262">
        <ele>361.971148</ele>
        <time>2026-05-21T11:39:26.000Z</time>
      </trkpt>
      <trkpt lat="36.932178" lon="-4.682320">
        <ele>361.971148</ele>
        <time>2026-05-21T11:39:34.000Z</time>
      </trkpt>
      <trkpt lat="36.932070" lon="-4.682413">
        <ele>361.971148</ele>
        <time>2026-05-21T11:39:44.000Z</time>
      </trkpt>
      <trkpt lat="36.931988" lon="-4.682443">
        <ele>361.971148</ele>
        <time>2026-05-21T11:39:52.000Z</time>
      </trkpt>
      <trkpt lat="36.931978" lon="-4.682360">
        <ele>361.971148</ele>
        <time>2026-05-21T11:40:02.000Z</time>
      </trkpt>
      <trkpt lat="36.931970" lon="-4.682350">
        <ele>361.971148</ele>
        <time>2026-05-21T11:40:10.000Z</time>
      </trkpt>
      <trkpt lat="36.931993" lon="-4.682334">
        <ele>361.971148</ele>
        <time>2026-05-21T11:40:18.000Z</time>
      </trkpt>
      <trkpt lat="36.931989" lon="-4.682335">
        <ele>361.971148</ele>
        <time>2026-05-21T11:40:21.000Z</time>
      </trkpt>
      <trkpt lat="36.932000" lon="-4.682337">
        <ele>361.971148</ele>
        <time>2026-05-21T11:40:25.000Z</time>
      </trkpt>
      <trkpt lat="36.931996" lon="-4.682330">
        <ele>361.971148</ele>
        <time>2026-05-21T11:40:26.000Z</time>
      </trkpt>
      <trkpt lat="36.931973" lon="-4.682317">
        <ele>361.971148</ele>
        <time>2026-05-21T11:40:31.000Z</time>
      </trkpt>
      <trkpt lat="36.931972" lon="-4.682330">
        <ele>361.971148</ele>
        <time>2026-05-21T11:40:38.000Z</time>
      </trkpt>
      <trkpt lat="36.931977" lon="-4.682331">
        <ele>361.971148</ele>
        <time>2026-05-21T11:40:40.000Z</time>
      </trkpt>
      <trkpt lat="36.931972" lon="-4.682326">
        <ele>361.971148</ele>
        <time>2026-05-21T11:40:43.000Z</time>
      </trkpt>
      <trkpt lat="36.931982" lon="-4.682320">
        <ele>361.971148</ele>
        <time>2026-05-21T11:40:49.000Z</time>
      </trkpt>
      <trkpt lat="36.931934" lon="-4.682322">
        <ele>361.971148</ele>
        <time>2026-05-21T11:40:58.000Z</time>
      </trkpt>
      <trkpt lat="36.931934" lon="-4.682322">
        <ele>361.971148</ele>
        <time>2026-05-21T11:41:01.000Z</time>
      </trkpt>
    </trkseg>
  </trk>
</gpx>