<?xml version='1.0' encoding='UTF-8'?>
<gpx version="1.1" creator="https://www.komoot.de" xmlns="http://www.topografix.com/GPX/1/1" xmlns:xsi="http://www.w3.org/2001/XMLSchema-instance" xsi:schemaLocation="http://www.topografix.com/GPX/1/1 http://www.topografix.com/GPX/1/1/gpx.xsd">
  <metadata>
    <name>01 - Ronda Setenil</name>
    <author>
      <link href="https://www.komoot.de">
        <text>komoot</text>
        <type>text/html</type>
      </link>
    </author>
  </metadata>
  <trk>
    <name>01 - Ronda Setenil</name>
    <trkseg>
      <trkpt lat="36.744073" lon="-5.166184">
        <ele>740.486463</ele>
        <time>2026-05-17T07:40:00.000Z</time>
      </trkpt>
      <trkpt lat="36.744073" lon="-5.166184">
        <ele>740.486463</ele>
        <time>2026-05-17T07:40:18.000Z</time>
      </trkpt>
      <trkpt lat="36.744013" lon="-5.166251">
        <ele>740.486463</ele>
        <time>2026-05-17T07:40:24.000Z</time>
      </trkpt>
      <trkpt lat="36.744028" lon="-5.166259">
        <ele>740.486463</ele>
        <time>2026-05-17T07:40:30.000Z</time>
      </trkpt>
      <trkpt lat="36.744029" lon="-5.166257">
        <ele>740.486463</ele>
        <time>2026-05-17T07:40:38.000Z</time>
      </trkpt>
      <trkpt lat="36.744056" lon="-5.166135">
        <ele>740.486463</ele>
        <time>2026-05-17T07:40:44.000Z</time>
      </trkpt>
      <trkpt lat="36.744064" lon="-5.166118">
        <ele>740.486463</ele>
        <time>2026-05-17T07:40:45.000Z</time>
      </trkpt>
      <trkpt lat="36.744066" lon="-5.166104">
        <ele>740.486463</ele>
        <time>2026-05-17T07:40:46.000Z</time>
      </trkpt>
      <trkpt lat="36.744081" lon="-5.166033">
        <ele>740.486463</ele>
        <time>2026-05-17T07:40:52.000Z</time>
      </trkpt>
      <trkpt lat="36.744098" lon="-5.165910">
        <ele>740.486463</ele>
        <time>2026-05-17T07:41:00.000Z</time>
      </trkpt>
      <trkpt lat="36.744118" lon="-5.165874">
        <ele>740.486463</ele>
        <time>2026-05-17T07:41:04.000Z</time>
      </trkpt>
      <trkpt lat="36.744179" lon="-5.165779">
        <ele>740.486463</ele>
        <time>2026-05-17T07:41:10.000Z</time>
      </trkpt>
      <trkpt lat="36.744186" lon="-5.165767">
        <ele>740.486463</ele>
        <time>2026-05-17T07:41:11.000Z</time>
      </trkpt>
      <trkpt lat="36.744220" lon="-5.165701">
        <ele>740.486463</ele>
        <time>2026-05-17T07:41:16.000Z</time>
      </trkpt>
      <trkpt lat="36.744227" lon="-5.165683">
        <ele>740.486463</ele>
        <time>2026-05-17T07:41:17.000Z</time>
      </trkpt>
      <trkpt lat="36.744242" lon="-5.165635">
        <ele>740.486463</ele>
        <time>2026-05-17T07:41:20.000Z</time>
      </trkpt>
      <trkpt lat="36.744294" lon="-5.165594">
        <ele>740.486463</ele>
        <time>2026-05-17T07:41:24.000Z</time>
      </trkpt>
      <trkpt lat="36.744337" lon="-5.165579">
        <ele>740.486463</ele>
        <time>2026-05-17T07:41:30.000Z</time>
      </trkpt>
      <trkpt lat="36.744341" lon="-5.165582">
        <ele>740.486463</ele>
        <time>2026-05-17T07:41:31.000Z</time>
      </trkpt>
      <trkpt lat="36.744441" lon="-5.165645">
        <ele>740.486463</ele>
        <time>2026-05-17T07:41:40.000Z</time>
      </trkpt>
      <trkpt lat="36.744453" lon="-5.165653">
        <ele>740.486463</ele>
        <time>2026-05-17T07:41:41.000Z</time>
      </trkpt>
      <trkpt lat="36.744506" lon="-5.165690">
        <ele>740.697517</ele>
        <time>2026-05-17T07:41:46.000Z</time>
      </trkpt>
      <trkpt lat="36.744526" lon="-5.165708">
        <ele>740.804214</ele>
        <time>2026-05-17T07:41:48.000Z</time>
      </trkpt>
      <trkpt lat="36.744557" lon="-5.165735">
        <ele>740.967788</ele>
        <time>2026-05-17T07:41:51.000Z</time>
      </trkpt>
      <trkpt lat="36.744602" lon="-5.165786">
        <ele>741.230814</ele>
        <time>2026-05-17T07:41:55.000Z</time>
      </trkpt>
      <trkpt lat="36.744624" lon="-5.165803">
        <ele>741.342779</ele>
        <time>2026-05-17T07:41:56.000Z</time>
      </trkpt>
      <trkpt lat="36.744728" lon="-5.165934">
        <ele>741.982164</ele>
        <time>2026-05-17T07:42:06.000Z</time>
      </trkpt>
      <trkpt lat="36.744813" lon="-5.166001">
        <ele>742.417179</ele>
        <time>2026-05-17T07:42:16.000Z</time>
      </trkpt>
      <trkpt lat="36.744820" lon="-5.166007">
        <ele>742.453925</ele>
        <time>2026-05-17T07:42:17.000Z</time>
      </trkpt>
      <trkpt lat="36.744910" lon="-5.166051">
        <ele>742.872170</ele>
        <time>2026-05-17T07:42:26.000Z</time>
      </trkpt>
      <trkpt lat="36.744973" lon="-5.166050">
        <ele>743.144792</ele>
        <time>2026-05-17T07:42:33.000Z</time>
      </trkpt>
      <trkpt lat="36.744995" lon="-5.166064">
        <ele>743.251647</ele>
        <time>2026-05-17T07:42:36.000Z</time>
      </trkpt>
      <trkpt lat="36.745010" lon="-5.166075">
        <ele>743.326929</ele>
        <time>2026-05-17T07:42:38.000Z</time>
      </trkpt>
      <trkpt lat="36.745093" lon="-5.166153">
        <ele>743.776508</ele>
        <time>2026-05-17T07:42:43.000Z</time>
      </trkpt>
      <trkpt lat="36.745142" lon="-5.166200">
        <ele>744.043921</ele>
        <time>2026-05-17T07:42:47.000Z</time>
      </trkpt>
      <trkpt lat="36.745148" lon="-5.166205">
        <ele>744.075139</ele>
        <time>2026-05-17T07:42:50.000Z</time>
      </trkpt>
      <trkpt lat="36.745187" lon="-5.166234">
        <ele>744.271576</ele>
        <time>2026-05-17T07:42:56.000Z</time>
      </trkpt>
      <trkpt lat="36.745283" lon="-5.166327">
        <ele>744.797433</ele>
        <time>2026-05-17T07:43:04.000Z</time>
      </trkpt>
      <trkpt lat="36.745299" lon="-5.166340">
        <ele>744.880044</ele>
        <time>2026-05-17T07:43:05.000Z</time>
      </trkpt>
      <trkpt lat="36.745376" lon="-5.166394">
        <ele>745.262226</ele>
        <time>2026-05-17T07:43:12.000Z</time>
      </trkpt>
      <trkpt lat="36.745493" lon="-5.166440">
        <ele>745.793013</ele>
        <time>2026-05-17T07:43:21.000Z</time>
      </trkpt>
      <trkpt lat="36.745573" lon="-5.166483">
        <ele>746.169913</ele>
        <time>2026-05-17T07:43:28.000Z</time>
      </trkpt>
      <trkpt lat="36.745630" lon="-5.166551">
        <ele>746.511114</ele>
        <time>2026-05-17T07:43:31.000Z</time>
      </trkpt>
      <trkpt lat="36.745672" lon="-5.166612">
        <ele>746.789968</ele>
        <time>2026-05-17T07:43:34.000Z</time>
      </trkpt>
      <trkpt lat="36.745719" lon="-5.166660">
        <ele>747.052753</ele>
        <time>2026-05-17T07:43:39.000Z</time>
      </trkpt>
      <trkpt lat="36.745744" lon="-5.166661">
        <ele>747.160984</ele>
        <time>2026-05-17T07:43:45.000Z</time>
      </trkpt>
      <trkpt lat="36.745766" lon="-5.166664">
        <ele>747.256744</ele>
        <time>2026-05-17T07:43:52.000Z</time>
      </trkpt>
      <trkpt lat="36.745773" lon="-5.166674">
        <ele>747.302783</ele>
        <time>2026-05-17T07:43:53.000Z</time>
      </trkpt>
      <trkpt lat="36.745788" lon="-5.166682">
        <ele>747.373366</ele>
        <time>2026-05-17T07:43:54.000Z</time>
      </trkpt>
      <trkpt lat="36.745840" lon="-5.166747">
        <ele>747.691827</ele>
        <time>2026-05-17T07:43:59.000Z</time>
      </trkpt>
      <trkpt lat="36.745906" lon="-5.166786">
        <ele>748.007804</ele>
        <time>2026-05-17T07:44:07.000Z</time>
      </trkpt>
      <trkpt lat="36.745928" lon="-5.166790">
        <ele>748.104002</ele>
        <time>2026-05-17T07:44:11.000Z</time>
      </trkpt>
      <trkpt lat="36.745953" lon="-5.166824">
        <ele>748.263998</ele>
        <time>2026-05-17T07:44:14.000Z</time>
      </trkpt>
      <trkpt lat="36.746020" lon="-5.166894">
        <ele>748.769584</ele>
        <time>2026-05-17T07:44:21.000Z</time>
      </trkpt>
      <trkpt lat="36.746078" lon="-5.166959">
        <ele>749.222208</ele>
        <time>2026-05-17T07:44:27.000Z</time>
      </trkpt>
      <trkpt lat="36.746100" lon="-5.166990">
        <ele>749.414872</ele>
        <time>2026-05-17T07:44:31.000Z</time>
      </trkpt>
      <trkpt lat="36.746139" lon="-5.167049">
        <ele>749.770723</ele>
        <time>2026-05-17T07:44:35.000Z</time>
      </trkpt>
      <trkpt lat="36.746181" lon="-5.167079">
        <ele>750.051708</ele>
        <time>2026-05-17T07:44:39.000Z</time>
      </trkpt>
      <trkpt lat="36.746209" lon="-5.167086">
        <ele>750.217515</ele>
        <time>2026-05-17T07:44:42.000Z</time>
      </trkpt>
      <trkpt lat="36.746292" lon="-5.167185">
        <ele>750.884155</ele>
        <time>2026-05-17T07:44:47.000Z</time>
      </trkpt>
      <trkpt lat="36.746302" lon="-5.167200">
        <ele>750.974939</ele>
        <time>2026-05-17T07:44:50.000Z</time>
      </trkpt>
      <trkpt lat="36.746307" lon="-5.167190">
        <ele>751.029779</ele>
        <time>2026-05-17T07:44:51.000Z</time>
      </trkpt>
      <trkpt lat="36.746312" lon="-5.167194">
        <ele>751.064264</ele>
        <time>2026-05-17T07:44:52.000Z</time>
      </trkpt>
      <trkpt lat="36.746330" lon="-5.167207">
        <ele>751.185017</ele>
        <time>2026-05-17T07:44:54.000Z</time>
      </trkpt>
      <trkpt lat="36.746387" lon="-5.167265">
        <ele>751.612046</ele>
        <time>2026-05-17T07:44:58.000Z</time>
      </trkpt>
      <trkpt lat="36.746437" lon="-5.167285">
        <ele>751.916910</ele>
        <time>2026-05-17T07:45:03.000Z</time>
      </trkpt>
      <trkpt lat="36.746452" lon="-5.167278">
        <ele>752.009895</ele>
        <time>2026-05-17T07:45:04.000Z</time>
      </trkpt>
      <trkpt lat="36.746465" lon="-5.167282">
        <ele>752.087637</ele>
        <time>2026-05-17T07:45:05.000Z</time>
      </trkpt>
      <trkpt lat="36.746553" lon="-5.167339">
        <ele>752.663316</ele>
        <time>2026-05-17T07:45:09.000Z</time>
      </trkpt>
      <trkpt lat="36.746572" lon="-5.167353">
        <ele>752.791430</ele>
        <time>2026-05-17T07:45:10.000Z</time>
      </trkpt>
      <trkpt lat="36.746645" lon="-5.167404">
        <ele>753.277188</ele>
        <time>2026-05-17T07:45:14.000Z</time>
      </trkpt>
      <trkpt lat="36.746671" lon="-5.167423">
        <ele>753.452130</ele>
        <time>2026-05-17T07:45:16.000Z</time>
      </trkpt>
      <trkpt lat="36.746731" lon="-5.167439">
        <ele>753.808374</ele>
        <time>2026-05-17T07:45:21.000Z</time>
      </trkpt>
      <trkpt lat="36.746746" lon="-5.167459">
        <ele>753.935826</ele>
        <time>2026-05-17T07:45:24.000Z</time>
      </trkpt>
      <trkpt lat="36.746774" lon="-5.167470">
        <ele>754.106268</ele>
        <time>2026-05-17T07:45:26.000Z</time>
      </trkpt>
      <trkpt lat="36.746898" lon="-5.167550">
        <ele>754.916770</ele>
        <time>2026-05-17T07:45:36.000Z</time>
      </trkpt>
      <trkpt lat="36.746914" lon="-5.167566">
        <ele>755.035816</ele>
        <time>2026-05-17T07:45:38.000Z</time>
      </trkpt>
      <trkpt lat="36.746919" lon="-5.167590">
        <ele>755.151189</ele>
        <time>2026-05-17T07:45:39.000Z</time>
      </trkpt>
      <trkpt lat="36.746996" lon="-5.167621">
        <ele>755.620965</ele>
        <time>2026-05-17T07:45:44.000Z</time>
      </trkpt>
      <trkpt lat="36.747076" lon="-5.167685">
        <ele>756.172715</ele>
        <time>2026-05-17T07:45:49.000Z</time>
      </trkpt>
      <trkpt lat="36.747094" lon="-5.167690">
        <ele>756.279786</ele>
        <time>2026-05-17T07:45:51.000Z</time>
      </trkpt>
      <trkpt lat="36.747168" lon="-5.167760">
        <ele>756.818933</ele>
        <time>2026-05-17T07:46:00.000Z</time>
      </trkpt>
      <trkpt lat="36.747190" lon="-5.167788">
        <ele>757.001383</ele>
        <time>2026-05-17T07:46:04.000Z</time>
      </trkpt>
      <trkpt lat="36.747206" lon="-5.167815">
        <ele>757.157621</ele>
        <time>2026-05-17T07:46:08.000Z</time>
      </trkpt>
      <trkpt lat="36.747230" lon="-5.167851">
        <ele>757.375502</ele>
        <time>2026-05-17T07:46:13.000Z</time>
      </trkpt>
      <trkpt lat="36.747296" lon="-5.167889">
        <ele>757.797536</ele>
        <time>2026-05-17T07:46:17.000Z</time>
      </trkpt>
      <trkpt lat="36.747337" lon="-5.167919">
        <ele>758.073495</ele>
        <time>2026-05-17T07:46:19.000Z</time>
      </trkpt>
      <trkpt lat="36.747356" lon="-5.167931">
        <ele>758.197138</ele>
        <time>2026-05-17T07:46:20.000Z</time>
      </trkpt>
      <trkpt lat="36.747463" lon="-5.167982">
        <ele>758.797816</ele>
        <time>2026-05-17T07:46:26.000Z</time>
      </trkpt>
      <trkpt lat="36.747545" lon="-5.168049">
        <ele>759.121878</ele>
        <time>2026-05-17T07:46:32.000Z</time>
      </trkpt>
      <trkpt lat="36.747553" lon="-5.168038">
        <ele>759.161234</ele>
        <time>2026-05-17T07:46:34.000Z</time>
      </trkpt>
      <trkpt lat="36.747560" lon="-5.168037">
        <ele>759.184530</ele>
        <time>2026-05-17T07:46:36.000Z</time>
      </trkpt>
      <trkpt lat="36.747566" lon="-5.168040">
        <ele>759.205901</ele>
        <time>2026-05-17T07:46:37.000Z</time>
      </trkpt>
      <trkpt lat="36.747582" lon="-5.168078">
        <ele>759.319629</ele>
        <time>2026-05-17T07:46:44.000Z</time>
      </trkpt>
      <trkpt lat="36.747587" lon="-5.168083">
        <ele>759.340814</ele>
        <time>2026-05-17T07:46:45.000Z</time>
      </trkpt>
      <trkpt lat="36.747646" lon="-5.168134">
        <ele>759.578114</ele>
        <time>2026-05-17T07:46:51.000Z</time>
      </trkpt>
      <trkpt lat="36.747679" lon="-5.168159">
        <ele>759.705754</ele>
        <time>2026-05-17T07:46:54.000Z</time>
      </trkpt>
      <trkpt lat="36.747752" lon="-5.168210">
        <ele>759.982365</ele>
        <time>2026-05-17T07:46:59.000Z</time>
      </trkpt>
      <trkpt lat="36.747806" lon="-5.168282">
        <ele>760.243640</ele>
        <time>2026-05-17T07:47:04.000Z</time>
      </trkpt>
      <trkpt lat="36.747859" lon="-5.168335">
        <ele>760.468194</ele>
        <time>2026-05-17T07:47:08.000Z</time>
      </trkpt>
      <trkpt lat="36.747919" lon="-5.168376">
        <ele>760.694368</ele>
        <time>2026-05-17T07:47:14.000Z</time>
      </trkpt>
      <trkpt lat="36.747956" lon="-5.168399">
        <ele>760.831040</ele>
        <time>2026-05-17T07:47:18.000Z</time>
      </trkpt>
      <trkpt lat="36.748004" lon="-5.168404">
        <ele>760.990298</ele>
        <time>2026-05-17T07:47:22.000Z</time>
      </trkpt>
      <trkpt lat="36.748009" lon="-5.168407">
        <ele>761.008641</ele>
        <time>2026-05-17T07:47:23.000Z</time>
      </trkpt>
      <trkpt lat="36.748084" lon="-5.168460">
        <ele>761.293614</ele>
        <time>2026-05-17T07:47:29.000Z</time>
      </trkpt>
      <trkpt lat="36.748156" lon="-5.168529">
        <ele>761.593763</ele>
        <time>2026-05-17T07:47:36.000Z</time>
      </trkpt>
      <trkpt lat="36.748209" lon="-5.168589">
        <ele>761.830356</ele>
        <time>2026-05-17T07:47:42.000Z</time>
      </trkpt>
      <trkpt lat="36.748223" lon="-5.168603">
        <ele>761.889672</ele>
        <time>2026-05-17T07:47:43.000Z</time>
      </trkpt>
      <trkpt lat="36.748279" lon="-5.168646">
        <ele>762.107068</ele>
        <time>2026-05-17T07:47:47.000Z</time>
      </trkpt>
      <trkpt lat="36.748312" lon="-5.168662">
        <ele>762.224124</ele>
        <time>2026-05-17T07:47:50.000Z</time>
      </trkpt>
      <trkpt lat="36.748388" lon="-5.168707">
        <ele>762.502256</ele>
        <time>2026-05-17T07:47:58.000Z</time>
      </trkpt>
      <trkpt lat="36.748420" lon="-5.168713">
        <ele>762.609247</ele>
        <time>2026-05-17T07:48:00.000Z</time>
      </trkpt>
      <trkpt lat="36.748476" lon="-5.168750">
        <ele>762.818752</ele>
        <time>2026-05-17T07:48:08.000Z</time>
      </trkpt>
      <trkpt lat="36.748553" lon="-5.168824">
        <ele>763.140080</ele>
        <time>2026-05-17T07:48:16.000Z</time>
      </trkpt>
      <trkpt lat="36.748630" lon="-5.168888">
        <ele>763.445965</ele>
        <time>2026-05-17T07:48:24.000Z</time>
      </trkpt>
      <trkpt lat="36.748722" lon="-5.168923">
        <ele>763.763971</ele>
        <time>2026-05-17T07:48:33.000Z</time>
      </trkpt>
      <trkpt lat="36.748776" lon="-5.168980">
        <ele>763.997814</ele>
        <time>2026-05-17T07:48:40.000Z</time>
      </trkpt>
      <trkpt lat="36.748789" lon="-5.168995">
        <ele>764.056352</ele>
        <time>2026-05-17T07:48:42.000Z</time>
      </trkpt>
      <trkpt lat="36.748808" lon="-5.169010">
        <ele>764.130687</ele>
        <time>2026-05-17T07:48:44.000Z</time>
      </trkpt>
      <trkpt lat="36.748911" lon="-5.169039">
        <ele>764.479804</ele>
        <time>2026-05-17T07:48:52.000Z</time>
      </trkpt>
      <trkpt lat="36.749017" lon="-5.169032">
        <ele>764.584044</ele>
        <time>2026-05-17T07:49:02.000Z</time>
      </trkpt>
      <trkpt lat="36.749143" lon="-5.169026">
        <ele>764.399709</ele>
        <time>2026-05-17T07:49:10.000Z</time>
      </trkpt>
      <trkpt lat="36.749175" lon="-5.169036">
        <ele>764.351484</ele>
        <time>2026-05-17T07:49:13.000Z</time>
      </trkpt>
      <trkpt lat="36.749214" lon="-5.169064">
        <ele>764.285709</ele>
        <time>2026-05-17T07:49:18.000Z</time>
      </trkpt>
      <trkpt lat="36.749287" lon="-5.169122">
        <ele>764.159199</ele>
        <time>2026-05-17T07:49:23.000Z</time>
      </trkpt>
      <trkpt lat="36.749299" lon="-5.169130">
        <ele>764.139310</ele>
        <time>2026-05-17T07:49:24.000Z</time>
      </trkpt>
      <trkpt lat="36.749327" lon="-5.169152">
        <ele>764.090940</ele>
        <time>2026-05-17T07:49:27.000Z</time>
      </trkpt>
      <trkpt lat="36.749371" lon="-5.169201">
        <ele>764.004731</ele>
        <time>2026-05-17T07:49:33.000Z</time>
      </trkpt>
      <trkpt lat="36.749471" lon="-5.169282">
        <ele>763.830449</ele>
        <time>2026-05-17T07:49:41.000Z</time>
      </trkpt>
      <trkpt lat="36.749496" lon="-5.169302">
        <ele>763.787037</ele>
        <time>2026-05-17T07:49:43.000Z</time>
      </trkpt>
      <trkpt lat="36.749575" lon="-5.169356">
        <ele>763.655359</ele>
        <time>2026-05-17T07:49:50.000Z</time>
      </trkpt>
      <trkpt lat="36.749633" lon="-5.169386">
        <ele>763.563575</ele>
        <time>2026-05-17T07:49:56.000Z</time>
      </trkpt>
      <trkpt lat="36.749684" lon="-5.169417">
        <ele>763.480645</ele>
        <time>2026-05-17T07:50:01.000Z</time>
      </trkpt>
      <trkpt lat="36.749741" lon="-5.169457">
        <ele>763.385047</ele>
        <time>2026-05-17T07:50:06.000Z</time>
      </trkpt>
      <trkpt lat="36.749789" lon="-5.169485">
        <ele>763.307588</ele>
        <time>2026-05-17T07:50:10.000Z</time>
      </trkpt>
      <trkpt lat="36.749839" lon="-5.169518">
        <ele>763.224901</ele>
        <time>2026-05-17T07:50:14.000Z</time>
      </trkpt>
      <trkpt lat="36.749901" lon="-5.169557">
        <ele>763.123401</ele>
        <time>2026-05-17T07:50:19.000Z</time>
      </trkpt>
      <trkpt lat="36.750020" lon="-5.169625">
        <ele>762.932067</ele>
        <time>2026-05-17T07:50:29.000Z</time>
      </trkpt>
      <trkpt lat="36.750044" lon="-5.169640">
        <ele>762.892827</ele>
        <time>2026-05-17T07:50:31.000Z</time>
      </trkpt>
      <trkpt lat="36.750105" lon="-5.169692">
        <ele>762.784834</ele>
        <time>2026-05-17T07:50:38.000Z</time>
      </trkpt>
      <trkpt lat="36.750118" lon="-5.169703">
        <ele>762.761873</ele>
        <time>2026-05-17T07:50:39.000Z</time>
      </trkpt>
      <trkpt lat="36.750138" lon="-5.169721">
        <ele>762.725825</ele>
        <time>2026-05-17T07:50:41.000Z</time>
      </trkpt>
      <trkpt lat="36.750168" lon="-5.169732">
        <ele>762.680115</ele>
        <time>2026-05-17T07:50:43.000Z</time>
      </trkpt>
      <trkpt lat="36.750244" lon="-5.169758">
        <ele>762.564911</ele>
        <time>2026-05-17T07:50:49.000Z</time>
      </trkpt>
      <trkpt lat="36.750307" lon="-5.169779">
        <ele>762.469583</ele>
        <time>2026-05-17T07:50:53.000Z</time>
      </trkpt>
      <trkpt lat="36.750353" lon="-5.169798">
        <ele>762.398748</ele>
        <time>2026-05-17T07:50:56.000Z</time>
      </trkpt>
      <trkpt lat="36.750412" lon="-5.169829">
        <ele>762.305163</ele>
        <time>2026-05-17T07:51:00.000Z</time>
      </trkpt>
      <trkpt lat="36.750422" lon="-5.169834">
        <ele>762.289415</ele>
        <time>2026-05-17T07:51:01.000Z</time>
      </trkpt>
      <trkpt lat="36.750506" lon="-5.169854">
        <ele>762.164400</ele>
        <time>2026-05-17T07:51:08.000Z</time>
      </trkpt>
      <trkpt lat="36.750526" lon="-5.169850">
        <ele>762.134788</ele>
        <time>2026-05-17T07:51:10.000Z</time>
      </trkpt>
      <trkpt lat="36.750610" lon="-5.169876">
        <ele>761.930191</ele>
        <time>2026-05-17T07:51:17.000Z</time>
      </trkpt>
      <trkpt lat="36.750634" lon="-5.169892">
        <ele>761.749041</ele>
        <time>2026-05-17T07:51:19.000Z</time>
      </trkpt>
      <trkpt lat="36.750724" lon="-5.169949">
        <ele>761.077123</ele>
        <time>2026-05-17T07:51:28.000Z</time>
      </trkpt>
      <trkpt lat="36.750828" lon="-5.169898">
        <ele>760.333201</ele>
        <time>2026-05-17T07:51:37.000Z</time>
      </trkpt>
      <trkpt lat="36.750837" lon="-5.169893">
        <ele>760.267615</ele>
        <time>2026-05-17T07:51:38.000Z</time>
      </trkpt>
      <trkpt lat="36.750958" lon="-5.169859">
        <ele>759.441880</ele>
        <time>2026-05-17T07:51:46.000Z</time>
      </trkpt>
      <trkpt lat="36.750981" lon="-5.169861">
        <ele>759.288383</ele>
        <time>2026-05-17T07:51:48.000Z</time>
      </trkpt>
      <trkpt lat="36.751041" lon="-5.169866">
        <ele>758.888038</ele>
        <time>2026-05-17T07:51:52.000Z</time>
      </trkpt>
      <trkpt lat="36.751076" lon="-5.169866">
        <ele>758.655021</ele>
        <time>2026-05-17T07:51:54.000Z</time>
      </trkpt>
      <trkpt lat="36.751190" lon="-5.169934">
        <ele>757.813826</ele>
        <time>2026-05-17T07:52:02.000Z</time>
      </trkpt>
      <trkpt lat="36.751222" lon="-5.169987">
        <ele>757.459823</ele>
        <time>2026-05-17T07:52:06.000Z</time>
      </trkpt>
      <trkpt lat="36.751252" lon="-5.170035">
        <ele>757.135089</ele>
        <time>2026-05-17T07:52:09.000Z</time>
      </trkpt>
      <trkpt lat="36.751332" lon="-5.170071">
        <ele>756.568917</ele>
        <time>2026-05-17T07:52:15.000Z</time>
      </trkpt>
      <trkpt lat="36.751375" lon="-5.170070">
        <ele>756.282591</ele>
        <time>2026-05-17T07:52:18.000Z</time>
      </trkpt>
      <trkpt lat="36.751404" lon="-5.170108">
        <ele>756.002652</ele>
        <time>2026-05-17T07:52:23.000Z</time>
      </trkpt>
      <trkpt lat="36.751402" lon="-5.170137">
        <ele>755.847384</ele>
        <time>2026-05-17T07:52:25.000Z</time>
      </trkpt>
      <trkpt lat="36.751418" lon="-5.170246">
        <ele>755.256265</ele>
        <time>2026-05-17T07:52:31.000Z</time>
      </trkpt>
      <trkpt lat="36.751447" lon="-5.170246">
        <ele>755.063194</ele>
        <time>2026-05-17T07:52:34.000Z</time>
      </trkpt>
      <trkpt lat="36.751477" lon="-5.170250">
        <ele>754.862329</ele>
        <time>2026-05-17T07:52:36.000Z</time>
      </trkpt>
      <trkpt lat="36.751488" lon="-5.170246">
        <ele>754.786051</ele>
        <time>2026-05-17T07:52:37.000Z</time>
      </trkpt>
      <trkpt lat="36.751633" lon="-5.170247">
        <ele>753.820683</ele>
        <time>2026-05-17T07:52:47.000Z</time>
      </trkpt>
      <trkpt lat="36.751763" lon="-5.170235">
        <ele>752.952830</ele>
        <time>2026-05-17T07:52:56.000Z</time>
      </trkpt>
      <trkpt lat="36.751839" lon="-5.170225">
        <ele>752.444048</ele>
        <time>2026-05-17T07:53:02.000Z</time>
      </trkpt>
      <trkpt lat="36.751892" lon="-5.170208">
        <ele>752.079728</ele>
        <time>2026-05-17T07:53:07.000Z</time>
      </trkpt>
      <trkpt lat="36.751949" lon="-5.170181">
        <ele>751.673832</ele>
        <time>2026-05-17T07:53:11.000Z</time>
      </trkpt>
      <trkpt lat="36.752025" lon="-5.170138">
        <ele>751.118290</ele>
        <time>2026-05-17T07:53:17.000Z</time>
      </trkpt>
      <trkpt lat="36.752047" lon="-5.170133">
        <ele>750.969414</ele>
        <time>2026-05-17T07:53:19.000Z</time>
      </trkpt>
      <trkpt lat="36.752096" lon="-5.170105">
        <ele>750.610625</ele>
        <time>2026-05-17T07:53:22.000Z</time>
      </trkpt>
      <trkpt lat="36.752133" lon="-5.170085">
        <ele>750.342183</ele>
        <time>2026-05-17T07:53:24.000Z</time>
      </trkpt>
      <trkpt lat="36.752151" lon="-5.170075">
        <ele>750.211010</ele>
        <time>2026-05-17T07:53:25.000Z</time>
      </trkpt>
      <trkpt lat="36.752269" lon="-5.170057">
        <ele>749.370727</ele>
        <time>2026-05-17T07:53:33.000Z</time>
      </trkpt>
      <trkpt lat="36.752291" lon="-5.170052">
        <ele>749.210419</ele>
        <time>2026-05-17T07:53:35.000Z</time>
      </trkpt>
      <trkpt lat="36.752351" lon="-5.170026">
        <ele>748.755100</ele>
        <time>2026-05-17T07:53:40.000Z</time>
      </trkpt>
      <trkpt lat="36.752381" lon="-5.170003">
        <ele>748.502699</ele>
        <time>2026-05-17T07:53:43.000Z</time>
      </trkpt>
      <trkpt lat="36.752471" lon="-5.169919">
        <ele>747.697049</ele>
        <time>2026-05-17T07:53:50.000Z</time>
      </trkpt>
      <trkpt lat="36.752552" lon="-5.169853">
        <ele>747.003580</ele>
        <time>2026-05-17T07:53:57.000Z</time>
      </trkpt>
      <trkpt lat="36.752579" lon="-5.169833">
        <ele>746.778498</ele>
        <time>2026-05-17T07:53:59.000Z</time>
      </trkpt>
      <trkpt lat="36.752675" lon="-5.169753">
        <ele>745.950982</ele>
        <time>2026-05-17T07:54:06.000Z</time>
      </trkpt>
      <trkpt lat="36.752701" lon="-5.169733">
        <ele>745.732035</ele>
        <time>2026-05-17T07:54:08.000Z</time>
      </trkpt>
      <trkpt lat="36.752832" lon="-5.169667">
        <ele>744.719287</ele>
        <time>2026-05-17T07:54:17.000Z</time>
      </trkpt>
      <trkpt lat="36.752864" lon="-5.169655">
        <ele>744.479753</ele>
        <time>2026-05-17T07:54:21.000Z</time>
      </trkpt>
      <trkpt lat="36.752896" lon="-5.169659">
        <ele>744.249202</ele>
        <time>2026-05-17T07:54:26.000Z</time>
      </trkpt>
      <trkpt lat="36.752912" lon="-5.169645">
        <ele>744.109120</ele>
        <time>2026-05-17T07:54:28.000Z</time>
      </trkpt>
      <trkpt lat="36.752942" lon="-5.169607">
        <ele>743.802700</ele>
        <time>2026-05-17T07:54:31.000Z</time>
      </trkpt>
      <trkpt lat="36.752994" lon="-5.169554">
        <ele>743.321411</ele>
        <time>2026-05-17T07:54:34.000Z</time>
      </trkpt>
      <trkpt lat="36.753082" lon="-5.169460">
        <ele>742.491051</ele>
        <time>2026-05-17T07:54:41.000Z</time>
      </trkpt>
      <trkpt lat="36.753091" lon="-5.169450">
        <ele>742.404669</ele>
        <time>2026-05-17T07:54:42.000Z</time>
      </trkpt>
      <trkpt lat="36.753197" lon="-5.169370">
        <ele>741.516642</ele>
        <time>2026-05-17T07:54:51.000Z</time>
      </trkpt>
      <trkpt lat="36.753207" lon="-5.169361">
        <ele>741.428259</ele>
        <time>2026-05-17T07:54:52.000Z</time>
      </trkpt>
      <trkpt lat="36.753303" lon="-5.169247">
        <ele>740.478317</ele>
        <time>2026-05-17T07:55:01.000Z</time>
      </trkpt>
      <trkpt lat="36.753327" lon="-5.169215">
        <ele>740.226552</ele>
        <time>2026-05-17T07:55:03.000Z</time>
      </trkpt>
      <trkpt lat="36.753363" lon="-5.169162">
        <ele>739.827456</ele>
        <time>2026-05-17T07:55:08.000Z</time>
      </trkpt>
      <trkpt lat="36.753409" lon="-5.169106">
        <ele>739.366797</ele>
        <time>2026-05-17T07:55:13.000Z</time>
      </trkpt>
      <trkpt lat="36.753465" lon="-5.169064">
        <ele>738.898434</ele>
        <time>2026-05-17T07:55:18.000Z</time>
      </trkpt>
      <trkpt lat="36.753496" lon="-5.169053">
        <ele>738.667393</ele>
        <time>2026-05-17T07:55:21.000Z</time>
      </trkpt>
      <trkpt lat="36.753532" lon="-5.169033">
        <ele>738.384902</ele>
        <time>2026-05-17T07:55:25.000Z</time>
      </trkpt>
      <trkpt lat="36.753621" lon="-5.168962">
        <ele>737.627678</ele>
        <time>2026-05-17T07:55:31.000Z</time>
      </trkpt>
      <trkpt lat="36.753654" lon="-5.168932">
        <ele>737.335003</ele>
        <time>2026-05-17T07:55:33.000Z</time>
      </trkpt>
      <trkpt lat="36.753751" lon="-5.168818">
        <ele>736.479421</ele>
        <time>2026-05-17T07:55:42.000Z</time>
      </trkpt>
      <trkpt lat="36.753862" lon="-5.168716">
        <ele>735.617158</ele>
        <time>2026-05-17T07:55:53.000Z</time>
      </trkpt>
      <trkpt lat="36.753913" lon="-5.168675">
        <ele>735.237673</ele>
        <time>2026-05-17T07:55:58.000Z</time>
      </trkpt>
      <trkpt lat="36.754002" lon="-5.168624">
        <ele>734.625054</ele>
        <time>2026-05-17T07:56:03.000Z</time>
      </trkpt>
      <trkpt lat="36.754050" lon="-5.168602">
        <ele>734.305182</ele>
        <time>2026-05-17T07:56:07.000Z</time>
      </trkpt>
      <trkpt lat="36.754074" lon="-5.168585">
        <ele>734.132556</ele>
        <time>2026-05-17T07:56:10.000Z</time>
      </trkpt>
      <trkpt lat="36.754156" lon="-5.168512">
        <ele>733.502485</ele>
        <time>2026-05-17T07:56:18.000Z</time>
      </trkpt>
      <trkpt lat="36.754176" lon="-5.168499">
        <ele>733.361425</ele>
        <time>2026-05-17T07:56:20.000Z</time>
      </trkpt>
      <trkpt lat="36.754242" lon="-5.168418">
        <ele>732.782398</ele>
        <time>2026-05-17T07:56:27.000Z</time>
      </trkpt>
      <trkpt lat="36.754315" lon="-5.168344">
        <ele>732.194102</ele>
        <time>2026-05-17T07:56:33.000Z</time>
      </trkpt>
      <trkpt lat="36.754392" lon="-5.168270">
        <ele>731.586179</ele>
        <time>2026-05-17T07:56:40.000Z</time>
      </trkpt>
      <trkpt lat="36.754425" lon="-5.168232">
        <ele>731.305309</ele>
        <time>2026-05-17T07:56:44.000Z</time>
      </trkpt>
      <trkpt lat="36.754435" lon="-5.168214">
        <ele>731.195527</ele>
        <time>2026-05-17T07:56:46.000Z</time>
      </trkpt>
      <trkpt lat="36.754509" lon="-5.168144">
        <ele>730.614688</ele>
        <time>2026-05-17T07:56:52.000Z</time>
      </trkpt>
      <trkpt lat="36.754627" lon="-5.168026">
        <ele>729.668832</ele>
        <time>2026-05-17T07:57:01.000Z</time>
      </trkpt>
      <trkpt lat="36.754638" lon="-5.168016">
        <ele>729.583703</ele>
        <time>2026-05-17T07:57:02.000Z</time>
      </trkpt>
      <trkpt lat="36.754726" lon="-5.167948">
        <ele>728.936253</ele>
        <time>2026-05-17T07:57:10.000Z</time>
      </trkpt>
      <trkpt lat="36.754735" lon="-5.167941">
        <ele>728.869916</ele>
        <time>2026-05-17T07:57:11.000Z</time>
      </trkpt>
      <trkpt lat="36.754837" lon="-5.167852">
        <ele>728.091390</ele>
        <time>2026-05-17T07:57:20.000Z</time>
      </trkpt>
      <trkpt lat="36.754912" lon="-5.167758">
        <ele>727.426503</ele>
        <time>2026-05-17T07:57:28.000Z</time>
      </trkpt>
      <trkpt lat="36.754919" lon="-5.167746">
        <ele>727.352107</ele>
        <time>2026-05-17T07:57:29.000Z</time>
      </trkpt>
      <trkpt lat="36.755016" lon="-5.167640">
        <ele>726.545611</ele>
        <time>2026-05-17T07:57:38.000Z</time>
      </trkpt>
      <trkpt lat="36.755090" lon="-5.167598">
        <ele>726.037086</ele>
        <time>2026-05-17T07:57:43.000Z</time>
      </trkpt>
      <trkpt lat="36.755120" lon="-5.167582">
        <ele>725.821768</ele>
        <time>2026-05-17T07:57:46.000Z</time>
      </trkpt>
      <trkpt lat="36.755221" lon="-5.167587">
        <ele>725.097028</ele>
        <time>2026-05-17T07:57:55.000Z</time>
      </trkpt>
      <trkpt lat="36.755232" lon="-5.167591">
        <ele>725.014879</ele>
        <time>2026-05-17T07:57:56.000Z</time>
      </trkpt>
      <trkpt lat="36.755325" lon="-5.167628">
        <ele>724.315013</ele>
        <time>2026-05-17T07:58:03.000Z</time>
      </trkpt>
      <trkpt lat="36.755383" lon="-5.167735">
        <ele>723.572881</ele>
        <time>2026-05-17T07:58:11.000Z</time>
      </trkpt>
      <trkpt lat="36.755398" lon="-5.167775">
        <ele>723.319174</ele>
        <time>2026-05-17T07:58:14.000Z</time>
      </trkpt>
      <trkpt lat="36.755422" lon="-5.167877">
        <ele>722.708480</ele>
        <time>2026-05-17T07:58:19.000Z</time>
      </trkpt>
      <trkpt lat="36.755391" lon="-5.167972">
        <ele>722.119217</ele>
        <time>2026-05-17T07:58:27.000Z</time>
      </trkpt>
      <trkpt lat="36.755370" lon="-5.168064">
        <ele>721.569685</ele>
        <time>2026-05-17T07:58:34.000Z</time>
      </trkpt>
      <trkpt lat="36.755398" lon="-5.168000">
        <ele>721.150789</ele>
        <time>2026-05-17T07:58:42.000Z</time>
      </trkpt>
      <trkpt lat="36.755415" lon="-5.167949">
        <ele>720.833471</ele>
        <time>2026-05-17T07:58:45.000Z</time>
      </trkpt>
      <trkpt lat="36.755413" lon="-5.167890">
        <ele>720.494237</ele>
        <time>2026-05-17T07:58:49.000Z</time>
      </trkpt>
      <trkpt lat="36.755401" lon="-5.167843">
        <ele>720.210864</ele>
        <time>2026-05-17T07:58:52.000Z</time>
      </trkpt>
      <trkpt lat="36.755372" lon="-5.167768">
        <ele>719.732470</ele>
        <time>2026-05-17T07:59:00.000Z</time>
      </trkpt>
      <trkpt lat="36.755370" lon="-5.167771">
        <ele>719.710050</ele>
        <time>2026-05-17T07:59:02.000Z</time>
      </trkpt>
      <trkpt lat="36.755379" lon="-5.167784">
        <ele>719.611353</ele>
        <time>2026-05-17T07:59:04.000Z</time>
      </trkpt>
      <trkpt lat="36.755375" lon="-5.167791">
        <ele>719.561961</ele>
        <time>2026-05-17T07:59:06.000Z</time>
      </trkpt>
      <trkpt lat="36.755376" lon="-5.167794">
        <ele>719.543295</ele>
        <time>2026-05-17T07:59:07.000Z</time>
      </trkpt>
      <trkpt lat="36.755374" lon="-5.167792">
        <ele>719.524920</ele>
        <time>2026-05-17T07:59:08.000Z</time>
      </trkpt>
      <trkpt lat="36.755371" lon="-5.167786">
        <ele>719.484291</ele>
        <time>2026-05-17T07:59:09.000Z</time>
      </trkpt>
      <trkpt lat="36.755365" lon="-5.167782">
        <ele>719.435519</ele>
        <time>2026-05-17T07:59:13.000Z</time>
      </trkpt>
      <trkpt lat="36.755378" lon="-5.167803">
        <ele>719.283068</ele>
        <time>2026-05-17T07:59:15.000Z</time>
      </trkpt>
      <trkpt lat="36.755383" lon="-5.167823">
        <ele>719.162713</ele>
        <time>2026-05-17T07:59:16.000Z</time>
      </trkpt>
      <trkpt lat="36.755390" lon="-5.167859">
        <ele>718.949905</ele>
        <time>2026-05-17T07:59:19.000Z</time>
      </trkpt>
      <trkpt lat="36.755398" lon="-5.167996">
        <ele>718.160809</ele>
        <time>2026-05-17T07:59:27.000Z</time>
      </trkpt>
      <trkpt lat="36.755398" lon="-5.168038">
        <ele>717.919537</ele>
        <time>2026-05-17T07:59:29.000Z</time>
      </trkpt>
      <trkpt lat="36.755403" lon="-5.168041">
        <ele>717.879760</ele>
        <time>2026-05-17T07:59:34.000Z</time>
      </trkpt>
      <trkpt lat="36.755453" lon="-5.167905">
        <ele>717.020170</ele>
        <time>2026-05-17T07:59:41.000Z</time>
      </trkpt>
      <trkpt lat="36.755467" lon="-5.167817">
        <ele>716.504777</ele>
        <time>2026-05-17T07:59:45.000Z</time>
      </trkpt>
      <trkpt lat="36.755471" lon="-5.167746">
        <ele>716.095905</ele>
        <time>2026-05-17T07:59:49.000Z</time>
      </trkpt>
      <trkpt lat="36.755497" lon="-5.167677">
        <ele>715.657879</ele>
        <time>2026-05-17T07:59:54.000Z</time>
      </trkpt>
      <trkpt lat="36.755501" lon="-5.167666">
        <ele>715.588485</ele>
        <time>2026-05-17T07:59:55.000Z</time>
      </trkpt>
      <trkpt lat="36.755516" lon="-5.167633">
        <ele>715.370531</ele>
        <time>2026-05-17T07:59:57.000Z</time>
      </trkpt>
      <trkpt lat="36.755547" lon="-5.167590">
        <ele>715.038234</ele>
        <time>2026-05-17T08:00:01.000Z</time>
      </trkpt>
      <trkpt lat="36.755575" lon="-5.167580">
        <ele>714.829417</ele>
        <time>2026-05-17T08:00:03.000Z</time>
      </trkpt>
      <trkpt lat="36.755618" lon="-5.167564">
        <ele>714.507698</ele>
        <time>2026-05-17T08:00:06.000Z</time>
      </trkpt>
      <trkpt lat="36.755680" lon="-5.167525">
        <ele>714.009894</ele>
        <time>2026-05-17T08:00:11.000Z</time>
      </trkpt>
      <trkpt lat="36.755706" lon="-5.167506">
        <ele>713.793872</ele>
        <time>2026-05-17T08:00:13.000Z</time>
      </trkpt>
      <trkpt lat="36.755740" lon="-5.167486">
        <ele>713.524375</ele>
        <time>2026-05-17T08:00:16.000Z</time>
      </trkpt>
      <trkpt lat="36.755747" lon="-5.167483">
        <ele>713.471309</ele>
        <time>2026-05-17T08:00:17.000Z</time>
      </trkpt>
      <trkpt lat="36.755778" lon="-5.167466">
        <ele>713.228531</ele>
        <time>2026-05-17T08:00:21.000Z</time>
      </trkpt>
      <trkpt lat="36.755786" lon="-5.167464">
        <ele>713.170032</ele>
        <time>2026-05-17T08:00:22.000Z</time>
      </trkpt>
      <trkpt lat="36.755853" lon="-5.167430">
        <ele>712.550950</ele>
        <time>2026-05-17T08:00:27.000Z</time>
      </trkpt>
      <trkpt lat="36.755888" lon="-5.167413">
        <ele>712.206936</ele>
        <time>2026-05-17T08:00:30.000Z</time>
      </trkpt>
      <trkpt lat="36.755919" lon="-5.167400">
        <ele>711.907382</ele>
        <time>2026-05-17T08:00:34.000Z</time>
      </trkpt>
      <trkpt lat="36.755939" lon="-5.167384">
        <ele>711.689784</ele>
        <time>2026-05-17T08:00:37.000Z</time>
      </trkpt>
      <trkpt lat="36.755962" lon="-5.167369">
        <ele>711.452081</ele>
        <time>2026-05-17T08:00:40.000Z</time>
      </trkpt>
      <trkpt lat="36.756022" lon="-5.167337">
        <ele>710.854419</ele>
        <time>2026-05-17T08:00:46.000Z</time>
      </trkpt>
      <trkpt lat="36.756042" lon="-5.167330">
        <ele>710.664156</ele>
        <time>2026-05-17T08:00:48.000Z</time>
      </trkpt>
      <trkpt lat="36.756114" lon="-5.167280">
        <ele>709.909440</ele>
        <time>2026-05-17T08:00:55.000Z</time>
      </trkpt>
      <trkpt lat="36.756147" lon="-5.167258">
        <ele>709.566749</ele>
        <time>2026-05-17T08:00:58.000Z</time>
      </trkpt>
      <trkpt lat="36.756190" lon="-5.167230">
        <ele>709.122496</ele>
        <time>2026-05-17T08:01:02.000Z</time>
      </trkpt>
      <trkpt lat="36.756209" lon="-5.167221">
        <ele>708.936347</ele>
        <time>2026-05-17T08:01:04.000Z</time>
      </trkpt>
      <trkpt lat="36.756214" lon="-5.167228">
        <ele>708.867524</ele>
        <time>2026-05-17T08:01:10.000Z</time>
      </trkpt>
      <trkpt lat="36.756240" lon="-5.167196">
        <ele>708.533057</ele>
        <time>2026-05-17T08:01:18.000Z</time>
      </trkpt>
      <trkpt lat="36.756237" lon="-5.167192">
        <ele>708.492847</ele>
        <time>2026-05-17T08:01:20.000Z</time>
      </trkpt>
      <trkpt lat="36.756227" lon="-5.167205">
        <ele>708.360589</ele>
        <time>2026-05-17T08:01:24.000Z</time>
      </trkpt>
      <trkpt lat="36.756228" lon="-5.167211">
        <ele>708.315614</ele>
        <time>2026-05-17T08:01:26.000Z</time>
      </trkpt>
      <trkpt lat="36.756229" lon="-5.167211">
        <ele>708.306454</ele>
        <time>2026-05-17T08:01:28.000Z</time>
      </trkpt>
      <trkpt lat="36.756239" lon="-5.167218">
        <ele>708.201433</ele>
        <time>2026-05-17T08:01:36.000Z</time>
      </trkpt>
      <trkpt lat="36.756223" lon="-5.167240">
        <ele>707.983383</ele>
        <time>2026-05-17T08:01:42.000Z</time>
      </trkpt>
      <trkpt lat="36.756222" lon="-5.167242">
        <ele>707.966081</ele>
        <time>2026-05-17T08:01:43.000Z</time>
      </trkpt>
      <trkpt lat="36.756221" lon="-5.167244">
        <ele>707.948780</ele>
        <time>2026-05-17T08:01:44.000Z</time>
      </trkpt>
      <trkpt lat="36.756240" lon="-5.167217">
        <ele>707.685055</ele>
        <time>2026-05-17T08:01:53.000Z</time>
      </trkpt>
      <trkpt lat="36.756243" lon="-5.167210">
        <ele>707.626796</ele>
        <time>2026-05-17T08:02:05.000Z</time>
      </trkpt>
      <trkpt lat="36.756255" lon="-5.167202">
        <ele>707.502181</ele>
        <time>2026-05-17T08:02:15.000Z</time>
      </trkpt>
      <trkpt lat="36.756278" lon="-5.167219">
        <ele>707.257335</ele>
        <time>2026-05-17T08:02:21.000Z</time>
      </trkpt>
      <trkpt lat="36.756283" lon="-5.167219">
        <ele>707.211536</ele>
        <time>2026-05-17T08:02:22.000Z</time>
      </trkpt>
      <trkpt lat="36.756296" lon="-5.167217">
        <ele>707.091557</ele>
        <time>2026-05-17T08:02:25.000Z</time>
      </trkpt>
      <trkpt lat="36.756312" lon="-5.167214">
        <ele>706.943355</ele>
        <time>2026-05-17T08:02:27.000Z</time>
      </trkpt>
      <trkpt lat="36.756330" lon="-5.167206">
        <ele>706.768337</ele>
        <time>2026-05-17T08:02:29.000Z</time>
      </trkpt>
      <trkpt lat="36.756350" lon="-5.167202">
        <ele>706.582803</ele>
        <time>2026-05-17T08:02:31.000Z</time>
      </trkpt>
      <trkpt lat="36.756456" lon="-5.167196">
        <ele>705.610861</ele>
        <time>2026-05-17T08:02:41.000Z</time>
      </trkpt>
      <trkpt lat="36.756549" lon="-5.167162">
        <ele>704.723205</ele>
        <time>2026-05-17T08:02:49.000Z</time>
      </trkpt>
      <trkpt lat="36.756671" lon="-5.167135">
        <ele>703.588273</ele>
        <time>2026-05-17T08:02:59.000Z</time>
      </trkpt>
      <trkpt lat="36.756772" lon="-5.167104">
        <ele>702.635567</ele>
        <time>2026-05-17T08:03:07.000Z</time>
      </trkpt>
      <trkpt lat="36.756830" lon="-5.167095">
        <ele>702.100206</ele>
        <time>2026-05-17T08:03:15.000Z</time>
      </trkpt>
      <trkpt lat="36.756854" lon="-5.167078">
        <ele>701.847436</ele>
        <time>2026-05-17T08:03:17.000Z</time>
      </trkpt>
      <trkpt lat="36.756909" lon="-5.167054">
        <ele>701.313744</ele>
        <time>2026-05-17T08:03:21.000Z</time>
      </trkpt>
      <trkpt lat="36.756938" lon="-5.167045">
        <ele>701.040021</ele>
        <time>2026-05-17T08:03:23.000Z</time>
      </trkpt>
      <trkpt lat="36.756973" lon="-5.167028">
        <ele>700.696007</ele>
        <time>2026-05-17T08:03:25.000Z</time>
      </trkpt>
      <trkpt lat="36.757036" lon="-5.166999">
        <ele>700.080943</ele>
        <time>2026-05-17T08:03:29.000Z</time>
      </trkpt>
      <trkpt lat="36.757093" lon="-5.166976">
        <ele>699.532227</ele>
        <time>2026-05-17T08:03:33.000Z</time>
      </trkpt>
      <trkpt lat="36.757145" lon="-5.166948">
        <ele>699.013482</ele>
        <time>2026-05-17T08:03:37.000Z</time>
      </trkpt>
      <trkpt lat="36.757217" lon="-5.166914">
        <ele>698.308351</ele>
        <time>2026-05-17T08:03:43.000Z</time>
      </trkpt>
      <trkpt lat="36.757282" lon="-5.166875">
        <ele>697.647742</ele>
        <time>2026-05-17T08:03:49.000Z</time>
      </trkpt>
      <trkpt lat="36.757344" lon="-5.166846">
        <ele>697.041264</ele>
        <time>2026-05-17T08:03:55.000Z</time>
      </trkpt>
      <trkpt lat="36.757377" lon="-5.166824">
        <ele>696.698574</ele>
        <time>2026-05-17T08:03:58.000Z</time>
      </trkpt>
      <trkpt lat="36.757456" lon="-5.166754">
        <ele>696.199053</ele>
        <time>2026-05-17T08:04:06.000Z</time>
      </trkpt>
      <trkpt lat="36.757528" lon="-5.166693">
        <ele>695.827175</ele>
        <time>2026-05-17T08:04:13.000Z</time>
      </trkpt>
      <trkpt lat="36.757560" lon="-5.166661">
        <ele>695.651947</ele>
        <time>2026-05-17T08:04:16.000Z</time>
      </trkpt>
      <trkpt lat="36.757634" lon="-5.166564">
        <ele>695.193358</ele>
        <time>2026-05-17T08:04:25.000Z</time>
      </trkpt>
      <trkpt lat="36.757645" lon="-5.166537">
        <ele>695.089649</ele>
        <time>2026-05-17T08:04:27.000Z</time>
      </trkpt>
      <trkpt lat="36.757669" lon="-5.166486">
        <ele>694.887141</ele>
        <time>2026-05-17T08:04:32.000Z</time>
      </trkpt>
      <trkpt lat="36.757688" lon="-5.166460">
        <ele>694.766654</ele>
        <time>2026-05-17T08:04:36.000Z</time>
      </trkpt>
      <trkpt lat="36.757694" lon="-5.166460">
        <ele>694.741013</ele>
        <time>2026-05-17T08:04:38.000Z</time>
      </trkpt>
      <trkpt lat="36.757721" lon="-5.166457">
        <ele>694.625172</ele>
        <time>2026-05-17T08:04:43.000Z</time>
      </trkpt>
      <trkpt lat="36.757721" lon="-5.166468">
        <ele>694.587510</ele>
        <time>2026-05-17T08:04:45.000Z</time>
      </trkpt>
      <trkpt lat="36.757723" lon="-5.166467">
        <ele>694.578303</ele>
        <time>2026-05-17T08:04:46.000Z</time>
      </trkpt>
      <trkpt lat="36.757727" lon="-5.166466">
        <ele>694.560870</ele>
        <time>2026-05-17T08:04:49.000Z</time>
      </trkpt>
      <trkpt lat="36.757724" lon="-5.166465">
        <ele>694.547600</ele>
        <time>2026-05-17T08:04:50.000Z</time>
      </trkpt>
      <trkpt lat="36.757717" lon="-5.166454">
        <ele>694.499503</ele>
        <time>2026-05-17T08:04:56.000Z</time>
      </trkpt>
      <trkpt lat="36.757691" lon="-5.166480">
        <ele>694.357130</ele>
        <time>2026-05-17T08:05:04.000Z</time>
      </trkpt>
      <trkpt lat="36.757667" lon="-5.166469">
        <ele>694.247870</ele>
        <time>2026-05-17T08:05:12.000Z</time>
      </trkpt>
      <trkpt lat="36.757706" lon="-5.166464">
        <ele>694.080327</ele>
        <time>2026-05-17T08:05:20.000Z</time>
      </trkpt>
      <trkpt lat="36.757692" lon="-5.166452">
        <ele>694.007749</ele>
        <time>2026-05-17T08:05:27.000Z</time>
      </trkpt>
      <trkpt lat="36.757689" lon="-5.166455">
        <ele>693.991322</ele>
        <time>2026-05-17T08:05:30.000Z</time>
      </trkpt>
      <trkpt lat="36.757704" lon="-5.166443">
        <ele>693.915183</ele>
        <time>2026-05-17T08:05:35.000Z</time>
      </trkpt>
      <trkpt lat="36.757693" lon="-5.166433">
        <ele>693.857028</ele>
        <time>2026-05-17T08:05:45.000Z</time>
      </trkpt>
      <trkpt lat="36.757695" lon="-5.166482">
        <ele>693.689043</ele>
        <time>2026-05-17T08:05:51.000Z</time>
      </trkpt>
      <trkpt lat="36.757708" lon="-5.166456">
        <ele>693.584111</ele>
        <time>2026-05-17T08:05:55.000Z</time>
      </trkpt>
      <trkpt lat="36.757716" lon="-5.166425">
        <ele>693.472603</ele>
        <time>2026-05-17T08:05:59.000Z</time>
      </trkpt>
      <trkpt lat="36.757727" lon="-5.166453">
        <ele>693.365831</ele>
        <time>2026-05-17T08:06:09.000Z</time>
      </trkpt>
      <trkpt lat="36.757738" lon="-5.166422">
        <ele>693.249749</ele>
        <time>2026-05-17T08:06:16.000Z</time>
      </trkpt>
      <trkpt lat="36.757769" lon="-5.166290">
        <ele>692.778790</ele>
        <time>2026-05-17T08:06:24.000Z</time>
      </trkpt>
      <trkpt lat="36.757786" lon="-5.166185">
        <ele>692.412023</ele>
        <time>2026-05-17T08:06:32.000Z</time>
      </trkpt>
      <trkpt lat="36.757785" lon="-5.166153">
        <ele>692.302378</ele>
        <time>2026-05-17T08:06:34.000Z</time>
      </trkpt>
      <trkpt lat="36.757797" lon="-5.166022">
        <ele>691.850938</ele>
        <time>2026-05-17T08:06:41.000Z</time>
      </trkpt>
      <trkpt lat="36.757798" lon="-5.166010">
        <ele>691.809630</ele>
        <time>2026-05-17T08:06:42.000Z</time>
      </trkpt>
      <trkpt lat="36.757811" lon="-5.165935">
        <ele>691.546904</ele>
        <time>2026-05-17T08:06:48.000Z</time>
      </trkpt>
      <trkpt lat="36.757814" lon="-5.165857">
        <ele>691.279540</ele>
        <time>2026-05-17T08:06:53.000Z</time>
      </trkpt>
      <trkpt lat="36.757820" lon="-5.165820">
        <ele>691.150290</ele>
        <time>2026-05-17T08:06:56.000Z</time>
      </trkpt>
      <trkpt lat="36.757839" lon="-5.165726">
        <ele>690.818368</ele>
        <time>2026-05-17T08:07:02.000Z</time>
      </trkpt>
      <trkpt lat="36.757848" lon="-5.165752">
        <ele>690.721396</ele>
        <time>2026-05-17T08:07:06.000Z</time>
      </trkpt>
      <trkpt lat="36.757851" lon="-5.165750">
        <ele>690.706861</ele>
        <time>2026-05-17T08:07:08.000Z</time>
      </trkpt>
      <trkpt lat="36.757846" lon="-5.165732">
        <ele>690.641634</ele>
        <time>2026-05-17T08:07:15.000Z</time>
      </trkpt>
      <trkpt lat="36.757847" lon="-5.165734">
        <ele>690.633562</ele>
        <time>2026-05-17T08:07:16.000Z</time>
      </trkpt>
      <trkpt lat="36.757859" lon="-5.165768">
        <ele>690.506358</ele>
        <time>2026-05-17T08:07:21.000Z</time>
      </trkpt>
      <trkpt lat="36.757862" lon="-5.165769">
        <ele>690.493088</ele>
        <time>2026-05-17T08:07:23.000Z</time>
      </trkpt>
      <trkpt lat="36.757866" lon="-5.165760">
        <ele>690.457850</ele>
        <time>2026-05-17T08:07:25.000Z</time>
      </trkpt>
      <trkpt lat="36.757872" lon="-5.165669">
        <ele>690.145231</ele>
        <time>2026-05-17T08:07:32.000Z</time>
      </trkpt>
      <trkpt lat="36.757879" lon="-5.165576">
        <ele>689.825415</ele>
        <time>2026-05-17T08:07:39.000Z</time>
      </trkpt>
      <trkpt lat="36.757875" lon="-5.165572">
        <ele>689.803512</ele>
        <time>2026-05-17T08:07:40.000Z</time>
      </trkpt>
      <trkpt lat="36.757886" lon="-5.165466">
        <ele>689.437557</ele>
        <time>2026-05-17T08:07:47.000Z</time>
      </trkpt>
      <trkpt lat="36.757886" lon="-5.165414">
        <ele>689.259520</ele>
        <time>2026-05-17T08:07:51.000Z</time>
      </trkpt>
      <trkpt lat="36.757890" lon="-5.165384">
        <ele>689.155393</ele>
        <time>2026-05-17T08:07:53.000Z</time>
      </trkpt>
      <trkpt lat="36.757893" lon="-5.165361">
        <ele>689.075609</ele>
        <time>2026-05-17T08:07:55.000Z</time>
      </trkpt>
      <trkpt lat="36.757892" lon="-5.165332">
        <ele>688.976227</ele>
        <time>2026-05-17T08:07:58.000Z</time>
      </trkpt>
      <trkpt lat="36.757887" lon="-5.165286">
        <ele>688.825353</ele>
        <time>2026-05-17T08:08:01.000Z</time>
      </trkpt>
      <trkpt lat="36.757876" lon="-5.165220">
        <ele>688.648444</ele>
        <time>2026-05-17T08:08:07.000Z</time>
      </trkpt>
      <trkpt lat="36.757873" lon="-5.165244">
        <ele>688.584700</ele>
        <time>2026-05-17T08:08:11.000Z</time>
      </trkpt>
      <trkpt lat="36.757872" lon="-5.165254">
        <ele>688.558254</ele>
        <time>2026-05-17T08:08:12.000Z</time>
      </trkpt>
      <trkpt lat="36.757870" lon="-5.165237">
        <ele>688.513164</ele>
        <time>2026-05-17T08:08:20.000Z</time>
      </trkpt>
      <trkpt lat="36.757872" lon="-5.165210">
        <ele>688.442007</ele>
        <time>2026-05-17T08:08:27.000Z</time>
      </trkpt>
      <trkpt lat="36.757887" lon="-5.165170">
        <ele>688.326107</ele>
        <time>2026-05-17T08:08:31.000Z</time>
      </trkpt>
      <trkpt lat="36.757902" lon="-5.165112">
        <ele>688.166167</ele>
        <time>2026-05-17T08:08:35.000Z</time>
      </trkpt>
      <trkpt lat="36.757915" lon="-5.165036">
        <ele>687.962229</ele>
        <time>2026-05-17T08:08:40.000Z</time>
      </trkpt>
      <trkpt lat="36.757918" lon="-5.165003">
        <ele>687.875073</ele>
        <time>2026-05-17T08:08:44.000Z</time>
      </trkpt>
      <trkpt lat="36.757927" lon="-5.164975">
        <ele>687.795901</ele>
        <time>2026-05-17T08:08:53.000Z</time>
      </trkpt>
      <trkpt lat="36.757936" lon="-5.164963">
        <ele>687.752764</ele>
        <time>2026-05-17T08:09:02.000Z</time>
      </trkpt>
      <trkpt lat="36.757952" lon="-5.164973">
        <ele>687.694153</ele>
        <time>2026-05-17T08:09:12.000Z</time>
      </trkpt>
      <trkpt lat="36.757936" lon="-5.164976">
        <ele>687.641157</ele>
        <time>2026-05-17T08:09:18.000Z</time>
      </trkpt>
      <trkpt lat="36.757950" lon="-5.164985">
        <ele>687.589575</ele>
        <time>2026-05-17T08:09:24.000Z</time>
      </trkpt>
      <trkpt lat="36.757957" lon="-5.164978">
        <ele>687.560195</ele>
        <time>2026-05-17T08:09:26.000Z</time>
      </trkpt>
      <trkpt lat="36.757976" lon="-5.164960">
        <ele>687.482064</ele>
        <time>2026-05-17T08:09:35.000Z</time>
      </trkpt>
      <trkpt lat="36.757962" lon="-5.164954">
        <ele>687.433579</ele>
        <time>2026-05-17T08:09:43.000Z</time>
      </trkpt>
      <trkpt lat="36.757967" lon="-5.164958">
        <ele>687.414126</ele>
        <time>2026-05-17T08:09:45.000Z</time>
      </trkpt>
      <trkpt lat="36.757982" lon="-5.164966">
        <ele>687.360696</ele>
        <time>2026-05-17T08:09:48.000Z</time>
      </trkpt>
      <trkpt lat="36.757979" lon="-5.164967">
        <ele>687.350525</ele>
        <time>2026-05-17T08:09:51.000Z</time>
      </trkpt>
      <trkpt lat="36.757966" lon="-5.164968">
        <ele>687.307862</ele>
        <time>2026-05-17T08:09:53.000Z</time>
      </trkpt>
      <trkpt lat="36.757961" lon="-5.164979">
        <ele>687.274673</ele>
        <time>2026-05-17T08:10:02.000Z</time>
      </trkpt>
      <trkpt lat="36.757983" lon="-5.164985">
        <ele>687.200912</ele>
        <time>2026-05-17T08:10:10.000Z</time>
      </trkpt>
      <trkpt lat="36.757980" lon="-5.164986">
        <ele>687.190741</ele>
        <time>2026-05-17T08:10:11.000Z</time>
      </trkpt>
      <trkpt lat="36.757972" lon="-5.164982">
        <ele>687.162513</ele>
        <time>2026-05-17T08:10:14.000Z</time>
      </trkpt>
      <trkpt lat="36.757944" lon="-5.164955">
        <ele>687.046616</ele>
        <time>2026-05-17T08:10:20.000Z</time>
      </trkpt>
      <trkpt lat="36.757951" lon="-5.164958">
        <ele>687.022374</ele>
        <time>2026-05-17T08:10:29.000Z</time>
      </trkpt>
      <trkpt lat="36.757947" lon="-5.164960">
        <ele>687.008259</ele>
        <time>2026-05-17T08:10:32.000Z</time>
      </trkpt>
      <trkpt lat="36.757967" lon="-5.164911">
        <ele>686.863946</ele>
        <time>2026-05-17T08:10:37.000Z</time>
      </trkpt>
      <trkpt lat="36.757971" lon="-5.164901">
        <ele>686.834614</ele>
        <time>2026-05-17T08:10:38.000Z</time>
      </trkpt>
      <trkpt lat="36.757991" lon="-5.164857">
        <ele>686.701858</ele>
        <time>2026-05-17T08:10:42.000Z</time>
      </trkpt>
      <trkpt lat="36.757998" lon="-5.164842">
        <ele>686.656303</ele>
        <time>2026-05-17T08:10:44.000Z</time>
      </trkpt>
      <trkpt lat="36.758001" lon="-5.164813">
        <ele>686.579568</ele>
        <time>2026-05-17T08:10:48.000Z</time>
      </trkpt>
      <trkpt lat="36.758003" lon="-5.164802">
        <ele>686.549968</ele>
        <time>2026-05-17T08:10:49.000Z</time>
      </trkpt>
      <trkpt lat="36.757981" lon="-5.164662">
        <ele>686.175572</ele>
        <time>2026-05-17T08:11:00.000Z</time>
      </trkpt>
      <trkpt lat="36.757933" lon="-5.164603">
        <ele>685.954909</ele>
        <time>2026-05-17T08:11:07.000Z</time>
      </trkpt>
      <trkpt lat="36.757921" lon="-5.164598">
        <ele>685.913471</ele>
        <time>2026-05-17T08:11:08.000Z</time>
      </trkpt>
      <trkpt lat="36.757870" lon="-5.164550">
        <ele>685.704251</ele>
        <time>2026-05-17T08:11:16.000Z</time>
      </trkpt>
      <trkpt lat="36.757856" lon="-5.164525">
        <ele>685.624207</ele>
        <time>2026-05-17T08:11:20.000Z</time>
      </trkpt>
      <trkpt lat="36.757840" lon="-5.164489">
        <ele>685.516170</ele>
        <time>2026-05-17T08:11:24.000Z</time>
      </trkpt>
      <trkpt lat="36.757816" lon="-5.164447">
        <ele>685.380789</ele>
        <time>2026-05-17T08:11:27.000Z</time>
      </trkpt>
      <trkpt lat="36.757789" lon="-5.164369">
        <ele>685.157809</ele>
        <time>2026-05-17T08:11:33.000Z</time>
      </trkpt>
      <trkpt lat="36.757811" lon="-5.164358">
        <ele>685.080181</ele>
        <time>2026-05-17T08:11:36.000Z</time>
      </trkpt>
      <trkpt lat="36.757827" lon="-5.164362">
        <ele>685.026732</ele>
        <time>2026-05-17T08:11:37.000Z</time>
      </trkpt>
      <trkpt lat="36.757874" lon="-5.164357">
        <ele>684.872224</ele>
        <time>2026-05-17T08:11:42.000Z</time>
      </trkpt>
      <trkpt lat="36.757917" lon="-5.164361">
        <ele>684.730986</ele>
        <time>2026-05-17T08:11:51.000Z</time>
      </trkpt>
      <trkpt lat="36.757969" lon="-5.164390">
        <ele>684.544431</ele>
        <time>2026-05-17T08:11:56.000Z</time>
      </trkpt>
      <trkpt lat="36.757983" lon="-5.164400">
        <ele>684.491596</ele>
        <time>2026-05-17T08:11:58.000Z</time>
      </trkpt>
      <trkpt lat="36.758018" lon="-5.164404">
        <ele>684.376473</ele>
        <time>2026-05-17T08:12:03.000Z</time>
      </trkpt>
      <trkpt lat="36.758038" lon="-5.164403">
        <ele>684.310910</ele>
        <time>2026-05-17T08:12:05.000Z</time>
      </trkpt>
      <trkpt lat="36.758103" lon="-5.164402">
        <ele>684.097985</ele>
        <time>2026-05-17T08:12:11.000Z</time>
      </trkpt>
      <trkpt lat="36.758140" lon="-5.164402">
        <ele>683.976791</ele>
        <time>2026-05-17T08:12:15.000Z</time>
      </trkpt>
      <trkpt lat="36.758187" lon="-5.164396">
        <ele>683.822039</ele>
        <time>2026-05-17T08:12:23.000Z</time>
      </trkpt>
      <trkpt lat="36.758196" lon="-5.164397">
        <ele>683.792443</ele>
        <time>2026-05-17T08:12:26.000Z</time>
      </trkpt>
      <trkpt lat="36.758281" lon="-5.164466">
        <ele>683.460322</ele>
        <time>2026-05-17T08:12:35.000Z</time>
      </trkpt>
      <trkpt lat="36.758302" lon="-5.164544">
        <ele>683.244382</ele>
        <time>2026-05-17T08:12:40.000Z</time>
      </trkpt>
      <trkpt lat="36.758308" lon="-5.164593">
        <ele>683.114302</ele>
        <time>2026-05-17T08:12:43.000Z</time>
      </trkpt>
      <trkpt lat="36.758291" lon="-5.164655">
        <ele>682.929318</ele>
        <time>2026-05-17T08:12:52.000Z</time>
      </trkpt>
      <trkpt lat="36.758268" lon="-5.164675">
        <ele>682.771105</ele>
        <time>2026-05-17T08:13:03.000Z</time>
      </trkpt>
      <trkpt lat="36.758270" lon="-5.164687">
        <ele>682.715681</ele>
        <time>2026-05-17T08:13:12.000Z</time>
      </trkpt>
      <trkpt lat="36.758274" lon="-5.164687">
        <ele>682.693104</ele>
        <time>2026-05-17T08:13:15.000Z</time>
      </trkpt>
      <trkpt lat="36.758343" lon="-5.164679">
        <ele>682.301981</ele>
        <time>2026-05-17T08:13:24.000Z</time>
      </trkpt>
      <trkpt lat="36.758354" lon="-5.164758">
        <ele>681.939395</ele>
        <time>2026-05-17T08:13:32.000Z</time>
      </trkpt>
      <trkpt lat="36.758351" lon="-5.164767">
        <ele>681.895316</ele>
        <time>2026-05-17T08:13:33.000Z</time>
      </trkpt>
      <trkpt lat="36.758337" lon="-5.164841">
        <ele>681.551491</ele>
        <time>2026-05-17T08:13:39.000Z</time>
      </trkpt>
      <trkpt lat="36.758336" lon="-5.164884">
        <ele>681.356967</ele>
        <time>2026-05-17T08:13:43.000Z</time>
      </trkpt>
      <trkpt lat="36.758335" lon="-5.164920">
        <ele>681.194080</ele>
        <time>2026-05-17T08:13:45.000Z</time>
      </trkpt>
      <trkpt lat="36.758335" lon="-5.165000">
        <ele>680.832327</ele>
        <time>2026-05-17T08:13:49.000Z</time>
      </trkpt>
      <trkpt lat="36.758336" lon="-5.165056">
        <ele>680.579038</ele>
        <time>2026-05-17T08:13:53.000Z</time>
      </trkpt>
      <trkpt lat="36.758363" lon="-5.165164">
        <ele>680.067447</ele>
        <time>2026-05-17T08:14:00.000Z</time>
      </trkpt>
      <trkpt lat="36.758371" lon="-5.165178">
        <ele>679.989687</ele>
        <time>2026-05-17T08:14:01.000Z</time>
      </trkpt>
      <trkpt lat="36.758403" lon="-5.165215">
        <ele>679.743488</ele>
        <time>2026-05-17T08:14:04.000Z</time>
      </trkpt>
      <trkpt lat="36.758425" lon="-5.165229">
        <ele>679.604110</ele>
        <time>2026-05-17T08:14:06.000Z</time>
      </trkpt>
      <trkpt lat="36.758445" lon="-5.165237">
        <ele>679.485572</ele>
        <time>2026-05-17T08:14:08.000Z</time>
      </trkpt>
      <trkpt lat="36.758467" lon="-5.165244">
        <ele>679.357430</ele>
        <time>2026-05-17T08:14:10.000Z</time>
      </trkpt>
      <trkpt lat="36.758498" lon="-5.165250">
        <ele>679.180370</ele>
        <time>2026-05-17T08:14:13.000Z</time>
      </trkpt>
      <trkpt lat="36.758538" lon="-5.165253">
        <ele>678.954196</ele>
        <time>2026-05-17T08:14:17.000Z</time>
      </trkpt>
      <trkpt lat="36.758578" lon="-5.165275">
        <ele>678.707484</ele>
        <time>2026-05-17T08:14:22.000Z</time>
      </trkpt>
      <trkpt lat="36.758588" lon="-5.165279">
        <ele>678.648215</ele>
        <time>2026-05-17T08:14:23.000Z</time>
      </trkpt>
      <trkpt lat="36.758623" lon="-5.165299">
        <ele>678.430952</ele>
        <time>2026-05-17T08:14:26.000Z</time>
      </trkpt>
      <trkpt lat="36.758688" lon="-5.165329">
        <ele>678.039804</ele>
        <time>2026-05-17T08:14:34.000Z</time>
      </trkpt>
      <trkpt lat="36.758724" lon="-5.165327">
        <ele>677.836413</ele>
        <time>2026-05-17T08:14:40.000Z</time>
      </trkpt>
      <trkpt lat="36.758737" lon="-5.165321">
        <ele>677.758184</ele>
        <time>2026-05-17T08:14:42.000Z</time>
      </trkpt>
      <trkpt lat="36.758733" lon="-5.165310">
        <ele>677.703559</ele>
        <time>2026-05-17T08:14:45.000Z</time>
      </trkpt>
      <trkpt lat="36.758720" lon="-5.165301">
        <ele>677.619655</ele>
        <time>2026-05-17T08:14:47.000Z</time>
      </trkpt>
      <trkpt lat="36.758716" lon="-5.165300">
        <ele>677.596630</ele>
        <time>2026-05-17T08:14:48.000Z</time>
      </trkpt>
      <trkpt lat="36.758692" lon="-5.165302">
        <ele>677.460868</ele>
        <time>2026-05-17T08:14:50.000Z</time>
      </trkpt>
      <trkpt lat="36.758685" lon="-5.165302">
        <ele>677.421359</ele>
        <time>2026-05-17T08:14:51.000Z</time>
      </trkpt>
      <trkpt lat="36.758674" lon="-5.165304">
        <ele>677.358618</ele>
        <time>2026-05-17T08:14:53.000Z</time>
      </trkpt>
      <trkpt lat="36.758632" lon="-5.165313">
        <ele>677.118096</ele>
        <time>2026-05-17T08:15:00.000Z</time>
      </trkpt>
      <trkpt lat="36.758655" lon="-5.165299">
        <ele>676.973666</ele>
        <time>2026-05-17T08:15:09.000Z</time>
      </trkpt>
      <trkpt lat="36.758691" lon="-5.165301">
        <ele>676.770275</ele>
        <time>2026-05-17T08:15:18.000Z</time>
      </trkpt>
      <trkpt lat="36.758686" lon="-5.165302">
        <ele>676.741695</ele>
        <time>2026-05-17T08:15:24.000Z</time>
      </trkpt>
      <trkpt lat="36.758691" lon="-5.165301">
        <ele>676.713114</ele>
        <time>2026-05-17T08:15:25.000Z</time>
      </trkpt>
      <trkpt lat="36.758718" lon="-5.165300">
        <ele>676.560655</ele>
        <time>2026-05-17T08:15:28.000Z</time>
      </trkpt>
      <trkpt lat="36.758752" lon="-5.165294">
        <ele>676.366845</ele>
        <time>2026-05-17T08:15:33.000Z</time>
      </trkpt>
      <trkpt lat="36.758810" lon="-5.165276">
        <ele>676.029517</ele>
        <time>2026-05-17T08:15:41.000Z</time>
      </trkpt>
      <trkpt lat="36.758829" lon="-5.165273">
        <ele>675.921423</ele>
        <time>2026-05-17T08:15:43.000Z</time>
      </trkpt>
      <trkpt lat="36.758855" lon="-5.165275">
        <ele>675.774397</ele>
        <time>2026-05-17T08:15:46.000Z</time>
      </trkpt>
      <trkpt lat="36.758904" lon="-5.165265">
        <ele>675.494161</ele>
        <time>2026-05-17T08:15:51.000Z</time>
      </trkpt>
      <trkpt lat="36.758923" lon="-5.165259">
        <ele>675.383543</ele>
        <time>2026-05-17T08:15:53.000Z</time>
      </trkpt>
      <trkpt lat="36.758991" lon="-5.165259">
        <ele>674.999740</ele>
        <time>2026-05-17T08:15:59.000Z</time>
      </trkpt>
      <trkpt lat="36.759060" lon="-5.165253">
        <ele>674.609349</ele>
        <time>2026-05-17T08:16:04.000Z</time>
      </trkpt>
      <trkpt lat="36.759083" lon="-5.165251">
        <ele>674.479219</ele>
        <time>2026-05-17T08:16:06.000Z</time>
      </trkpt>
      <trkpt lat="36.759153" lon="-5.165239">
        <ele>674.080419</ele>
        <time>2026-05-17T08:16:12.000Z</time>
      </trkpt>
      <trkpt lat="36.759166" lon="-5.165239">
        <ele>674.007045</ele>
        <time>2026-05-17T08:16:13.000Z</time>
      </trkpt>
      <trkpt lat="36.759185" lon="-5.165251">
        <ele>673.886860</ele>
        <time>2026-05-17T08:16:19.000Z</time>
      </trkpt>
      <trkpt lat="36.759171" lon="-5.165244">
        <ele>673.801737</ele>
        <time>2026-05-17T08:16:30.000Z</time>
      </trkpt>
      <trkpt lat="36.759176" lon="-5.165245">
        <ele>673.773157</ele>
        <time>2026-05-17T08:16:39.000Z</time>
      </trkpt>
      <trkpt lat="36.759180" lon="-5.165245">
        <ele>673.750580</ele>
        <time>2026-05-17T08:16:41.000Z</time>
      </trkpt>
      <trkpt lat="36.759190" lon="-5.165249">
        <ele>673.691311</ele>
        <time>2026-05-17T08:16:43.000Z</time>
      </trkpt>
      <trkpt lat="36.759216" lon="-5.165258">
        <ele>673.539024</ele>
        <time>2026-05-17T08:16:45.000Z</time>
      </trkpt>
      <trkpt lat="36.759244" lon="-5.165269">
        <ele>673.373345</ele>
        <time>2026-05-17T08:16:47.000Z</time>
      </trkpt>
      <trkpt lat="36.759307" lon="-5.165295">
        <ele>672.998831</ele>
        <time>2026-05-17T08:16:52.000Z</time>
      </trkpt>
      <trkpt lat="36.759330" lon="-5.165316">
        <ele>672.837992</ele>
        <time>2026-05-17T08:16:56.000Z</time>
      </trkpt>
      <trkpt lat="36.759415" lon="-5.165351">
        <ele>672.050948</ele>
        <time>2026-05-17T08:17:03.000Z</time>
      </trkpt>
      <trkpt lat="36.759474" lon="-5.165380">
        <ele>671.480995</ele>
        <time>2026-05-17T08:17:09.000Z</time>
      </trkpt>
      <trkpt lat="36.759484" lon="-5.165383">
        <ele>671.388552</ele>
        <time>2026-05-17T08:17:10.000Z</time>
      </trkpt>
      <trkpt lat="36.759519" lon="-5.165398">
        <ele>671.055930</ele>
        <time>2026-05-17T08:17:14.000Z</time>
      </trkpt>
      <trkpt lat="36.759554" lon="-5.165417">
        <ele>670.712871</ele>
        <time>2026-05-17T08:17:19.000Z</time>
      </trkpt>
      <trkpt lat="36.759591" lon="-5.165426">
        <ele>670.374044</ele>
        <time>2026-05-17T08:17:22.000Z</time>
      </trkpt>
      <trkpt lat="36.759659" lon="-5.165463">
        <ele>669.707284</ele>
        <time>2026-05-17T08:17:27.000Z</time>
      </trkpt>
      <trkpt lat="36.759671" lon="-5.165470">
        <ele>669.588225</ele>
        <time>2026-05-17T08:17:28.000Z</time>
      </trkpt>
      <trkpt lat="36.759741" lon="-5.165508">
        <ele>668.902108</ele>
        <time>2026-05-17T08:17:36.000Z</time>
      </trkpt>
      <trkpt lat="36.759750" lon="-5.165506">
        <ele>668.819940</ele>
        <time>2026-05-17T08:17:37.000Z</time>
      </trkpt>
      <trkpt lat="36.759841" lon="-5.165508">
        <ele>668.001869</ele>
        <time>2026-05-17T08:17:44.000Z</time>
      </trkpt>
      <trkpt lat="36.759850" lon="-5.165509">
        <ele>667.920653</ele>
        <time>2026-05-17T08:17:45.000Z</time>
      </trkpt>
      <trkpt lat="36.759946" lon="-5.165477">
        <ele>667.027528</ele>
        <time>2026-05-17T08:17:53.000Z</time>
      </trkpt>
      <trkpt lat="36.759961" lon="-5.165470">
        <ele>666.883587</ele>
        <time>2026-05-17T08:17:54.000Z</time>
      </trkpt>
      <trkpt lat="36.760037" lon="-5.165444">
        <ele>666.175276</ele>
        <time>2026-05-17T08:17:59.000Z</time>
      </trkpt>
      <trkpt lat="36.760046" lon="-5.165444">
        <ele>666.094380</ele>
        <time>2026-05-17T08:18:00.000Z</time>
      </trkpt>
      <trkpt lat="36.760078" lon="-5.165430">
        <ele>665.789595</ele>
        <time>2026-05-17T08:18:03.000Z</time>
      </trkpt>
      <trkpt lat="36.760139" lon="-5.165382">
        <ele>665.141445</ele>
        <time>2026-05-17T08:18:10.000Z</time>
      </trkpt>
      <trkpt lat="36.760162" lon="-5.165369">
        <ele>664.914504</ele>
        <time>2026-05-17T08:18:12.000Z</time>
      </trkpt>
      <trkpt lat="36.760274" lon="-5.165330">
        <ele>663.869364</ele>
        <time>2026-05-17T08:18:20.000Z</time>
      </trkpt>
      <trkpt lat="36.760328" lon="-5.165319">
        <ele>663.377569</ele>
        <time>2026-05-17T08:18:23.000Z</time>
      </trkpt>
      <trkpt lat="36.760401" lon="-5.165305">
        <ele>662.713716</ele>
        <time>2026-05-17T08:18:30.000Z</time>
      </trkpt>
      <trkpt lat="36.760421" lon="-5.165304">
        <ele>662.533804</ele>
        <time>2026-05-17T08:18:32.000Z</time>
      </trkpt>
      <trkpt lat="36.760507" lon="-5.165284">
        <ele>661.747499</ele>
        <time>2026-05-17T08:18:39.000Z</time>
      </trkpt>
      <trkpt lat="36.760583" lon="-5.165256">
        <ele>661.035246</ele>
        <time>2026-05-17T08:18:45.000Z</time>
      </trkpt>
      <trkpt lat="36.760608" lon="-5.165244">
        <ele>660.794494</ele>
        <time>2026-05-17T08:18:47.000Z</time>
      </trkpt>
      <trkpt lat="36.760694" lon="-5.165213">
        <ele>659.989904</ele>
        <time>2026-05-17T08:18:55.000Z</time>
      </trkpt>
      <trkpt lat="36.760710" lon="-5.165206">
        <ele>659.837511</ele>
        <time>2026-05-17T08:18:57.000Z</time>
      </trkpt>
      <trkpt lat="36.760762" lon="-5.165166">
        <ele>659.288488</ele>
        <time>2026-05-17T08:19:02.000Z</time>
      </trkpt>
      <trkpt lat="36.760860" lon="-5.165115">
        <ele>658.334133</ele>
        <time>2026-05-17T08:19:10.000Z</time>
      </trkpt>
      <trkpt lat="36.760867" lon="-5.165111">
        <ele>658.264935</ele>
        <time>2026-05-17T08:19:11.000Z</time>
      </trkpt>
      <trkpt lat="36.760888" lon="-5.165096">
        <ele>658.047458</ele>
        <time>2026-05-17T08:19:13.000Z</time>
      </trkpt>
      <trkpt lat="36.760964" lon="-5.165067">
        <ele>657.333133</ele>
        <time>2026-05-17T08:19:18.000Z</time>
      </trkpt>
      <trkpt lat="36.760999" lon="-5.165072">
        <ele>657.016485</ele>
        <time>2026-05-17T08:19:21.000Z</time>
      </trkpt>
      <trkpt lat="36.761041" lon="-5.165079">
        <ele>656.634946</ele>
        <time>2026-05-17T08:19:25.000Z</time>
      </trkpt>
      <trkpt lat="36.761116" lon="-5.165084">
        <ele>655.883265</ele>
        <time>2026-05-17T08:19:30.000Z</time>
      </trkpt>
      <trkpt lat="36.761151" lon="-5.165080">
        <ele>655.531514</ele>
        <time>2026-05-17T08:19:33.000Z</time>
      </trkpt>
      <trkpt lat="36.761238" lon="-5.165041">
        <ele>654.606357</ele>
        <time>2026-05-17T08:19:40.000Z</time>
      </trkpt>
      <trkpt lat="36.761249" lon="-5.165035">
        <ele>654.486215</ele>
        <time>2026-05-17T08:19:41.000Z</time>
      </trkpt>
      <trkpt lat="36.761309" lon="-5.164991">
        <ele>653.789762</ele>
        <time>2026-05-17T08:19:47.000Z</time>
      </trkpt>
      <trkpt lat="36.761338" lon="-5.164970">
        <ele>653.454221</ele>
        <time>2026-05-17T08:19:49.000Z</time>
      </trkpt>
      <trkpt lat="36.761401" lon="-5.164933">
        <ele>652.757403</ele>
        <time>2026-05-17T08:19:55.000Z</time>
      </trkpt>
      <trkpt lat="36.761435" lon="-5.164918">
        <ele>652.396497</ele>
        <time>2026-05-17T08:19:58.000Z</time>
      </trkpt>
      <trkpt lat="36.761485" lon="-5.164896">
        <ele>651.865910</ele>
        <time>2026-05-17T08:20:02.000Z</time>
      </trkpt>
      <trkpt lat="36.761498" lon="-5.164892">
        <ele>651.731909</ele>
        <time>2026-05-17T08:20:03.000Z</time>
      </trkpt>
      <trkpt lat="36.761554" lon="-5.164875">
        <ele>651.155116</ele>
        <time>2026-05-17T08:20:11.000Z</time>
      </trkpt>
      <trkpt lat="36.761544" lon="-5.164871">
        <ele>651.050021</ele>
        <time>2026-05-17T08:20:14.000Z</time>
      </trkpt>
      <trkpt lat="36.761539" lon="-5.164864">
        <ele>650.974827</ele>
        <time>2026-05-17T08:20:16.000Z</time>
      </trkpt>
      <trkpt lat="36.761537" lon="-5.164862">
        <ele>650.949180</ele>
        <time>2026-05-17T08:20:17.000Z</time>
      </trkpt>
      <trkpt lat="36.761532" lon="-5.164860">
        <ele>650.896632</ele>
        <time>2026-05-17T08:20:19.000Z</time>
      </trkpt>
      <trkpt lat="36.761530" lon="-5.164861">
        <ele>650.875070</ele>
        <time>2026-05-17T08:20:20.000Z</time>
      </trkpt>
      <trkpt lat="36.761549" lon="-5.164869">
        <ele>650.674388</ele>
        <time>2026-05-17T08:20:25.000Z</time>
      </trkpt>
      <trkpt lat="36.761580" lon="-5.164869">
        <ele>650.364135</ele>
        <time>2026-05-17T08:20:28.000Z</time>
      </trkpt>
      <trkpt lat="36.761606" lon="-5.164864">
        <ele>650.100853</ele>
        <time>2026-05-17T08:20:30.000Z</time>
      </trkpt>
      <trkpt lat="36.761622" lon="-5.164861">
        <ele>649.938926</ele>
        <time>2026-05-17T08:20:31.000Z</time>
      </trkpt>
      <trkpt lat="36.761686" lon="-5.164849">
        <ele>649.291218</ele>
        <time>2026-05-17T08:20:35.000Z</time>
      </trkpt>
      <trkpt lat="36.761713" lon="-5.164853">
        <ele>649.019101</ele>
        <time>2026-05-17T08:20:38.000Z</time>
      </trkpt>
      <trkpt lat="36.761760" lon="-5.164851">
        <ele>648.548444</ele>
        <time>2026-05-17T08:20:42.000Z</time>
      </trkpt>
      <trkpt lat="36.761791" lon="-5.164849">
        <ele>648.237777</ele>
        <time>2026-05-17T08:20:45.000Z</time>
      </trkpt>
      <trkpt lat="36.761856" lon="-5.164845">
        <ele>647.586457</ele>
        <time>2026-05-17T08:20:50.000Z</time>
      </trkpt>
      <trkpt lat="36.761903" lon="-5.164846">
        <ele>647.116005</ele>
        <time>2026-05-17T08:20:54.000Z</time>
      </trkpt>
      <trkpt lat="36.761943" lon="-5.164850">
        <ele>646.714396</ele>
        <time>2026-05-17T08:20:57.000Z</time>
      </trkpt>
      <trkpt lat="36.761991" lon="-5.164843">
        <ele>646.230737</ele>
        <time>2026-05-17T08:21:01.000Z</time>
      </trkpt>
      <trkpt lat="36.762041" lon="-5.164847">
        <ele>645.729303</ele>
        <time>2026-05-17T08:21:05.000Z</time>
      </trkpt>
      <trkpt lat="36.762075" lon="-5.164858">
        <ele>645.377782</ele>
        <time>2026-05-17T08:21:09.000Z</time>
      </trkpt>
      <trkpt lat="36.762104" lon="-5.164857">
        <ele>645.087434</ele>
        <time>2026-05-17T08:21:11.000Z</time>
      </trkpt>
      <trkpt lat="36.762171" lon="-5.164850">
        <ele>644.414543</ele>
        <time>2026-05-17T08:21:16.000Z</time>
      </trkpt>
      <trkpt lat="36.762224" lon="-5.164841">
        <ele>643.879225</ele>
        <time>2026-05-17T08:21:20.000Z</time>
      </trkpt>
      <trkpt lat="36.762278" lon="-5.164837">
        <ele>643.337834</ele>
        <time>2026-05-17T08:21:25.000Z</time>
      </trkpt>
      <trkpt lat="36.762304" lon="-5.164836">
        <ele>643.077498</ele>
        <time>2026-05-17T08:21:27.000Z</time>
      </trkpt>
      <trkpt lat="36.762358" lon="-5.164842">
        <ele>642.534921</ele>
        <time>2026-05-17T08:21:33.000Z</time>
      </trkpt>
      <trkpt lat="36.762368" lon="-5.164840">
        <ele>642.433563</ele>
        <time>2026-05-17T08:21:34.000Z</time>
      </trkpt>
      <trkpt lat="36.762413" lon="-5.164811">
        <ele>641.926715</ele>
        <time>2026-05-17T08:21:38.000Z</time>
      </trkpt>
      <trkpt lat="36.762439" lon="-5.164791">
        <ele>641.621062</ele>
        <time>2026-05-17T08:21:40.000Z</time>
      </trkpt>
      <trkpt lat="36.762468" lon="-5.164783">
        <ele>641.323822</ele>
        <time>2026-05-17T08:21:42.000Z</time>
      </trkpt>
      <trkpt lat="36.762525" lon="-5.164781">
        <ele>640.753132</ele>
        <time>2026-05-17T08:21:47.000Z</time>
      </trkpt>
      <trkpt lat="36.762547" lon="-5.164778">
        <ele>640.531642</ele>
        <time>2026-05-17T08:21:49.000Z</time>
      </trkpt>
      <trkpt lat="36.762630" lon="-5.164743">
        <ele>639.654845</ele>
        <time>2026-05-17T08:21:56.000Z</time>
      </trkpt>
      <trkpt lat="36.762682" lon="-5.164743">
        <ele>639.134421</ele>
        <time>2026-05-17T08:22:04.000Z</time>
      </trkpt>
      <trkpt lat="36.762726" lon="-5.164738">
        <ele>638.692241</ele>
        <time>2026-05-17T08:22:10.000Z</time>
      </trkpt>
      <trkpt lat="36.762736" lon="-5.164735">
        <ele>638.576268</ele>
        <time>2026-05-17T08:22:12.000Z</time>
      </trkpt>
      <trkpt lat="36.762801" lon="-5.164725">
        <ele>637.753743</ele>
        <time>2026-05-17T08:22:18.000Z</time>
      </trkpt>
      <trkpt lat="36.762887" lon="-5.164691">
        <ele>636.620773</ele>
        <time>2026-05-17T08:22:25.000Z</time>
      </trkpt>
      <trkpt lat="36.762913" lon="-5.164691">
        <ele>636.294234</ele>
        <time>2026-05-17T08:22:27.000Z</time>
      </trkpt>
      <trkpt lat="36.763013" lon="-5.164705">
        <ele>635.030441</ele>
        <time>2026-05-17T08:22:34.000Z</time>
      </trkpt>
      <trkpt lat="36.763027" lon="-5.164704">
        <ele>634.854324</ele>
        <time>2026-05-17T08:22:35.000Z</time>
      </trkpt>
      <trkpt lat="36.763090" lon="-5.164689">
        <ele>634.048830</ele>
        <time>2026-05-17T08:22:42.000Z</time>
      </trkpt>
      <trkpt lat="36.763126" lon="-5.164680">
        <ele>633.587720</ele>
        <time>2026-05-17T08:22:46.000Z</time>
      </trkpt>
      <trkpt lat="36.763170" lon="-5.164669">
        <ele>633.024142</ele>
        <time>2026-05-17T08:22:49.000Z</time>
      </trkpt>
      <trkpt lat="36.763204" lon="-5.164667">
        <ele>632.596655</ele>
        <time>2026-05-17T08:22:52.000Z</time>
      </trkpt>
      <trkpt lat="36.763235" lon="-5.164665">
        <ele>632.206801</ele>
        <time>2026-05-17T08:22:56.000Z</time>
      </trkpt>
      <trkpt lat="36.763266" lon="-5.164655">
        <ele>631.804675</ele>
        <time>2026-05-17T08:22:59.000Z</time>
      </trkpt>
      <trkpt lat="36.763280" lon="-5.164643">
        <ele>631.591384</ele>
        <time>2026-05-17T08:23:04.000Z</time>
      </trkpt>
      <trkpt lat="36.763270" lon="-5.164644">
        <ele>631.465390</ele>
        <time>2026-05-17T08:23:07.000Z</time>
      </trkpt>
      <trkpt lat="36.763307" lon="-5.164627">
        <ele>630.970221</ele>
        <time>2026-05-17T08:23:12.000Z</time>
      </trkpt>
      <trkpt lat="36.763346" lon="-5.164625">
        <ele>630.479999</ele>
        <time>2026-05-17T08:23:16.000Z</time>
      </trkpt>
      <trkpt lat="36.763382" lon="-5.164628">
        <ele>630.026862</ele>
        <time>2026-05-17T08:23:20.000Z</time>
      </trkpt>
      <trkpt lat="36.763403" lon="-5.164634">
        <ele>629.756298</ele>
        <time>2026-05-17T08:23:23.000Z</time>
      </trkpt>
      <trkpt lat="36.763455" lon="-5.164638">
        <ele>629.101981</ele>
        <time>2026-05-17T08:23:28.000Z</time>
      </trkpt>
      <trkpt lat="36.763481" lon="-5.164631">
        <ele>628.767933</ele>
        <time>2026-05-17T08:23:31.000Z</time>
      </trkpt>
      <trkpt lat="36.763504" lon="-5.164610">
        <ele>628.410045</ele>
        <time>2026-05-17T08:23:37.000Z</time>
      </trkpt>
      <trkpt lat="36.763483" lon="-5.164629">
        <ele>628.084309</ele>
        <time>2026-05-17T08:23:42.000Z</time>
      </trkpt>
      <trkpt lat="36.763488" lon="-5.164634">
        <ele>628.003847</ele>
        <time>2026-05-17T08:23:46.000Z</time>
      </trkpt>
      <trkpt lat="36.763516" lon="-5.164615">
        <ele>627.603588</ele>
        <time>2026-05-17T08:23:55.000Z</time>
      </trkpt>
      <trkpt lat="36.763515" lon="-5.164635">
        <ele>627.401970</ele>
        <time>2026-05-17T08:24:08.000Z</time>
      </trkpt>
      <trkpt lat="36.763486" lon="-5.164623">
        <ele>627.018263</ele>
        <time>2026-05-17T08:24:14.000Z</time>
      </trkpt>
      <trkpt lat="36.763477" lon="-5.164624">
        <ele>626.904783</ele>
        <time>2026-05-17T08:24:17.000Z</time>
      </trkpt>
      <trkpt lat="36.763496" lon="-5.164638">
        <ele>626.627686</ele>
        <time>2026-05-17T08:24:26.000Z</time>
      </trkpt>
      <trkpt lat="36.763499" lon="-5.164641">
        <ele>626.579409</ele>
        <time>2026-05-17T08:24:28.000Z</time>
      </trkpt>
      <trkpt lat="36.763505" lon="-5.164645">
        <ele>626.493980</ele>
        <time>2026-05-17T08:24:30.000Z</time>
      </trkpt>
      <trkpt lat="36.763519" lon="-5.164656">
        <ele>626.286219</ele>
        <time>2026-05-17T08:24:35.000Z</time>
      </trkpt>
      <trkpt lat="36.763523" lon="-5.164640">
        <ele>626.117581</ele>
        <time>2026-05-17T08:24:41.000Z</time>
      </trkpt>
      <trkpt lat="36.763513" lon="-5.164633">
        <ele>625.973590</ele>
        <time>2026-05-17T08:24:43.000Z</time>
      </trkpt>
      <trkpt lat="36.763509" lon="-5.164645">
        <ele>625.842819</ele>
        <time>2026-05-17T08:24:51.000Z</time>
      </trkpt>
      <trkpt lat="36.763535" lon="-5.164619">
        <ele>625.424418</ele>
        <time>2026-05-17T08:24:58.000Z</time>
      </trkpt>
      <trkpt lat="36.763540" lon="-5.164618">
        <ele>625.360821</ele>
        <time>2026-05-17T08:25:03.000Z</time>
      </trkpt>
      <trkpt lat="36.763560" lon="-5.164612">
        <ele>625.102485</ele>
        <time>2026-05-17T08:25:08.000Z</time>
      </trkpt>
      <trkpt lat="36.763579" lon="-5.164613">
        <ele>624.863648</ele>
        <time>2026-05-17T08:25:11.000Z</time>
      </trkpt>
      <trkpt lat="36.763628" lon="-5.164611">
        <ele>624.247919</ele>
        <time>2026-05-17T08:25:16.000Z</time>
      </trkpt>
      <trkpt lat="36.763661" lon="-5.164597">
        <ele>623.810183</ele>
        <time>2026-05-17T08:25:21.000Z</time>
      </trkpt>
      <trkpt lat="36.763685" lon="-5.164595">
        <ele>623.508092</ele>
        <time>2026-05-17T08:25:25.000Z</time>
      </trkpt>
      <trkpt lat="36.763716" lon="-5.164593">
        <ele>623.118237</ele>
        <time>2026-05-17T08:25:28.000Z</time>
      </trkpt>
      <trkpt lat="36.763783" lon="-5.164585">
        <ele>622.272930</ele>
        <time>2026-05-17T08:25:33.000Z</time>
      </trkpt>
      <trkpt lat="36.763826" lon="-5.164558">
        <ele>621.668409</ele>
        <time>2026-05-17T08:25:40.000Z</time>
      </trkpt>
      <trkpt lat="36.763833" lon="-5.164551">
        <ele>621.555763</ele>
        <time>2026-05-17T08:25:41.000Z</time>
      </trkpt>
      <trkpt lat="36.763835" lon="-5.164546">
        <ele>621.499534</ele>
        <time>2026-05-17T08:25:42.000Z</time>
      </trkpt>
      <trkpt lat="36.763840" lon="-5.164540">
        <ele>621.412428</ele>
        <time>2026-05-17T08:25:43.000Z</time>
      </trkpt>
      <trkpt lat="36.763844" lon="-5.164533">
        <ele>621.325918</ele>
        <time>2026-05-17T08:25:44.000Z</time>
      </trkpt>
      <trkpt lat="36.763856" lon="-5.164526">
        <ele>621.159563</ele>
        <time>2026-05-17T08:25:45.000Z</time>
      </trkpt>
      <trkpt lat="36.763877" lon="-5.164521">
        <ele>620.891065</ele>
        <time>2026-05-17T08:25:49.000Z</time>
      </trkpt>
      <trkpt lat="36.763908" lon="-5.164525">
        <ele>620.499655</ele>
        <time>2026-05-17T08:25:53.000Z</time>
      </trkpt>
      <trkpt lat="36.763931" lon="-5.164526">
        <ele>620.210619</ele>
        <time>2026-05-17T08:25:56.000Z</time>
      </trkpt>
      <trkpt lat="36.763974" lon="-5.164529">
        <ele>619.669731</ele>
        <time>2026-05-17T08:26:02.000Z</time>
      </trkpt>
      <trkpt lat="36.763991" lon="-5.164522">
        <ele>619.444908</ele>
        <time>2026-05-17T08:26:05.000Z</time>
      </trkpt>
      <trkpt lat="36.764060" lon="-5.164530">
        <ele>618.574594</ele>
        <time>2026-05-17T08:26:12.000Z</time>
      </trkpt>
      <trkpt lat="36.764084" lon="-5.164527">
        <ele>618.271666</ele>
        <time>2026-05-17T08:26:14.000Z</time>
      </trkpt>
      <trkpt lat="36.764172" lon="-5.164505">
        <ele>617.144509</ele>
        <time>2026-05-17T08:26:23.000Z</time>
      </trkpt>
      <trkpt lat="36.764192" lon="-5.164494">
        <ele>616.870024</ele>
        <time>2026-05-17T08:26:26.000Z</time>
      </trkpt>
      <trkpt lat="36.764205" lon="-5.164472">
        <ele>616.594976</ele>
        <time>2026-05-17T08:26:30.000Z</time>
      </trkpt>
      <trkpt lat="36.764237" lon="-5.164468">
        <ele>616.191072</ele>
        <time>2026-05-17T08:26:38.000Z</time>
      </trkpt>
      <trkpt lat="36.764255" lon="-5.164475">
        <ele>615.978091</ele>
        <time>2026-05-17T08:26:47.000Z</time>
      </trkpt>
      <trkpt lat="36.764259" lon="-5.164473">
        <ele>615.937297</ele>
        <time>2026-05-17T08:26:48.000Z</time>
      </trkpt>
      <trkpt lat="36.764307" lon="-5.164414">
        <ele>615.299537</ele>
        <time>2026-05-17T08:26:56.000Z</time>
      </trkpt>
      <trkpt lat="36.764380" lon="-5.164326">
        <ele>614.338768</ele>
        <time>2026-05-17T08:27:05.000Z</time>
      </trkpt>
      <trkpt lat="36.764429" lon="-5.164275">
        <ele>613.734772</ele>
        <time>2026-05-17T08:27:13.000Z</time>
      </trkpt>
      <trkpt lat="36.764451" lon="-5.164234">
        <ele>613.360508</ele>
        <time>2026-05-17T08:27:21.000Z</time>
      </trkpt>
      <trkpt lat="36.764452" lon="-5.164217">
        <ele>613.231229</ele>
        <time>2026-05-17T08:27:29.000Z</time>
      </trkpt>
      <trkpt lat="36.764476" lon="-5.164240">
        <ele>612.944776</ele>
        <time>2026-05-17T08:27:36.000Z</time>
      </trkpt>
      <trkpt lat="36.764469" lon="-5.164242">
        <ele>612.876792</ele>
        <time>2026-05-17T08:27:39.000Z</time>
      </trkpt>
      <trkpt lat="36.764440" lon="-5.164236">
        <ele>612.598495</ele>
        <time>2026-05-17T08:27:49.000Z</time>
      </trkpt>
      <trkpt lat="36.764437" lon="-5.164234">
        <ele>612.566297</ele>
        <time>2026-05-17T08:27:50.000Z</time>
      </trkpt>
      <trkpt lat="36.764431" lon="-5.164250">
        <ele>612.432312</ele>
        <time>2026-05-17T08:28:00.000Z</time>
      </trkpt>
      <trkpt lat="36.764428" lon="-5.164250">
        <ele>612.403910</ele>
        <time>2026-05-17T08:28:11.000Z</time>
      </trkpt>
      <trkpt lat="36.764439" lon="-5.164256">
        <ele>612.290262</ele>
        <time>2026-05-17T08:28:15.000Z</time>
      </trkpt>
      <trkpt lat="36.764459" lon="-5.164268">
        <ele>612.080179</ele>
        <time>2026-05-17T08:28:22.000Z</time>
      </trkpt>
      <trkpt lat="36.764450" lon="-5.164292">
        <ele>611.879201</ele>
        <time>2026-05-17T08:28:33.000Z</time>
      </trkpt>
      <trkpt lat="36.764446" lon="-5.164290">
        <ele>611.838407</ele>
        <time>2026-05-17T08:28:34.000Z</time>
      </trkpt>
      <trkpt lat="36.764440" lon="-5.164274">
        <ele>611.704422</ele>
        <time>2026-05-17T08:28:37.000Z</time>
      </trkpt>
      <trkpt lat="36.764439" lon="-5.164264">
        <ele>611.627991</ele>
        <time>2026-05-17T08:28:42.000Z</time>
      </trkpt>
      <trkpt lat="36.764439" lon="-5.164212">
        <ele>611.233610</ele>
        <time>2026-05-17T08:28:53.000Z</time>
      </trkpt>
      <trkpt lat="36.764440" lon="-5.164230">
        <ele>611.096765</ele>
        <time>2026-05-17T08:29:04.000Z</time>
      </trkpt>
      <trkpt lat="36.764441" lon="-5.164255">
        <ele>610.906923</ele>
        <time>2026-05-17T08:29:16.000Z</time>
      </trkpt>
      <trkpt lat="36.764444" lon="-5.164262">
        <ele>610.846713</ele>
        <time>2026-05-17T08:29:19.000Z</time>
      </trkpt>
      <trkpt lat="36.764469" lon="-5.164259">
        <ele>610.608940</ele>
        <time>2026-05-17T08:29:28.000Z</time>
      </trkpt>
      <trkpt lat="36.764456" lon="-5.164277">
        <ele>610.425136</ele>
        <time>2026-05-17T08:29:33.000Z</time>
      </trkpt>
      <trkpt lat="36.764449" lon="-5.164297">
        <ele>610.259606</ele>
        <time>2026-05-17T08:29:36.000Z</time>
      </trkpt>
      <trkpt lat="36.764447" lon="-5.164262">
        <ele>609.993482</ele>
        <time>2026-05-17T08:29:46.000Z</time>
      </trkpt>
      <trkpt lat="36.764455" lon="-5.164251">
        <ele>609.880804</ele>
        <time>2026-05-17T08:29:56.000Z</time>
      </trkpt>
      <trkpt lat="36.764442" lon="-5.164265">
        <ele>609.718258</ele>
        <time>2026-05-17T08:30:08.000Z</time>
      </trkpt>
      <trkpt lat="36.764466" lon="-5.164254">
        <ele>609.476211</ele>
        <time>2026-05-17T08:30:19.000Z</time>
      </trkpt>
      <trkpt lat="36.764452" lon="-5.164263">
        <ele>609.327126</ele>
        <time>2026-05-17T08:30:28.000Z</time>
      </trkpt>
      <trkpt lat="36.764450" lon="-5.164273">
        <ele>609.248955</ele>
        <time>2026-05-17T08:30:32.000Z</time>
      </trkpt>
      <trkpt lat="36.764452" lon="-5.164272">
        <ele>609.228558</ele>
        <time>2026-05-17T08:30:34.000Z</time>
      </trkpt>
      <trkpt lat="36.764448" lon="-5.164272">
        <ele>609.190689</ele>
        <time>2026-05-17T08:30:37.000Z</time>
      </trkpt>
      <trkpt lat="36.764447" lon="-5.164252">
        <ele>609.038709</ele>
        <time>2026-05-17T08:30:43.000Z</time>
      </trkpt>
      <trkpt lat="36.764458" lon="-5.164220">
        <ele>608.774613</ele>
        <time>2026-05-17T08:30:51.000Z</time>
      </trkpt>
      <trkpt lat="36.764465" lon="-5.164217">
        <ele>608.704545</ele>
        <time>2026-05-17T08:30:53.000Z</time>
      </trkpt>
      <trkpt lat="36.764459" lon="-5.164233">
        <ele>608.570560</ele>
        <time>2026-05-17T08:31:03.000Z</time>
      </trkpt>
      <trkpt lat="36.764455" lon="-5.164228">
        <ele>608.516968</ele>
        <time>2026-05-17T08:31:05.000Z</time>
      </trkpt>
      <trkpt lat="36.764434" lon="-5.164227">
        <ele>608.318011</ele>
        <time>2026-05-17T08:31:12.000Z</time>
      </trkpt>
      <trkpt lat="36.764433" lon="-5.164226">
        <ele>608.305881</ele>
        <time>2026-05-17T08:31:13.000Z</time>
      </trkpt>
      <trkpt lat="36.764466" lon="-5.164229">
        <ele>607.992633</ele>
        <time>2026-05-17T08:31:23.000Z</time>
      </trkpt>
      <trkpt lat="36.764471" lon="-5.164230">
        <ele>607.944693</ele>
        <time>2026-05-17T08:31:30.000Z</time>
      </trkpt>
      <trkpt lat="36.764467" lon="-5.164232">
        <ele>607.903899</ele>
        <time>2026-05-17T08:31:31.000Z</time>
      </trkpt>
      <trkpt lat="36.764465" lon="-5.164233">
        <ele>607.883502</ele>
        <time>2026-05-17T08:31:32.000Z</time>
      </trkpt>
      <trkpt lat="36.764461" lon="-5.164234">
        <ele>607.844881</ele>
        <time>2026-05-17T08:31:33.000Z</time>
      </trkpt>
      <trkpt lat="36.764458" lon="-5.164239">
        <ele>607.797503</ele>
        <time>2026-05-17T08:31:35.000Z</time>
      </trkpt>
      <trkpt lat="36.764455" lon="-5.164240">
        <ele>607.768106</ele>
        <time>2026-05-17T08:31:37.000Z</time>
      </trkpt>
      <trkpt lat="36.764446" lon="-5.164228">
        <ele>607.643435</ele>
        <time>2026-05-17T08:31:40.000Z</time>
      </trkpt>
      <trkpt lat="36.764436" lon="-5.164226">
        <ele>607.547554</ele>
        <time>2026-05-17T08:31:43.000Z</time>
      </trkpt>
      <trkpt lat="36.764443" lon="-5.164220">
        <ele>607.467164</ele>
        <time>2026-05-17T08:31:48.000Z</time>
      </trkpt>
      <trkpt lat="36.764447" lon="-5.164236">
        <ele>607.340044</ele>
        <time>2026-05-17T08:31:54.000Z</time>
      </trkpt>
      <trkpt lat="36.764449" lon="-5.164238">
        <ele>607.315783</ele>
        <time>2026-05-17T08:31:56.000Z</time>
      </trkpt>
      <trkpt lat="36.764451" lon="-5.164238">
        <ele>607.296849</ele>
        <time>2026-05-17T08:31:58.000Z</time>
      </trkpt>
      <trkpt lat="36.764459" lon="-5.164238">
        <ele>607.221111</ele>
        <time>2026-05-17T08:32:00.000Z</time>
      </trkpt>
      <trkpt lat="36.764505" lon="-5.164204">
        <ele>606.714999</ele>
        <time>2026-05-17T08:32:07.000Z</time>
      </trkpt>
      <trkpt lat="36.764569" lon="-5.164166">
        <ele>606.044043</ele>
        <time>2026-05-17T08:32:13.000Z</time>
      </trkpt>
      <trkpt lat="36.764614" lon="-5.164152">
        <ele>605.604984</ele>
        <time>2026-05-17T08:32:18.000Z</time>
      </trkpt>
      <trkpt lat="36.764638" lon="-5.164150">
        <ele>605.377264</ele>
        <time>2026-05-17T08:32:21.000Z</time>
      </trkpt>
      <trkpt lat="36.764719" lon="-5.164136">
        <ele>604.603099</ele>
        <time>2026-05-17T08:32:31.000Z</time>
      </trkpt>
      <trkpt lat="36.764763" lon="-5.164139">
        <ele>604.185918</ele>
        <time>2026-05-17T08:32:35.000Z</time>
      </trkpt>
      <trkpt lat="36.764804" lon="-5.164137">
        <ele>603.797464</ele>
        <time>2026-05-17T08:32:40.000Z</time>
      </trkpt>
      <trkpt lat="36.764825" lon="-5.164130">
        <ele>603.591685</ele>
        <time>2026-05-17T08:32:42.000Z</time>
      </trkpt>
      <trkpt lat="36.764858" lon="-5.164129">
        <ele>603.279173</ele>
        <time>2026-05-17T08:32:45.000Z</time>
      </trkpt>
      <trkpt lat="36.764885" lon="-5.164126">
        <ele>603.022546</ele>
        <time>2026-05-17T08:32:48.000Z</time>
      </trkpt>
      <trkpt lat="36.764897" lon="-5.164123">
        <ele>602.906683</ele>
        <time>2026-05-17T08:32:49.000Z</time>
      </trkpt>
      <trkpt lat="36.764963" lon="-5.164096">
        <ele>602.249145</ele>
        <time>2026-05-17T08:32:56.000Z</time>
      </trkpt>
      <trkpt lat="36.764995" lon="-5.164073">
        <ele>601.899561</ele>
        <time>2026-05-17T08:32:59.000Z</time>
      </trkpt>
      <trkpt lat="36.765039" lon="-5.164048">
        <ele>601.441880</ele>
        <time>2026-05-17T08:33:04.000Z</time>
      </trkpt>
      <trkpt lat="36.765078" lon="-5.164037">
        <ele>601.063349</ele>
        <time>2026-05-17T08:33:08.000Z</time>
      </trkpt>
      <trkpt lat="36.765122" lon="-5.164020">
        <ele>600.627292</ele>
        <time>2026-05-17T08:33:11.000Z</time>
      </trkpt>
      <trkpt lat="36.765153" lon="-5.163995">
        <ele>600.277888</ele>
        <time>2026-05-17T08:33:15.000Z</time>
      </trkpt>
      <trkpt lat="36.765190" lon="-5.163966">
        <ele>599.864274</ele>
        <time>2026-05-17T08:33:19.000Z</time>
      </trkpt>
      <trkpt lat="36.765205" lon="-5.163959">
        <ele>599.712666</ele>
        <time>2026-05-17T08:33:21.000Z</time>
      </trkpt>
      <trkpt lat="36.765205" lon="-5.163958">
        <ele>599.705081</ele>
        <time>2026-05-17T08:33:22.000Z</time>
      </trkpt>
      <trkpt lat="36.765218" lon="-5.163954">
        <ele>599.578323</ele>
        <time>2026-05-17T08:33:29.000Z</time>
      </trkpt>
      <trkpt lat="36.765230" lon="-5.163948">
        <ele>599.455941</ele>
        <time>2026-05-17T08:33:31.000Z</time>
      </trkpt>
      <trkpt lat="36.765251" lon="-5.163933">
        <ele>599.226881</ele>
        <time>2026-05-17T08:33:34.000Z</time>
      </trkpt>
      <trkpt lat="36.765262" lon="-5.163928">
        <ele>599.116052</ele>
        <time>2026-05-17T08:33:37.000Z</time>
      </trkpt>
      <trkpt lat="36.765278" lon="-5.163917">
        <ele>598.937419</ele>
        <time>2026-05-17T08:33:46.000Z</time>
      </trkpt>
      <trkpt lat="36.765287" lon="-5.163906">
        <ele>598.809630</ele>
        <time>2026-05-17T08:33:55.000Z</time>
      </trkpt>
      <trkpt lat="36.765260" lon="-5.163909">
        <ele>598.534620</ele>
        <time>2026-05-17T08:34:03.000Z</time>
      </trkpt>
      <trkpt lat="36.765264" lon="-5.163907">
        <ele>598.490904</ele>
        <time>2026-05-17T08:34:04.000Z</time>
      </trkpt>
      <trkpt lat="36.765317" lon="-5.163868">
        <ele>597.866725</ele>
        <time>2026-05-17T08:34:10.000Z</time>
      </trkpt>
      <trkpt lat="36.765331" lon="-5.163858">
        <ele>597.703079</ele>
        <time>2026-05-17T08:34:11.000Z</time>
      </trkpt>
      <trkpt lat="36.765380" lon="-5.163843">
        <ele>597.191223</ele>
        <time>2026-05-17T08:34:16.000Z</time>
      </trkpt>
      <trkpt lat="36.765399" lon="-5.163835">
        <ele>596.987789</ele>
        <time>2026-05-17T08:34:18.000Z</time>
      </trkpt>
      <trkpt lat="36.765437" lon="-5.163822">
        <ele>596.588047</ele>
        <time>2026-05-17T08:34:21.000Z</time>
      </trkpt>
      <trkpt lat="36.765455" lon="-5.163828">
        <ele>596.399030</ele>
        <time>2026-05-17T08:34:24.000Z</time>
      </trkpt>
      <trkpt lat="36.765476" lon="-5.163824">
        <ele>596.183510</ele>
        <time>2026-05-17T08:34:26.000Z</time>
      </trkpt>
      <trkpt lat="36.765515" lon="-5.163812">
        <ele>595.775995</ele>
        <time>2026-05-17T08:34:29.000Z</time>
      </trkpt>
      <trkpt lat="36.765542" lon="-5.163807">
        <ele>595.499071</ele>
        <time>2026-05-17T08:34:33.000Z</time>
      </trkpt>
      <trkpt lat="36.765590" lon="-5.163777">
        <ele>594.954461</ele>
        <time>2026-05-17T08:34:40.000Z</time>
      </trkpt>
      <trkpt lat="36.765594" lon="-5.163775">
        <ele>594.910745</ele>
        <time>2026-05-17T08:34:41.000Z</time>
      </trkpt>
      <trkpt lat="36.765647" lon="-5.163749">
        <ele>594.333005</ele>
        <time>2026-05-17T08:34:48.000Z</time>
      </trkpt>
      <trkpt lat="36.765659" lon="-5.163743">
        <ele>594.201857</ele>
        <time>2026-05-17T08:34:49.000Z</time>
      </trkpt>
      <trkpt lat="36.765732" lon="-5.163694">
        <ele>593.360958</ele>
        <time>2026-05-17T08:34:57.000Z</time>
      </trkpt>
      <trkpt lat="36.765781" lon="-5.163675">
        <ele>592.840400</ele>
        <time>2026-05-17T08:35:03.000Z</time>
      </trkpt>
      <trkpt lat="36.765813" lon="-5.163658">
        <ele>592.487569</ele>
        <time>2026-05-17T08:35:07.000Z</time>
      </trkpt>
      <trkpt lat="36.765856" lon="-5.163621">
        <ele>591.957714</ele>
        <time>2026-05-17T08:35:14.000Z</time>
      </trkpt>
      <trkpt lat="36.765869" lon="-5.163612">
        <ele>591.806898</ele>
        <time>2026-05-17T08:35:17.000Z</time>
      </trkpt>
      <trkpt lat="36.765898" lon="-5.163602">
        <ele>591.501661</ele>
        <time>2026-05-17T08:35:21.000Z</time>
      </trkpt>
      <trkpt lat="36.765932" lon="-5.163595">
        <ele>591.152056</ele>
        <time>2026-05-17T08:35:25.000Z</time>
      </trkpt>
      <trkpt lat="36.765954" lon="-5.163596">
        <ele>590.928709</ele>
        <time>2026-05-17T08:35:29.000Z</time>
      </trkpt>
      <trkpt lat="36.765983" lon="-5.163572">
        <ele>590.575706</ele>
        <time>2026-05-17T08:35:34.000Z</time>
      </trkpt>
      <trkpt lat="36.765997" lon="-5.163539">
        <ele>590.272214</ele>
        <time>2026-05-17T08:35:40.000Z</time>
      </trkpt>
      <trkpt lat="36.766017" lon="-5.163514">
        <ele>589.985062</ele>
        <time>2026-05-17T08:35:44.000Z</time>
      </trkpt>
      <trkpt lat="36.766033" lon="-5.163493">
        <ele>589.749521</ele>
        <time>2026-05-17T08:35:46.000Z</time>
      </trkpt>
      <trkpt lat="36.766064" lon="-5.163443">
        <ele>589.235662</ele>
        <time>2026-05-17T08:35:52.000Z</time>
      </trkpt>
      <trkpt lat="36.766156" lon="-5.163334">
        <ele>587.948811</ele>
        <time>2026-05-17T08:36:02.000Z</time>
      </trkpt>
      <trkpt lat="36.766206" lon="-5.163247">
        <ele>587.078588</ele>
        <time>2026-05-17T08:36:09.000Z</time>
      </trkpt>
      <trkpt lat="36.766257" lon="-5.163216">
        <ele>586.503090</ele>
        <time>2026-05-17T08:36:15.000Z</time>
      </trkpt>
      <trkpt lat="36.766374" lon="-5.163165">
        <ele>585.245786</ele>
        <time>2026-05-17T08:36:23.000Z</time>
      </trkpt>
      <trkpt lat="36.766412" lon="-5.163146">
        <ele>584.830484</ele>
        <time>2026-05-17T08:36:26.000Z</time>
      </trkpt>
      <trkpt lat="36.766431" lon="-5.163134">
        <ele>584.614453</ele>
        <time>2026-05-17T08:36:28.000Z</time>
      </trkpt>
      <trkpt lat="36.766457" lon="-5.163125">
        <ele>584.340718</ele>
        <time>2026-05-17T08:36:30.000Z</time>
      </trkpt>
      <trkpt lat="36.766468" lon="-5.163117">
        <ele>584.211559</ele>
        <time>2026-05-17T08:36:31.000Z</time>
      </trkpt>
      <trkpt lat="36.766567" lon="-5.163057">
        <ele>583.095044</ele>
        <time>2026-05-17T08:36:41.000Z</time>
      </trkpt>
      <trkpt lat="36.766654" lon="-5.163016">
        <ele>582.151586</ele>
        <time>2026-05-17T08:36:48.000Z</time>
      </trkpt>
      <trkpt lat="36.766717" lon="-5.162967">
        <ele>581.398511</ele>
        <time>2026-05-17T08:36:53.000Z</time>
      </trkpt>
      <trkpt lat="36.766747" lon="-5.162933">
        <ele>580.987422</ele>
        <time>2026-05-17T08:36:56.000Z</time>
      </trkpt>
      <trkpt lat="36.766794" lon="-5.162866">
        <ele>580.426167</ele>
        <time>2026-05-17T08:37:02.000Z</time>
      </trkpt>
      <trkpt lat="36.766835" lon="-5.162760">
        <ele>579.773758</ele>
        <time>2026-05-17T08:37:09.000Z</time>
      </trkpt>
      <trkpt lat="36.766857" lon="-5.162648">
        <ele>579.134605</ele>
        <time>2026-05-17T08:37:16.000Z</time>
      </trkpt>
      <trkpt lat="36.766868" lon="-5.162518">
        <ele>578.410067</ele>
        <time>2026-05-17T08:37:24.000Z</time>
      </trkpt>
      <trkpt lat="36.766877" lon="-5.162437">
        <ele>577.956824</ele>
        <time>2026-05-17T08:37:29.000Z</time>
      </trkpt>
      <trkpt lat="36.766879" lon="-5.162390">
        <ele>577.695958</ele>
        <time>2026-05-17T08:37:32.000Z</time>
      </trkpt>
      <trkpt lat="36.766875" lon="-5.162245">
        <ele>576.891815</ele>
        <time>2026-05-17T08:37:41.000Z</time>
      </trkpt>
      <trkpt lat="36.766870" lon="-5.162174">
        <ele>576.496777</ele>
        <time>2026-05-17T08:37:45.000Z</time>
      </trkpt>
      <trkpt lat="36.766870" lon="-5.162158">
        <ele>576.408097</ele>
        <time>2026-05-17T08:37:46.000Z</time>
      </trkpt>
      <trkpt lat="36.766882" lon="-5.162108">
        <ele>576.118800</ele>
        <time>2026-05-17T08:37:49.000Z</time>
      </trkpt>
      <trkpt lat="36.766879" lon="-5.162025">
        <ele>575.658302</ele>
        <time>2026-05-17T08:37:55.000Z</time>
      </trkpt>
      <trkpt lat="36.766867" lon="-5.161967">
        <ele>575.326286</ele>
        <time>2026-05-17T08:37:59.000Z</time>
      </trkpt>
      <trkpt lat="36.766862" lon="-5.161882">
        <ele>574.853903</ele>
        <time>2026-05-17T08:38:05.000Z</time>
      </trkpt>
      <trkpt lat="36.766869" lon="-5.161868">
        <ele>574.762433</ele>
        <time>2026-05-17T08:38:06.000Z</time>
      </trkpt>
      <trkpt lat="36.766906" lon="-5.161851">
        <ele>574.489646</ele>
        <time>2026-05-17T08:38:10.000Z</time>
      </trkpt>
      <trkpt lat="36.766928" lon="-5.161853">
        <ele>574.337029</ele>
        <time>2026-05-17T08:38:12.000Z</time>
      </trkpt>
      <trkpt lat="36.766957" lon="-5.161864">
        <ele>574.127324</ele>
        <time>2026-05-17T08:38:15.000Z</time>
      </trkpt>
      <trkpt lat="36.766972" lon="-5.161870">
        <ele>574.018343</ele>
        <time>2026-05-17T08:38:16.000Z</time>
      </trkpt>
      <trkpt lat="36.767011" lon="-5.161887">
        <ele>573.732531</ele>
        <time>2026-05-17T08:38:20.000Z</time>
      </trkpt>
      <trkpt lat="36.767035" lon="-5.161893">
        <ele>573.563181</ele>
        <time>2026-05-17T08:38:22.000Z</time>
      </trkpt>
      <trkpt lat="36.767075" lon="-5.161903">
        <ele>573.280932</ele>
        <time>2026-05-17T08:38:27.000Z</time>
      </trkpt>
      <trkpt lat="36.767084" lon="-5.161906">
        <ele>573.216481</ele>
        <time>2026-05-17T08:38:28.000Z</time>
      </trkpt>
      <trkpt lat="36.767095" lon="-5.161908">
        <ele>573.139570</ele>
        <time>2026-05-17T08:38:29.000Z</time>
      </trkpt>
      <trkpt lat="36.767105" lon="-5.161911">
        <ele>573.068412</ele>
        <time>2026-05-17T08:38:30.000Z</time>
      </trkpt>
      <trkpt lat="36.767138" lon="-5.161922">
        <ele>572.832090</ele>
        <time>2026-05-17T08:38:33.000Z</time>
      </trkpt>
      <trkpt lat="36.767147" lon="-5.161928">
        <ele>572.761497</ele>
        <time>2026-05-17T08:38:34.000Z</time>
      </trkpt>
      <trkpt lat="36.767153" lon="-5.161937">
        <ele>572.696600</ele>
        <time>2026-05-17T08:38:36.000Z</time>
      </trkpt>
      <trkpt lat="36.767147" lon="-5.161966">
        <ele>572.530593</ele>
        <time>2026-05-17T08:38:43.000Z</time>
      </trkpt>
      <trkpt lat="36.767169" lon="-5.161980">
        <ele>572.359741</ele>
        <time>2026-05-17T08:38:46.000Z</time>
      </trkpt>
      <trkpt lat="36.767181" lon="-5.161979">
        <ele>572.276530</ele>
        <time>2026-05-17T08:38:47.000Z</time>
      </trkpt>
      <trkpt lat="36.767192" lon="-5.161981">
        <ele>572.199620</ele>
        <time>2026-05-17T08:38:48.000Z</time>
      </trkpt>
      <trkpt lat="36.767202" lon="-5.161984">
        <ele>572.128461</ele>
        <time>2026-05-17T08:38:49.000Z</time>
      </trkpt>
      <trkpt lat="36.767215" lon="-5.161989">
        <ele>572.034344</ele>
        <time>2026-05-17T08:38:50.000Z</time>
      </trkpt>
      <trkpt lat="36.767249" lon="-5.162004">
        <ele>571.784844</ele>
        <time>2026-05-17T08:38:53.000Z</time>
      </trkpt>
      <trkpt lat="36.767262" lon="-5.162006">
        <ele>571.694219</ele>
        <time>2026-05-17T08:38:54.000Z</time>
      </trkpt>
      <trkpt lat="36.767288" lon="-5.162018">
        <ele>571.502427</ele>
        <time>2026-05-17T08:38:57.000Z</time>
      </trkpt>
      <trkpt lat="36.767321" lon="-5.162032">
        <ele>571.261280</ele>
        <time>2026-05-17T08:39:00.000Z</time>
      </trkpt>
      <trkpt lat="36.767358" lon="-5.162044">
        <ele>570.996784</ele>
        <time>2026-05-17T08:39:03.000Z</time>
      </trkpt>
      <trkpt lat="36.767400" lon="-5.162062">
        <ele>570.689544</ele>
        <time>2026-05-17T08:39:06.000Z</time>
      </trkpt>
      <trkpt lat="36.767442" lon="-5.162089">
        <ele>570.362684</ele>
        <time>2026-05-17T08:39:12.000Z</time>
      </trkpt>
      <trkpt lat="36.767452" lon="-5.162093">
        <ele>570.290030</ele>
        <time>2026-05-17T08:39:13.000Z</time>
      </trkpt>
      <trkpt lat="36.767494" lon="-5.162109">
        <ele>569.986208</ele>
        <time>2026-05-17T08:39:17.000Z</time>
      </trkpt>
      <trkpt lat="36.767525" lon="-5.162134">
        <ele>569.730860</ele>
        <time>2026-05-17T08:39:20.000Z</time>
      </trkpt>
      <trkpt lat="36.767551" lon="-5.162176">
        <ele>569.436668</ele>
        <time>2026-05-17T08:39:23.000Z</time>
      </trkpt>
      <trkpt lat="36.767564" lon="-5.162227">
        <ele>569.140036</ele>
        <time>2026-05-17T08:39:27.000Z</time>
      </trkpt>
      <trkpt lat="36.767570" lon="-5.162285">
        <ele>568.815902</ele>
        <time>2026-05-17T08:39:32.000Z</time>
      </trkpt>
      <trkpt lat="36.767577" lon="-5.162322">
        <ele>568.605189</ele>
        <time>2026-05-17T08:39:34.000Z</time>
      </trkpt>
      <trkpt lat="36.767597" lon="-5.162429">
        <ele>567.707323</ele>
        <time>2026-05-17T08:39:41.000Z</time>
      </trkpt>
      <trkpt lat="36.767610" lon="-5.162460">
        <ele>567.345625</ele>
        <time>2026-05-17T08:39:44.000Z</time>
      </trkpt>
      <trkpt lat="36.767678" lon="-5.162524">
        <ele>566.246709</ele>
        <time>2026-05-17T08:39:51.000Z</time>
      </trkpt>
      <trkpt lat="36.767699" lon="-5.162535">
        <ele>565.952837</ele>
        <time>2026-05-17T08:39:53.000Z</time>
      </trkpt>
      <trkpt lat="36.767748" lon="-5.162555">
        <ele>565.287604</ele>
        <time>2026-05-17T08:39:57.000Z</time>
      </trkpt>
      <trkpt lat="36.767762" lon="-5.162556">
        <ele>565.106654</ele>
        <time>2026-05-17T08:39:59.000Z</time>
      </trkpt>
      <trkpt lat="36.767792" lon="-5.162556">
        <ele>564.719536</ele>
        <time>2026-05-17T08:40:02.000Z</time>
      </trkpt>
      <trkpt lat="36.767808" lon="-5.162551">
        <ele>564.506702</ele>
        <time>2026-05-17T08:40:06.000Z</time>
      </trkpt>
      <trkpt lat="36.767815" lon="-5.162553">
        <ele>564.414039</ele>
        <time>2026-05-17T08:40:15.000Z</time>
      </trkpt>
      <trkpt lat="36.767819" lon="-5.162556">
        <ele>564.353824</ele>
        <time>2026-05-17T08:40:17.000Z</time>
      </trkpt>
      <trkpt lat="36.767837" lon="-5.162557">
        <ele>564.121323</ele>
        <time>2026-05-17T08:40:20.000Z</time>
      </trkpt>
      <trkpt lat="36.767860" lon="-5.162557">
        <ele>563.824533</ele>
        <time>2026-05-17T08:40:23.000Z</time>
      </trkpt>
      <trkpt lat="36.767865" lon="-5.162556">
        <ele>563.759190</ele>
        <time>2026-05-17T08:40:24.000Z</time>
      </trkpt>
      <trkpt lat="36.767869" lon="-5.162544">
        <ele>563.624837</ele>
        <time>2026-05-17T08:40:27.000Z</time>
      </trkpt>
      <trkpt lat="36.767858" lon="-5.162558">
        <ele>563.422128</ele>
        <time>2026-05-17T08:40:36.000Z</time>
      </trkpt>
      <trkpt lat="36.767893" lon="-5.162559">
        <ele>562.970372</ele>
        <time>2026-05-17T08:40:45.000Z</time>
      </trkpt>
      <trkpt lat="36.767890" lon="-5.162555">
        <ele>562.913731</ele>
        <time>2026-05-17T08:40:46.000Z</time>
      </trkpt>
      <trkpt lat="36.767866" lon="-5.162558">
        <ele>562.602488</ele>
        <time>2026-05-17T08:40:48.000Z</time>
      </trkpt>
      <trkpt lat="36.767859" lon="-5.162560">
        <ele>562.509825</ele>
        <time>2026-05-17T08:40:49.000Z</time>
      </trkpt>
      <trkpt lat="36.767870" lon="-5.162568">
        <ele>562.345549</ele>
        <time>2026-05-17T08:40:54.000Z</time>
      </trkpt>
      <trkpt lat="36.767867" lon="-5.162564">
        <ele>562.288908</ele>
        <time>2026-05-17T08:40:56.000Z</time>
      </trkpt>
      <trkpt lat="36.767866" lon="-5.162564">
        <ele>562.276004</ele>
        <time>2026-05-17T08:40:58.000Z</time>
      </trkpt>
      <trkpt lat="36.767865" lon="-5.162561">
        <ele>562.242416</ele>
        <time>2026-05-17T08:41:01.000Z</time>
      </trkpt>
      <trkpt lat="36.767908" lon="-5.162557">
        <ele>561.686008</ele>
        <time>2026-05-17T08:41:06.000Z</time>
      </trkpt>
      <trkpt lat="36.767941" lon="-5.162548">
        <ele>561.250134</ele>
        <time>2026-05-17T08:41:08.000Z</time>
      </trkpt>
      <trkpt lat="36.768010" lon="-5.162525">
        <ele>560.328568</ele>
        <time>2026-05-17T08:41:13.000Z</time>
      </trkpt>
      <trkpt lat="36.768036" lon="-5.162516">
        <ele>559.980406</ele>
        <time>2026-05-17T08:41:15.000Z</time>
      </trkpt>
      <trkpt lat="36.768067" lon="-5.162504">
        <ele>559.561593</ele>
        <time>2026-05-17T08:41:19.000Z</time>
      </trkpt>
      <trkpt lat="36.768107" lon="-5.162495">
        <ele>559.037119</ele>
        <time>2026-05-17T08:41:23.000Z</time>
      </trkpt>
      <trkpt lat="36.768119" lon="-5.162492">
        <ele>558.879197</ele>
        <time>2026-05-17T08:41:24.000Z</time>
      </trkpt>
      <trkpt lat="36.768173" lon="-5.162485">
        <ele>558.178638</ele>
        <time>2026-05-17T08:41:29.000Z</time>
      </trkpt>
      <trkpt lat="36.768215" lon="-5.162488">
        <ele>557.635786</ele>
        <time>2026-05-17T08:41:32.000Z</time>
      </trkpt>
      <trkpt lat="36.768249" lon="-5.162496">
        <ele>557.189327</ele>
        <time>2026-05-17T08:41:34.000Z</time>
      </trkpt>
      <trkpt lat="36.768345" lon="-5.162517">
        <ele>555.931674</ele>
        <time>2026-05-17T08:41:41.000Z</time>
      </trkpt>
      <trkpt lat="36.768357" lon="-5.162519">
        <ele>555.775453</ele>
        <time>2026-05-17T08:41:42.000Z</time>
      </trkpt>
      <trkpt lat="36.768435" lon="-5.162554">
        <ele>554.705899</ele>
        <time>2026-05-17T08:41:49.000Z</time>
      </trkpt>
      <trkpt lat="36.768462" lon="-5.162575">
        <ele>554.295402</ele>
        <time>2026-05-17T08:41:51.000Z</time>
      </trkpt>
      <trkpt lat="36.768503" lon="-5.162606">
        <ele>553.676864</ele>
        <time>2026-05-17T08:41:55.000Z</time>
      </trkpt>
      <trkpt lat="36.768549" lon="-5.162659">
        <ele>552.869102</ele>
        <time>2026-05-17T08:42:01.000Z</time>
      </trkpt>
      <trkpt lat="36.768593" lon="-5.162696">
        <ele>552.184526</ele>
        <time>2026-05-17T08:42:05.000Z</time>
      </trkpt>
      <trkpt lat="36.768620" lon="-5.162712">
        <ele>551.798858</ele>
        <time>2026-05-17T08:42:08.000Z</time>
      </trkpt>
      <trkpt lat="36.768665" lon="-5.162715">
        <ele>551.217353</ele>
        <time>2026-05-17T08:42:12.000Z</time>
      </trkpt>
      <trkpt lat="36.768700" lon="-5.162708">
        <ele>550.759956</ele>
        <time>2026-05-17T08:42:15.000Z</time>
      </trkpt>
      <trkpt lat="36.768766" lon="-5.162699">
        <ele>549.903231</ele>
        <time>2026-05-17T08:42:21.000Z</time>
      </trkpt>
      <trkpt lat="36.768776" lon="-5.162699">
        <ele>549.774191</ele>
        <time>2026-05-17T08:42:23.000Z</time>
      </trkpt>
      <trkpt lat="36.768764" lon="-5.162702">
        <ele>549.616270</ele>
        <time>2026-05-17T08:42:25.000Z</time>
      </trkpt>
      <trkpt lat="36.768758" lon="-5.162701">
        <ele>549.538159</ele>
        <time>2026-05-17T08:42:26.000Z</time>
      </trkpt>
      <trkpt lat="36.768746" lon="-5.162677">
        <ele>549.245716</ele>
        <time>2026-05-17T08:42:32.000Z</time>
      </trkpt>
      <trkpt lat="36.768740" lon="-5.162677">
        <ele>549.168292</ele>
        <time>2026-05-17T08:42:34.000Z</time>
      </trkpt>
      <trkpt lat="36.768768" lon="-5.162706">
        <ele>548.698819</ele>
        <time>2026-05-17T08:42:43.000Z</time>
      </trkpt>
      <trkpt lat="36.768834" lon="-5.162722">
        <ele>547.831249</ele>
        <time>2026-05-17T08:42:50.000Z</time>
      </trkpt>
      <trkpt lat="36.768926" lon="-5.162778">
        <ele>546.510480</ele>
        <time>2026-05-17T08:42:59.000Z</time>
      </trkpt>
      <trkpt lat="36.768987" lon="-5.162810">
        <ele>545.656664</ele>
        <time>2026-05-17T08:43:06.000Z</time>
      </trkpt>
      <trkpt lat="36.769023" lon="-5.162820">
        <ele>545.180761</ele>
        <time>2026-05-17T08:43:10.000Z</time>
      </trkpt>
      <trkpt lat="36.769076" lon="-5.162851">
        <ele>544.738883</ele>
        <time>2026-05-17T08:43:14.000Z</time>
      </trkpt>
      <trkpt lat="36.769114" lon="-5.162876">
        <ele>544.434495</ele>
        <time>2026-05-17T08:43:20.000Z</time>
      </trkpt>
      <trkpt lat="36.769194" lon="-5.162907">
        <ele>543.840904</ele>
        <time>2026-05-17T08:43:27.000Z</time>
      </trkpt>
      <trkpt lat="36.769247" lon="-5.162941">
        <ele>543.418639</ele>
        <time>2026-05-17T08:43:35.000Z</time>
      </trkpt>
      <trkpt lat="36.769347" lon="-5.162991">
        <ele>542.655277</ele>
        <time>2026-05-17T08:43:44.000Z</time>
      </trkpt>
      <trkpt lat="36.769355" lon="-5.162996">
        <ele>542.591878</ele>
        <time>2026-05-17T08:43:45.000Z</time>
      </trkpt>
      <trkpt lat="36.769419" lon="-5.163042">
        <ele>542.068552</ele>
        <time>2026-05-17T08:43:52.000Z</time>
      </trkpt>
      <trkpt lat="36.769442" lon="-5.163064">
        <ele>541.863222</ele>
        <time>2026-05-17T08:43:54.000Z</time>
      </trkpt>
      <trkpt lat="36.769535" lon="-5.163117">
        <ele>541.138766</ele>
        <time>2026-05-17T08:44:02.000Z</time>
      </trkpt>
      <trkpt lat="36.769583" lon="-5.163131">
        <ele>540.789461</ele>
        <time>2026-05-17T08:44:06.000Z</time>
      </trkpt>
      <trkpt lat="36.769641" lon="-5.163138">
        <ele>540.376536</ele>
        <time>2026-05-17T08:44:10.000Z</time>
      </trkpt>
      <trkpt lat="36.769665" lon="-5.163144">
        <ele>540.203087</ele>
        <time>2026-05-17T08:44:12.000Z</time>
      </trkpt>
      <trkpt lat="36.769745" lon="-5.163169">
        <ele>539.618687</ele>
        <time>2026-05-17T08:44:18.000Z</time>
      </trkpt>
      <trkpt lat="36.769777" lon="-5.163180">
        <ele>539.383483</ele>
        <time>2026-05-17T08:44:20.000Z</time>
      </trkpt>
      <trkpt lat="36.769850" lon="-5.163199">
        <ele>538.855056</ele>
        <time>2026-05-17T08:44:26.000Z</time>
      </trkpt>
      <trkpt lat="36.769884" lon="-5.163212">
        <ele>538.603073</ele>
        <time>2026-05-17T08:44:29.000Z</time>
      </trkpt>
      <trkpt lat="36.769934" lon="-5.163232">
        <ele>538.231011</ele>
        <time>2026-05-17T08:44:33.000Z</time>
      </trkpt>
      <trkpt lat="36.769988" lon="-5.163257">
        <ele>537.822881</ele>
        <time>2026-05-17T08:44:38.000Z</time>
      </trkpt>
      <trkpt lat="36.770091" lon="-5.163288">
        <ele>537.072074</ele>
        <time>2026-05-17T08:44:47.000Z</time>
      </trkpt>
      <trkpt lat="36.770221" lon="-5.163319">
        <ele>536.134192</ele>
        <time>2026-05-17T08:44:57.000Z</time>
      </trkpt>
      <trkpt lat="36.770258" lon="-5.163328">
        <ele>535.867066</ele>
        <time>2026-05-17T08:45:00.000Z</time>
      </trkpt>
      <trkpt lat="36.770342" lon="-5.163355">
        <ele>535.252398</ele>
        <time>2026-05-17T08:45:07.000Z</time>
      </trkpt>
      <trkpt lat="36.770431" lon="-5.163402">
        <ele>534.567604</ele>
        <time>2026-05-17T08:45:15.000Z</time>
      </trkpt>
      <trkpt lat="36.770500" lon="-5.163446">
        <ele>534.018549</ele>
        <time>2026-05-17T08:45:23.000Z</time>
      </trkpt>
      <trkpt lat="36.770524" lon="-5.163418">
        <ele>533.785768</ele>
        <time>2026-05-17T08:45:29.000Z</time>
      </trkpt>
      <trkpt lat="36.770528" lon="-5.163411">
        <ele>533.736959</ele>
        <time>2026-05-17T08:45:30.000Z</time>
      </trkpt>
      <trkpt lat="36.770617" lon="-5.163401">
        <ele>533.103724</ele>
        <time>2026-05-17T08:45:38.000Z</time>
      </trkpt>
      <trkpt lat="36.770633" lon="-5.163402">
        <ele>532.990201</ele>
        <time>2026-05-17T08:45:39.000Z</time>
      </trkpt>
      <trkpt lat="36.770714" lon="-5.163433">
        <ele>532.389838</ele>
        <time>2026-05-17T08:45:46.000Z</time>
      </trkpt>
      <trkpt lat="36.770721" lon="-5.163436">
        <ele>532.354706</ele>
        <time>2026-05-17T08:45:47.000Z</time>
      </trkpt>
      <trkpt lat="36.770713" lon="-5.163437">
        <ele>532.324108</ele>
        <time>2026-05-17T08:45:54.000Z</time>
      </trkpt>
      <trkpt lat="36.770809" lon="-5.163463">
        <ele>531.950265</ele>
        <time>2026-05-17T08:46:02.000Z</time>
      </trkpt>
      <trkpt lat="36.770876" lon="-5.163488">
        <ele>531.684139</ele>
        <time>2026-05-17T08:46:06.000Z</time>
      </trkpt>
      <trkpt lat="36.770927" lon="-5.163497">
        <ele>531.488120</ele>
        <time>2026-05-17T08:46:11.000Z</time>
      </trkpt>
      <trkpt lat="36.770964" lon="-5.163504">
        <ele>531.345702</ele>
        <time>2026-05-17T08:46:14.000Z</time>
      </trkpt>
      <trkpt lat="36.771047" lon="-5.163511">
        <ele>531.029111</ele>
        <time>2026-05-17T08:46:21.000Z</time>
      </trkpt>
      <trkpt lat="36.771065" lon="-5.163511">
        <ele>530.960609</ele>
        <time>2026-05-17T08:46:23.000Z</time>
      </trkpt>
      <trkpt lat="36.771170" lon="-5.163514">
        <ele>530.560908</ele>
        <time>2026-05-17T08:46:30.000Z</time>
      </trkpt>
      <trkpt lat="36.771321" lon="-5.163503">
        <ele>529.985274</ele>
        <time>2026-05-17T08:46:40.000Z</time>
      </trkpt>
      <trkpt lat="36.771400" lon="-5.163512">
        <ele>529.683377</ele>
        <time>2026-05-17T08:46:46.000Z</time>
      </trkpt>
      <trkpt lat="36.771462" lon="-5.163574">
        <ele>529.381059</ele>
        <time>2026-05-17T08:46:53.000Z</time>
      </trkpt>
      <trkpt lat="36.771502" lon="-5.163603">
        <ele>529.205023</ele>
        <time>2026-05-17T08:46:57.000Z</time>
      </trkpt>
      <trkpt lat="36.771551" lon="-5.163635">
        <ele>528.994571</ele>
        <time>2026-05-17T08:47:02.000Z</time>
      </trkpt>
      <trkpt lat="36.771641" lon="-5.163676">
        <ele>528.629968</ele>
        <time>2026-05-17T08:47:10.000Z</time>
      </trkpt>
      <trkpt lat="36.771737" lon="-5.163700">
        <ele>528.257370</ele>
        <time>2026-05-17T08:47:18.000Z</time>
      </trkpt>
      <trkpt lat="36.771737" lon="-5.163683">
        <ele>528.205546</ele>
        <time>2026-05-17T08:47:24.000Z</time>
      </trkpt>
      <trkpt lat="36.771730" lon="-5.163682">
        <ele>528.178733</ele>
        <time>2026-05-17T08:47:25.000Z</time>
      </trkpt>
      <trkpt lat="36.771726" lon="-5.163690">
        <ele>528.149984</ele>
        <time>2026-05-17T08:47:34.000Z</time>
      </trkpt>
      <trkpt lat="36.771747" lon="-5.163696">
        <ele>528.067999</ele>
        <time>2026-05-17T08:47:43.000Z</time>
      </trkpt>
      <trkpt lat="36.771759" lon="-5.163696">
        <ele>528.022331</ele>
        <time>2026-05-17T08:47:45.000Z</time>
      </trkpt>
      <trkpt lat="36.771797" lon="-5.163703">
        <ele>527.876149</ele>
        <time>2026-05-17T08:47:51.000Z</time>
      </trkpt>
      <trkpt lat="36.771841" lon="-5.163722">
        <ele>527.698965</ele>
        <time>2026-05-17T08:47:59.000Z</time>
      </trkpt>
      <trkpt lat="36.771855" lon="-5.163728">
        <ele>527.642634</ele>
        <time>2026-05-17T08:48:01.000Z</time>
      </trkpt>
      <trkpt lat="36.771904" lon="-5.163761">
        <ele>527.430751</ele>
        <time>2026-05-17T08:48:06.000Z</time>
      </trkpt>
      <trkpt lat="36.771992" lon="-5.163752">
        <ele>527.094730</ele>
        <time>2026-05-17T08:48:15.000Z</time>
      </trkpt>
      <trkpt lat="36.772114" lon="-5.163699">
        <ele>526.603129</ele>
        <time>2026-05-17T08:48:25.000Z</time>
      </trkpt>
      <trkpt lat="36.772207" lon="-5.163683">
        <ele>526.245857</ele>
        <time>2026-05-17T08:48:32.000Z</time>
      </trkpt>
      <trkpt lat="36.772222" lon="-5.163684">
        <ele>526.188690</ele>
        <time>2026-05-17T08:48:33.000Z</time>
      </trkpt>
      <trkpt lat="36.772360" lon="-5.163680">
        <ele>525.663366</ele>
        <time>2026-05-17T08:48:42.000Z</time>
      </trkpt>
      <trkpt lat="36.772460" lon="-5.163643">
        <ele>525.415804</ele>
        <time>2026-05-17T08:48:49.000Z</time>
      </trkpt>
      <trkpt lat="36.772495" lon="-5.163639">
        <ele>525.357926</ele>
        <time>2026-05-17T08:48:52.000Z</time>
      </trkpt>
      <trkpt lat="36.772591" lon="-5.163633">
        <ele>525.199637</ele>
        <time>2026-05-17T08:49:00.000Z</time>
      </trkpt>
      <trkpt lat="36.772733" lon="-5.163600">
        <ele>524.961777</ele>
        <time>2026-05-17T08:49:10.000Z</time>
      </trkpt>
      <trkpt lat="36.772849" lon="-5.163568">
        <ele>524.766142</ele>
        <time>2026-05-17T08:49:19.000Z</time>
      </trkpt>
      <trkpt lat="36.772915" lon="-5.163533">
        <ele>524.648055</ele>
        <time>2026-05-17T08:49:26.000Z</time>
      </trkpt>
      <trkpt lat="36.773001" lon="-5.163525">
        <ele>524.506039</ele>
        <time>2026-05-17T08:49:34.000Z</time>
      </trkpt>
      <trkpt lat="36.773067" lon="-5.163508">
        <ele>524.395062</ele>
        <time>2026-05-17T08:49:41.000Z</time>
      </trkpt>
      <trkpt lat="36.773079" lon="-5.163501">
        <ele>524.373250</ele>
        <time>2026-05-17T08:49:42.000Z</time>
      </trkpt>
      <trkpt lat="36.773140" lon="-5.163479">
        <ele>524.268689</ele>
        <time>2026-05-17T08:49:47.000Z</time>
      </trkpt>
      <trkpt lat="36.773219" lon="-5.163467">
        <ele>524.137634</ele>
        <time>2026-05-17T08:49:54.000Z</time>
      </trkpt>
      <trkpt lat="36.773299" lon="-5.163443">
        <ele>524.002141</ele>
        <time>2026-05-17T08:50:02.000Z</time>
      </trkpt>
      <trkpt lat="36.773368" lon="-5.163405">
        <ele>523.877948</ele>
        <time>2026-05-17T08:50:09.000Z</time>
      </trkpt>
      <trkpt lat="36.773452" lon="-5.163382">
        <ele>523.736330</ele>
        <time>2026-05-17T08:50:16.000Z</time>
      </trkpt>
      <trkpt lat="36.773524" lon="-5.163374">
        <ele>523.617293</ele>
        <time>2026-05-17T08:50:23.000Z</time>
      </trkpt>
      <trkpt lat="36.773578" lon="-5.163344">
        <ele>523.519960</ele>
        <time>2026-05-17T08:50:28.000Z</time>
      </trkpt>
      <trkpt lat="36.773589" lon="-5.163341">
        <ele>523.501418</ele>
        <time>2026-05-17T08:50:29.000Z</time>
      </trkpt>
      <trkpt lat="36.773672" lon="-5.163326">
        <ele>523.363310</ele>
        <time>2026-05-17T08:50:36.000Z</time>
      </trkpt>
      <trkpt lat="36.773753" lon="-5.163311">
        <ele>523.228461</ele>
        <time>2026-05-17T08:50:41.000Z</time>
      </trkpt>
      <trkpt lat="36.773799" lon="-5.163309">
        <ele>523.152664</ele>
        <time>2026-05-17T08:50:45.000Z</time>
      </trkpt>
      <trkpt lat="36.773869" lon="-5.163284">
        <ele>523.032765</ele>
        <time>2026-05-17T08:50:51.000Z</time>
      </trkpt>
      <trkpt lat="36.773879" lon="-5.163283">
        <ele>523.016244</ele>
        <time>2026-05-17T08:50:52.000Z</time>
      </trkpt>
      <trkpt lat="36.773897" lon="-5.163284">
        <ele>522.986573</ele>
        <time>2026-05-17T08:50:54.000Z</time>
      </trkpt>
      <trkpt lat="36.773906" lon="-5.163284">
        <ele>522.971752</ele>
        <time>2026-05-17T08:50:55.000Z</time>
      </trkpt>
      <trkpt lat="36.773961" lon="-5.163262">
        <ele>522.876643</ele>
        <time>2026-05-17T08:50:59.000Z</time>
      </trkpt>
      <trkpt lat="36.774041" lon="-5.163235">
        <ele>522.740172</ele>
        <time>2026-05-17T08:51:06.000Z</time>
      </trkpt>
      <trkpt lat="36.774132" lon="-5.163205">
        <ele>522.585178</ele>
        <time>2026-05-17T08:51:14.000Z</time>
      </trkpt>
      <trkpt lat="36.774199" lon="-5.163187">
        <ele>522.551802</ele>
        <time>2026-05-17T08:51:21.000Z</time>
      </trkpt>
      <trkpt lat="36.774261" lon="-5.163175">
        <ele>522.534520</ele>
        <time>2026-05-17T08:51:27.000Z</time>
      </trkpt>
      <trkpt lat="36.774353" lon="-5.163141">
        <ele>522.508090</ele>
        <time>2026-05-17T08:51:34.000Z</time>
      </trkpt>
      <trkpt lat="36.774419" lon="-5.163136">
        <ele>522.489876</ele>
        <time>2026-05-17T08:51:40.000Z</time>
      </trkpt>
      <trkpt lat="36.774500" lon="-5.163121">
        <ele>522.467320</ele>
        <time>2026-05-17T08:51:47.000Z</time>
      </trkpt>
      <trkpt lat="36.774599" lon="-5.163076">
        <ele>522.438298</ele>
        <time>2026-05-17T08:51:56.000Z</time>
      </trkpt>
      <trkpt lat="36.774667" lon="-5.163050">
        <ele>522.418708</ele>
        <time>2026-05-17T08:52:03.000Z</time>
      </trkpt>
      <trkpt lat="36.774754" lon="-5.163023">
        <ele>522.394013</ele>
        <time>2026-05-17T08:52:09.000Z</time>
      </trkpt>
      <trkpt lat="36.774844" lon="-5.162992">
        <ele>522.368295</ele>
        <time>2026-05-17T08:52:17.000Z</time>
      </trkpt>
      <trkpt lat="36.774934" lon="-5.162968">
        <ele>522.342944</ele>
        <time>2026-05-17T08:52:23.000Z</time>
      </trkpt>
      <trkpt lat="36.774942" lon="-5.162969">
        <ele>522.340730</ele>
        <time>2026-05-17T08:52:24.000Z</time>
      </trkpt>
      <trkpt lat="36.775012" lon="-5.162938">
        <ele>522.320270</ele>
        <time>2026-05-17T08:52:31.000Z</time>
      </trkpt>
      <trkpt lat="36.775080" lon="-5.162938">
        <ele>522.301539</ele>
        <time>2026-05-17T08:52:37.000Z</time>
      </trkpt>
      <trkpt lat="36.775174" lon="-5.162897">
        <ele>522.274111</ele>
        <time>2026-05-17T08:52:44.000Z</time>
      </trkpt>
      <trkpt lat="36.775254" lon="-5.162871">
        <ele>522.251339</ele>
        <time>2026-05-17T08:52:52.000Z</time>
      </trkpt>
      <trkpt lat="36.775358" lon="-5.162856">
        <ele>522.222501</ele>
        <time>2026-05-17T08:53:02.000Z</time>
      </trkpt>
      <trkpt lat="36.775465" lon="-5.162819">
        <ele>522.191917</ele>
        <time>2026-05-17T08:53:11.000Z</time>
      </trkpt>
      <trkpt lat="36.775548" lon="-5.162814">
        <ele>522.169027</ele>
        <time>2026-05-17T08:53:18.000Z</time>
      </trkpt>
      <trkpt lat="36.775660" lon="-5.162766">
        <ele>522.136408</ele>
        <time>2026-05-17T08:53:26.000Z</time>
      </trkpt>
      <trkpt lat="36.775716" lon="-5.162780">
        <ele>522.120676</ele>
        <time>2026-05-17T08:53:32.000Z</time>
      </trkpt>
      <trkpt lat="36.775795" lon="-5.162750">
        <ele>522.097930</ele>
        <time>2026-05-17T08:53:38.000Z</time>
      </trkpt>
      <trkpt lat="36.775850" lon="-5.162723">
        <ele>522.081650</ele>
        <time>2026-05-17T08:53:44.000Z</time>
      </trkpt>
      <trkpt lat="36.775851" lon="-5.162708">
        <ele>522.078329</ele>
        <time>2026-05-17T08:53:45.000Z</time>
      </trkpt>
      <trkpt lat="36.775846" lon="-5.162673">
        <ele>522.069085</ele>
        <time>2026-05-17T08:53:50.000Z</time>
      </trkpt>
      <trkpt lat="36.775856" lon="-5.162668">
        <ele>522.063843</ele>
        <time>2026-05-17T08:53:59.000Z</time>
      </trkpt>
      <trkpt lat="36.775862" lon="-5.162667">
        <ele>522.060898</ele>
        <time>2026-05-17T08:54:00.000Z</time>
      </trkpt>
      <trkpt lat="36.775896" lon="-5.162667">
        <ele>522.044354</ele>
        <time>2026-05-17T08:54:05.000Z</time>
      </trkpt>
      <trkpt lat="36.775892" lon="-5.162661">
        <ele>522.041311</ele>
        <time>2026-05-17T08:54:13.000Z</time>
      </trkpt>
      <trkpt lat="36.775963" lon="-5.162664">
        <ele>522.006743</ele>
        <time>2026-05-17T08:54:18.000Z</time>
      </trkpt>
      <trkpt lat="36.776067" lon="-5.162652">
        <ele>521.955922</ele>
        <time>2026-05-17T08:54:27.000Z</time>
      </trkpt>
      <trkpt lat="36.776189" lon="-5.162619">
        <ele>521.895181</ele>
        <time>2026-05-17T08:54:35.000Z</time>
      </trkpt>
      <trkpt lat="36.776273" lon="-5.162606">
        <ele>521.853994</ele>
        <time>2026-05-17T08:54:43.000Z</time>
      </trkpt>
      <trkpt lat="36.776293" lon="-5.162600">
        <ele>521.843985</ele>
        <time>2026-05-17T08:54:45.000Z</time>
      </trkpt>
      <trkpt lat="36.776339" lon="-5.162599">
        <ele>521.821599</ele>
        <time>2026-05-17T08:54:49.000Z</time>
      </trkpt>
      <trkpt lat="36.776358" lon="-5.162596">
        <ele>521.812280</ele>
        <time>2026-05-17T08:54:51.000Z</time>
      </trkpt>
      <trkpt lat="36.776443" lon="-5.162581">
        <ele>521.770508</ele>
        <time>2026-05-17T08:54:57.000Z</time>
      </trkpt>
      <trkpt lat="36.776531" lon="-5.162516">
        <ele>521.720755</ele>
        <time>2026-05-17T08:55:06.000Z</time>
      </trkpt>
      <trkpt lat="36.776579" lon="-5.162493">
        <ele>521.695738</ele>
        <time>2026-05-17T08:55:11.000Z</time>
      </trkpt>
      <trkpt lat="36.776591" lon="-5.162489">
        <ele>521.689694</ele>
        <time>2026-05-17T08:55:12.000Z</time>
      </trkpt>
      <trkpt lat="36.776637" lon="-5.162489">
        <ele>521.667311</ele>
        <time>2026-05-17T08:55:17.000Z</time>
      </trkpt>
      <trkpt lat="36.776712" lon="-5.162460">
        <ele>521.629106</ele>
        <time>2026-05-17T08:55:23.000Z</time>
      </trkpt>
      <trkpt lat="36.776773" lon="-5.162447">
        <ele>521.598995</ele>
        <time>2026-05-17T08:55:30.000Z</time>
      </trkpt>
      <trkpt lat="36.776847" lon="-5.162426">
        <ele>521.562069</ele>
        <time>2026-05-17T08:55:36.000Z</time>
      </trkpt>
      <trkpt lat="36.776879" lon="-5.162414">
        <ele>521.545810</ele>
        <time>2026-05-17T08:55:39.000Z</time>
      </trkpt>
      <trkpt lat="36.776954" lon="-5.162403">
        <ele>521.509065</ele>
        <time>2026-05-17T08:55:44.000Z</time>
      </trkpt>
      <trkpt lat="36.777015" lon="-5.162389">
        <ele>521.478886</ele>
        <time>2026-05-17T08:55:48.000Z</time>
      </trkpt>
      <trkpt lat="36.777073" lon="-5.162378">
        <ele>521.450339</ele>
        <time>2026-05-17T08:55:53.000Z</time>
      </trkpt>
      <trkpt lat="36.777096" lon="-5.162371">
        <ele>521.438820</ele>
        <time>2026-05-17T08:55:56.000Z</time>
      </trkpt>
      <trkpt lat="36.777201" lon="-5.162339">
        <ele>521.386228</ele>
        <time>2026-05-17T08:56:04.000Z</time>
      </trkpt>
      <trkpt lat="36.777291" lon="-5.162335">
        <ele>521.342407</ele>
        <time>2026-05-17T08:56:12.000Z</time>
      </trkpt>
      <trkpt lat="36.777377" lon="-5.162323">
        <ele>521.300299</ele>
        <time>2026-05-17T08:56:19.000Z</time>
      </trkpt>
      <trkpt lat="36.777454" lon="-5.162308">
        <ele>521.262378</ele>
        <time>2026-05-17T08:56:25.000Z</time>
      </trkpt>
      <trkpt lat="36.777475" lon="-5.162308">
        <ele>521.252160</ele>
        <time>2026-05-17T08:56:27.000Z</time>
      </trkpt>
      <trkpt lat="36.777572" lon="-5.162288">
        <ele>521.204321</ele>
        <time>2026-05-17T08:56:34.000Z</time>
      </trkpt>
      <trkpt lat="36.777645" lon="-5.162300">
        <ele>521.174053</ele>
        <time>2026-05-17T08:56:41.000Z</time>
      </trkpt>
      <trkpt lat="36.777722" lon="-5.162275">
        <ele>521.142862</ele>
        <time>2026-05-17T08:56:48.000Z</time>
      </trkpt>
      <trkpt lat="36.777809" lon="-5.162260">
        <ele>521.108430</ele>
        <time>2026-05-17T08:56:55.000Z</time>
      </trkpt>
      <trkpt lat="36.777903" lon="-5.162269">
        <ele>521.071470</ele>
        <time>2026-05-17T08:57:03.000Z</time>
      </trkpt>
      <trkpt lat="36.777916" lon="-5.162272">
        <ele>521.066287</ele>
        <time>2026-05-17T08:57:04.000Z</time>
      </trkpt>
      <trkpt lat="36.777976" lon="-5.162263">
        <ele>521.042595</ele>
        <time>2026-05-17T08:57:13.000Z</time>
      </trkpt>
      <trkpt lat="36.777942" lon="-5.162251">
        <ele>521.028743</ele>
        <time>2026-05-17T08:57:20.000Z</time>
      </trkpt>
      <trkpt lat="36.777971" lon="-5.162234">
        <ele>521.016183</ele>
        <time>2026-05-17T08:57:24.000Z</time>
      </trkpt>
      <trkpt lat="36.777995" lon="-5.162234">
        <ele>521.006774</ele>
        <time>2026-05-17T08:57:26.000Z</time>
      </trkpt>
      <trkpt lat="36.778090" lon="-5.162253">
        <ele>520.969055</ele>
        <time>2026-05-17T08:57:33.000Z</time>
      </trkpt>
      <trkpt lat="36.778240" lon="-5.162310">
        <ele>520.907585</ele>
        <time>2026-05-17T08:57:44.000Z</time>
      </trkpt>
      <trkpt lat="36.778323" lon="-5.162374">
        <ele>520.869340</ele>
        <time>2026-05-17T08:57:52.000Z</time>
      </trkpt>
      <trkpt lat="36.778395" lon="-5.162398">
        <ele>520.840124</ele>
        <time>2026-05-17T08:57:59.000Z</time>
      </trkpt>
      <trkpt lat="36.778433" lon="-5.162410">
        <ele>520.824757</ele>
        <time>2026-05-17T08:58:02.000Z</time>
      </trkpt>
      <trkpt lat="36.778479" lon="-5.162443">
        <ele>520.803958</ele>
        <time>2026-05-17T08:58:07.000Z</time>
      </trkpt>
      <trkpt lat="36.778580" lon="-5.162522">
        <ele>520.757233</ele>
        <time>2026-05-17T08:58:16.000Z</time>
      </trkpt>
      <trkpt lat="36.778665" lon="-5.162584">
        <ele>520.718639</ele>
        <time>2026-05-17T08:58:25.000Z</time>
      </trkpt>
      <trkpt lat="36.778694" lon="-5.162598">
        <ele>520.706449</ele>
        <time>2026-05-17T08:58:27.000Z</time>
      </trkpt>
      <trkpt lat="36.778734" lon="-5.162617">
        <ele>520.689671</ele>
        <time>2026-05-17T08:58:30.000Z</time>
      </trkpt>
      <trkpt lat="36.778768" lon="-5.162638">
        <ele>520.674800</ele>
        <time>2026-05-17T08:58:33.000Z</time>
      </trkpt>
      <trkpt lat="36.778864" lon="-5.162691">
        <ele>520.633648</ele>
        <time>2026-05-17T08:58:43.000Z</time>
      </trkpt>
      <trkpt lat="36.778882" lon="-5.162695">
        <ele>520.626480</ele>
        <time>2026-05-17T08:58:45.000Z</time>
      </trkpt>
      <trkpt lat="36.778942" lon="-5.162714">
        <ele>520.602213</ele>
        <time>2026-05-17T08:58:49.000Z</time>
      </trkpt>
      <trkpt lat="36.778992" lon="-5.162736">
        <ele>520.581429</ele>
        <time>2026-05-17T08:58:53.000Z</time>
      </trkpt>
      <trkpt lat="36.779021" lon="-5.162778">
        <ele>520.564017</ele>
        <time>2026-05-17T08:58:59.000Z</time>
      </trkpt>
      <trkpt lat="36.779025" lon="-5.162791">
        <ele>520.559644</ele>
        <time>2026-05-17T08:59:05.000Z</time>
      </trkpt>
      <trkpt lat="36.779033" lon="-5.162775">
        <ele>520.553721</ele>
        <time>2026-05-17T08:59:09.000Z</time>
      </trkpt>
      <trkpt lat="36.779028" lon="-5.162777">
        <ele>520.551663</ele>
        <time>2026-05-17T08:59:16.000Z</time>
      </trkpt>
      <trkpt lat="36.779021" lon="-5.162779">
        <ele>520.548848</ele>
        <time>2026-05-17T08:59:18.000Z</time>
      </trkpt>
      <trkpt lat="36.779029" lon="-5.162793">
        <ele>520.543447</ele>
        <time>2026-05-17T08:59:23.000Z</time>
      </trkpt>
      <trkpt lat="36.779032" lon="-5.162798">
        <ele>520.541486</ele>
        <time>2026-05-17T08:59:26.000Z</time>
      </trkpt>
      <trkpt lat="36.779025" lon="-5.162801">
        <ele>520.538584</ele>
        <time>2026-05-17T08:59:30.000Z</time>
      </trkpt>
      <trkpt lat="36.779049" lon="-5.162777">
        <ele>520.526529</ele>
        <time>2026-05-17T08:59:37.000Z</time>
      </trkpt>
      <trkpt lat="36.779105" lon="-5.162730">
        <ele>520.500075</ele>
        <time>2026-05-17T08:59:47.000Z</time>
      </trkpt>
      <trkpt lat="36.779182" lon="-5.162653">
        <ele>520.802147</ele>
        <time>2026-05-17T08:59:54.000Z</time>
      </trkpt>
      <trkpt lat="36.779229" lon="-5.162597">
        <ele>521.060660</ele>
        <time>2026-05-17T08:59:59.000Z</time>
      </trkpt>
      <trkpt lat="36.779272" lon="-5.162540">
        <ele>521.310213</ele>
        <time>2026-05-17T09:00:06.000Z</time>
      </trkpt>
      <trkpt lat="36.779294" lon="-5.162500">
        <ele>521.464858</ele>
        <time>2026-05-17T09:00:09.000Z</time>
      </trkpt>
      <trkpt lat="36.779315" lon="-5.162482">
        <ele>521.566216</ele>
        <time>2026-05-17T09:00:12.000Z</time>
      </trkpt>
      <trkpt lat="36.779398" lon="-5.162455">
        <ele>521.907508</ele>
        <time>2026-05-17T09:00:19.000Z</time>
      </trkpt>
      <trkpt lat="36.779426" lon="-5.162469">
        <ele>522.027525</ele>
        <time>2026-05-17T09:00:27.000Z</time>
      </trkpt>
      <trkpt lat="36.779425" lon="-5.162417">
        <ele>522.193299</ele>
        <time>2026-05-17T09:00:37.000Z</time>
      </trkpt>
      <trkpt lat="36.779417" lon="-5.162408">
        <ele>522.236148</ele>
        <time>2026-05-17T09:00:45.000Z</time>
      </trkpt>
      <trkpt lat="36.779431" lon="-5.162375">
        <ele>522.355164</ele>
        <time>2026-05-17T09:00:49.000Z</time>
      </trkpt>
      <trkpt lat="36.779447" lon="-5.162360">
        <ele>522.434780</ele>
        <time>2026-05-17T09:00:54.000Z</time>
      </trkpt>
      <trkpt lat="36.779451" lon="-5.162371">
        <ele>522.473281</ele>
        <time>2026-05-17T09:00:58.000Z</time>
      </trkpt>
      <trkpt lat="36.779457" lon="-5.162384">
        <ele>522.521099</ele>
        <time>2026-05-17T09:01:02.000Z</time>
      </trkpt>
      <trkpt lat="36.779447" lon="-5.162388">
        <ele>522.562882</ele>
        <time>2026-05-17T09:01:05.000Z</time>
      </trkpt>
      <trkpt lat="36.779448" lon="-5.162386">
        <ele>522.570397</ele>
        <time>2026-05-17T09:01:06.000Z</time>
      </trkpt>
      <trkpt lat="36.779450" lon="-5.162380">
        <ele>522.591109</ele>
        <time>2026-05-17T09:01:12.000Z</time>
      </trkpt>
      <trkpt lat="36.779472" lon="-5.162376">
        <ele>522.679572</ele>
        <time>2026-05-17T09:01:19.000Z</time>
      </trkpt>
      <trkpt lat="36.779555" lon="-5.162426">
        <ele>523.046272</ele>
        <time>2026-05-17T09:01:26.000Z</time>
      </trkpt>
      <trkpt lat="36.779634" lon="-5.162462">
        <ele>523.380905</ele>
        <time>2026-05-17T09:01:33.000Z</time>
      </trkpt>
      <trkpt lat="36.779732" lon="-5.162492">
        <ele>523.782407</ele>
        <time>2026-05-17T09:01:40.000Z</time>
      </trkpt>
      <trkpt lat="36.779810" lon="-5.162511">
        <ele>524.098629</ele>
        <time>2026-05-17T09:01:47.000Z</time>
      </trkpt>
      <trkpt lat="36.779813" lon="-5.162516">
        <ele>524.118540</ele>
        <time>2026-05-17T09:01:48.000Z</time>
      </trkpt>
      <trkpt lat="36.779873" lon="-5.162547">
        <ele>524.376921</ele>
        <time>2026-05-17T09:01:53.000Z</time>
      </trkpt>
      <trkpt lat="36.779905" lon="-5.162568">
        <ele>524.520770</ele>
        <time>2026-05-17T09:01:57.000Z</time>
      </trkpt>
      <trkpt lat="36.779947" lon="-5.162594">
        <ele>524.707307</ele>
        <time>2026-05-17T09:02:01.000Z</time>
      </trkpt>
      <trkpt lat="36.779958" lon="-5.162601">
        <ele>524.756434</ele>
        <time>2026-05-17T09:02:02.000Z</time>
      </trkpt>
      <trkpt lat="36.779985" lon="-5.162620">
        <ele>524.879760</ele>
        <time>2026-05-17T09:02:05.000Z</time>
      </trkpt>
      <trkpt lat="36.780013" lon="-5.162638">
        <ele>525.005076</ele>
        <time>2026-05-17T09:02:08.000Z</time>
      </trkpt>
      <trkpt lat="36.780048" lon="-5.162664">
        <ele>525.167132</ele>
        <time>2026-05-17T09:02:11.000Z</time>
      </trkpt>
      <trkpt lat="36.780079" lon="-5.162671">
        <ele>525.292485</ele>
        <time>2026-05-17T09:02:14.000Z</time>
      </trkpt>
      <trkpt lat="36.780111" lon="-5.162699">
        <ele>525.447973</ele>
        <time>2026-05-17T09:02:17.000Z</time>
      </trkpt>
      <trkpt lat="36.780131" lon="-5.162727">
        <ele>525.567541</ele>
        <time>2026-05-17T09:02:19.000Z</time>
      </trkpt>
      <trkpt lat="36.780152" lon="-5.162754">
        <ele>525.687486</ele>
        <time>2026-05-17T09:02:22.000Z</time>
      </trkpt>
      <trkpt lat="36.780229" lon="-5.162805">
        <ele>526.034321</ele>
        <time>2026-05-17T09:02:30.000Z</time>
      </trkpt>
      <trkpt lat="36.780294" lon="-5.162848">
        <ele>526.327025</ele>
        <time>2026-05-17T09:02:38.000Z</time>
      </trkpt>
      <trkpt lat="36.780359" lon="-5.162892">
        <ele>526.621235</ele>
        <time>2026-05-17T09:02:45.000Z</time>
      </trkpt>
      <trkpt lat="36.780375" lon="-5.162906">
        <ele>526.698979</ele>
        <time>2026-05-17T09:02:47.000Z</time>
      </trkpt>
      <trkpt lat="36.780438" lon="-5.162941">
        <ele>526.973359</ele>
        <time>2026-05-17T09:02:54.000Z</time>
      </trkpt>
      <trkpt lat="36.780450" lon="-5.162942">
        <ele>527.021215</ele>
        <time>2026-05-17T09:02:55.000Z</time>
      </trkpt>
      <trkpt lat="36.780480" lon="-5.162958">
        <ele>527.151023</ele>
        <time>2026-05-17T09:02:59.000Z</time>
      </trkpt>
      <trkpt lat="36.780522" lon="-5.162978">
        <ele>527.329888</ele>
        <time>2026-05-17T09:03:03.000Z</time>
      </trkpt>
      <trkpt lat="36.780616" lon="-5.162991">
        <ele>527.749731</ele>
        <time>2026-05-17T09:03:11.000Z</time>
      </trkpt>
      <trkpt lat="36.780698" lon="-5.163000">
        <ele>528.326206</ele>
        <time>2026-05-17T09:03:17.000Z</time>
      </trkpt>
      <trkpt lat="36.780741" lon="-5.163003">
        <ele>528.627813</ele>
        <time>2026-05-17T09:03:20.000Z</time>
      </trkpt>
      <trkpt lat="36.780787" lon="-5.162993">
        <ele>528.954805</ele>
        <time>2026-05-17T09:03:23.000Z</time>
      </trkpt>
      <trkpt lat="36.780809" lon="-5.162985">
        <ele>529.115277</ele>
        <time>2026-05-17T09:03:26.000Z</time>
      </trkpt>
      <trkpt lat="36.780842" lon="-5.162980">
        <ele>529.348077</ele>
        <time>2026-05-17T09:03:29.000Z</time>
      </trkpt>
      <trkpt lat="36.780896" lon="-5.162971">
        <ele>529.729603</ele>
        <time>2026-05-17T09:03:34.000Z</time>
      </trkpt>
      <trkpt lat="36.780906" lon="-5.162968">
        <ele>529.801628</ele>
        <time>2026-05-17T09:03:35.000Z</time>
      </trkpt>
      <trkpt lat="36.780997" lon="-5.162940">
        <ele>530.457984</ele>
        <time>2026-05-17T09:03:44.000Z</time>
      </trkpt>
      <trkpt lat="36.781009" lon="-5.162939">
        <ele>530.542209</ele>
        <time>2026-05-17T09:03:45.000Z</time>
      </trkpt>
      <trkpt lat="36.781113" lon="-5.162927">
        <ele>531.273643</ele>
        <time>2026-05-17T09:03:54.000Z</time>
      </trkpt>
      <trkpt lat="36.781126" lon="-5.162927">
        <ele>531.364685</ele>
        <time>2026-05-17T09:03:55.000Z</time>
      </trkpt>
      <trkpt lat="36.781190" lon="-5.162916">
        <ele>531.817115</ele>
        <time>2026-05-17T09:03:59.000Z</time>
      </trkpt>
      <trkpt lat="36.781218" lon="-5.162909">
        <ele>532.017096</ele>
        <time>2026-05-17T09:04:02.000Z</time>
      </trkpt>
      <trkpt lat="36.781271" lon="-5.162892">
        <ele>532.400317</ele>
        <time>2026-05-17T09:04:07.000Z</time>
      </trkpt>
      <trkpt lat="36.781292" lon="-5.162880">
        <ele>532.562054</ele>
        <time>2026-05-17T09:04:10.000Z</time>
      </trkpt>
      <trkpt lat="36.781396" lon="-5.162854">
        <ele>533.304842</ele>
        <time>2026-05-17T09:04:19.000Z</time>
      </trkpt>
      <trkpt lat="36.781434" lon="-5.162858">
        <ele>533.571907</ele>
        <time>2026-05-17T09:04:22.000Z</time>
      </trkpt>
      <trkpt lat="36.781480" lon="-5.162850">
        <ele>533.897163</ele>
        <time>2026-05-17T09:04:25.000Z</time>
      </trkpt>
      <trkpt lat="36.781567" lon="-5.162841">
        <ele>534.508527</ele>
        <time>2026-05-17T09:04:31.000Z</time>
      </trkpt>
      <trkpt lat="36.781607" lon="-5.162838">
        <ele>534.789159</ele>
        <time>2026-05-17T09:04:34.000Z</time>
      </trkpt>
      <trkpt lat="36.781646" lon="-5.162836">
        <ele>535.062513</ele>
        <time>2026-05-17T09:04:38.000Z</time>
      </trkpt>
      <trkpt lat="36.781672" lon="-5.162835">
        <ele>535.244682</ele>
        <time>2026-05-17T09:04:42.000Z</time>
      </trkpt>
      <trkpt lat="36.781761" lon="-5.162812">
        <ele>535.881176</ele>
        <time>2026-05-17T09:04:49.000Z</time>
      </trkpt>
      <trkpt lat="36.781813" lon="-5.162808">
        <ele>536.246032</ele>
        <time>2026-05-17T09:04:53.000Z</time>
      </trkpt>
      <trkpt lat="36.781825" lon="-5.162807">
        <ele>536.330257</ele>
        <time>2026-05-17T09:04:54.000Z</time>
      </trkpt>
      <trkpt lat="36.781882" lon="-5.162804">
        <ele>536.729792</ele>
        <time>2026-05-17T09:04:59.000Z</time>
      </trkpt>
      <trkpt lat="36.781906" lon="-5.162800">
        <ele>536.899359</ele>
        <time>2026-05-17T09:05:01.000Z</time>
      </trkpt>
      <trkpt lat="36.781918" lon="-5.162797">
        <ele>536.985066</ele>
        <time>2026-05-17T09:05:02.000Z</time>
      </trkpt>
      <trkpt lat="36.781949" lon="-5.162791">
        <ele>537.204757</ele>
        <time>2026-05-17T09:05:04.000Z</time>
      </trkpt>
      <trkpt lat="36.782006" lon="-5.162777">
        <ele>537.611588</ele>
        <time>2026-05-17T09:05:08.000Z</time>
      </trkpt>
      <trkpt lat="36.782038" lon="-5.162770">
        <ele>537.839104</ele>
        <time>2026-05-17T09:05:11.000Z</time>
      </trkpt>
      <trkpt lat="36.782056" lon="-5.162772">
        <ele>537.965659</ele>
        <time>2026-05-17T09:05:13.000Z</time>
      </trkpt>
      <trkpt lat="36.782147" lon="-5.162770">
        <ele>538.603047</ele>
        <time>2026-05-17T09:05:20.000Z</time>
      </trkpt>
      <trkpt lat="36.782228" lon="-5.162770">
        <ele>539.170304</ele>
        <time>2026-05-17T09:05:27.000Z</time>
      </trkpt>
      <trkpt lat="36.782238" lon="-5.162769">
        <ele>539.240560</ele>
        <time>2026-05-17T09:05:28.000Z</time>
      </trkpt>
      <trkpt lat="36.782279" lon="-5.162759">
        <ele>539.533118</ele>
        <time>2026-05-17T09:05:31.000Z</time>
      </trkpt>
      <trkpt lat="36.782291" lon="-5.162758">
        <ele>539.617343</ele>
        <time>2026-05-17T09:05:32.000Z</time>
      </trkpt>
      <trkpt lat="36.782301" lon="-5.162756">
        <ele>539.688267</ele>
        <time>2026-05-17T09:05:33.000Z</time>
      </trkpt>
      <trkpt lat="36.782323" lon="-5.162752">
        <ele>539.843962</ele>
        <time>2026-05-17T09:05:36.000Z</time>
      </trkpt>
      <trkpt lat="36.782410" lon="-5.162756">
        <ele>540.423527</ele>
        <time>2026-05-17T09:05:44.000Z</time>
      </trkpt>
      <trkpt lat="36.782427" lon="-5.162755">
        <ele>540.525492</ele>
        <time>2026-05-17T09:05:45.000Z</time>
      </trkpt>
      <trkpt lat="36.782477" lon="-5.162765">
        <ele>540.828874</ele>
        <time>2026-05-17T09:05:48.000Z</time>
      </trkpt>
      <trkpt lat="36.782511" lon="-5.162771">
        <ele>541.034603</ele>
        <time>2026-05-17T09:05:50.000Z</time>
      </trkpt>
      <trkpt lat="36.782565" lon="-5.162779">
        <ele>541.360401</ele>
        <time>2026-05-17T09:05:53.000Z</time>
      </trkpt>
      <trkpt lat="36.782645" lon="-5.162803">
        <ele>541.853345</ele>
        <time>2026-05-17T09:06:00.000Z</time>
      </trkpt>
      <trkpt lat="36.782665" lon="-5.162810">
        <ele>541.977790</ele>
        <time>2026-05-17T09:06:03.000Z</time>
      </trkpt>
      <trkpt lat="36.782722" lon="-5.162823">
        <ele>542.324943</ele>
        <time>2026-05-17T09:06:09.000Z</time>
      </trkpt>
      <trkpt lat="36.782822" lon="-5.162842">
        <ele>542.930968</ele>
        <time>2026-05-17T09:06:17.000Z</time>
      </trkpt>
      <trkpt lat="36.782866" lon="-5.162837">
        <ele>543.195674</ele>
        <time>2026-05-17T09:06:20.000Z</time>
      </trkpt>
      <trkpt lat="36.782967" lon="-5.162864">
        <ele>543.814508</ele>
        <time>2026-05-17T09:06:29.000Z</time>
      </trkpt>
      <trkpt lat="36.782988" lon="-5.162866">
        <ele>543.940690</ele>
        <time>2026-05-17T09:06:31.000Z</time>
      </trkpt>
      <trkpt lat="36.782995" lon="-5.162869">
        <ele>543.985031</ele>
        <time>2026-05-17T09:06:33.000Z</time>
      </trkpt>
      <trkpt lat="36.783014" lon="-5.162872">
        <ele>544.099772</ele>
        <time>2026-05-17T09:06:36.000Z</time>
      </trkpt>
      <trkpt lat="36.783101" lon="-5.162902">
        <ele>544.640527</ele>
        <time>2026-05-17T09:06:44.000Z</time>
      </trkpt>
      <trkpt lat="36.783161" lon="-5.162927">
        <ele>545.019491</ele>
        <time>2026-05-17T09:06:49.000Z</time>
      </trkpt>
      <trkpt lat="36.783204" lon="-5.162946">
        <ele>545.292773</ele>
        <time>2026-05-17T09:06:53.000Z</time>
      </trkpt>
      <trkpt lat="36.783211" lon="-5.162949">
        <ele>545.337114</ele>
        <time>2026-05-17T09:06:54.000Z</time>
      </trkpt>
      <trkpt lat="36.783293" lon="-5.162953">
        <ele>545.828774</ele>
        <time>2026-05-17T09:07:00.000Z</time>
      </trkpt>
      <trkpt lat="36.783302" lon="-5.162956">
        <ele>545.884584</ele>
        <time>2026-05-17T09:07:01.000Z</time>
      </trkpt>
      <trkpt lat="36.783401" lon="-5.162950">
        <ele>546.478419</ele>
        <time>2026-05-17T09:07:08.000Z</time>
      </trkpt>
      <trkpt lat="36.783480" lon="-5.162953">
        <ele>546.951949</ele>
        <time>2026-05-17T09:07:15.000Z</time>
      </trkpt>
      <trkpt lat="36.783512" lon="-5.162935">
        <ele>547.162227</ele>
        <time>2026-05-17T09:07:18.000Z</time>
      </trkpt>
      <trkpt lat="36.783565" lon="-5.162920">
        <ele>547.487821</ele>
        <time>2026-05-17T09:07:22.000Z</time>
      </trkpt>
      <trkpt lat="36.783659" lon="-5.162913">
        <ele>548.052002</ele>
        <time>2026-05-17T09:07:30.000Z</time>
      </trkpt>
      <trkpt lat="36.783669" lon="-5.162915">
        <ele>548.112678</ele>
        <time>2026-05-17T09:07:31.000Z</time>
      </trkpt>
      <trkpt lat="36.783746" lon="-5.162920">
        <ele>548.574630</ele>
        <time>2026-05-17T09:07:37.000Z</time>
      </trkpt>
      <trkpt lat="36.783794" lon="-5.162915">
        <ele>548.863211</ele>
        <time>2026-05-17T09:07:40.000Z</time>
      </trkpt>
      <trkpt lat="36.783839" lon="-5.162912">
        <ele>549.133203</ele>
        <time>2026-05-17T09:07:43.000Z</time>
      </trkpt>
      <trkpt lat="36.783860" lon="-5.162905">
        <ele>549.263426</ele>
        <time>2026-05-17T09:07:45.000Z</time>
      </trkpt>
      <trkpt lat="36.783870" lon="-5.162900">
        <ele>549.327964</ele>
        <time>2026-05-17T09:07:46.000Z</time>
      </trkpt>
      <trkpt lat="36.783964" lon="-5.162890">
        <ele>549.893185</ele>
        <time>2026-05-17T09:07:55.000Z</time>
      </trkpt>
      <trkpt lat="36.784034" lon="-5.162852">
        <ele>550.350498</ele>
        <time>2026-05-17T09:08:02.000Z</time>
      </trkpt>
      <trkpt lat="36.784046" lon="-5.162851">
        <ele>550.422553</ele>
        <time>2026-05-17T09:08:03.000Z</time>
      </trkpt>
      <trkpt lat="36.784113" lon="-5.162859">
        <ele>550.825801</ele>
        <time>2026-05-17T09:08:09.000Z</time>
      </trkpt>
      <trkpt lat="36.784174" lon="-5.162861">
        <ele>551.146734</ele>
        <time>2026-05-17T09:08:16.000Z</time>
      </trkpt>
      <trkpt lat="36.784214" lon="-5.162855">
        <ele>551.324717</ele>
        <time>2026-05-17T09:08:19.000Z</time>
      </trkpt>
      <trkpt lat="36.784280" lon="-5.162840">
        <ele>551.621083</ele>
        <time>2026-05-17T09:08:23.000Z</time>
      </trkpt>
      <trkpt lat="36.784356" lon="-5.162850">
        <ele>551.958696</ele>
        <time>2026-05-17T09:08:29.000Z</time>
      </trkpt>
      <trkpt lat="36.784349" lon="-5.162852">
        <ele>551.990420</ele>
        <time>2026-05-17T09:08:31.000Z</time>
      </trkpt>
      <trkpt lat="36.784356" lon="-5.162841">
        <ele>552.040130</ele>
        <time>2026-05-17T09:08:41.000Z</time>
      </trkpt>
      <trkpt lat="36.784430" lon="-5.162824">
        <ele>552.372535</ele>
        <time>2026-05-17T09:08:48.000Z</time>
      </trkpt>
      <trkpt lat="36.784475" lon="-5.162820">
        <ele>552.571840</ele>
        <time>2026-05-17T09:08:52.000Z</time>
      </trkpt>
      <trkpt lat="36.784488" lon="-5.162819">
        <ele>552.629380</ele>
        <time>2026-05-17T09:08:53.000Z</time>
      </trkpt>
      <trkpt lat="36.784528" lon="-5.162815">
        <ele>552.806659</ele>
        <time>2026-05-17T09:08:55.000Z</time>
      </trkpt>
      <trkpt lat="36.784618" lon="-5.162826">
        <ele>553.206162</ele>
        <time>2026-05-17T09:09:02.000Z</time>
      </trkpt>
      <trkpt lat="36.784710" lon="-5.162833">
        <ele>553.613354</ele>
        <time>2026-05-17T09:09:10.000Z</time>
      </trkpt>
      <trkpt lat="36.784770" lon="-5.162837">
        <ele>553.878800</ele>
        <time>2026-05-17T09:09:13.000Z</time>
      </trkpt>
      <trkpt lat="36.784832" lon="-5.162858">
        <ele>554.162603</ele>
        <time>2026-05-17T09:09:19.000Z</time>
      </trkpt>
      <trkpt lat="36.784896" lon="-5.162829">
        <ele>554.463386</ele>
        <time>2026-05-17T09:09:23.000Z</time>
      </trkpt>
      <trkpt lat="36.784915" lon="-5.162821">
        <ele>554.551968</ele>
        <time>2026-05-17T09:09:26.000Z</time>
      </trkpt>
      <trkpt lat="36.784937" lon="-5.162810">
        <ele>554.656663</ele>
        <time>2026-05-17T09:09:29.000Z</time>
      </trkpt>
      <trkpt lat="36.784945" lon="-5.162821">
        <ele>554.709235</ele>
        <time>2026-05-17T09:09:34.000Z</time>
      </trkpt>
      <trkpt lat="36.784968" lon="-5.162827">
        <ele>554.813039</ele>
        <time>2026-05-17T09:09:40.000Z</time>
      </trkpt>
      <trkpt lat="36.784963" lon="-5.162826">
        <ele>554.835409</ele>
        <time>2026-05-17T09:09:44.000Z</time>
      </trkpt>
      <trkpt lat="36.784959" lon="-5.162827">
        <ele>554.853431</ele>
        <time>2026-05-17T09:09:46.000Z</time>
      </trkpt>
      <trkpt lat="36.784956" lon="-5.162825">
        <ele>554.868456</ele>
        <time>2026-05-17T09:09:47.000Z</time>
      </trkpt>
      <trkpt lat="36.784952" lon="-5.162827">
        <ele>554.887491</ele>
        <time>2026-05-17T09:09:49.000Z</time>
      </trkpt>
      <trkpt lat="36.784948" lon="-5.162781">
        <ele>555.051204</ele>
        <time>2026-05-17T09:09:58.000Z</time>
      </trkpt>
      <trkpt lat="36.784939" lon="-5.162782">
        <ele>555.091121</ele>
        <time>2026-05-17T09:10:06.000Z</time>
      </trkpt>
      <trkpt lat="36.784937" lon="-5.162784">
        <ele>555.102441</ele>
        <time>2026-05-17T09:10:07.000Z</time>
      </trkpt>
      <trkpt lat="36.784934" lon="-5.162787">
        <ele>555.119421</ele>
        <time>2026-05-17T09:10:12.000Z</time>
      </trkpt>
      <trkpt lat="36.784920" lon="-5.162786">
        <ele>555.181371</ele>
        <time>2026-05-17T09:10:20.000Z</time>
      </trkpt>
      <trkpt lat="36.784918" lon="-5.162783">
        <ele>555.195182</ele>
        <time>2026-05-17T09:10:22.000Z</time>
      </trkpt>
      <trkpt lat="36.784919" lon="-5.162782">
        <ele>555.200842</ele>
        <time>2026-05-17T09:10:23.000Z</time>
      </trkpt>
      <trkpt lat="36.784937" lon="-5.162774">
        <ele>555.285250</ele>
        <time>2026-05-17T09:10:34.000Z</time>
      </trkpt>
      <trkpt lat="36.785009" lon="-5.162742">
        <ele>555.622882</ele>
        <time>2026-05-17T09:10:44.000Z</time>
      </trkpt>
      <trkpt lat="36.785019" lon="-5.162771">
        <ele>555.734596</ele>
        <time>2026-05-17T09:10:52.000Z</time>
      </trkpt>
      <trkpt lat="36.784952" lon="-5.162797">
        <ele>556.044555</ele>
        <time>2026-05-17T09:11:01.000Z</time>
      </trkpt>
      <trkpt lat="36.784949" lon="-5.162790">
        <ele>556.072645</ele>
        <time>2026-05-17T09:11:09.000Z</time>
      </trkpt>
      <trkpt lat="36.784938" lon="-5.162790">
        <ele>556.121241</ele>
        <time>2026-05-17T09:11:11.000Z</time>
      </trkpt>
      <trkpt lat="36.784938" lon="-5.162786">
        <ele>556.135394</ele>
        <time>2026-05-17T09:11:13.000Z</time>
      </trkpt>
      <trkpt lat="36.784947" lon="-5.162778">
        <ele>556.184200</ele>
        <time>2026-05-17T09:11:17.000Z</time>
      </trkpt>
      <trkpt lat="36.784954" lon="-5.162778">
        <ele>556.215125</ele>
        <time>2026-05-17T09:11:21.000Z</time>
      </trkpt>
      <trkpt lat="36.785002" lon="-5.162805">
        <ele>556.447705</ele>
        <time>2026-05-17T09:11:29.000Z</time>
      </trkpt>
      <trkpt lat="36.785055" lon="-5.162810">
        <ele>556.682516</ele>
        <time>2026-05-17T09:11:36.000Z</time>
      </trkpt>
      <trkpt lat="36.785065" lon="-5.162812">
        <ele>556.727257</ele>
        <time>2026-05-17T09:11:38.000Z</time>
      </trkpt>
      <trkpt lat="36.785058" lon="-5.162824">
        <ele>556.779784</ele>
        <time>2026-05-17T09:11:48.000Z</time>
      </trkpt>
      <trkpt lat="36.785063" lon="-5.162819">
        <ele>556.808084</ele>
        <time>2026-05-17T09:11:50.000Z</time>
      </trkpt>
      <trkpt lat="36.785091" lon="-5.162800">
        <ele>556.948869</ele>
        <time>2026-05-17T09:11:53.000Z</time>
      </trkpt>
      <trkpt lat="36.785109" lon="-5.162798">
        <ele>557.028704</ele>
        <time>2026-05-17T09:11:55.000Z</time>
      </trkpt>
      <trkpt lat="36.785155" lon="-5.162794">
        <ele>557.232415</ele>
        <time>2026-05-17T09:11:59.000Z</time>
      </trkpt>
      <trkpt lat="36.785208" lon="-5.162782">
        <ele>557.470378</ele>
        <time>2026-05-17T09:12:03.000Z</time>
      </trkpt>
      <trkpt lat="36.785233" lon="-5.162783">
        <ele>557.580880</ele>
        <time>2026-05-17T09:12:05.000Z</time>
      </trkpt>
      <trkpt lat="36.785255" lon="-5.162777">
        <ele>557.680363</ele>
        <time>2026-05-17T09:12:07.000Z</time>
      </trkpt>
      <trkpt lat="36.785278" lon="-5.162767">
        <ele>557.787956</ele>
        <time>2026-05-17T09:12:09.000Z</time>
      </trkpt>
      <trkpt lat="36.785338" lon="-5.162760">
        <ele>558.054179</ele>
        <time>2026-05-17T09:12:13.000Z</time>
      </trkpt>
      <trkpt lat="36.785388" lon="-5.162755">
        <ele>558.275777</ele>
        <time>2026-05-17T09:12:17.000Z</time>
      </trkpt>
      <trkpt lat="36.785456" lon="-5.162738">
        <ele>558.582150</ele>
        <time>2026-05-17T09:12:22.000Z</time>
      </trkpt>
      <trkpt lat="36.785508" lon="-5.162738">
        <ele>558.811877</ele>
        <time>2026-05-17T09:12:29.000Z</time>
      </trkpt>
      <trkpt lat="36.785526" lon="-5.162730">
        <ele>558.896285</ele>
        <time>2026-05-17T09:12:31.000Z</time>
      </trkpt>
      <trkpt lat="36.785591" lon="-5.162703">
        <ele>559.411327</ele>
        <time>2026-05-17T09:12:36.000Z</time>
      </trkpt>
      <trkpt lat="36.785677" lon="-5.162694">
        <ele>560.142399</ele>
        <time>2026-05-17T09:12:43.000Z</time>
      </trkpt>
      <trkpt lat="36.785712" lon="-5.162689">
        <ele>560.440823</ele>
        <time>2026-05-17T09:12:46.000Z</time>
      </trkpt>
      <trkpt lat="36.785836" lon="-5.162676">
        <ele>561.494940</ele>
        <time>2026-05-17T09:12:56.000Z</time>
      </trkpt>
      <trkpt lat="36.785906" lon="-5.162666">
        <ele>562.091787</ele>
        <time>2026-05-17T09:13:02.000Z</time>
      </trkpt>
      <trkpt lat="36.785951" lon="-5.162655">
        <ele>562.480225</ele>
        <time>2026-05-17T09:13:06.000Z</time>
      </trkpt>
      <trkpt lat="36.786007" lon="-5.162650">
        <ele>562.955819</ele>
        <time>2026-05-17T09:13:11.000Z</time>
      </trkpt>
      <trkpt lat="36.786063" lon="-5.162657">
        <ele>563.432574</ele>
        <time>2026-05-17T09:13:16.000Z</time>
      </trkpt>
      <trkpt lat="36.786088" lon="-5.162651">
        <ele>563.648229</ele>
        <time>2026-05-17T09:13:18.000Z</time>
      </trkpt>
      <trkpt lat="36.786160" lon="-5.162623">
        <ele>564.287048</ele>
        <time>2026-05-17T09:13:25.000Z</time>
      </trkpt>
      <trkpt lat="36.786193" lon="-5.162619">
        <ele>564.567910</ele>
        <time>2026-05-17T09:13:28.000Z</time>
      </trkpt>
      <trkpt lat="36.786212" lon="-5.162619">
        <ele>564.728861</ele>
        <time>2026-05-17T09:13:30.000Z</time>
      </trkpt>
      <trkpt lat="36.786228" lon="-5.162627">
        <ele>564.874862</ele>
        <time>2026-05-17T09:13:40.000Z</time>
      </trkpt>
      <trkpt lat="36.786224" lon="-5.162633">
        <ele>564.927826</ele>
        <time>2026-05-17T09:13:49.000Z</time>
      </trkpt>
      <trkpt lat="36.786231" lon="-5.162629">
        <ele>564.993038</ele>
        <time>2026-05-17T09:13:55.000Z</time>
      </trkpt>
      <trkpt lat="36.786226" lon="-5.162617">
        <ele>565.084809</ele>
        <time>2026-05-17T09:13:58.000Z</time>
      </trkpt>
      <trkpt lat="36.786227" lon="-5.162618">
        <ele>565.095662</ele>
        <time>2026-05-17T09:14:00.000Z</time>
      </trkpt>
      <trkpt lat="36.786230" lon="-5.162621">
        <ele>565.128221</ele>
        <time>2026-05-17T09:14:01.000Z</time>
      </trkpt>
      <trkpt lat="36.786312" lon="-5.162620">
        <ele>565.822887</ele>
        <time>2026-05-17T09:14:08.000Z</time>
      </trkpt>
      <trkpt lat="36.786320" lon="-5.162619">
        <ele>565.890995</ele>
        <time>2026-05-17T09:14:09.000Z</time>
      </trkpt>
      <trkpt lat="36.786402" lon="-5.162615">
        <ele>566.586158</ele>
        <time>2026-05-17T09:14:16.000Z</time>
      </trkpt>
      <trkpt lat="36.786431" lon="-5.162608">
        <ele>566.836369</ele>
        <time>2026-05-17T09:14:18.000Z</time>
      </trkpt>
      <trkpt lat="36.786469" lon="-5.162603">
        <ele>567.160054</ele>
        <time>2026-05-17T09:14:22.000Z</time>
      </trkpt>
      <trkpt lat="36.786488" lon="-5.162597">
        <ele>567.326074</ele>
        <time>2026-05-17T09:14:24.000Z</time>
      </trkpt>
      <trkpt lat="36.786504" lon="-5.162588">
        <ele>567.474730</ele>
        <time>2026-05-17T09:14:26.000Z</time>
      </trkpt>
      <trkpt lat="36.786554" lon="-5.162577">
        <ele>567.904811</ele>
        <time>2026-05-17T09:14:30.000Z</time>
      </trkpt>
      <trkpt lat="36.786567" lon="-5.162573">
        <ele>568.018230</ele>
        <time>2026-05-17T09:14:31.000Z</time>
      </trkpt>
      <trkpt lat="36.786622" lon="-5.162555">
        <ele>568.499880</ele>
        <time>2026-05-17T09:14:36.000Z</time>
      </trkpt>
      <trkpt lat="36.786650" lon="-5.162550">
        <ele>568.739485</ele>
        <time>2026-05-17T09:14:38.000Z</time>
      </trkpt>
      <trkpt lat="36.786710" lon="-5.162559">
        <ele>569.251408</ele>
        <time>2026-05-17T09:14:43.000Z</time>
      </trkpt>
      <trkpt lat="36.786731" lon="-5.162561">
        <ele>569.429818</ele>
        <time>2026-05-17T09:14:45.000Z</time>
      </trkpt>
      <trkpt lat="36.786803" lon="-5.162546">
        <ele>570.048171</ele>
        <time>2026-05-17T09:14:51.000Z</time>
      </trkpt>
      <trkpt lat="36.786815" lon="-5.162547">
        <ele>570.150051</ele>
        <time>2026-05-17T09:14:52.000Z</time>
      </trkpt>
      <trkpt lat="36.786860" lon="-5.162543">
        <ele>570.532217</ele>
        <time>2026-05-17T09:14:55.000Z</time>
      </trkpt>
      <trkpt lat="36.786905" lon="-5.162548">
        <ele>570.914924</ele>
        <time>2026-05-17T09:14:59.000Z</time>
      </trkpt>
      <trkpt lat="36.786923" lon="-5.162553">
        <ele>571.071132</ele>
        <time>2026-05-17T09:15:01.000Z</time>
      </trkpt>
      <trkpt lat="36.787013" lon="-5.162542">
        <ele>571.837178</ele>
        <time>2026-05-17T09:15:07.000Z</time>
      </trkpt>
      <trkpt lat="36.787047" lon="-5.162545">
        <ele>572.125914</ele>
        <time>2026-05-17T09:15:10.000Z</time>
      </trkpt>
      <trkpt lat="36.787093" lon="-5.162541">
        <ele>572.516530</ele>
        <time>2026-05-17T09:15:15.000Z</time>
      </trkpt>
      <trkpt lat="36.787117" lon="-5.162534">
        <ele>572.725310</ele>
        <time>2026-05-17T09:15:17.000Z</time>
      </trkpt>
      <trkpt lat="36.787203" lon="-5.162535">
        <ele>573.453859</ele>
        <time>2026-05-17T09:15:23.000Z</time>
      </trkpt>
      <trkpt lat="36.787213" lon="-5.162538">
        <ele>573.540981</ele>
        <time>2026-05-17T09:15:24.000Z</time>
      </trkpt>
      <trkpt lat="36.787245" lon="-5.162541">
        <ele>573.812821</ele>
        <time>2026-05-17T09:15:27.000Z</time>
      </trkpt>
      <trkpt lat="36.787304" lon="-5.162533">
        <ele>574.281920</ele>
        <time>2026-05-17T09:15:31.000Z</time>
      </trkpt>
      <trkpt lat="36.787347" lon="-5.162542">
        <ele>574.539948</ele>
        <time>2026-05-17T09:15:36.000Z</time>
      </trkpt>
      <trkpt lat="36.787358" lon="-5.162543">
        <ele>574.605219</ele>
        <time>2026-05-17T09:15:37.000Z</time>
      </trkpt>
      <trkpt lat="36.787391" lon="-5.162534">
        <ele>574.805120</ele>
        <time>2026-05-17T09:15:40.000Z</time>
      </trkpt>
      <trkpt lat="36.787430" lon="-5.162537">
        <ele>575.036363</ele>
        <time>2026-05-17T09:15:44.000Z</time>
      </trkpt>
      <trkpt lat="36.787437" lon="-5.162537">
        <ele>575.077789</ele>
        <time>2026-05-17T09:15:45.000Z</time>
      </trkpt>
      <trkpt lat="36.787532" lon="-5.162554">
        <ele>575.645752</ele>
        <time>2026-05-17T09:15:52.000Z</time>
      </trkpt>
      <trkpt lat="36.787569" lon="-5.162565">
        <ele>575.870842</ele>
        <time>2026-05-17T09:15:55.000Z</time>
      </trkpt>
      <trkpt lat="36.787638" lon="-5.162571">
        <ele>576.280179</ele>
        <time>2026-05-17T09:16:00.000Z</time>
      </trkpt>
      <trkpt lat="36.787684" lon="-5.162581">
        <ele>576.556505</ele>
        <time>2026-05-17T09:16:05.000Z</time>
      </trkpt>
      <trkpt lat="36.787723" lon="-5.162588">
        <ele>576.789683</ele>
        <time>2026-05-17T09:16:09.000Z</time>
      </trkpt>
      <trkpt lat="36.787750" lon="-5.162590">
        <ele>576.949752</ele>
        <time>2026-05-17T09:16:13.000Z</time>
      </trkpt>
      <trkpt lat="36.787778" lon="-5.162587">
        <ele>577.116067</ele>
        <time>2026-05-17T09:16:16.000Z</time>
      </trkpt>
      <trkpt lat="36.787787" lon="-5.162587">
        <ele>577.169330</ele>
        <time>2026-05-17T09:16:17.000Z</time>
      </trkpt>
      <trkpt lat="36.787832" lon="-5.162585">
        <ele>577.435813</ele>
        <time>2026-05-17T09:16:21.000Z</time>
      </trkpt>
      <trkpt lat="36.787874" lon="-5.162584">
        <ele>577.684417</ele>
        <time>2026-05-17T09:16:25.000Z</time>
      </trkpt>
      <trkpt lat="36.787900" lon="-5.162583">
        <ele>577.838361</ele>
        <time>2026-05-17T09:16:27.000Z</time>
      </trkpt>
      <trkpt lat="36.787989" lon="-5.162583">
        <ele>578.365070</ele>
        <time>2026-05-17T09:16:34.000Z</time>
      </trkpt>
      <trkpt lat="36.788057" lon="-5.162582">
        <ele>578.767528</ele>
        <time>2026-05-17T09:16:40.000Z</time>
      </trkpt>
      <trkpt lat="36.788073" lon="-5.162579">
        <ele>578.863279</ele>
        <time>2026-05-17T09:16:41.000Z</time>
      </trkpt>
      <trkpt lat="36.788146" lon="-5.162565">
        <ele>579.300365</ele>
        <time>2026-05-17T09:16:48.000Z</time>
      </trkpt>
      <trkpt lat="36.788186" lon="-5.162558">
        <ele>579.539402</ele>
        <time>2026-05-17T09:16:51.000Z</time>
      </trkpt>
      <trkpt lat="36.788252" lon="-5.162556">
        <ele>579.930110</ele>
        <time>2026-05-17T09:16:56.000Z</time>
      </trkpt>
      <trkpt lat="36.788362" lon="-5.162565">
        <ele>580.582495</ele>
        <time>2026-05-17T09:17:06.000Z</time>
      </trkpt>
      <trkpt lat="36.788366" lon="-5.162564">
        <ele>580.606638</ele>
        <time>2026-05-17T09:17:07.000Z</time>
      </trkpt>
      <trkpt lat="36.788440" lon="-5.162558">
        <ele>581.045498</ele>
        <time>2026-05-17T09:17:13.000Z</time>
      </trkpt>
      <trkpt lat="36.788550" lon="-5.162566">
        <ele>581.697591</ele>
        <time>2026-05-17T09:17:20.000Z</time>
      </trkpt>
      <trkpt lat="36.788579" lon="-5.162567">
        <ele>581.869280</ele>
        <time>2026-05-17T09:17:22.000Z</time>
      </trkpt>
      <trkpt lat="36.788633" lon="-5.162563">
        <ele>582.189419</ele>
        <time>2026-05-17T09:17:29.000Z</time>
      </trkpt>
      <trkpt lat="36.788683" lon="-5.162536">
        <ele>582.511808</ele>
        <time>2026-05-17T09:17:33.000Z</time>
      </trkpt>
      <trkpt lat="36.788717" lon="-5.162518">
        <ele>582.730361</ele>
        <time>2026-05-17T09:17:36.000Z</time>
      </trkpt>
      <trkpt lat="36.788762" lon="-5.162526">
        <ele>582.999360</ele>
        <time>2026-05-17T09:17:42.000Z</time>
      </trkpt>
      <trkpt lat="36.788853" lon="-5.162499">
        <ele>583.552900</ele>
        <time>2026-05-17T09:17:49.000Z</time>
      </trkpt>
      <trkpt lat="36.788943" lon="-5.162460">
        <ele>584.116689</ele>
        <time>2026-05-17T09:17:58.000Z</time>
      </trkpt>
      <trkpt lat="36.788966" lon="-5.162459">
        <ele>584.252888</ele>
        <time>2026-05-17T09:18:00.000Z</time>
      </trkpt>
      <trkpt lat="36.789018" lon="-5.162441">
        <ele>584.572234</ele>
        <time>2026-05-17T09:18:03.000Z</time>
      </trkpt>
      <trkpt lat="36.789044" lon="-5.162428">
        <ele>584.737981</ele>
        <time>2026-05-17T09:18:05.000Z</time>
      </trkpt>
      <trkpt lat="36.789060" lon="-5.162419">
        <ele>584.841835</ele>
        <time>2026-05-17T09:18:07.000Z</time>
      </trkpt>
      <trkpt lat="36.789040" lon="-5.162422">
        <ele>584.854873</ele>
        <time>2026-05-17T09:18:10.000Z</time>
      </trkpt>
      <trkpt lat="36.789016" lon="-5.162446">
        <ele>584.865220</ele>
        <time>2026-05-17T09:18:19.000Z</time>
      </trkpt>
      <trkpt lat="36.789062" lon="-5.162427">
        <ele>584.881523</ele>
        <time>2026-05-17T09:18:26.000Z</time>
      </trkpt>
      <trkpt lat="36.789152" lon="-5.162370">
        <ele>584.915479</ele>
        <time>2026-05-17T09:18:33.000Z</time>
      </trkpt>
      <trkpt lat="36.789260" lon="-5.162293">
        <ele>584.957327</ele>
        <time>2026-05-17T09:18:42.000Z</time>
      </trkpt>
      <trkpt lat="36.789355" lon="-5.162253">
        <ele>584.991061</ele>
        <time>2026-05-17T09:18:50.000Z</time>
      </trkpt>
      <trkpt lat="36.789396" lon="-5.162228">
        <ele>585.006414</ele>
        <time>2026-05-17T09:18:57.000Z</time>
      </trkpt>
      <trkpt lat="36.789468" lon="-5.162158">
        <ele>585.037119</ele>
        <time>2026-05-17T09:19:05.000Z</time>
      </trkpt>
      <trkpt lat="36.789501" lon="-5.162138">
        <ele>585.049462</ele>
        <time>2026-05-17T09:19:11.000Z</time>
      </trkpt>
      <trkpt lat="36.789578" lon="-5.162097">
        <ele>585.077629</ele>
        <time>2026-05-17T09:19:17.000Z</time>
      </trkpt>
      <trkpt lat="36.789686" lon="-5.162038">
        <ele>585.117295</ele>
        <time>2026-05-17T09:19:26.000Z</time>
      </trkpt>
      <trkpt lat="36.789767" lon="-5.161963">
        <ele>585.151226</ele>
        <time>2026-05-17T09:19:34.000Z</time>
      </trkpt>
      <trkpt lat="36.789847" lon="-5.161916">
        <ele>585.180976</ele>
        <time>2026-05-17T09:19:42.000Z</time>
      </trkpt>
      <trkpt lat="36.789876" lon="-5.161906">
        <ele>585.191099</ele>
        <time>2026-05-17T09:19:46.000Z</time>
      </trkpt>
      <trkpt lat="36.789901" lon="-5.161879">
        <ele>585.202222</ele>
        <time>2026-05-17T09:19:50.000Z</time>
      </trkpt>
      <trkpt lat="36.789981" lon="-5.161803">
        <ele>585.236045</ele>
        <time>2026-05-17T09:19:56.000Z</time>
      </trkpt>
      <trkpt lat="36.790011" lon="-5.161786">
        <ele>585.247131</ele>
        <time>2026-05-17T09:19:58.000Z</time>
      </trkpt>
      <trkpt lat="36.790068" lon="-5.161758">
        <ele>585.267741</ele>
        <time>2026-05-17T09:20:03.000Z</time>
      </trkpt>
      <trkpt lat="36.790160" lon="-5.161714">
        <ele>585.300891</ele>
        <time>2026-05-17T09:20:11.000Z</time>
      </trkpt>
      <trkpt lat="36.790220" lon="-5.161687">
        <ele>585.322352</ele>
        <time>2026-05-17T09:20:17.000Z</time>
      </trkpt>
      <trkpt lat="36.790283" lon="-5.161652">
        <ele>585.345554</ele>
        <time>2026-05-17T09:20:23.000Z</time>
      </trkpt>
      <trkpt lat="36.790410" lon="-5.161604">
        <ele>585.390202</ele>
        <time>2026-05-17T09:20:34.000Z</time>
      </trkpt>
      <trkpt lat="36.790429" lon="-5.161583">
        <ele>585.398740</ele>
        <time>2026-05-17T09:20:38.000Z</time>
      </trkpt>
      <trkpt lat="36.790478" lon="-5.161541">
        <ele>585.418739</ele>
        <time>2026-05-17T09:20:42.000Z</time>
      </trkpt>
      <trkpt lat="36.790565" lon="-5.161528">
        <ele>585.448222</ele>
        <time>2026-05-17T09:20:50.000Z</time>
      </trkpt>
      <trkpt lat="36.790683" lon="-5.161500">
        <ele>585.834273</ele>
        <time>2026-05-17T09:20:59.000Z</time>
      </trkpt>
      <trkpt lat="36.790801" lon="-5.161445">
        <ele>586.295857</ele>
        <time>2026-05-17T09:21:09.000Z</time>
      </trkpt>
      <trkpt lat="36.790874" lon="-5.161407">
        <ele>586.585698</ele>
        <time>2026-05-17T09:21:17.000Z</time>
      </trkpt>
      <trkpt lat="36.790889" lon="-5.161406">
        <ele>586.640747</ele>
        <time>2026-05-17T09:21:18.000Z</time>
      </trkpt>
      <trkpt lat="36.790992" lon="-5.161427">
        <ele>587.023214</ele>
        <time>2026-05-17T09:21:24.000Z</time>
      </trkpt>
      <trkpt lat="36.791000" lon="-5.161432">
        <ele>587.056000</ele>
        <time>2026-05-17T09:21:25.000Z</time>
      </trkpt>
      <trkpt lat="36.791052" lon="-5.161426">
        <ele>587.247378</ele>
        <time>2026-05-17T09:21:32.000Z</time>
      </trkpt>
      <trkpt lat="36.791104" lon="-5.161403">
        <ele>587.449546</ele>
        <time>2026-05-17T09:21:38.000Z</time>
      </trkpt>
      <trkpt lat="36.791133" lon="-5.161385">
        <ele>587.568229</ele>
        <time>2026-05-17T09:21:41.000Z</time>
      </trkpt>
      <trkpt lat="36.791153" lon="-5.161372">
        <ele>587.650859</ele>
        <time>2026-05-17T09:21:43.000Z</time>
      </trkpt>
      <trkpt lat="36.791166" lon="-5.161364">
        <ele>587.703972</ele>
        <time>2026-05-17T09:21:45.000Z</time>
      </trkpt>
      <trkpt lat="36.791270" lon="-5.161333">
        <ele>588.095814</ele>
        <time>2026-05-17T09:21:53.000Z</time>
      </trkpt>
      <trkpt lat="36.791300" lon="-5.161328">
        <ele>588.206731</ele>
        <time>2026-05-17T09:21:55.000Z</time>
      </trkpt>
      <trkpt lat="36.791346" lon="-5.161331">
        <ele>588.375539</ele>
        <time>2026-05-17T09:22:00.000Z</time>
      </trkpt>
      <trkpt lat="36.791449" lon="-5.161300">
        <ele>588.763817</ele>
        <time>2026-05-17T09:22:07.000Z</time>
      </trkpt>
      <trkpt lat="36.791507" lon="-5.161286">
        <ele>588.980307</ele>
        <time>2026-05-17T09:22:13.000Z</time>
      </trkpt>
      <trkpt lat="36.791528" lon="-5.161275">
        <ele>589.063763</ele>
        <time>2026-05-17T09:22:15.000Z</time>
      </trkpt>
      <trkpt lat="36.791605" lon="-5.161214">
        <ele>589.397946</ele>
        <time>2026-05-17T09:22:22.000Z</time>
      </trkpt>
      <trkpt lat="36.791668" lon="-5.161197">
        <ele>589.634154</ele>
        <time>2026-05-17T09:22:29.000Z</time>
      </trkpt>
      <trkpt lat="36.791693" lon="-5.161188">
        <ele>589.729504</ele>
        <time>2026-05-17T09:22:31.000Z</time>
      </trkpt>
      <trkpt lat="36.791726" lon="-5.161181">
        <ele>589.852173</ele>
        <time>2026-05-17T09:22:35.000Z</time>
      </trkpt>
      <trkpt lat="36.791830" lon="-5.161161">
        <ele>590.237799</ele>
        <time>2026-05-17T09:22:44.000Z</time>
      </trkpt>
      <trkpt lat="36.791943" lon="-5.161136">
        <ele>590.658365</ele>
        <time>2026-05-17T09:22:50.000Z</time>
      </trkpt>
      <trkpt lat="36.792004" lon="-5.161124">
        <ele>590.884671</ele>
        <time>2026-05-17T09:22:57.000Z</time>
      </trkpt>
      <trkpt lat="36.792012" lon="-5.161123">
        <ele>590.914136</ele>
        <time>2026-05-17T09:22:58.000Z</time>
      </trkpt>
      <trkpt lat="36.792022" lon="-5.161121">
        <ele>590.951250</ele>
        <time>2026-05-17T09:22:59.000Z</time>
      </trkpt>
      <trkpt lat="36.792165" lon="-5.161129">
        <ele>591.475834</ele>
        <time>2026-05-17T09:23:10.000Z</time>
      </trkpt>
      <trkpt lat="36.792285" lon="-5.161159">
        <ele>591.924330</ele>
        <time>2026-05-17T09:23:18.000Z</time>
      </trkpt>
      <trkpt lat="36.792344" lon="-5.161195">
        <ele>592.202820</ele>
        <time>2026-05-17T09:23:24.000Z</time>
      </trkpt>
      <trkpt lat="36.792355" lon="-5.161198">
        <ele>592.257124</ele>
        <time>2026-05-17T09:23:25.000Z</time>
      </trkpt>
      <trkpt lat="36.792391" lon="-5.161211">
        <ele>592.437866</ele>
        <time>2026-05-17T09:23:28.000Z</time>
      </trkpt>
      <trkpt lat="36.792471" lon="-5.161251">
        <ele>592.853486</ele>
        <time>2026-05-17T09:23:35.000Z</time>
      </trkpt>
      <trkpt lat="36.792590" lon="-5.161284">
        <ele>593.441404</ele>
        <time>2026-05-17T09:23:45.000Z</time>
      </trkpt>
      <trkpt lat="36.792616" lon="-5.161287">
        <ele>593.567336</ele>
        <time>2026-05-17T09:23:52.000Z</time>
      </trkpt>
      <trkpt lat="36.792685" lon="-5.161312">
        <ele>593.913848</ele>
        <time>2026-05-17T09:24:00.000Z</time>
      </trkpt>
      <trkpt lat="36.792783" lon="-5.161334">
        <ele>594.394079</ele>
        <time>2026-05-17T09:24:08.000Z</time>
      </trkpt>
      <trkpt lat="36.792877" lon="-5.161330">
        <ele>594.847703</ele>
        <time>2026-05-17T09:24:16.000Z</time>
      </trkpt>
      <trkpt lat="36.792882" lon="-5.161330">
        <ele>594.871818</ele>
        <time>2026-05-17T09:24:17.000Z</time>
      </trkpt>
      <trkpt lat="36.792909" lon="-5.161330">
        <ele>595.002039</ele>
        <time>2026-05-17T09:24:24.000Z</time>
      </trkpt>
      <trkpt lat="36.792970" lon="-5.161320">
        <ele>595.298766</ele>
        <time>2026-05-17T09:24:29.000Z</time>
      </trkpt>
      <trkpt lat="36.792984" lon="-5.161319">
        <ele>595.366399</ele>
        <time>2026-05-17T09:24:30.000Z</time>
      </trkpt>
      <trkpt lat="36.792997" lon="-5.161320">
        <ele>595.429216</ele>
        <time>2026-05-17T09:24:31.000Z</time>
      </trkpt>
      <trkpt lat="36.793041" lon="-5.161319">
        <ele>595.641463</ele>
        <time>2026-05-17T09:24:34.000Z</time>
      </trkpt>
      <trkpt lat="36.793118" lon="-5.161299">
        <ele>596.020783</ele>
        <time>2026-05-17T09:24:39.000Z</time>
      </trkpt>
      <trkpt lat="36.793188" lon="-5.161282">
        <ele>596.364718</ele>
        <time>2026-05-17T09:24:46.000Z</time>
      </trkpt>
      <trkpt lat="36.793218" lon="-5.161270">
        <ele>596.516649</ele>
        <time>2026-05-17T09:24:48.000Z</time>
      </trkpt>
      <trkpt lat="36.793270" lon="-5.161255">
        <ele>596.774050</ele>
        <time>2026-05-17T09:24:52.000Z</time>
      </trkpt>
      <trkpt lat="36.793319" lon="-5.161233">
        <ele>597.025188</ele>
        <time>2026-05-17T09:24:57.000Z</time>
      </trkpt>
      <trkpt lat="36.793416" lon="-5.161214">
        <ele>597.498738</ele>
        <time>2026-05-17T09:25:06.000Z</time>
      </trkpt>
      <trkpt lat="36.793439" lon="-5.161207">
        <ele>597.612914</ele>
        <time>2026-05-17T09:25:08.000Z</time>
      </trkpt>
      <trkpt lat="36.793505" lon="-5.161184">
        <ele>597.943395</ele>
        <time>2026-05-17T09:25:13.000Z</time>
      </trkpt>
      <trkpt lat="36.793517" lon="-5.161182">
        <ele>598.001784</ele>
        <time>2026-05-17T09:25:14.000Z</time>
      </trkpt>
      <trkpt lat="36.793573" lon="-5.161176">
        <ele>598.272864</ele>
        <time>2026-05-17T09:25:19.000Z</time>
      </trkpt>
      <trkpt lat="36.793582" lon="-5.161173">
        <ele>598.317791</ele>
        <time>2026-05-17T09:25:20.000Z</time>
      </trkpt>
      <trkpt lat="36.793597" lon="-5.161159">
        <ele>598.408110</ele>
        <time>2026-05-17T09:25:22.000Z</time>
      </trkpt>
      <trkpt lat="36.793676" lon="-5.161111">
        <ele>598.831834</ele>
        <time>2026-05-17T09:25:29.000Z</time>
      </trkpt>
      <trkpt lat="36.793725" lon="-5.161094">
        <ele>599.077112</ele>
        <time>2026-05-17T09:25:32.000Z</time>
      </trkpt>
      <trkpt lat="36.793783" lon="-5.161099">
        <ele>599.357512</ele>
        <time>2026-05-17T09:25:38.000Z</time>
      </trkpt>
      <trkpt lat="36.793843" lon="-5.161137">
        <ele>599.681982</ele>
        <time>2026-05-17T09:25:45.000Z</time>
      </trkpt>
      <trkpt lat="36.793934" lon="-5.161140">
        <ele>600.121027</ele>
        <time>2026-05-17T09:25:54.000Z</time>
      </trkpt>
      <trkpt lat="36.793957" lon="-5.161147">
        <ele>600.235203</ele>
        <time>2026-05-17T09:25:56.000Z</time>
      </trkpt>
      <trkpt lat="36.794036" lon="-5.161140">
        <ele>600.617178</ele>
        <time>2026-05-17T09:26:02.000Z</time>
      </trkpt>
      <trkpt lat="36.794108" lon="-5.161115">
        <ele>601.044899</ele>
        <time>2026-05-17T09:26:08.000Z</time>
      </trkpt>
      <trkpt lat="36.794134" lon="-5.161103">
        <ele>601.213525</ele>
        <time>2026-05-17T09:26:10.000Z</time>
      </trkpt>
      <trkpt lat="36.794178" lon="-5.161089">
        <ele>601.489746</ele>
        <time>2026-05-17T09:26:14.000Z</time>
      </trkpt>
      <trkpt lat="36.794241" lon="-5.161051">
        <ele>601.915366</ele>
        <time>2026-05-17T09:26:20.000Z</time>
      </trkpt>
      <trkpt lat="36.794279" lon="-5.161048">
        <ele>602.146996</ele>
        <time>2026-05-17T09:26:23.000Z</time>
      </trkpt>
      <trkpt lat="36.794366" lon="-5.161046">
        <ele>602.676341</ele>
        <time>2026-05-17T09:26:28.000Z</time>
      </trkpt>
      <trkpt lat="36.794450" lon="-5.161024">
        <ele>603.198464</ele>
        <time>2026-05-17T09:26:36.000Z</time>
      </trkpt>
      <trkpt lat="36.794471" lon="-5.161017">
        <ele>603.330689</ele>
        <time>2026-05-17T09:26:38.000Z</time>
      </trkpt>
      <trkpt lat="36.794507" lon="-5.160990">
        <ele>603.586154</ele>
        <time>2026-05-17T09:26:45.000Z</time>
      </trkpt>
      <trkpt lat="36.794528" lon="-5.161004">
        <ele>603.730970</ele>
        <time>2026-05-17T09:26:53.000Z</time>
      </trkpt>
      <trkpt lat="36.794525" lon="-5.161005">
        <ele>603.749859</ele>
        <time>2026-05-17T09:26:55.000Z</time>
      </trkpt>
      <trkpt lat="36.794530" lon="-5.161017">
        <ele>603.815757</ele>
        <time>2026-05-17T09:27:04.000Z</time>
      </trkpt>
      <trkpt lat="36.794540" lon="-5.161015">
        <ele>603.877366</ele>
        <time>2026-05-17T09:27:09.000Z</time>
      </trkpt>
      <trkpt lat="36.794529" lon="-5.160990">
        <ele>604.016327</ele>
        <time>2026-05-17T09:27:13.000Z</time>
      </trkpt>
      <trkpt lat="36.794541" lon="-5.160953">
        <ele>604.210795</ele>
        <time>2026-05-17T09:27:20.000Z</time>
      </trkpt>
      <trkpt lat="36.794539" lon="-5.160998">
        <ele>604.430351</ele>
        <time>2026-05-17T09:27:28.000Z</time>
      </trkpt>
      <trkpt lat="36.794542" lon="-5.160998">
        <ele>604.448601</ele>
        <time>2026-05-17T09:27:29.000Z</time>
      </trkpt>
      <trkpt lat="36.794542" lon="-5.160992">
        <ele>604.477830</ele>
        <time>2026-05-17T09:27:34.000Z</time>
      </trkpt>
      <trkpt lat="36.794540" lon="-5.160986">
        <ele>604.509490</ele>
        <time>2026-05-17T09:27:36.000Z</time>
      </trkpt>
      <trkpt lat="36.794538" lon="-5.160985">
        <ele>604.522596</ele>
        <time>2026-05-17T09:27:37.000Z</time>
      </trkpt>
      <trkpt lat="36.794533" lon="-5.160978">
        <ele>604.568291</ele>
        <time>2026-05-17T09:27:40.000Z</time>
      </trkpt>
      <trkpt lat="36.794530" lon="-5.160975">
        <ele>604.591672</ele>
        <time>2026-05-17T09:27:41.000Z</time>
      </trkpt>
      <trkpt lat="36.794518" lon="-5.160992">
        <ele>604.702069</ele>
        <time>2026-05-17T09:27:52.000Z</time>
      </trkpt>
      <trkpt lat="36.794513" lon="-5.160979">
        <ele>604.772324</ele>
        <time>2026-05-17T09:27:56.000Z</time>
      </trkpt>
      <trkpt lat="36.794520" lon="-5.160984">
        <ele>604.821382</ele>
        <time>2026-05-17T09:28:03.000Z</time>
      </trkpt>
      <trkpt lat="36.794528" lon="-5.161007">
        <ele>604.943540</ele>
        <time>2026-05-17T09:28:11.000Z</time>
      </trkpt>
      <trkpt lat="36.794560" lon="-5.160992">
        <ele>605.151471</ele>
        <time>2026-05-17T09:28:21.000Z</time>
      </trkpt>
      <trkpt lat="36.794569" lon="-5.161013">
        <ele>605.267503</ele>
        <time>2026-05-17T09:28:27.000Z</time>
      </trkpt>
      <trkpt lat="36.794574" lon="-5.161024">
        <ele>605.329120</ele>
        <time>2026-05-17T09:28:29.000Z</time>
      </trkpt>
      <trkpt lat="36.794573" lon="-5.161027">
        <ele>605.344950</ele>
        <time>2026-05-17T09:28:30.000Z</time>
      </trkpt>
      <trkpt lat="36.794573" lon="-5.161034">
        <ele>605.379051</ele>
        <time>2026-05-17T09:28:35.000Z</time>
      </trkpt>
      <trkpt lat="36.794578" lon="-5.161020">
        <ele>605.453727</ele>
        <time>2026-05-17T09:28:37.000Z</time>
      </trkpt>
      <trkpt lat="36.794584" lon="-5.161012">
        <ele>605.507123</ele>
        <time>2026-05-17T09:28:39.000Z</time>
      </trkpt>
      <trkpt lat="36.794659" lon="-5.161013">
        <ele>605.963404</ele>
        <time>2026-05-17T09:28:46.000Z</time>
      </trkpt>
      <trkpt lat="36.794723" lon="-5.160997">
        <ele>606.360466</ele>
        <time>2026-05-17T09:28:51.000Z</time>
      </trkpt>
      <trkpt lat="36.794755" lon="-5.160979">
        <ele>606.573973</ele>
        <time>2026-05-17T09:28:54.000Z</time>
      </trkpt>
      <trkpt lat="36.794805" lon="-5.160953">
        <ele>606.903460</ele>
        <time>2026-05-17T09:28:58.000Z</time>
      </trkpt>
      <trkpt lat="36.794840" lon="-5.160939">
        <ele>607.127035</ele>
        <time>2026-05-17T09:29:02.000Z</time>
      </trkpt>
      <trkpt lat="36.794875" lon="-5.160919">
        <ele>607.361186</ele>
        <time>2026-05-17T09:29:06.000Z</time>
      </trkpt>
      <trkpt lat="36.794909" lon="-5.160874">
        <ele>607.662578</ele>
        <time>2026-05-17T09:29:09.000Z</time>
      </trkpt>
      <trkpt lat="36.794927" lon="-5.160845">
        <ele>607.841320</ele>
        <time>2026-05-17T09:29:11.000Z</time>
      </trkpt>
      <trkpt lat="36.794947" lon="-5.160824">
        <ele>608.000281</ele>
        <time>2026-05-17T09:29:14.000Z</time>
      </trkpt>
      <trkpt lat="36.794962" lon="-5.160811">
        <ele>608.111354</ele>
        <time>2026-05-17T09:29:16.000Z</time>
      </trkpt>
      <trkpt lat="36.794986" lon="-5.160786">
        <ele>608.301482</ele>
        <time>2026-05-17T09:29:19.000Z</time>
      </trkpt>
      <trkpt lat="36.794996" lon="-5.160777">
        <ele>608.376469</ele>
        <time>2026-05-17T09:29:20.000Z</time>
      </trkpt>
      <trkpt lat="36.795043" lon="-5.160732">
        <ele>608.736754</ele>
        <time>2026-05-17T09:29:25.000Z</time>
      </trkpt>
      <trkpt lat="36.795068" lon="-5.160727">
        <ele>608.890777</ele>
        <time>2026-05-17T09:29:28.000Z</time>
      </trkpt>
      <trkpt lat="36.795166" lon="-5.160730">
        <ele>609.487129</ele>
        <time>2026-05-17T09:29:34.000Z</time>
      </trkpt>
      <trkpt lat="36.795230" lon="-5.160731">
        <ele>609.876497</ele>
        <time>2026-05-17T09:29:38.000Z</time>
      </trkpt>
      <trkpt lat="36.795254" lon="-5.160729">
        <ele>610.022823</ele>
        <time>2026-05-17T09:29:40.000Z</time>
      </trkpt>
      <trkpt lat="36.795278" lon="-5.160731">
        <ele>610.169149</ele>
        <time>2026-05-17T09:29:42.000Z</time>
      </trkpt>
      <trkpt lat="36.795307" lon="-5.160732">
        <ele>610.345635</ele>
        <time>2026-05-17T09:29:45.000Z</time>
      </trkpt>
      <trkpt lat="36.795317" lon="-5.160731">
        <ele>610.406664</ele>
        <time>2026-05-17T09:29:46.000Z</time>
      </trkpt>
      <trkpt lat="36.795377" lon="-5.160741">
        <ele>610.774904</ele>
        <time>2026-05-17T09:29:53.000Z</time>
      </trkpt>
      <trkpt lat="36.795412" lon="-5.160742">
        <ele>610.987878</ele>
        <time>2026-05-17T09:29:56.000Z</time>
      </trkpt>
      <trkpt lat="36.795501" lon="-5.160749">
        <ele>611.530373</ele>
        <time>2026-05-17T09:30:03.000Z</time>
      </trkpt>
      <trkpt lat="36.795630" lon="-5.160767">
        <ele>612.258318</ele>
        <time>2026-05-17T09:30:13.000Z</time>
      </trkpt>
      <trkpt lat="36.795639" lon="-5.160767">
        <ele>612.307935</ele>
        <time>2026-05-17T09:30:14.000Z</time>
      </trkpt>
      <trkpt lat="36.795732" lon="-5.160775">
        <ele>612.821862</ele>
        <time>2026-05-17T09:30:22.000Z</time>
      </trkpt>
      <trkpt lat="36.795771" lon="-5.160777">
        <ele>613.037052</ele>
        <time>2026-05-17T09:30:25.000Z</time>
      </trkpt>
      <trkpt lat="36.795827" lon="-5.160783">
        <ele>613.346916</ele>
        <time>2026-05-17T09:30:31.000Z</time>
      </trkpt>
      <trkpt lat="36.795965" lon="-5.160769">
        <ele>614.110220</ele>
        <time>2026-05-17T09:30:43.000Z</time>
      </trkpt>
      <trkpt lat="36.796068" lon="-5.160756">
        <ele>614.680955</ele>
        <time>2026-05-17T09:30:52.000Z</time>
      </trkpt>
      <trkpt lat="36.796085" lon="-5.160752">
        <ele>614.776326</ele>
        <time>2026-05-17T09:30:53.000Z</time>
      </trkpt>
      <trkpt lat="36.796162" lon="-5.160724">
        <ele>615.218460</ele>
        <time>2026-05-17T09:31:02.000Z</time>
      </trkpt>
      <trkpt lat="36.796230" lon="-5.160715">
        <ele>615.595446</ele>
        <time>2026-05-17T09:31:08.000Z</time>
      </trkpt>
      <trkpt lat="36.796272" lon="-5.160712">
        <ele>615.827372</ele>
        <time>2026-05-17T09:31:11.000Z</time>
      </trkpt>
      <trkpt lat="36.796366" lon="-5.160714">
        <ele>616.345672</ele>
        <time>2026-05-17T09:31:18.000Z</time>
      </trkpt>
      <trkpt lat="36.796431" lon="-5.160724">
        <ele>616.706728</ele>
        <time>2026-05-17T09:31:22.000Z</time>
      </trkpt>
      <trkpt lat="36.796489" lon="-5.160719">
        <ele>617.027245</ele>
        <time>2026-05-17T09:31:26.000Z</time>
      </trkpt>
      <trkpt lat="36.796559" lon="-5.160697">
        <ele>617.425191</ele>
        <time>2026-05-17T09:31:31.000Z</time>
      </trkpt>
      <trkpt lat="36.796650" lon="-5.160710">
        <ele>617.930149</ele>
        <time>2026-05-17T09:31:37.000Z</time>
      </trkpt>
      <trkpt lat="36.796708" lon="-5.160713">
        <ele>618.250179</ele>
        <time>2026-05-17T09:31:41.000Z</time>
      </trkpt>
      <trkpt lat="36.796822" lon="-5.160693">
        <ele>618.884836</ele>
        <time>2026-05-17T09:31:50.000Z</time>
      </trkpt>
      <trkpt lat="36.796844" lon="-5.160688">
        <ele>619.008115</ele>
        <time>2026-05-17T09:31:52.000Z</time>
      </trkpt>
      <trkpt lat="36.796920" lon="-5.160693">
        <ele>619.427686</ele>
        <time>2026-05-17T09:31:59.000Z</time>
      </trkpt>
      <trkpt lat="36.796994" lon="-5.160694">
        <ele>619.835675</ele>
        <time>2026-05-17T09:32:04.000Z</time>
      </trkpt>
      <trkpt lat="36.797026" lon="-5.160689">
        <ele>620.013467</ele>
        <time>2026-05-17T09:32:08.000Z</time>
      </trkpt>
      <trkpt lat="36.797148" lon="-5.160674">
        <ele>620.689309</ele>
        <time>2026-05-17T09:32:17.000Z</time>
      </trkpt>
      <trkpt lat="36.797251" lon="-5.160664">
        <ele>621.258865</ele>
        <time>2026-05-17T09:32:25.000Z</time>
      </trkpt>
      <trkpt lat="36.797285" lon="-5.160658">
        <ele>621.448170</ele>
        <time>2026-05-17T09:32:28.000Z</time>
      </trkpt>
      <trkpt lat="36.797378" lon="-5.160625">
        <ele>621.745177</ele>
        <time>2026-05-17T09:32:36.000Z</time>
      </trkpt>
      <trkpt lat="36.797523" lon="-5.160605">
        <ele>622.078723</ele>
        <time>2026-05-17T09:32:47.000Z</time>
      </trkpt>
      <trkpt lat="36.797602" lon="-5.160587">
        <ele>622.262331</ele>
        <time>2026-05-17T09:32:55.000Z</time>
      </trkpt>
      <trkpt lat="36.797636" lon="-5.160575">
        <ele>622.343114</ele>
        <time>2026-05-17T09:32:57.000Z</time>
      </trkpt>
      <trkpt lat="36.797706" lon="-5.160565">
        <ele>622.504207</ele>
        <time>2026-05-17T09:33:05.000Z</time>
      </trkpt>
      <trkpt lat="36.797708" lon="-5.160587">
        <ele>622.544745</ele>
        <time>2026-05-17T09:33:13.000Z</time>
      </trkpt>
      <trkpt lat="36.797705" lon="-5.160591">
        <ele>622.554779</ele>
        <time>2026-05-17T09:33:17.000Z</time>
      </trkpt>
      <trkpt lat="36.797703" lon="-5.160589">
        <ele>622.560637</ele>
        <time>2026-05-17T09:33:20.000Z</time>
      </trkpt>
      <trkpt lat="36.797690" lon="-5.160588">
        <ele>622.590417</ele>
        <time>2026-05-17T09:33:23.000Z</time>
      </trkpt>
      <trkpt lat="36.797688" lon="-5.160590">
        <ele>622.596275</ele>
        <time>2026-05-17T09:33:25.000Z</time>
      </trkpt>
      <trkpt lat="36.797690" lon="-5.160586">
        <ele>622.604909</ele>
        <time>2026-05-17T09:33:28.000Z</time>
      </trkpt>
      <trkpt lat="36.797736" lon="-5.160557">
        <ele>622.722726</ele>
        <time>2026-05-17T09:33:33.000Z</time>
      </trkpt>
      <trkpt lat="36.797807" lon="-5.160525">
        <ele>622.895310</ele>
        <time>2026-05-17T09:33:38.000Z</time>
      </trkpt>
      <trkpt lat="36.797878" lon="-5.160493">
        <ele>623.067894</ele>
        <time>2026-05-17T09:33:43.000Z</time>
      </trkpt>
      <trkpt lat="36.798003" lon="-5.160479">
        <ele>623.354843</ele>
        <time>2026-05-17T09:33:53.000Z</time>
      </trkpt>
      <trkpt lat="36.798131" lon="-5.160422">
        <ele>623.665554</ele>
        <time>2026-05-17T09:34:03.000Z</time>
      </trkpt>
      <trkpt lat="36.798207" lon="-5.160388">
        <ele>623.850135</ele>
        <time>2026-05-17T09:34:08.000Z</time>
      </trkpt>
      <trkpt lat="36.798253" lon="-5.160390">
        <ele>623.955373</ele>
        <time>2026-05-17T09:34:12.000Z</time>
      </trkpt>
      <trkpt lat="36.798353" lon="-5.160401">
        <ele>624.184900</ele>
        <time>2026-05-17T09:34:20.000Z</time>
      </trkpt>
      <trkpt lat="36.798368" lon="-5.160399">
        <ele>624.219391</ele>
        <time>2026-05-17T09:34:21.000Z</time>
      </trkpt>
      <trkpt lat="36.798455" lon="-5.160383">
        <ele>624.420455</ele>
        <time>2026-05-17T09:34:27.000Z</time>
      </trkpt>
      <trkpt lat="36.798474" lon="-5.160377">
        <ele>624.465264</ele>
        <time>2026-05-17T09:34:29.000Z</time>
      </trkpt>
      <trkpt lat="36.798540" lon="-5.160318">
        <ele>624.650844</ele>
        <time>2026-05-17T09:34:39.000Z</time>
      </trkpt>
      <trkpt lat="36.798538" lon="-5.160312">
        <ele>624.662743</ele>
        <time>2026-05-17T09:34:40.000Z</time>
      </trkpt>
      <trkpt lat="36.798527" lon="-5.160248">
        <ele>624.782586</ele>
        <time>2026-05-17T09:34:52.000Z</time>
      </trkpt>
      <trkpt lat="36.798530" lon="-5.160239">
        <ele>624.800434</ele>
        <time>2026-05-17T09:34:55.000Z</time>
      </trkpt>
      <trkpt lat="36.798531" lon="-5.160243">
        <ele>624.808106</ele>
        <time>2026-05-17T09:34:57.000Z</time>
      </trkpt>
      <trkpt lat="36.798531" lon="-5.160248">
        <ele>624.817260</ele>
        <time>2026-05-17T09:35:04.000Z</time>
      </trkpt>
      <trkpt lat="36.798516" lon="-5.160269">
        <ele>624.868781</ele>
        <time>2026-05-17T09:35:16.000Z</time>
      </trkpt>
      <trkpt lat="36.798573" lon="-5.160262">
        <ele>624.999736</ele>
        <time>2026-05-17T09:35:25.000Z</time>
      </trkpt>
      <trkpt lat="36.798554" lon="-5.160280">
        <ele>625.054263</ele>
        <time>2026-05-17T09:35:33.000Z</time>
      </trkpt>
      <trkpt lat="36.798525" lon="-5.160260">
        <ele>625.130008</ele>
        <time>2026-05-17T09:35:41.000Z</time>
      </trkpt>
      <trkpt lat="36.798529" lon="-5.160271">
        <ele>625.152126</ele>
        <time>2026-05-17T09:35:48.000Z</time>
      </trkpt>
      <trkpt lat="36.798530" lon="-5.160272">
        <ele>625.155055</ele>
        <time>2026-05-17T09:35:50.000Z</time>
      </trkpt>
      <trkpt lat="36.798532" lon="-5.160274">
        <ele>625.160914</ele>
        <time>2026-05-17T09:35:51.000Z</time>
      </trkpt>
      <trkpt lat="36.798536" lon="-5.160278">
        <ele>625.172630</ele>
        <time>2026-05-17T09:35:52.000Z</time>
      </trkpt>
      <trkpt lat="36.798542" lon="-5.160280">
        <ele>625.186829</ele>
        <time>2026-05-17T09:35:53.000Z</time>
      </trkpt>
      <trkpt lat="36.798540" lon="-5.160281">
        <ele>625.191754</ele>
        <time>2026-05-17T09:35:54.000Z</time>
      </trkpt>
      <trkpt lat="36.798510" lon="-5.160292">
        <ele>625.263242</ele>
        <time>2026-05-17T09:36:03.000Z</time>
      </trkpt>
      <trkpt lat="36.798506" lon="-5.160293">
        <ele>625.272569</ele>
        <time>2026-05-17T09:36:09.000Z</time>
      </trkpt>
      <trkpt lat="36.798511" lon="-5.160292">
        <ele>625.284147</ele>
        <time>2026-05-17T09:36:11.000Z</time>
      </trkpt>
      <trkpt lat="36.798516" lon="-5.160293">
        <ele>625.295725</ele>
        <time>2026-05-17T09:36:12.000Z</time>
      </trkpt>
      <trkpt lat="36.798528" lon="-5.160294">
        <ele>625.323223</ele>
        <time>2026-05-17T09:36:14.000Z</time>
      </trkpt>
      <trkpt lat="36.798628" lon="-5.160273">
        <ele>625.555074</ele>
        <time>2026-05-17T09:36:24.000Z</time>
      </trkpt>
      <trkpt lat="36.798764" lon="-5.160218">
        <ele>626.047202</ele>
        <time>2026-05-17T09:36:34.000Z</time>
      </trkpt>
      <trkpt lat="36.798853" lon="-5.160147">
        <ele>626.497030</ele>
        <time>2026-05-17T09:36:43.000Z</time>
      </trkpt>
      <trkpt lat="36.798863" lon="-5.160141">
        <ele>626.544284</ele>
        <time>2026-05-17T09:36:44.000Z</time>
      </trkpt>
      <trkpt lat="36.798942" lon="-5.160118">
        <ele>626.889798</ele>
        <time>2026-05-17T09:36:51.000Z</time>
      </trkpt>
      <trkpt lat="36.798952" lon="-5.160120">
        <ele>626.932934</ele>
        <time>2026-05-17T09:36:53.000Z</time>
      </trkpt>
      <trkpt lat="36.798960" lon="-5.160120">
        <ele>626.967009</ele>
        <time>2026-05-17T09:36:54.000Z</time>
      </trkpt>
      <trkpt lat="36.799013" lon="-5.160101">
        <ele>627.201873</ele>
        <time>2026-05-17T09:36:59.000Z</time>
      </trkpt>
      <trkpt lat="36.799041" lon="-5.160086">
        <ele>627.331645</ele>
        <time>2026-05-17T09:37:02.000Z</time>
      </trkpt>
      <trkpt lat="36.799127" lon="-5.160065">
        <ele>627.704887</ele>
        <time>2026-05-17T09:37:09.000Z</time>
      </trkpt>
      <trkpt lat="36.799174" lon="-5.160054">
        <ele>627.908563</ele>
        <time>2026-05-17T09:37:13.000Z</time>
      </trkpt>
      <trkpt lat="36.799219" lon="-5.160056">
        <ele>628.100356</ele>
        <time>2026-05-17T09:37:17.000Z</time>
      </trkpt>
      <trkpt lat="36.799298" lon="-5.160024">
        <ele>628.454103</ele>
        <time>2026-05-17T09:37:22.000Z</time>
      </trkpt>
      <trkpt lat="36.799323" lon="-5.160015">
        <ele>628.564924</ele>
        <time>2026-05-17T09:37:24.000Z</time>
      </trkpt>
      <trkpt lat="36.799401" lon="-5.159991">
        <ele>628.907090</ele>
        <time>2026-05-17T09:37:32.000Z</time>
      </trkpt>
      <trkpt lat="36.799447" lon="-5.159973">
        <ele>629.112414</ele>
        <time>2026-05-17T09:37:36.000Z</time>
      </trkpt>
      <trkpt lat="36.799472" lon="-5.159968">
        <ele>629.220255</ele>
        <time>2026-05-17T09:37:39.000Z</time>
      </trkpt>
      <trkpt lat="36.799579" lon="-5.159947">
        <ele>629.681601</ele>
        <time>2026-05-17T09:37:46.000Z</time>
      </trkpt>
      <trkpt lat="36.799643" lon="-5.159938">
        <ele>629.955924</ele>
        <time>2026-05-17T09:37:52.000Z</time>
      </trkpt>
      <trkpt lat="36.799653" lon="-5.159936">
        <ele>629.999060</ele>
        <time>2026-05-17T09:37:53.000Z</time>
      </trkpt>
      <trkpt lat="36.799734" lon="-5.159934">
        <ele>630.344136</ele>
        <time>2026-05-17T09:38:02.000Z</time>
      </trkpt>
      <trkpt lat="36.799833" lon="-5.159926">
        <ele>630.766696</ele>
        <time>2026-05-17T09:38:09.000Z</time>
      </trkpt>
      <trkpt lat="36.799845" lon="-5.159925">
        <ele>630.817922</ele>
        <time>2026-05-17T09:38:10.000Z</time>
      </trkpt>
      <trkpt lat="36.799974" lon="-5.159896">
        <ele>631.376212</ele>
        <time>2026-05-17T09:38:20.000Z</time>
      </trkpt>
      <trkpt lat="36.800076" lon="-5.159895">
        <ele>631.810681</ele>
        <time>2026-05-17T09:38:27.000Z</time>
      </trkpt>
      <trkpt lat="36.800093" lon="-5.159903">
        <ele>631.888061</ele>
        <time>2026-05-17T09:38:29.000Z</time>
      </trkpt>
      <trkpt lat="36.800221" lon="-5.159901">
        <ele>632.433303</ele>
        <time>2026-05-17T09:38:40.000Z</time>
      </trkpt>
      <trkpt lat="36.800337" lon="-5.159892">
        <ele>632.928342</ele>
        <time>2026-05-17T09:38:48.000Z</time>
      </trkpt>
      <trkpt lat="36.800414" lon="-5.159896">
        <ele>633.256597</ele>
        <time>2026-05-17T09:38:55.000Z</time>
      </trkpt>
      <trkpt lat="36.800446" lon="-5.159890">
        <ele>633.414027</ele>
        <time>2026-05-17T09:38:57.000Z</time>
      </trkpt>
      <trkpt lat="36.800497" lon="-5.159905">
        <ele>633.739055</ele>
        <time>2026-05-17T09:39:02.000Z</time>
      </trkpt>
      <trkpt lat="36.800562" lon="-5.159906">
        <ele>634.142305</ele>
        <time>2026-05-17T09:39:08.000Z</time>
      </trkpt>
      <trkpt lat="36.800590" lon="-5.159899">
        <ele>634.319446</ele>
        <time>2026-05-17T09:39:10.000Z</time>
      </trkpt>
      <trkpt lat="36.800606" lon="-5.159897">
        <ele>634.419196</ele>
        <time>2026-05-17T09:39:11.000Z</time>
      </trkpt>
      <trkpt lat="36.800685" lon="-5.159891">
        <ele>634.910169</ele>
        <time>2026-05-17T09:39:18.000Z</time>
      </trkpt>
      <trkpt lat="36.800728" lon="-5.159893">
        <ele>635.177099</ele>
        <time>2026-05-17T09:39:21.000Z</time>
      </trkpt>
      <trkpt lat="36.800797" lon="-5.159894">
        <ele>635.605161</ele>
        <time>2026-05-17T09:39:27.000Z</time>
      </trkpt>
      <trkpt lat="36.800805" lon="-5.159892">
        <ele>635.655773</ele>
        <time>2026-05-17T09:39:28.000Z</time>
      </trkpt>
      <trkpt lat="36.800916" lon="-5.159897">
        <ele>636.344796</ele>
        <time>2026-05-17T09:39:37.000Z</time>
      </trkpt>
      <trkpt lat="36.801023" lon="-5.159879">
        <ele>637.014553</ele>
        <time>2026-05-17T09:39:45.000Z</time>
      </trkpt>
      <trkpt lat="36.801099" lon="-5.159878">
        <ele>637.486036</ele>
        <time>2026-05-17T09:39:53.000Z</time>
      </trkpt>
      <trkpt lat="36.801182" lon="-5.159893">
        <ele>638.006279</ele>
        <time>2026-05-17T09:40:00.000Z</time>
      </trkpt>
      <trkpt lat="36.801264" lon="-5.159971">
        <ele>638.645702</ele>
        <time>2026-05-17T09:40:09.000Z</time>
      </trkpt>
      <trkpt lat="36.801278" lon="-5.160054">
        <ele>639.067025</ele>
        <time>2026-05-17T09:40:16.000Z</time>
      </trkpt>
      <trkpt lat="36.801283" lon="-5.160086">
        <ele>639.228972</ele>
        <time>2026-05-17T09:40:18.000Z</time>
      </trkpt>
      <trkpt lat="36.801302" lon="-5.160190">
        <ele>639.758832</ele>
        <time>2026-05-17T09:40:28.000Z</time>
      </trkpt>
      <trkpt lat="36.801306" lon="-5.160210">
        <ele>639.861227</ele>
        <time>2026-05-17T09:40:31.000Z</time>
      </trkpt>
      <trkpt lat="36.801318" lon="-5.160248">
        <ele>640.064128</ele>
        <time>2026-05-17T09:40:38.000Z</time>
      </trkpt>
      <trkpt lat="36.801336" lon="-5.160330">
        <ele>640.486463</ele>
        <time>2026-05-17T09:40:43.000Z</time>
      </trkpt>
      <trkpt lat="36.801340" lon="-5.160390">
        <ele>640.785523</ele>
        <time>2026-05-17T09:40:48.000Z</time>
      </trkpt>
      <trkpt lat="36.801363" lon="-5.160488">
        <ele>641.292783</ele>
        <time>2026-05-17T09:40:56.000Z</time>
      </trkpt>
      <trkpt lat="36.801368" lon="-5.160504">
        <ele>641.378096</ele>
        <time>2026-05-17T09:40:57.000Z</time>
      </trkpt>
      <trkpt lat="36.801389" lon="-5.160569">
        <ele>641.726252</ele>
        <time>2026-05-17T09:41:02.000Z</time>
      </trkpt>
      <trkpt lat="36.801393" lon="-5.160582">
        <ele>641.795428</ele>
        <time>2026-05-17T09:41:03.000Z</time>
      </trkpt>
      <trkpt lat="36.801418" lon="-5.160685">
        <ele>642.330033</ele>
        <time>2026-05-17T09:41:10.000Z</time>
      </trkpt>
      <trkpt lat="36.801417" lon="-5.160693">
        <ele>642.370252</ele>
        <time>2026-05-17T09:41:11.000Z</time>
      </trkpt>
      <trkpt lat="36.801437" lon="-5.160758">
        <ele>642.716134</ele>
        <time>2026-05-17T09:41:17.000Z</time>
      </trkpt>
      <trkpt lat="36.801443" lon="-5.160792">
        <ele>642.889070</ele>
        <time>2026-05-17T09:41:20.000Z</time>
      </trkpt>
      <trkpt lat="36.801435" lon="-5.160850">
        <ele>643.181408</ele>
        <time>2026-05-17T09:41:24.000Z</time>
      </trkpt>
      <trkpt lat="36.801426" lon="-5.160856">
        <ele>643.244695</ele>
        <time>2026-05-17T09:41:25.000Z</time>
      </trkpt>
      <trkpt lat="36.801415" lon="-5.160880">
        <ele>643.382055</ele>
        <time>2026-05-17T09:41:28.000Z</time>
      </trkpt>
      <trkpt lat="36.801410" lon="-5.160912">
        <ele>643.544001</ele>
        <time>2026-05-17T09:41:31.000Z</time>
      </trkpt>
      <trkpt lat="36.801413" lon="-5.160922">
        <ele>643.597045</ele>
        <time>2026-05-17T09:41:32.000Z</time>
      </trkpt>
      <trkpt lat="36.801438" lon="-5.161000">
        <ele>644.014369</ele>
        <time>2026-05-17T09:41:38.000Z</time>
      </trkpt>
      <trkpt lat="36.801441" lon="-5.161020">
        <ele>644.115440</ele>
        <time>2026-05-17T09:41:40.000Z</time>
      </trkpt>
      <trkpt lat="36.801445" lon="-5.161074">
        <ele>644.384811</ele>
        <time>2026-05-17T09:41:45.000Z</time>
      </trkpt>
      <trkpt lat="36.801447" lon="-5.161091">
        <ele>644.470159</ele>
        <time>2026-05-17T09:41:47.000Z</time>
      </trkpt>
      <trkpt lat="36.801448" lon="-5.161153">
        <ele>644.872537</ele>
        <time>2026-05-17T09:41:51.000Z</time>
      </trkpt>
      <trkpt lat="36.801443" lon="-5.161206">
        <ele>645.230581</ele>
        <time>2026-05-17T09:41:55.000Z</time>
      </trkpt>
      <trkpt lat="36.801443" lon="-5.161227">
        <ele>645.371473</ele>
        <time>2026-05-17T09:41:57.000Z</time>
      </trkpt>
      <trkpt lat="36.801426" lon="-5.161271">
        <ele>645.699244</ele>
        <time>2026-05-17T09:42:01.000Z</time>
      </trkpt>
      <trkpt lat="36.801425" lon="-5.161310">
        <ele>645.961035</ele>
        <time>2026-05-17T09:42:03.000Z</time>
      </trkpt>
      <trkpt lat="36.801427" lon="-5.161337">
        <ele>646.142955</ele>
        <time>2026-05-17T09:42:06.000Z</time>
      </trkpt>
      <trkpt lat="36.801429" lon="-5.161340">
        <ele>646.169145</ele>
        <time>2026-05-17T09:42:07.000Z</time>
      </trkpt>
      <trkpt lat="36.801428" lon="-5.161345">
        <ele>646.203721</ele>
        <time>2026-05-17T09:42:08.000Z</time>
      </trkpt>
      <trkpt lat="36.801432" lon="-5.161368">
        <ele>646.361629</ele>
        <time>2026-05-17T09:42:13.000Z</time>
      </trkpt>
      <trkpt lat="36.801434" lon="-5.161372">
        <ele>646.393268</ele>
        <time>2026-05-17T09:42:14.000Z</time>
      </trkpt>
      <trkpt lat="36.801425" lon="-5.161366">
        <ele>646.478750</ele>
        <time>2026-05-17T09:42:21.000Z</time>
      </trkpt>
      <trkpt lat="36.801420" lon="-5.161326">
        <ele>646.750366</ele>
        <time>2026-05-17T09:42:27.000Z</time>
      </trkpt>
      <trkpt lat="36.801425" lon="-5.161331">
        <ele>646.804036</ele>
        <time>2026-05-17T09:42:28.000Z</time>
      </trkpt>
      <trkpt lat="36.801421" lon="-5.161369">
        <ele>647.061177</ele>
        <time>2026-05-17T09:42:30.000Z</time>
      </trkpt>
      <trkpt lat="36.801422" lon="-5.161382">
        <ele>647.148798</ele>
        <time>2026-05-17T09:42:31.000Z</time>
      </trkpt>
      <trkpt lat="36.801446" lon="-5.161495">
        <ele>647.933147</ele>
        <time>2026-05-17T09:42:39.000Z</time>
      </trkpt>
      <trkpt lat="36.801448" lon="-5.161499">
        <ele>647.964786</ele>
        <time>2026-05-17T09:42:40.000Z</time>
      </trkpt>
      <trkpt lat="36.801469" lon="-5.161492">
        <ele>648.146903</ele>
        <time>2026-05-17T09:42:46.000Z</time>
      </trkpt>
      <trkpt lat="36.801490" lon="-5.161539">
        <ele>648.508004</ele>
        <time>2026-05-17T09:42:51.000Z</time>
      </trkpt>
      <trkpt lat="36.801493" lon="-5.161551">
        <ele>648.592346</ele>
        <time>2026-05-17T09:42:52.000Z</time>
      </trkpt>
      <trkpt lat="36.801495" lon="-5.161566">
        <ele>648.694369</ele>
        <time>2026-05-17T09:42:53.000Z</time>
      </trkpt>
      <trkpt lat="36.801494" lon="-5.161574">
        <ele>648.748692</ele>
        <time>2026-05-17T09:42:54.000Z</time>
      </trkpt>
      <trkpt lat="36.801498" lon="-5.161626">
        <ele>649.099173</ele>
        <time>2026-05-17T09:42:59.000Z</time>
      </trkpt>
      <trkpt lat="36.801498" lon="-5.161638">
        <ele>649.179683</ele>
        <time>2026-05-17T09:43:00.000Z</time>
      </trkpt>
      <trkpt lat="36.801499" lon="-5.161685">
        <ele>649.495123</ele>
        <time>2026-05-17T09:43:05.000Z</time>
      </trkpt>
      <trkpt lat="36.801502" lon="-5.161726">
        <ele>649.771344</ele>
        <time>2026-05-17T09:43:08.000Z</time>
      </trkpt>
      <trkpt lat="36.801514" lon="-5.161832">
        <ele>650.489584</ele>
        <time>2026-05-17T09:43:16.000Z</time>
      </trkpt>
      <trkpt lat="36.801518" lon="-5.161929">
        <ele>651.141233</ele>
        <time>2026-05-17T09:43:24.000Z</time>
      </trkpt>
      <trkpt lat="36.801538" lon="-5.162059">
        <ele>652.029373</ele>
        <time>2026-05-17T09:43:33.000Z</time>
      </trkpt>
      <trkpt lat="36.801537" lon="-5.162073">
        <ele>652.123673</ele>
        <time>2026-05-17T09:43:34.000Z</time>
      </trkpt>
      <trkpt lat="36.801550" lon="-5.162141">
        <ele>652.592717</ele>
        <time>2026-05-17T09:43:38.000Z</time>
      </trkpt>
      <trkpt lat="36.801565" lon="-5.162173">
        <ele>652.841493</ele>
        <time>2026-05-17T09:43:42.000Z</time>
      </trkpt>
      <trkpt lat="36.801583" lon="-5.162237">
        <ele>653.296594</ele>
        <time>2026-05-17T09:43:48.000Z</time>
      </trkpt>
      <trkpt lat="36.801583" lon="-5.162283">
        <ele>653.605214</ele>
        <time>2026-05-17T09:43:51.000Z</time>
      </trkpt>
      <trkpt lat="36.801579" lon="-5.162327">
        <ele>653.902312</ele>
        <time>2026-05-17T09:43:54.000Z</time>
      </trkpt>
      <trkpt lat="36.801572" lon="-5.162423">
        <ele>654.549053</ele>
        <time>2026-05-17T09:44:01.000Z</time>
      </trkpt>
      <trkpt lat="36.801588" lon="-5.162465">
        <ele>654.861102</ele>
        <time>2026-05-17T09:44:11.000Z</time>
      </trkpt>
      <trkpt lat="36.801602" lon="-5.162508">
        <ele>655.172532</ele>
        <time>2026-05-17T09:44:14.000Z</time>
      </trkpt>
      <trkpt lat="36.801609" lon="-5.162563">
        <ele>655.546166</ele>
        <time>2026-05-17T09:44:17.000Z</time>
      </trkpt>
      <trkpt lat="36.801606" lon="-5.162660">
        <ele>656.197436</ele>
        <time>2026-05-17T09:44:24.000Z</time>
      </trkpt>
      <trkpt lat="36.801609" lon="-5.162680">
        <ele>656.333953</ele>
        <time>2026-05-17T09:44:27.000Z</time>
      </trkpt>
      <trkpt lat="36.801617" lon="-5.162728">
        <ele>656.662893</ele>
        <time>2026-05-17T09:44:30.000Z</time>
      </trkpt>
      <trkpt lat="36.801620" lon="-5.162793">
        <ele>657.099710</ele>
        <time>2026-05-17T09:44:35.000Z</time>
      </trkpt>
      <trkpt lat="36.801624" lon="-5.162828">
        <ele>657.336909</ele>
        <time>2026-05-17T09:44:38.000Z</time>
      </trkpt>
      <trkpt lat="36.801633" lon="-5.162880">
        <ele>657.693840</ele>
        <time>2026-05-17T09:44:42.000Z</time>
      </trkpt>
      <trkpt lat="36.801644" lon="-5.162919">
        <ele>657.971254</ele>
        <time>2026-05-17T09:44:47.000Z</time>
      </trkpt>
      <trkpt lat="36.801668" lon="-5.162995">
        <ele>658.519369</ele>
        <time>2026-05-17T09:44:53.000Z</time>
      </trkpt>
      <trkpt lat="36.801691" lon="-5.163108">
        <ele>659.301610</ele>
        <time>2026-05-17T09:45:02.000Z</time>
      </trkpt>
      <trkpt lat="36.801700" lon="-5.163162">
        <ele>659.662135</ele>
        <time>2026-05-17T09:45:07.000Z</time>
      </trkpt>
      <trkpt lat="36.801708" lon="-5.163191">
        <ele>659.846561</ele>
        <time>2026-05-17T09:45:10.000Z</time>
      </trkpt>
      <trkpt lat="36.801716" lon="-5.163227">
        <ele>660.071200</ele>
        <time>2026-05-17T09:45:13.000Z</time>
      </trkpt>
      <trkpt lat="36.801724" lon="-5.163279">
        <ele>660.389579</ele>
        <time>2026-05-17T09:45:18.000Z</time>
      </trkpt>
      <trkpt lat="36.801725" lon="-5.163296">
        <ele>660.492070</ele>
        <time>2026-05-17T09:45:19.000Z</time>
      </trkpt>
      <trkpt lat="36.801742" lon="-5.163379">
        <ele>661.007192</ele>
        <time>2026-05-17T09:45:25.000Z</time>
      </trkpt>
      <trkpt lat="36.801746" lon="-5.163396">
        <ele>661.113729</ele>
        <time>2026-05-17T09:45:26.000Z</time>
      </trkpt>
      <trkpt lat="36.801747" lon="-5.163403">
        <ele>661.156483</ele>
        <time>2026-05-17T09:45:27.000Z</time>
      </trkpt>
      <trkpt lat="36.801748" lon="-5.163414">
        <ele>661.223048</ele>
        <time>2026-05-17T09:45:28.000Z</time>
      </trkpt>
      <trkpt lat="36.801749" lon="-5.163427">
        <ele>661.301572</ele>
        <time>2026-05-17T09:45:29.000Z</time>
      </trkpt>
      <trkpt lat="36.801752" lon="-5.163464">
        <ele>661.525180</ele>
        <time>2026-05-17T09:45:32.000Z</time>
      </trkpt>
      <trkpt lat="36.801756" lon="-5.163548">
        <ele>662.031138</ele>
        <time>2026-05-17T09:45:39.000Z</time>
      </trkpt>
      <trkpt lat="36.801756" lon="-5.163591">
        <ele>662.289684</ele>
        <time>2026-05-17T09:45:42.000Z</time>
      </trkpt>
      <trkpt lat="36.801751" lon="-5.163602">
        <ele>662.365738</ele>
        <time>2026-05-17T09:45:45.000Z</time>
      </trkpt>
      <trkpt lat="36.801743" lon="-5.163618">
        <ele>662.479157</ele>
        <time>2026-05-17T09:45:47.000Z</time>
      </trkpt>
      <trkpt lat="36.801720" lon="-5.163665">
        <ele>662.810351</ele>
        <time>2026-05-17T09:45:52.000Z</time>
      </trkpt>
      <trkpt lat="36.801691" lon="-5.163715">
        <ele>663.181570</ele>
        <time>2026-05-17T09:45:58.000Z</time>
      </trkpt>
      <trkpt lat="36.801688" lon="-5.163715">
        <ele>663.204098</ele>
        <time>2026-05-17T09:45:59.000Z</time>
      </trkpt>
      <trkpt lat="36.801686" lon="-5.163720">
        <ele>663.237704</ele>
        <time>2026-05-17T09:46:00.000Z</time>
      </trkpt>
      <trkpt lat="36.801663" lon="-5.163717">
        <ele>663.411354</ele>
        <time>2026-05-17T09:46:09.000Z</time>
      </trkpt>
      <trkpt lat="36.801659" lon="-5.163703">
        <ele>663.500730</ele>
        <time>2026-05-17T09:46:11.000Z</time>
      </trkpt>
      <trkpt lat="36.801655" lon="-5.163705">
        <ele>663.533085</ele>
        <time>2026-05-17T09:46:13.000Z</time>
      </trkpt>
      <trkpt lat="36.801677" lon="-5.163692">
        <ele>663.715845</ele>
        <time>2026-05-17T09:46:17.000Z</time>
      </trkpt>
      <trkpt lat="36.801701" lon="-5.163701">
        <ele>663.904015</ele>
        <time>2026-05-17T09:46:25.000Z</time>
      </trkpt>
      <trkpt lat="36.801667" lon="-5.163687">
        <ele>664.172845</ele>
        <time>2026-05-17T09:46:31.000Z</time>
      </trkpt>
      <trkpt lat="36.801651" lon="-5.163678">
        <ele>664.304617</ele>
        <time>2026-05-17T09:46:33.000Z</time>
      </trkpt>
      <trkpt lat="36.801650" lon="-5.163680">
        <ele>664.318794</ele>
        <time>2026-05-17T09:46:40.000Z</time>
      </trkpt>
      <trkpt lat="36.801656" lon="-5.163684">
        <ele>664.369866</ele>
        <time>2026-05-17T09:46:41.000Z</time>
      </trkpt>
      <trkpt lat="36.801665" lon="-5.163691">
        <ele>664.449483</ele>
        <time>2026-05-17T09:46:42.000Z</time>
      </trkpt>
      <trkpt lat="36.801670" lon="-5.163696">
        <ele>664.497582</ele>
        <time>2026-05-17T09:46:43.000Z</time>
      </trkpt>
      <trkpt lat="36.801677" lon="-5.163700">
        <ele>664.555388</ele>
        <time>2026-05-17T09:46:45.000Z</time>
      </trkpt>
      <trkpt lat="36.801682" lon="-5.163704">
        <ele>664.599976</ele>
        <time>2026-05-17T09:46:47.000Z</time>
      </trkpt>
      <trkpt lat="36.801684" lon="-5.163703">
        <ele>664.616153</ele>
        <time>2026-05-17T09:46:49.000Z</time>
      </trkpt>
      <trkpt lat="36.801712" lon="-5.163673">
        <ele>664.893183</ele>
        <time>2026-05-17T09:46:58.000Z</time>
      </trkpt>
      <trkpt lat="36.801723" lon="-5.163653">
        <ele>665.039073</ele>
        <time>2026-05-17T09:47:01.000Z</time>
      </trkpt>
      <trkpt lat="36.801724" lon="-5.163647">
        <ele>665.075922</ele>
        <time>2026-05-17T09:47:06.000Z</time>
      </trkpt>
      <trkpt lat="36.801728" lon="-5.163657">
        <ele>665.143134</ele>
        <time>2026-05-17T09:47:13.000Z</time>
      </trkpt>
      <trkpt lat="36.801701" lon="-5.163660">
        <ele>665.346683</ele>
        <time>2026-05-17T09:47:17.000Z</time>
      </trkpt>
      <trkpt lat="36.801692" lon="-5.163680">
        <ele>665.484626</ele>
        <time>2026-05-17T09:47:20.000Z</time>
      </trkpt>
      <trkpt lat="36.801671" lon="-5.163718">
        <ele>665.762243</ele>
        <time>2026-05-17T09:47:30.000Z</time>
      </trkpt>
      <trkpt lat="36.801656" lon="-5.163717">
        <ele>665.875041</ele>
        <time>2026-05-17T09:47:37.000Z</time>
      </trkpt>
      <trkpt lat="36.801698" lon="-5.163690">
        <ele>666.229757</ele>
        <time>2026-05-17T09:47:46.000Z</time>
      </trkpt>
      <trkpt lat="36.801701" lon="-5.163686">
        <ele>666.262710</ele>
        <time>2026-05-17T09:47:47.000Z</time>
      </trkpt>
      <trkpt lat="36.801734" lon="-5.163629">
        <ele>666.685635</ele>
        <time>2026-05-17T09:47:57.000Z</time>
      </trkpt>
      <trkpt lat="36.801713" lon="-5.163648">
        <ele>666.880361</ele>
        <time>2026-05-17T09:48:03.000Z</time>
      </trkpt>
      <trkpt lat="36.801707" lon="-5.163675">
        <ele>667.048840</ele>
        <time>2026-05-17T09:48:14.000Z</time>
      </trkpt>
      <trkpt lat="36.801704" lon="-5.163677">
        <ele>667.074376</ele>
        <time>2026-05-17T09:48:15.000Z</time>
      </trkpt>
      <trkpt lat="36.801702" lon="-5.163692">
        <ele>667.165808</ele>
        <time>2026-05-17T09:48:21.000Z</time>
      </trkpt>
      <trkpt lat="36.801701" lon="-5.163698">
        <ele>667.202658</ele>
        <time>2026-05-17T09:48:22.000Z</time>
      </trkpt>
      <trkpt lat="36.801659" lon="-5.163678">
        <ele>667.540191</ele>
        <time>2026-05-17T09:48:32.000Z</time>
      </trkpt>
      <trkpt lat="36.801717" lon="-5.163715">
        <ele>668.029253</ele>
        <time>2026-05-17T09:48:40.000Z</time>
      </trkpt>
      <trkpt lat="36.801734" lon="-5.163724">
        <ele>668.167905</ele>
        <time>2026-05-17T09:48:47.000Z</time>
      </trkpt>
      <trkpt lat="36.801696" lon="-5.163715">
        <ele>668.458339</ele>
        <time>2026-05-17T09:48:51.000Z</time>
      </trkpt>
      <trkpt lat="36.801657" lon="-5.163697">
        <ele>668.770556</ele>
        <time>2026-05-17T09:49:00.000Z</time>
      </trkpt>
      <trkpt lat="36.801635" lon="-5.163667">
        <ele>669.015155</ele>
        <time>2026-05-17T09:49:07.000Z</time>
      </trkpt>
      <trkpt lat="36.801709" lon="-5.163675">
        <ele>669.572912</ele>
        <time>2026-05-17T09:49:14.000Z</time>
      </trkpt>
      <trkpt lat="36.801795" lon="-5.163706">
        <ele>670.245062</ele>
        <time>2026-05-17T09:49:20.000Z</time>
      </trkpt>
      <trkpt lat="36.801813" lon="-5.163717">
        <ele>670.395542</ele>
        <time>2026-05-17T09:49:23.000Z</time>
      </trkpt>
      <trkpt lat="36.801825" lon="-5.163736">
        <ele>670.541044</ele>
        <time>2026-05-17T09:49:27.000Z</time>
      </trkpt>
      <trkpt lat="36.801843" lon="-5.163757">
        <ele>670.726011</ele>
        <time>2026-05-17T09:49:31.000Z</time>
      </trkpt>
      <trkpt lat="36.801863" lon="-5.163782">
        <ele>670.938497</ele>
        <time>2026-05-17T09:49:34.000Z</time>
      </trkpt>
      <trkpt lat="36.801880" lon="-5.163801">
        <ele>671.109807</ele>
        <time>2026-05-17T09:49:36.000Z</time>
      </trkpt>
      <trkpt lat="36.801901" lon="-5.163819">
        <ele>671.301067</ele>
        <time>2026-05-17T09:49:40.000Z</time>
      </trkpt>
      <trkpt lat="36.801911" lon="-5.163828">
        <ele>671.393625</ele>
        <time>2026-05-17T09:49:43.000Z</time>
      </trkpt>
      <trkpt lat="36.801945" lon="-5.163879">
        <ele>671.792644</ele>
        <time>2026-05-17T09:49:49.000Z</time>
      </trkpt>
      <trkpt lat="36.801975" lon="-5.163914">
        <ele>672.100923</ele>
        <time>2026-05-17T09:49:53.000Z</time>
      </trkpt>
      <trkpt lat="36.801988" lon="-5.163926">
        <ele>672.222312</ele>
        <time>2026-05-17T09:49:56.000Z</time>
      </trkpt>
      <trkpt lat="36.801997" lon="-5.163943">
        <ele>672.344850</ele>
        <time>2026-05-17T09:49:59.000Z</time>
      </trkpt>
      <trkpt lat="36.802018" lon="-5.163980">
        <ele>672.617539</ele>
        <time>2026-05-17T09:50:03.000Z</time>
      </trkpt>
      <trkpt lat="36.802022" lon="-5.163991">
        <ele>672.690179</ele>
        <time>2026-05-17T09:50:04.000Z</time>
      </trkpt>
      <trkpt lat="36.802047" lon="-5.164038">
        <ele>673.029447</ele>
        <time>2026-05-17T09:50:08.000Z</time>
      </trkpt>
      <trkpt lat="36.802057" lon="-5.164062">
        <ele>673.223152</ele>
        <time>2026-05-17T09:50:10.000Z</time>
      </trkpt>
      <trkpt lat="36.802057" lon="-5.164070">
        <ele>673.285341</ele>
        <time>2026-05-17T09:50:11.000Z</time>
      </trkpt>
      <trkpt lat="36.802045" lon="-5.164097">
        <ele>673.525392</ele>
        <time>2026-05-17T09:50:15.000Z</time>
      </trkpt>
      <trkpt lat="36.802037" lon="-5.164124">
        <ele>673.749188</ele>
        <time>2026-05-17T09:50:17.000Z</time>
      </trkpt>
      <trkpt lat="36.802013" lon="-5.164119">
        <ele>673.985408</ele>
        <time>2026-05-17T09:50:22.000Z</time>
      </trkpt>
      <trkpt lat="36.802008" lon="-5.164118">
        <ele>674.034569</ele>
        <time>2026-05-17T09:50:23.000Z</time>
      </trkpt>
      <trkpt lat="36.802002" lon="-5.164111">
        <ele>674.114281</ele>
        <time>2026-05-17T09:50:24.000Z</time>
      </trkpt>
      <trkpt lat="36.801970" lon="-5.164101">
        <ele>674.434527</ele>
        <time>2026-05-17T09:50:28.000Z</time>
      </trkpt>
      <trkpt lat="36.801957" lon="-5.164094">
        <ele>674.571966</ele>
        <time>2026-05-17T09:50:29.000Z</time>
      </trkpt>
      <trkpt lat="36.801945" lon="-5.164095">
        <ele>674.688725</ele>
        <time>2026-05-17T09:50:30.000Z</time>
      </trkpt>
      <trkpt lat="36.801938" lon="-5.164096">
        <ele>674.757127</ele>
        <time>2026-05-17T09:50:31.000Z</time>
      </trkpt>
      <trkpt lat="36.801929" lon="-5.164097">
        <ele>674.844847</ele>
        <time>2026-05-17T09:50:32.000Z</time>
      </trkpt>
      <trkpt lat="36.801915" lon="-5.164103">
        <ele>674.988545</ele>
        <time>2026-05-17T09:50:33.000Z</time>
      </trkpt>
      <trkpt lat="36.801850" lon="-5.164157">
        <ele>675.746454</ele>
        <time>2026-05-17T09:50:39.000Z</time>
      </trkpt>
      <trkpt lat="36.801842" lon="-5.164170">
        <ele>675.873908</ele>
        <time>2026-05-17T09:50:40.000Z</time>
      </trkpt>
      <trkpt lat="36.801810" lon="-5.164233">
        <ele>676.453870</ele>
        <time>2026-05-17T09:50:45.000Z</time>
      </trkpt>
      <trkpt lat="36.801808" lon="-5.164254">
        <ele>676.618267</ele>
        <time>2026-05-17T09:50:47.000Z</time>
      </trkpt>
      <trkpt lat="36.801803" lon="-5.164277">
        <ele>676.803532</ele>
        <time>2026-05-17T09:50:49.000Z</time>
      </trkpt>
      <trkpt lat="36.801828" lon="-5.164350">
        <ele>677.420730</ele>
        <time>2026-05-17T09:50:56.000Z</time>
      </trkpt>
      <trkpt lat="36.801846" lon="-5.164413">
        <ele>677.940711</ele>
        <time>2026-05-17T09:51:02.000Z</time>
      </trkpt>
      <trkpt lat="36.801852" lon="-5.164447">
        <ele>678.211356</ele>
        <time>2026-05-17T09:51:05.000Z</time>
      </trkpt>
      <trkpt lat="36.801860" lon="-5.164495">
        <ele>678.592486</ele>
        <time>2026-05-17T09:51:09.000Z</time>
      </trkpt>
      <trkpt lat="36.801867" lon="-5.164529">
        <ele>678.865385</ele>
        <time>2026-05-17T09:51:12.000Z</time>
      </trkpt>
      <trkpt lat="36.801874" lon="-5.164577">
        <ele>679.244656</ele>
        <time>2026-05-17T09:51:15.000Z</time>
      </trkpt>
      <trkpt lat="36.801875" lon="-5.164598">
        <ele>679.408190</ele>
        <time>2026-05-17T09:51:17.000Z</time>
      </trkpt>
      <trkpt lat="36.801886" lon="-5.164651">
        <ele>679.833806</ele>
        <time>2026-05-17T09:51:23.000Z</time>
      </trkpt>
      <trkpt lat="36.801895" lon="-5.164737">
        <ele>680.508021</ele>
        <time>2026-05-17T09:51:29.000Z</time>
      </trkpt>
      <trkpt lat="36.801897" lon="-5.164756">
        <ele>680.656990</ele>
        <time>2026-05-17T09:51:31.000Z</time>
      </trkpt>
      <trkpt lat="36.801900" lon="-5.164765">
        <ele>680.732773</ele>
        <time>2026-05-17T09:51:32.000Z</time>
      </trkpt>
      <trkpt lat="36.801900" lon="-5.164862">
        <ele>681.486811</ele>
        <time>2026-05-17T09:51:40.000Z</time>
      </trkpt>
      <trkpt lat="36.801904" lon="-5.164924">
        <ele>681.970336</ele>
        <time>2026-05-17T09:51:44.000Z</time>
      </trkpt>
      <trkpt lat="36.801908" lon="-5.164936">
        <ele>682.071380</ele>
        <time>2026-05-17T09:51:48.000Z</time>
      </trkpt>
      <trkpt lat="36.801926" lon="-5.164924">
        <ele>682.269469</ele>
        <time>2026-05-17T09:51:53.000Z</time>
      </trkpt>
      <trkpt lat="36.801926" lon="-5.164924">
        <ele>682.269469</ele>
        <time>2026-05-17T09:51:57.000Z</time>
      </trkpt>
      <trkpt lat="36.801926" lon="-5.164924">
        <ele>682.269469</ele>
        <time>2026-05-17T10:26:00.000Z</time>
      </trkpt>
      <trkpt lat="36.801926" lon="-5.164924">
        <ele>682.269469</ele>
        <time>2026-05-17T10:26:01.000Z</time>
      </trkpt>
      <trkpt lat="36.801812" lon="-5.164847">
        <ele>683.527716</ele>
        <time>2026-05-17T10:26:05.000Z</time>
      </trkpt>
      <trkpt lat="36.801912" lon="-5.164964">
        <ele>684.858029</ele>
        <time>2026-05-17T10:26:06.000Z</time>
      </trkpt>
      <trkpt lat="36.801907" lon="-5.164895">
        <ele>685.396599</ele>
        <time>2026-05-17T10:26:10.000Z</time>
      </trkpt>
      <trkpt lat="36.801910" lon="-5.164958">
        <ele>685.887200</ele>
        <time>2026-05-17T10:26:12.000Z</time>
      </trkpt>
      <trkpt lat="36.801921" lon="-5.164976">
        <ele>686.063221</ele>
        <time>2026-05-17T10:26:13.000Z</time>
      </trkpt>
      <trkpt lat="36.801944" lon="-5.165004">
        <ele>686.375048</ele>
        <time>2026-05-17T10:26:16.000Z</time>
      </trkpt>
      <trkpt lat="36.801951" lon="-5.165018">
        <ele>686.503353</ele>
        <time>2026-05-17T10:26:18.000Z</time>
      </trkpt>
      <trkpt lat="36.801951" lon="-5.165049">
        <ele>686.744335</ele>
        <time>2026-05-17T10:26:22.000Z</time>
      </trkpt>
      <trkpt lat="36.801954" lon="-5.165058">
        <ele>686.820117</ele>
        <time>2026-05-17T10:26:23.000Z</time>
      </trkpt>
      <trkpt lat="36.801955" lon="-5.165070">
        <ele>686.913904</ele>
        <time>2026-05-17T10:26:24.000Z</time>
      </trkpt>
      <trkpt lat="36.801960" lon="-5.165078">
        <ele>686.992795</ele>
        <time>2026-05-17T10:26:25.000Z</time>
      </trkpt>
      <trkpt lat="36.801965" lon="-5.165082">
        <ele>687.050442</ele>
        <time>2026-05-17T10:26:26.000Z</time>
      </trkpt>
      <trkpt lat="36.801963" lon="-5.165081">
        <ele>687.071357</ele>
        <time>2026-05-17T10:26:27.000Z</time>
      </trkpt>
      <trkpt lat="36.801961" lon="-5.165057">
        <ele>687.258930</ele>
        <time>2026-05-17T10:26:29.000Z</time>
      </trkpt>
      <trkpt lat="36.801960" lon="-5.165042">
        <ele>687.375938</ele>
        <time>2026-05-17T10:26:30.000Z</time>
      </trkpt>
      <trkpt lat="36.801966" lon="-5.165056">
        <ele>687.499376</ele>
        <time>2026-05-17T10:26:36.000Z</time>
      </trkpt>
      <trkpt lat="36.801962" lon="-5.165056">
        <ele>687.538210</ele>
        <time>2026-05-17T10:26:39.000Z</time>
      </trkpt>
      <trkpt lat="36.801958" lon="-5.165058">
        <ele>687.580040</ele>
        <time>2026-05-17T10:26:41.000Z</time>
      </trkpt>
      <trkpt lat="36.801965" lon="-5.165044">
        <ele>687.708346</ele>
        <time>2026-05-17T10:26:47.000Z</time>
      </trkpt>
      <trkpt lat="36.801992" lon="-5.165045">
        <ele>687.970587</ele>
        <time>2026-05-17T10:26:54.000Z</time>
      </trkpt>
      <trkpt lat="36.802018" lon="-5.165081">
        <ele>688.347455</ele>
        <time>2026-05-17T10:26:57.000Z</time>
      </trkpt>
      <trkpt lat="36.802040" lon="-5.165104">
        <ele>688.625996</ele>
        <time>2026-05-17T10:27:00.000Z</time>
      </trkpt>
      <trkpt lat="36.802051" lon="-5.165134">
        <ele>688.882492</ele>
        <time>2026-05-17T10:27:03.000Z</time>
      </trkpt>
      <trkpt lat="36.802072" lon="-5.165173">
        <ele>689.247837</ele>
        <time>2026-05-17T10:27:06.000Z</time>
      </trkpt>
      <trkpt lat="36.802091" lon="-5.165207">
        <ele>689.570142</ele>
        <time>2026-05-17T10:27:08.000Z</time>
      </trkpt>
      <trkpt lat="36.802112" lon="-5.165240">
        <ele>689.897818</ele>
        <time>2026-05-17T10:27:11.000Z</time>
      </trkpt>
      <trkpt lat="36.802117" lon="-5.165247">
        <ele>689.970738</ele>
        <time>2026-05-17T10:27:12.000Z</time>
      </trkpt>
      <trkpt lat="36.802132" lon="-5.165266">
        <ele>690.178154</ele>
        <time>2026-05-17T10:27:15.000Z</time>
      </trkpt>
      <trkpt lat="36.802137" lon="-5.165272">
        <ele>690.245472</ele>
        <time>2026-05-17T10:27:16.000Z</time>
      </trkpt>
      <trkpt lat="36.802148" lon="-5.165289">
        <ele>690.415379</ele>
        <time>2026-05-17T10:27:19.000Z</time>
      </trkpt>
      <trkpt lat="36.802152" lon="-5.165298">
        <ele>690.495396</ele>
        <time>2026-05-17T10:27:22.000Z</time>
      </trkpt>
      <trkpt lat="36.802156" lon="-5.165300">
        <ele>690.537226</ele>
        <time>2026-05-17T10:27:24.000Z</time>
      </trkpt>
      <trkpt lat="36.802162" lon="-5.165316">
        <ele>690.699113</ele>
        <time>2026-05-17T10:27:33.000Z</time>
      </trkpt>
      <trkpt lat="36.802161" lon="-5.165311">
        <ele>690.746947</ele>
        <time>2026-05-17T10:27:36.000Z</time>
      </trkpt>
      <trkpt lat="36.802165" lon="-5.165325">
        <ele>690.884912</ele>
        <time>2026-05-17T10:27:45.000Z</time>
      </trkpt>
      <trkpt lat="36.802158" lon="-5.165304">
        <ele>691.096039</ele>
        <time>2026-05-17T10:27:57.000Z</time>
      </trkpt>
      <trkpt lat="36.802153" lon="-5.165294">
        <ele>691.205464</ele>
        <time>2026-05-17T10:28:03.000Z</time>
      </trkpt>
      <trkpt lat="36.802147" lon="-5.165301">
        <ele>691.300639</ele>
        <time>2026-05-17T10:28:05.000Z</time>
      </trkpt>
      <trkpt lat="36.802146" lon="-5.165309">
        <ele>691.375790</ele>
        <time>2026-05-17T10:28:06.000Z</time>
      </trkpt>
      <trkpt lat="36.802144" lon="-5.165315">
        <ele>691.436112</ele>
        <time>2026-05-17T10:28:07.000Z</time>
      </trkpt>
      <trkpt lat="36.802138" lon="-5.165318">
        <ele>691.511029</ele>
        <time>2026-05-17T10:28:08.000Z</time>
      </trkpt>
      <trkpt lat="36.802126" lon="-5.165322">
        <ele>691.654998</ele>
        <time>2026-05-17T10:28:14.000Z</time>
      </trkpt>
      <trkpt lat="36.802141" lon="-5.165312">
        <ele>691.852094</ele>
        <time>2026-05-17T10:28:17.000Z</time>
      </trkpt>
      <trkpt lat="36.802154" lon="-5.165325">
        <ele>692.045139</ele>
        <time>2026-05-17T10:28:27.000Z</time>
      </trkpt>
      <trkpt lat="36.802171" lon="-5.165332">
        <ele>692.252631</ele>
        <time>2026-05-17T10:28:35.000Z</time>
      </trkpt>
      <trkpt lat="36.802183" lon="-5.165306">
        <ele>692.531169</ele>
        <time>2026-05-17T10:28:43.000Z</time>
      </trkpt>
      <trkpt lat="36.802171" lon="-5.165325">
        <ele>692.755774</ele>
        <time>2026-05-17T10:28:46.000Z</time>
      </trkpt>
      <trkpt lat="36.802170" lon="-5.165331">
        <ele>692.812657</ele>
        <time>2026-05-17T10:28:47.000Z</time>
      </trkpt>
      <trkpt lat="36.802171" lon="-5.165338">
        <ele>692.878654</ele>
        <time>2026-05-17T10:28:48.000Z</time>
      </trkpt>
      <trkpt lat="36.802174" lon="-5.165343">
        <ele>692.936645</ele>
        <time>2026-05-17T10:28:49.000Z</time>
      </trkpt>
      <trkpt lat="36.802180" lon="-5.165364">
        <ele>693.143593</ele>
        <time>2026-05-17T10:28:52.000Z</time>
      </trkpt>
      <trkpt lat="36.802182" lon="-5.165370">
        <ele>693.203915</ele>
        <time>2026-05-17T10:28:53.000Z</time>
      </trkpt>
      <trkpt lat="36.802183" lon="-5.165387">
        <ele>693.362126</ele>
        <time>2026-05-17T10:28:59.000Z</time>
      </trkpt>
      <trkpt lat="36.802192" lon="-5.165407">
        <ele>693.575063</ele>
        <time>2026-05-17T10:29:01.000Z</time>
      </trkpt>
      <trkpt lat="36.802212" lon="-5.165435">
        <ele>693.923323</ele>
        <time>2026-05-17T10:29:05.000Z</time>
      </trkpt>
      <trkpt lat="36.802241" lon="-5.165481">
        <ele>694.466726</ele>
        <time>2026-05-17T10:29:10.000Z</time>
      </trkpt>
      <trkpt lat="36.802246" lon="-5.165486">
        <ele>694.540974</ele>
        <time>2026-05-17T10:29:11.000Z</time>
      </trkpt>
      <trkpt lat="36.802272" lon="-5.165530">
        <ele>695.048527</ele>
        <time>2026-05-17T10:29:16.000Z</time>
      </trkpt>
      <trkpt lat="36.802279" lon="-5.165540">
        <ele>695.171809</ele>
        <time>2026-05-17T10:29:17.000Z</time>
      </trkpt>
      <trkpt lat="36.802296" lon="-5.165573">
        <ele>695.536014</ele>
        <time>2026-05-17T10:29:21.000Z</time>
      </trkpt>
      <trkpt lat="36.802318" lon="-5.165610">
        <ele>695.963760</ele>
        <time>2026-05-17T10:29:26.000Z</time>
      </trkpt>
      <trkpt lat="36.802334" lon="-5.165638">
        <ele>696.283034</ele>
        <time>2026-05-17T10:29:29.000Z</time>
      </trkpt>
      <trkpt lat="36.802350" lon="-5.165667">
        <ele>696.609908</ele>
        <time>2026-05-17T10:29:32.000Z</time>
      </trkpt>
      <trkpt lat="36.802375" lon="-5.165717">
        <ele>697.157031</ele>
        <time>2026-05-17T10:29:39.000Z</time>
      </trkpt>
      <trkpt lat="36.802381" lon="-5.165731">
        <ele>697.304414</ele>
        <time>2026-05-17T10:29:42.000Z</time>
      </trkpt>
      <trkpt lat="36.802383" lon="-5.165738">
        <ele>697.373397</ele>
        <time>2026-05-17T10:29:44.000Z</time>
      </trkpt>
      <trkpt lat="36.802394" lon="-5.165783">
        <ele>697.810093</ele>
        <time>2026-05-17T10:29:49.000Z</time>
      </trkpt>
      <trkpt lat="36.802398" lon="-5.165791">
        <ele>697.897633</ele>
        <time>2026-05-17T10:29:50.000Z</time>
      </trkpt>
      <trkpt lat="36.802406" lon="-5.165813">
        <ele>698.121896</ele>
        <time>2026-05-17T10:29:52.000Z</time>
      </trkpt>
      <trkpt lat="36.802419" lon="-5.165851">
        <ele>698.505435</ele>
        <time>2026-05-17T10:29:56.000Z</time>
      </trkpt>
      <trkpt lat="36.802423" lon="-5.165862">
        <ele>698.617567</ele>
        <time>2026-05-17T10:29:57.000Z</time>
      </trkpt>
      <trkpt lat="36.802430" lon="-5.165912">
        <ele>699.088681</ele>
        <time>2026-05-17T10:30:02.000Z</time>
      </trkpt>
      <trkpt lat="36.802432" lon="-5.165918">
        <ele>699.149002</ele>
        <time>2026-05-17T10:30:03.000Z</time>
      </trkpt>
      <trkpt lat="36.802462" lon="-5.165963">
        <ele>699.692486</ele>
        <time>2026-05-17T10:30:09.000Z</time>
      </trkpt>
      <trkpt lat="36.802489" lon="-5.166020">
        <ele>700.307173</ele>
        <time>2026-05-17T10:30:14.000Z</time>
      </trkpt>
      <trkpt lat="36.802508" lon="-5.166063">
        <ele>700.763012</ele>
        <time>2026-05-17T10:30:18.000Z</time>
      </trkpt>
      <trkpt lat="36.802520" lon="-5.166095">
        <ele>701.090978</ele>
        <time>2026-05-17T10:30:21.000Z</time>
      </trkpt>
      <trkpt lat="36.802532" lon="-5.166124">
        <ele>701.393958</ele>
        <time>2026-05-17T10:30:25.000Z</time>
      </trkpt>
      <trkpt lat="36.802534" lon="-5.166128">
        <ele>701.437728</ele>
        <time>2026-05-17T10:30:26.000Z</time>
      </trkpt>
      <trkpt lat="36.802535" lon="-5.166125">
        <ele>701.467889</ele>
        <time>2026-05-17T10:30:30.000Z</time>
      </trkpt>
      <trkpt lat="36.802527" lon="-5.166143">
        <ele>701.658966</ele>
        <time>2026-05-17T10:30:35.000Z</time>
      </trkpt>
      <trkpt lat="36.802530" lon="-5.166159">
        <ele>701.811487</ele>
        <time>2026-05-17T10:30:36.000Z</time>
      </trkpt>
      <trkpt lat="36.802532" lon="-5.166173">
        <ele>701.943479</ele>
        <time>2026-05-17T10:30:37.000Z</time>
      </trkpt>
      <trkpt lat="36.802534" lon="-5.166184">
        <ele>702.048175</ele>
        <time>2026-05-17T10:30:38.000Z</time>
      </trkpt>
      <trkpt lat="36.802534" lon="-5.166191">
        <ele>702.113145</ele>
        <time>2026-05-17T10:30:39.000Z</time>
      </trkpt>
      <trkpt lat="36.802537" lon="-5.166234">
        <ele>702.513760</ele>
        <time>2026-05-17T10:30:44.000Z</time>
      </trkpt>
      <trkpt lat="36.802537" lon="-5.166239">
        <ele>702.560167</ele>
        <time>2026-05-17T10:30:46.000Z</time>
      </trkpt>
      <trkpt lat="36.802562" lon="-5.166278">
        <ele>703.023854</ele>
        <time>2026-05-17T10:30:52.000Z</time>
      </trkpt>
      <trkpt lat="36.802572" lon="-5.166289">
        <ele>703.178322</ele>
        <time>2026-05-17T10:30:53.000Z</time>
      </trkpt>
      <trkpt lat="36.802613" lon="-5.166329">
        <ele>703.781398</ele>
        <time>2026-05-17T10:30:58.000Z</time>
      </trkpt>
      <trkpt lat="36.802617" lon="-5.166334">
        <ele>703.846999</ele>
        <time>2026-05-17T10:31:00.000Z</time>
      </trkpt>
      <trkpt lat="36.802608" lon="-5.166336">
        <ele>703.952962</ele>
        <time>2026-05-17T10:31:02.000Z</time>
      </trkpt>
      <trkpt lat="36.802603" lon="-5.166345">
        <ele>704.054633</ele>
        <time>2026-05-17T10:31:06.000Z</time>
      </trkpt>
      <trkpt lat="36.802584" lon="-5.166346">
        <ele>704.275069</ele>
        <time>2026-05-17T10:31:14.000Z</time>
      </trkpt>
      <trkpt lat="36.802585" lon="-5.166346">
        <ele>704.286661</ele>
        <time>2026-05-17T10:31:16.000Z</time>
      </trkpt>
      <trkpt lat="36.802586" lon="-5.166341">
        <ele>704.334494</ele>
        <time>2026-05-17T10:31:18.000Z</time>
      </trkpt>
      <trkpt lat="36.802584" lon="-5.166340">
        <ele>704.359466</ele>
        <time>2026-05-17T10:31:20.000Z</time>
      </trkpt>
      <trkpt lat="36.802602" lon="-5.166329">
        <ele>704.591755</ele>
        <time>2026-05-17T10:31:26.000Z</time>
      </trkpt>
      <trkpt lat="36.802596" lon="-5.166339">
        <ele>704.707736</ele>
        <time>2026-05-17T10:31:30.000Z</time>
      </trkpt>
      <trkpt lat="36.802603" lon="-5.166351">
        <ele>704.845536</ele>
        <time>2026-05-17T10:31:34.000Z</time>
      </trkpt>
      <trkpt lat="36.802608" lon="-5.166360">
        <ele>704.947207</ele>
        <time>2026-05-17T10:31:37.000Z</time>
      </trkpt>
      <trkpt lat="36.802602" lon="-5.166368">
        <ele>705.048944</ele>
        <time>2026-05-17T10:31:40.000Z</time>
      </trkpt>
      <trkpt lat="36.802599" lon="-5.166371">
        <ele>705.093493</ele>
        <time>2026-05-17T10:31:41.000Z</time>
      </trkpt>
      <trkpt lat="36.802596" lon="-5.166359">
        <ele>705.210173</ele>
        <time>2026-05-17T10:31:47.000Z</time>
      </trkpt>
      <trkpt lat="36.802586" lon="-5.166371">
        <ele>705.370926</ele>
        <time>2026-05-17T10:31:55.000Z</time>
      </trkpt>
      <trkpt lat="36.802580" lon="-5.166378">
        <ele>705.466101</ele>
        <time>2026-05-17T10:31:57.000Z</time>
      </trkpt>
      <trkpt lat="36.802595" lon="-5.166395">
        <ele>705.700895</ele>
        <time>2026-05-17T10:32:02.000Z</time>
      </trkpt>
      <trkpt lat="36.802603" lon="-5.166376">
        <ele>705.900138</ele>
        <time>2026-05-17T10:32:07.000Z</time>
      </trkpt>
      <trkpt lat="36.802600" lon="-5.166368">
        <ele>705.982130</ele>
        <time>2026-05-17T10:32:15.000Z</time>
      </trkpt>
      <trkpt lat="36.802593" lon="-5.166372">
        <ele>706.071361</ele>
        <time>2026-05-17T10:32:18.000Z</time>
      </trkpt>
      <trkpt lat="36.802591" lon="-5.166370">
        <ele>706.101061</ele>
        <time>2026-05-17T10:32:19.000Z</time>
      </trkpt>
      <trkpt lat="36.802587" lon="-5.166371">
        <ele>706.148347</ele>
        <time>2026-05-17T10:32:20.000Z</time>
      </trkpt>
      <trkpt lat="36.802583" lon="-5.166373">
        <ele>706.198291</ele>
        <time>2026-05-17T10:32:28.000Z</time>
      </trkpt>
      <trkpt lat="36.802580" lon="-5.166364">
        <ele>706.288774</ele>
        <time>2026-05-17T10:32:29.000Z</time>
      </trkpt>
      <trkpt lat="36.802573" lon="-5.166362">
        <ele>706.372011</ele>
        <time>2026-05-17T10:32:33.000Z</time>
      </trkpt>
      <trkpt lat="36.802577" lon="-5.166366">
        <ele>706.431410</ele>
        <time>2026-05-17T10:32:37.000Z</time>
      </trkpt>
      <trkpt lat="36.802582" lon="-5.166372">
        <ele>706.511786</ele>
        <time>2026-05-17T10:32:40.000Z</time>
      </trkpt>
      <trkpt lat="36.802583" lon="-5.166371">
        <ele>706.526636</ele>
        <time>2026-05-17T10:32:41.000Z</time>
      </trkpt>
      <trkpt lat="36.802585" lon="-5.166370">
        <ele>706.551608</ele>
        <time>2026-05-17T10:32:42.000Z</time>
      </trkpt>
      <trkpt lat="36.802583" lon="-5.166362">
        <ele>706.629395</ele>
        <time>2026-05-17T10:32:46.000Z</time>
      </trkpt>
      <trkpt lat="36.802580" lon="-5.166359">
        <ele>706.673943</ele>
        <time>2026-05-17T10:32:48.000Z</time>
      </trkpt>
      <trkpt lat="36.802593" lon="-5.166350">
        <ele>706.846238</ele>
        <time>2026-05-17T10:32:54.000Z</time>
      </trkpt>
      <trkpt lat="36.802595" lon="-5.166346">
        <ele>706.890008</ele>
        <time>2026-05-17T10:32:56.000Z</time>
      </trkpt>
      <trkpt lat="36.802601" lon="-5.166343">
        <ele>706.964925</ele>
        <time>2026-05-17T10:32:58.000Z</time>
      </trkpt>
      <trkpt lat="36.802627" lon="-5.166354">
        <ele>707.283130</ele>
        <time>2026-05-17T10:33:05.000Z</time>
      </trkpt>
      <trkpt lat="36.802631" lon="-5.166358">
        <ele>707.342528</ele>
        <time>2026-05-17T10:33:07.000Z</time>
      </trkpt>
      <trkpt lat="36.802644" lon="-5.166373">
        <ele>707.547688</ele>
        <time>2026-05-17T10:33:15.000Z</time>
      </trkpt>
      <trkpt lat="36.802667" lon="-5.166366">
        <ele>707.822097</ele>
        <time>2026-05-17T10:33:20.000Z</time>
      </trkpt>
      <trkpt lat="36.802678" lon="-5.166365">
        <ele>707.949943</ele>
        <time>2026-05-17T10:33:21.000Z</time>
      </trkpt>
      <trkpt lat="36.802679" lon="-5.166358">
        <ele>708.015939</ele>
        <time>2026-05-17T10:33:23.000Z</time>
      </trkpt>
      <trkpt lat="36.802685" lon="-5.166345">
        <ele>708.155207</ele>
        <time>2026-05-17T10:33:27.000Z</time>
      </trkpt>
      <trkpt lat="36.802705" lon="-5.166362">
        <ele>708.435639</ele>
        <time>2026-05-17T10:33:34.000Z</time>
      </trkpt>
      <trkpt lat="36.802777" lon="-5.166381">
        <ele>709.288663</ele>
        <time>2026-05-17T10:33:42.000Z</time>
      </trkpt>
      <trkpt lat="36.802785" lon="-5.166384">
        <ele>709.385486</ele>
        <time>2026-05-17T10:33:44.000Z</time>
      </trkpt>
      <trkpt lat="36.802828" lon="-5.166358">
        <ele>709.939269</ele>
        <time>2026-05-17T10:33:52.000Z</time>
      </trkpt>
      <trkpt lat="36.802837" lon="-5.166353">
        <ele>710.053450</ele>
        <time>2026-05-17T10:33:53.000Z</time>
      </trkpt>
      <trkpt lat="36.802886" lon="-5.166330">
        <ele>710.660230</ele>
        <time>2026-05-17T10:33:58.000Z</time>
      </trkpt>
      <trkpt lat="36.802928" lon="-5.166307">
        <ele>711.191824</ele>
        <time>2026-05-17T10:34:02.000Z</time>
      </trkpt>
      <trkpt lat="36.802940" lon="-5.166302">
        <ele>711.338460</ele>
        <time>2026-05-17T10:34:04.000Z</time>
      </trkpt>
      <trkpt lat="36.802987" lon="-5.166275">
        <ele>711.772840</ele>
        <time>2026-05-17T10:34:08.000Z</time>
      </trkpt>
      <trkpt lat="36.802997" lon="-5.166269">
        <ele>711.862141</ele>
        <time>2026-05-17T10:34:09.000Z</time>
      </trkpt>
      <trkpt lat="36.803024" lon="-5.166251">
        <ele>712.108500</ele>
        <time>2026-05-17T10:34:12.000Z</time>
      </trkpt>
      <trkpt lat="36.803035" lon="-5.166245">
        <ele>712.205119</ele>
        <time>2026-05-17T10:34:13.000Z</time>
      </trkpt>
      <trkpt lat="36.803064" lon="-5.166232">
        <ele>712.453133</ele>
        <time>2026-05-17T10:34:17.000Z</time>
      </trkpt>
      <trkpt lat="36.803111" lon="-5.166216">
        <ele>712.845257</ele>
        <time>2026-05-17T10:34:22.000Z</time>
      </trkpt>
      <trkpt lat="36.803120" lon="-5.166212">
        <ele>712.922152</ele>
        <time>2026-05-17T10:34:23.000Z</time>
      </trkpt>
      <trkpt lat="36.803159" lon="-5.166180">
        <ele>713.297767</ele>
        <time>2026-05-17T10:34:27.000Z</time>
      </trkpt>
      <trkpt lat="36.803209" lon="-5.166141">
        <ele>713.772281</ele>
        <time>2026-05-17T10:34:32.000Z</time>
      </trkpt>
      <trkpt lat="36.803218" lon="-5.166133">
        <ele>713.861201</ele>
        <time>2026-05-17T10:34:33.000Z</time>
      </trkpt>
      <trkpt lat="36.803237" lon="-5.166117">
        <ele>714.045658</ele>
        <time>2026-05-17T10:34:35.000Z</time>
      </trkpt>
      <trkpt lat="36.803246" lon="-5.166109">
        <ele>714.134578</ele>
        <time>2026-05-17T10:34:36.000Z</time>
      </trkpt>
      <trkpt lat="36.803254" lon="-5.166101">
        <ele>714.217072</ele>
        <time>2026-05-17T10:34:37.000Z</time>
      </trkpt>
      <trkpt lat="36.803257" lon="-5.166098">
        <ele>714.248007</ele>
        <time>2026-05-17T10:34:38.000Z</time>
      </trkpt>
      <trkpt lat="36.803260" lon="-5.166095">
        <ele>714.278942</ele>
        <time>2026-05-17T10:34:40.000Z</time>
      </trkpt>
      <trkpt lat="36.803280" lon="-5.166091">
        <ele>714.441981</ele>
        <time>2026-05-17T10:34:50.000Z</time>
      </trkpt>
      <trkpt lat="36.803309" lon="-5.166065">
        <ele>714.729334</ele>
        <time>2026-05-17T10:34:57.000Z</time>
      </trkpt>
      <trkpt lat="36.803310" lon="-5.166071">
        <ele>714.768833</ele>
        <time>2026-05-17T10:35:00.000Z</time>
      </trkpt>
      <trkpt lat="36.803312" lon="-5.166086">
        <ele>714.866841</ele>
        <time>2026-05-17T10:35:07.000Z</time>
      </trkpt>
      <trkpt lat="36.803310" lon="-5.166088">
        <ele>714.887465</ele>
        <time>2026-05-17T10:35:08.000Z</time>
      </trkpt>
      <trkpt lat="36.803307" lon="-5.166105">
        <ele>714.999661</ele>
        <time>2026-05-17T10:35:14.000Z</time>
      </trkpt>
      <trkpt lat="36.803305" lon="-5.166105">
        <ele>715.015760</ele>
        <time>2026-05-17T10:35:17.000Z</time>
      </trkpt>
      <trkpt lat="36.803303" lon="-5.166109">
        <ele>715.046154</ele>
        <time>2026-05-17T10:35:20.000Z</time>
      </trkpt>
      <trkpt lat="36.803304" lon="-5.166110">
        <ele>715.056466</ele>
        <time>2026-05-17T10:35:21.000Z</time>
      </trkpt>
      <trkpt lat="36.803306" lon="-5.166111">
        <ele>715.073807</ele>
        <time>2026-05-17T10:35:23.000Z</time>
      </trkpt>
      <trkpt lat="36.803321" lon="-5.166101">
        <ele>715.210673</ele>
        <time>2026-05-17T10:35:27.000Z</time>
      </trkpt>
      <trkpt lat="36.803378" lon="-5.166058">
        <ele>715.746693</ele>
        <time>2026-05-17T10:35:33.000Z</time>
      </trkpt>
      <trkpt lat="36.803459" lon="-5.166030">
        <ele>716.423208</ele>
        <time>2026-05-17T10:35:40.000Z</time>
      </trkpt>
      <trkpt lat="36.803465" lon="-5.166030">
        <ele>716.471504</ele>
        <time>2026-05-17T10:35:41.000Z</time>
      </trkpt>
      <trkpt lat="36.803513" lon="-5.166012">
        <ele>716.874916</ele>
        <time>2026-05-17T10:35:46.000Z</time>
      </trkpt>
      <trkpt lat="36.803531" lon="-5.166009">
        <ele>717.021089</ele>
        <time>2026-05-17T10:35:47.000Z</time>
      </trkpt>
      <trkpt lat="36.803544" lon="-5.166003">
        <ele>717.132648</ele>
        <time>2026-05-17T10:35:48.000Z</time>
      </trkpt>
      <trkpt lat="36.803602" lon="-5.165977">
        <ele>717.628676</ele>
        <time>2026-05-17T10:35:54.000Z</time>
      </trkpt>
      <trkpt lat="36.803621" lon="-5.165967">
        <ele>717.794640</ele>
        <time>2026-05-17T10:35:56.000Z</time>
      </trkpt>
      <trkpt lat="36.803725" lon="-5.165933">
        <ele>718.659982</ele>
        <time>2026-05-17T10:36:05.000Z</time>
      </trkpt>
      <trkpt lat="36.803844" lon="-5.165898">
        <ele>719.644062</ele>
        <time>2026-05-17T10:36:13.000Z</time>
      </trkpt>
      <trkpt lat="36.803932" lon="-5.165896">
        <ele>720.352526</ele>
        <time>2026-05-17T10:36:21.000Z</time>
      </trkpt>
      <trkpt lat="36.804001" lon="-5.165891">
        <ele>720.908868</ele>
        <time>2026-05-17T10:36:27.000Z</time>
      </trkpt>
      <trkpt lat="36.804028" lon="-5.165891">
        <ele>721.126201</ele>
        <time>2026-05-17T10:36:29.000Z</time>
      </trkpt>
      <trkpt lat="36.804144" lon="-5.165896">
        <ele>722.060486</ele>
        <time>2026-05-17T10:36:38.000Z</time>
      </trkpt>
      <trkpt lat="36.804190" lon="-5.165890">
        <ele>722.432772</ele>
        <time>2026-05-17T10:36:43.000Z</time>
      </trkpt>
      <trkpt lat="36.804215" lon="-5.165888">
        <ele>722.634419</ele>
        <time>2026-05-17T10:36:45.000Z</time>
      </trkpt>
      <trkpt lat="36.804304" lon="-5.165855">
        <ele>723.381720</ele>
        <time>2026-05-17T10:36:53.000Z</time>
      </trkpt>
      <trkpt lat="36.804338" lon="-5.165835">
        <ele>723.684236</ele>
        <time>2026-05-17T10:36:57.000Z</time>
      </trkpt>
      <trkpt lat="36.804404" lon="-5.165790">
        <ele>724.289506</ele>
        <time>2026-05-17T10:37:03.000Z</time>
      </trkpt>
      <trkpt lat="36.804443" lon="-5.165771">
        <ele>724.626470</ele>
        <time>2026-05-17T10:37:07.000Z</time>
      </trkpt>
      <trkpt lat="36.804462" lon="-5.165767">
        <ele>724.781566</ele>
        <time>2026-05-17T10:37:09.000Z</time>
      </trkpt>
      <trkpt lat="36.804479" lon="-5.165765">
        <ele>724.919012</ele>
        <time>2026-05-17T10:37:11.000Z</time>
      </trkpt>
      <trkpt lat="36.804570" lon="-5.165730">
        <ele>725.685453</ele>
        <time>2026-05-17T10:37:19.000Z</time>
      </trkpt>
      <trkpt lat="36.804626" lon="-5.165696">
        <ele>726.261470</ele>
        <time>2026-05-17T10:37:26.000Z</time>
      </trkpt>
      <trkpt lat="36.804631" lon="-5.165690">
        <ele>726.330690</ele>
        <time>2026-05-17T10:37:35.000Z</time>
      </trkpt>
      <trkpt lat="36.804653" lon="-5.165661">
        <ele>726.650007</ele>
        <time>2026-05-17T10:37:39.000Z</time>
      </trkpt>
      <trkpt lat="36.804674" lon="-5.165624">
        <ele>727.012515</ele>
        <time>2026-05-17T10:37:45.000Z</time>
      </trkpt>
      <trkpt lat="36.804747" lon="-5.165581">
        <ele>727.818241</ele>
        <time>2026-05-17T10:37:55.000Z</time>
      </trkpt>
      <trkpt lat="36.804778" lon="-5.165581">
        <ele>728.127706</ele>
        <time>2026-05-17T10:37:59.000Z</time>
      </trkpt>
      <trkpt lat="36.804800" lon="-5.165598">
        <ele>728.385964</ele>
        <time>2026-05-17T10:38:04.000Z</time>
      </trkpt>
      <trkpt lat="36.804812" lon="-5.165618">
        <ele>728.585728</ele>
        <time>2026-05-17T10:38:08.000Z</time>
      </trkpt>
      <trkpt lat="36.804851" lon="-5.165631">
        <ele>728.988684</ele>
        <time>2026-05-17T10:38:12.000Z</time>
      </trkpt>
      <trkpt lat="36.804876" lon="-5.165653">
        <ele>729.293982</ele>
        <time>2026-05-17T10:38:17.000Z</time>
      </trkpt>
      <trkpt lat="36.804890" lon="-5.165693">
        <ele>729.642914</ele>
        <time>2026-05-17T10:38:22.000Z</time>
      </trkpt>
      <trkpt lat="36.804892" lon="-5.165711">
        <ele>729.788166</ele>
        <time>2026-05-17T10:38:24.000Z</time>
      </trkpt>
      <trkpt lat="36.804895" lon="-5.165733">
        <ele>729.966544</ele>
        <time>2026-05-17T10:38:30.000Z</time>
      </trkpt>
      <trkpt lat="36.804896" lon="-5.165737">
        <ele>730.000039</ele>
        <time>2026-05-17T10:38:31.000Z</time>
      </trkpt>
      <trkpt lat="36.804880" lon="-5.165798">
        <ele>730.513107</ele>
        <time>2026-05-17T10:38:37.000Z</time>
      </trkpt>
      <trkpt lat="36.804875" lon="-5.165805">
        <ele>730.588087</ele>
        <time>2026-05-17T10:38:38.000Z</time>
      </trkpt>
      <trkpt lat="36.804866" lon="-5.165824">
        <ele>730.764540</ele>
        <time>2026-05-17T10:38:40.000Z</time>
      </trkpt>
      <trkpt lat="36.804841" lon="-5.165857">
        <ele>731.127664</ele>
        <time>2026-05-17T10:38:44.000Z</time>
      </trkpt>
      <trkpt lat="36.804820" lon="-5.165880">
        <ele>731.406492</ele>
        <time>2026-05-17T10:38:46.000Z</time>
      </trkpt>
      <trkpt lat="36.804804" lon="-5.165893">
        <ele>731.597041</ele>
        <time>2026-05-17T10:38:47.000Z</time>
      </trkpt>
      <trkpt lat="36.804770" lon="-5.165926">
        <ele>732.026897</ele>
        <time>2026-05-17T10:38:50.000Z</time>
      </trkpt>
      <trkpt lat="36.804752" lon="-5.165934">
        <ele>732.217625</ele>
        <time>2026-05-17T10:38:52.000Z</time>
      </trkpt>
      <trkpt lat="36.804736" lon="-5.165961">
        <ele>732.486114</ele>
        <time>2026-05-17T10:38:55.000Z</time>
      </trkpt>
      <trkpt lat="36.804716" lon="-5.166022">
        <ele>733.012983</ele>
        <time>2026-05-17T10:39:00.000Z</time>
      </trkpt>
      <trkpt lat="36.804701" lon="-5.166075">
        <ele>733.462300</ele>
        <time>2026-05-17T10:39:03.000Z</time>
      </trkpt>
      <trkpt lat="36.804676" lon="-5.166131">
        <ele>733.974783</ele>
        <time>2026-05-17T10:39:09.000Z</time>
      </trkpt>
      <trkpt lat="36.804683" lon="-5.166132">
        <ele>734.045118</ele>
        <time>2026-05-17T10:39:14.000Z</time>
      </trkpt>
      <trkpt lat="36.804669" lon="-5.166152">
        <ele>734.257457</ele>
        <time>2026-05-17T10:39:24.000Z</time>
      </trkpt>
      <trkpt lat="36.804664" lon="-5.166139">
        <ele>734.372733</ele>
        <time>2026-05-17T10:39:27.000Z</time>
      </trkpt>
      <trkpt lat="36.804665" lon="-5.166153">
        <ele>734.485079</ele>
        <time>2026-05-17T10:39:33.000Z</time>
      </trkpt>
      <trkpt lat="36.804669" lon="-5.166151">
        <ele>734.528092</ele>
        <time>2026-05-17T10:39:38.000Z</time>
      </trkpt>
      <trkpt lat="36.804670" lon="-5.166148">
        <ele>734.554066</ele>
        <time>2026-05-17T10:39:40.000Z</time>
      </trkpt>
      <trkpt lat="36.804669" lon="-5.166144">
        <ele>734.587560</ele>
        <time>2026-05-17T10:39:43.000Z</time>
      </trkpt>
      <trkpt lat="36.804675" lon="-5.166145">
        <ele>734.647988</ele>
        <time>2026-05-17T10:39:45.000Z</time>
      </trkpt>
      <trkpt lat="36.804675" lon="-5.166142">
        <ele>734.671967</ele>
        <time>2026-05-17T10:39:47.000Z</time>
      </trkpt>
      <trkpt lat="36.804669" lon="-5.166147">
        <ele>734.743972</ele>
        <time>2026-05-17T10:39:53.000Z</time>
      </trkpt>
      <trkpt lat="36.804671" lon="-5.166153">
        <ele>734.795920</ele>
        <time>2026-05-17T10:39:54.000Z</time>
      </trkpt>
      <trkpt lat="36.804660" lon="-5.166178">
        <ele>735.023931</ele>
        <time>2026-05-17T10:39:58.000Z</time>
      </trkpt>
      <trkpt lat="36.804644" lon="-5.166219">
        <ele>735.388497</ele>
        <time>2026-05-17T10:40:02.000Z</time>
      </trkpt>
      <trkpt lat="36.804632" lon="-5.166286">
        <ele>735.937264</ele>
        <time>2026-05-17T10:40:09.000Z</time>
      </trkpt>
      <trkpt lat="36.804623" lon="-5.166317">
        <ele>736.200834</ele>
        <time>2026-05-17T10:40:11.000Z</time>
      </trkpt>
      <trkpt lat="36.804594" lon="-5.166398">
        <ele>736.910047</ele>
        <time>2026-05-17T10:40:17.000Z</time>
      </trkpt>
      <trkpt lat="36.804582" lon="-5.166406">
        <ele>737.045839</ele>
        <time>2026-05-17T10:40:19.000Z</time>
      </trkpt>
      <trkpt lat="36.804562" lon="-5.166418">
        <ele>737.267339</ele>
        <time>2026-05-17T10:40:25.000Z</time>
      </trkpt>
      <trkpt lat="36.804563" lon="-5.166420">
        <ele>737.286186</ele>
        <time>2026-05-17T10:40:28.000Z</time>
      </trkpt>
      <trkpt lat="36.804559" lon="-5.166428">
        <ele>737.361574</ele>
        <time>2026-05-17T10:40:34.000Z</time>
      </trkpt>
      <trkpt lat="36.804570" lon="-5.166439">
        <ele>737.502247</ele>
        <time>2026-05-17T10:40:37.000Z</time>
      </trkpt>
      <trkpt lat="36.804558" lon="-5.166513">
        <ele>738.105740</ele>
        <time>2026-05-17T10:40:43.000Z</time>
      </trkpt>
      <trkpt lat="36.804552" lon="-5.166547">
        <ele>738.384026</ele>
        <time>2026-05-17T10:40:45.000Z</time>
      </trkpt>
      <trkpt lat="36.804549" lon="-5.166570">
        <ele>738.570289</ele>
        <time>2026-05-17T10:40:47.000Z</time>
      </trkpt>
      <trkpt lat="36.804537" lon="-5.166601">
        <ele>738.845512</ele>
        <time>2026-05-17T10:40:51.000Z</time>
      </trkpt>
      <trkpt lat="36.804527" lon="-5.166612">
        <ele>738.978538</ele>
        <time>2026-05-17T10:40:54.000Z</time>
      </trkpt>
      <trkpt lat="36.804496" lon="-5.166659">
        <ele>739.465261</ele>
        <time>2026-05-17T10:40:59.000Z</time>
      </trkpt>
      <trkpt lat="36.804475" lon="-5.166682">
        <ele>739.744090</ele>
        <time>2026-05-17T10:41:02.000Z</time>
      </trkpt>
      <trkpt lat="36.804437" lon="-5.166734">
        <ele>740.306814</ele>
        <time>2026-05-17T10:41:08.000Z</time>
      </trkpt>
      <trkpt lat="36.804426" lon="-5.166743">
        <ele>740.438089</ele>
        <time>2026-05-17T10:41:10.000Z</time>
      </trkpt>
      <trkpt lat="36.804412" lon="-5.166766">
        <ele>740.669022</ele>
        <time>2026-05-17T10:41:12.000Z</time>
      </trkpt>
      <trkpt lat="36.804403" lon="-5.166777">
        <ele>740.794730</ele>
        <time>2026-05-17T10:41:13.000Z</time>
      </trkpt>
      <trkpt lat="36.804387" lon="-5.166794">
        <ele>741.004434</ele>
        <time>2026-05-17T10:41:15.000Z</time>
      </trkpt>
      <trkpt lat="36.804374" lon="-5.166813">
        <ele>741.204198</ele>
        <time>2026-05-17T10:41:17.000Z</time>
      </trkpt>
      <trkpt lat="36.804358" lon="-5.166835">
        <ele>741.441757</ele>
        <time>2026-05-17T10:41:19.000Z</time>
      </trkpt>
      <trkpt lat="36.804311" lon="-5.166922">
        <ele>742.280635</ele>
        <time>2026-05-17T10:41:28.000Z</time>
      </trkpt>
      <trkpt lat="36.804304" lon="-5.166931">
        <ele>742.380925</ele>
        <time>2026-05-17T10:41:29.000Z</time>
      </trkpt>
      <trkpt lat="36.804219" lon="-5.167062">
        <ele>743.728669</ele>
        <time>2026-05-17T10:41:39.000Z</time>
      </trkpt>
      <trkpt lat="36.804146" lon="-5.167093">
        <ele>744.714189</ele>
        <time>2026-05-17T10:41:48.000Z</time>
      </trkpt>
      <trkpt lat="36.804107" lon="-5.167088">
        <ele>745.232046</ele>
        <time>2026-05-17T10:41:51.000Z</time>
      </trkpt>
      <trkpt lat="36.804055" lon="-5.167093">
        <ele>745.920946</ele>
        <time>2026-05-17T10:41:55.000Z</time>
      </trkpt>
      <trkpt lat="36.804027" lon="-5.167094">
        <ele>746.290949</ele>
        <time>2026-05-17T10:41:57.000Z</time>
      </trkpt>
      <trkpt lat="36.803988" lon="-5.167093">
        <ele>746.806208</ele>
        <time>2026-05-17T10:42:00.000Z</time>
      </trkpt>
      <trkpt lat="36.803945" lon="-5.167093">
        <ele>747.374194</ele>
        <time>2026-05-17T10:42:04.000Z</time>
      </trkpt>
      <trkpt lat="36.803938" lon="-5.167095">
        <ele>747.469046</ele>
        <time>2026-05-17T10:42:05.000Z</time>
      </trkpt>
      <trkpt lat="36.803856" lon="-5.167096">
        <ele>748.552234</ele>
        <time>2026-05-17T10:42:11.000Z</time>
      </trkpt>
      <trkpt lat="36.803840" lon="-5.167097">
        <ele>748.763842</ele>
        <time>2026-05-17T10:42:12.000Z</time>
      </trkpt>
      <trkpt lat="36.803751" lon="-5.167096">
        <ele>749.939490</ele>
        <time>2026-05-17T10:42:18.000Z</time>
      </trkpt>
      <trkpt lat="36.803720" lon="-5.167109">
        <ele>750.371435</ele>
        <time>2026-05-17T10:42:21.000Z</time>
      </trkpt>
      <trkpt lat="36.803663" lon="-5.167164">
        <ele>751.322881</ele>
        <time>2026-05-17T10:42:27.000Z</time>
      </trkpt>
      <trkpt lat="36.803631" lon="-5.167215">
        <ele>752.008162</ele>
        <time>2026-05-17T10:42:32.000Z</time>
      </trkpt>
      <trkpt lat="36.803621" lon="-5.167231">
        <ele>752.222833</ele>
        <time>2026-05-17T10:42:34.000Z</time>
      </trkpt>
      <trkpt lat="36.803590" lon="-5.167318">
        <ele>753.229975</ele>
        <time>2026-05-17T10:42:41.000Z</time>
      </trkpt>
      <trkpt lat="36.803576" lon="-5.167372">
        <ele>753.830291</ele>
        <time>2026-05-17T10:42:44.000Z</time>
      </trkpt>
      <trkpt lat="36.803568" lon="-5.167425">
        <ele>754.400711</ele>
        <time>2026-05-17T10:42:47.000Z</time>
      </trkpt>
      <trkpt lat="36.803569" lon="-5.167463">
        <ele>754.802830</ele>
        <time>2026-05-17T10:42:50.000Z</time>
      </trkpt>
      <trkpt lat="36.803579" lon="-5.167507">
        <ele>755.286573</ele>
        <time>2026-05-17T10:42:55.000Z</time>
      </trkpt>
      <trkpt lat="36.803584" lon="-5.167537">
        <ele>755.610664</ele>
        <time>2026-05-17T10:42:57.000Z</time>
      </trkpt>
      <trkpt lat="36.803591" lon="-5.167569">
        <ele>755.961511</ele>
        <time>2026-05-17T10:43:00.000Z</time>
      </trkpt>
      <trkpt lat="36.803594" lon="-5.167587">
        <ele>756.155966</ele>
        <time>2026-05-17T10:43:02.000Z</time>
      </trkpt>
      <trkpt lat="36.803597" lon="-5.167598">
        <ele>756.278869</ele>
        <time>2026-05-17T10:43:03.000Z</time>
      </trkpt>
      <trkpt lat="36.803602" lon="-5.167619">
        <ele>756.510584</ele>
        <time>2026-05-17T10:43:04.000Z</time>
      </trkpt>
      <trkpt lat="36.803604" lon="-5.167676">
        <ele>757.114015</ele>
        <time>2026-05-17T10:43:08.000Z</time>
      </trkpt>
      <trkpt lat="36.803602" lon="-5.167681">
        <ele>757.173128</ele>
        <time>2026-05-17T10:43:09.000Z</time>
      </trkpt>
      <trkpt lat="36.803603" lon="-5.167690">
        <ele>757.269227</ele>
        <time>2026-05-17T10:43:10.000Z</time>
      </trkpt>
      <trkpt lat="36.803608" lon="-5.167788">
        <ele>758.307812</ele>
        <time>2026-05-17T10:43:16.000Z</time>
      </trkpt>
      <trkpt lat="36.803624" lon="-5.167895">
        <ele>759.459046</ele>
        <time>2026-05-17T10:43:23.000Z</time>
      </trkpt>
      <trkpt lat="36.803633" lon="-5.167969">
        <ele>760.250673</ele>
        <time>2026-05-17T10:43:30.000Z</time>
      </trkpt>
      <trkpt lat="36.803632" lon="-5.167962">
        <ele>760.325877</ele>
        <time>2026-05-17T10:43:37.000Z</time>
      </trkpt>
      <trkpt lat="36.803633" lon="-5.167963">
        <ele>760.342798</ele>
        <time>2026-05-17T10:43:38.000Z</time>
      </trkpt>
      <trkpt lat="36.803635" lon="-5.167974">
        <ele>760.462100</ele>
        <time>2026-05-17T10:43:42.000Z</time>
      </trkpt>
      <trkpt lat="36.803643" lon="-5.168006">
        <ele>760.816656</ele>
        <time>2026-05-17T10:43:48.000Z</time>
      </trkpt>
      <trkpt lat="36.803649" lon="-5.168003">
        <ele>760.902026</ele>
        <time>2026-05-17T10:43:54.000Z</time>
      </trkpt>
      <trkpt lat="36.803642" lon="-5.167988">
        <ele>761.085649</ele>
        <time>2026-05-17T10:43:57.000Z</time>
      </trkpt>
      <trkpt lat="36.803643" lon="-5.168008">
        <ele>761.297588</ele>
        <time>2026-05-17T10:44:00.000Z</time>
      </trkpt>
      <trkpt lat="36.803645" lon="-5.168046">
        <ele>761.700357</ele>
        <time>2026-05-17T10:44:03.000Z</time>
      </trkpt>
      <trkpt lat="36.803657" lon="-5.168119">
        <ele>762.488533</ele>
        <time>2026-05-17T10:44:08.000Z</time>
      </trkpt>
      <trkpt lat="36.803662" lon="-5.168154">
        <ele>762.864551</ele>
        <time>2026-05-17T10:44:11.000Z</time>
      </trkpt>
      <trkpt lat="36.803672" lon="-5.168182">
        <ele>763.188812</ele>
        <time>2026-05-17T10:44:14.000Z</time>
      </trkpt>
      <trkpt lat="36.803687" lon="-5.168220">
        <ele>763.636898</ele>
        <time>2026-05-17T10:44:18.000Z</time>
      </trkpt>
      <trkpt lat="36.803701" lon="-5.168237">
        <ele>763.894822</ele>
        <time>2026-05-17T10:44:19.000Z</time>
      </trkpt>
      <trkpt lat="36.803738" lon="-5.168253">
        <ele>764.412022</ele>
        <time>2026-05-17T10:44:23.000Z</time>
      </trkpt>
      <trkpt lat="36.803748" lon="-5.168249">
        <ele>764.550721</ele>
        <time>2026-05-17T10:44:24.000Z</time>
      </trkpt>
      <trkpt lat="36.803758" lon="-5.168241">
        <ele>764.707586</ele>
        <time>2026-05-17T10:44:25.000Z</time>
      </trkpt>
      <trkpt lat="36.803798" lon="-5.168183">
        <ele>765.517189</ele>
        <time>2026-05-17T10:44:30.000Z</time>
      </trkpt>
      <trkpt lat="36.803803" lon="-5.168175">
        <ele>765.624524</ele>
        <time>2026-05-17T10:44:31.000Z</time>
      </trkpt>
      <trkpt lat="36.803834" lon="-5.168123">
        <ele>766.310190</ele>
        <time>2026-05-17T10:44:37.000Z</time>
      </trkpt>
      <trkpt lat="36.803843" lon="-5.168102">
        <ele>766.562107</ele>
        <time>2026-05-17T10:44:39.000Z</time>
      </trkpt>
      <trkpt lat="36.803858" lon="-5.168085">
        <ele>766.829660</ele>
        <time>2026-05-17T10:44:44.000Z</time>
      </trkpt>
      <trkpt lat="36.803875" lon="-5.168031">
        <ele>767.443340</ele>
        <time>2026-05-17T10:44:48.000Z</time>
      </trkpt>
      <trkpt lat="36.803879" lon="-5.168026">
        <ele>767.518094</ele>
        <time>2026-05-17T10:44:50.000Z</time>
      </trkpt>
      <trkpt lat="36.803910" lon="-5.167968">
        <ele>768.181521</ele>
        <time>2026-05-17T10:44:57.000Z</time>
      </trkpt>
      <trkpt lat="36.803931" lon="-5.167913">
        <ele>768.754338</ele>
        <time>2026-05-17T10:45:03.000Z</time>
      </trkpt>
      <trkpt lat="36.803935" lon="-5.167905">
        <ele>768.843003</ele>
        <time>2026-05-17T10:45:04.000Z</time>
      </trkpt>
      <trkpt lat="36.803961" lon="-5.167882">
        <ele>769.217079</ele>
        <time>2026-05-17T10:45:09.000Z</time>
      </trkpt>
      <trkpt lat="36.803981" lon="-5.167870">
        <ele>769.477587</ele>
        <time>2026-05-17T10:45:12.000Z</time>
      </trkpt>
      <trkpt lat="36.804004" lon="-5.167855">
        <ele>769.782225</ele>
        <time>2026-05-17T10:45:15.000Z</time>
      </trkpt>
      <trkpt lat="36.804026" lon="-5.167842">
        <ele>770.067973</ele>
        <time>2026-05-17T10:45:17.000Z</time>
      </trkpt>
      <trkpt lat="36.804060" lon="-5.167827">
        <ele>770.491333</ele>
        <time>2026-05-17T10:45:20.000Z</time>
      </trkpt>
      <trkpt lat="36.804082" lon="-5.167823">
        <ele>770.752352</ele>
        <time>2026-05-17T10:45:23.000Z</time>
      </trkpt>
      <trkpt lat="36.804119" lon="-5.167819">
        <ele>771.188385</ele>
        <time>2026-05-17T10:45:27.000Z</time>
      </trkpt>
      <trkpt lat="36.804146" lon="-5.167820">
        <ele>771.505525</ele>
        <time>2026-05-17T10:45:29.000Z</time>
      </trkpt>
      <trkpt lat="36.804189" lon="-5.167824">
        <ele>772.011776</ele>
        <time>2026-05-17T10:45:32.000Z</time>
      </trkpt>
      <trkpt lat="36.804232" lon="-5.167831">
        <ele>772.520900</ele>
        <time>2026-05-17T10:45:35.000Z</time>
      </trkpt>
      <trkpt lat="36.804252" lon="-5.167858">
        <ele>772.866677</ele>
        <time>2026-05-17T10:45:43.000Z</time>
      </trkpt>
      <trkpt lat="36.804298" lon="-5.167862">
        <ele>773.408060</ele>
        <time>2026-05-17T10:45:48.000Z</time>
      </trkpt>
      <trkpt lat="36.804331" lon="-5.167863">
        <ele>773.795619</ele>
        <time>2026-05-17T10:45:51.000Z</time>
      </trkpt>
      <trkpt lat="36.804384" lon="-5.167867">
        <ele>774.419014</ele>
        <time>2026-05-17T10:45:55.000Z</time>
      </trkpt>
      <trkpt lat="36.804423" lon="-5.167897">
        <ele>774.956786</ele>
        <time>2026-05-17T10:45:58.000Z</time>
      </trkpt>
      <trkpt lat="36.804474" lon="-5.167942">
        <ele>775.689923</ele>
        <time>2026-05-17T10:46:03.000Z</time>
      </trkpt>
      <trkpt lat="36.804488" lon="-5.167949">
        <ele>775.866976</ele>
        <time>2026-05-17T10:46:05.000Z</time>
      </trkpt>
      <trkpt lat="36.804493" lon="-5.167950">
        <ele>775.926428</ele>
        <time>2026-05-17T10:46:06.000Z</time>
      </trkpt>
      <trkpt lat="36.804567" lon="-5.167947">
        <ele>776.795702</ele>
        <time>2026-05-17T10:46:13.000Z</time>
      </trkpt>
      <trkpt lat="36.804589" lon="-5.167936">
        <ele>777.073929</ele>
        <time>2026-05-17T10:46:15.000Z</time>
      </trkpt>
      <trkpt lat="36.804678" lon="-5.167911">
        <ele>778.144960</ele>
        <time>2026-05-17T10:46:22.000Z</time>
      </trkpt>
      <trkpt lat="36.804686" lon="-5.167908">
        <ele>778.243029</ele>
        <time>2026-05-17T10:46:23.000Z</time>
      </trkpt>
      <trkpt lat="36.804745" lon="-5.167895">
        <ele>778.946431</ele>
        <time>2026-05-17T10:46:30.000Z</time>
      </trkpt>
      <trkpt lat="36.804752" lon="-5.167892">
        <ele>779.033321</ele>
        <time>2026-05-17T10:46:31.000Z</time>
      </trkpt>
      <trkpt lat="36.804829" lon="-5.167874">
        <ele>779.953059</ele>
        <time>2026-05-17T10:46:38.000Z</time>
      </trkpt>
      <trkpt lat="36.804852" lon="-5.167875">
        <ele>780.223260</ele>
        <time>2026-05-17T10:46:39.000Z</time>
      </trkpt>
      <trkpt lat="36.804872" lon="-5.167862">
        <ele>780.487973</ele>
        <time>2026-05-17T10:46:46.000Z</time>
      </trkpt>
      <trkpt lat="36.804858" lon="-5.167854">
        <ele>780.668731</ele>
        <time>2026-05-17T10:46:51.000Z</time>
      </trkpt>
      <trkpt lat="36.804851" lon="-5.167846">
        <ele>780.780132</ele>
        <time>2026-05-17T10:46:53.000Z</time>
      </trkpt>
      <trkpt lat="36.804857" lon="-5.167845">
        <ele>780.851201</ele>
        <time>2026-05-17T10:46:55.000Z</time>
      </trkpt>
      <trkpt lat="36.804853" lon="-5.167847">
        <ele>780.901788</ele>
        <time>2026-05-17T10:46:57.000Z</time>
      </trkpt>
      <trkpt lat="36.804851" lon="-5.167861">
        <ele>781.035475</ele>
        <time>2026-05-17T10:47:04.000Z</time>
      </trkpt>
      <trkpt lat="36.804878" lon="-5.167875">
        <ele>781.378709</ele>
        <time>2026-05-17T10:47:14.000Z</time>
      </trkpt>
      <trkpt lat="36.804868" lon="-5.167887">
        <ele>781.541528</ele>
        <time>2026-05-17T10:47:19.000Z</time>
      </trkpt>
      <trkpt lat="36.804869" lon="-5.167888">
        <ele>781.556569</ele>
        <time>2026-05-17T10:47:20.000Z</time>
      </trkpt>
      <trkpt lat="36.804875" lon="-5.167891">
        <ele>781.632449</ele>
        <time>2026-05-17T10:47:22.000Z</time>
      </trkpt>
      <trkpt lat="36.804877" lon="-5.167895">
        <ele>781.676781</ele>
        <time>2026-05-17T10:47:23.000Z</time>
      </trkpt>
      <trkpt lat="36.804892" lon="-5.167914">
        <ele>781.927614</ele>
        <time>2026-05-17T10:47:29.000Z</time>
      </trkpt>
      <trkpt lat="36.804884" lon="-5.167910">
        <ele>782.028787</ele>
        <time>2026-05-17T10:47:33.000Z</time>
      </trkpt>
      <trkpt lat="36.804831" lon="-5.167887">
        <ele>782.687541</ele>
        <time>2026-05-17T10:47:39.000Z</time>
      </trkpt>
      <trkpt lat="36.804824" lon="-5.167881">
        <ele>782.787220</ele>
        <time>2026-05-17T10:47:40.000Z</time>
      </trkpt>
      <trkpt lat="36.804815" lon="-5.167860">
        <ele>783.011133</ele>
        <time>2026-05-17T10:47:47.000Z</time>
      </trkpt>
      <trkpt lat="36.804849" lon="-5.167863">
        <ele>783.411314</ele>
        <time>2026-05-17T10:47:54.000Z</time>
      </trkpt>
      <trkpt lat="36.804847" lon="-5.167877">
        <ele>783.545001</ele>
        <time>2026-05-17T10:48:02.000Z</time>
      </trkpt>
      <trkpt lat="36.804846" lon="-5.167862">
        <ele>783.686498</ele>
        <time>2026-05-17T10:48:11.000Z</time>
      </trkpt>
      <trkpt lat="36.804849" lon="-5.167868">
        <ele>783.752996</ele>
        <time>2026-05-17T10:48:14.000Z</time>
      </trkpt>
      <trkpt lat="36.804850" lon="-5.167868">
        <ele>783.764737</ele>
        <time>2026-05-17T10:48:15.000Z</time>
      </trkpt>
      <trkpt lat="36.804847" lon="-5.167872">
        <ele>783.816259</ele>
        <time>2026-05-17T10:48:19.000Z</time>
      </trkpt>
      <trkpt lat="36.804849" lon="-5.167870">
        <ele>783.846340</ele>
        <time>2026-05-17T10:48:20.000Z</time>
      </trkpt>
      <trkpt lat="36.804850" lon="-5.167868">
        <ele>783.868506</ele>
        <time>2026-05-17T10:48:21.000Z</time>
      </trkpt>
      <trkpt lat="36.804860" lon="-5.167866">
        <ele>783.987409</ele>
        <time>2026-05-17T10:48:28.000Z</time>
      </trkpt>
      <trkpt lat="36.804881" lon="-5.167861">
        <ele>784.238406</ele>
        <time>2026-05-17T10:48:31.000Z</time>
      </trkpt>
      <trkpt lat="36.804901" lon="-5.167854">
        <ele>784.482267</ele>
        <time>2026-05-17T10:48:33.000Z</time>
      </trkpt>
      <trkpt lat="36.804930" lon="-5.167849">
        <ele>784.825978</ele>
        <time>2026-05-17T10:48:36.000Z</time>
      </trkpt>
      <trkpt lat="36.804981" lon="-5.167842">
        <ele>785.428362</ele>
        <time>2026-05-17T10:48:40.000Z</time>
      </trkpt>
      <trkpt lat="36.805047" lon="-5.167831">
        <ele>786.210122</ele>
        <time>2026-05-17T10:48:45.000Z</time>
      </trkpt>
      <trkpt lat="36.805086" lon="-5.167803">
        <ele>786.738275</ele>
        <time>2026-05-17T10:48:49.000Z</time>
      </trkpt>
      <trkpt lat="36.805130" lon="-5.167756">
        <ele>787.418040</ele>
        <time>2026-05-17T10:48:54.000Z</time>
      </trkpt>
      <trkpt lat="36.805150" lon="-5.167731">
        <ele>787.750259</ele>
        <time>2026-05-17T10:48:57.000Z</time>
      </trkpt>
      <trkpt lat="36.805158" lon="-5.167722">
        <ele>787.876672</ele>
        <time>2026-05-17T10:48:58.000Z</time>
      </trkpt>
      <trkpt lat="36.805166" lon="-5.167707">
        <ele>788.046099</ele>
        <time>2026-05-17T10:49:00.000Z</time>
      </trkpt>
      <trkpt lat="36.805190" lon="-5.167679">
        <ele>788.431691</ele>
        <time>2026-05-17T10:49:03.000Z</time>
      </trkpt>
      <trkpt lat="36.805219" lon="-5.167651">
        <ele>788.862183</ele>
        <time>2026-05-17T10:49:06.000Z</time>
      </trkpt>
      <trkpt lat="36.805254" lon="-5.167612">
        <ele>789.413349</ele>
        <time>2026-05-17T10:49:11.000Z</time>
      </trkpt>
      <trkpt lat="36.805271" lon="-5.167587">
        <ele>789.721941</ele>
        <time>2026-05-17T10:49:14.000Z</time>
      </trkpt>
      <trkpt lat="36.805314" lon="-5.167540">
        <ele>790.393391</ele>
        <time>2026-05-17T10:49:19.000Z</time>
      </trkpt>
      <trkpt lat="36.805333" lon="-5.167529">
        <ele>790.639475</ele>
        <time>2026-05-17T10:49:23.000Z</time>
      </trkpt>
      <trkpt lat="36.805375" lon="-5.167501">
        <ele>791.198911</ele>
        <time>2026-05-17T10:49:33.000Z</time>
      </trkpt>
      <trkpt lat="36.805419" lon="-5.167474">
        <ele>791.774974</ele>
        <time>2026-05-17T10:49:37.000Z</time>
      </trkpt>
      <trkpt lat="36.805461" lon="-5.167444">
        <ele>792.343514</ele>
        <time>2026-05-17T10:49:41.000Z</time>
      </trkpt>
      <trkpt lat="36.805479" lon="-5.167424">
        <ele>792.626612</ele>
        <time>2026-05-17T10:49:43.000Z</time>
      </trkpt>
      <trkpt lat="36.805528" lon="-5.167360">
        <ele>793.459738</ele>
        <time>2026-05-17T10:49:49.000Z</time>
      </trkpt>
      <trkpt lat="36.805576" lon="-5.167294">
        <ele>794.298618</ele>
        <time>2026-05-17T10:49:56.000Z</time>
      </trkpt>
      <trkpt lat="36.805603" lon="-5.167273">
        <ele>794.672376</ele>
        <time>2026-05-17T10:50:02.000Z</time>
      </trkpt>
      <trkpt lat="36.805618" lon="-5.167262">
        <ele>794.876774</ele>
        <time>2026-05-17T10:50:04.000Z</time>
      </trkpt>
      <trkpt lat="36.805695" lon="-5.167230">
        <ele>795.830350</ele>
        <time>2026-05-17T10:50:13.000Z</time>
      </trkpt>
      <trkpt lat="36.805708" lon="-5.167228">
        <ele>795.984263</ele>
        <time>2026-05-17T10:50:14.000Z</time>
      </trkpt>
      <trkpt lat="36.805805" lon="-5.167223">
        <ele>797.125047</ele>
        <time>2026-05-17T10:50:20.000Z</time>
      </trkpt>
      <trkpt lat="36.805854" lon="-5.167228">
        <ele>797.702748</ele>
        <time>2026-05-17T10:50:24.000Z</time>
      </trkpt>
      <trkpt lat="36.805906" lon="-5.167215">
        <ele>798.325903</ele>
        <time>2026-05-17T10:50:29.000Z</time>
      </trkpt>
      <trkpt lat="36.805977" lon="-5.167158">
        <ele>799.317692</ele>
        <time>2026-05-17T10:50:38.000Z</time>
      </trkpt>
      <trkpt lat="36.806041" lon="-5.167095">
        <ele>800.275238</ele>
        <time>2026-05-17T10:50:44.000Z</time>
      </trkpt>
      <trkpt lat="36.806048" lon="-5.167089">
        <ele>800.375000</ele>
        <time>2026-05-17T10:50:45.000Z</time>
      </trkpt>
      <trkpt lat="36.806068" lon="-5.167088">
        <ele>800.610202</ele>
        <time>2026-05-17T10:50:47.000Z</time>
      </trkpt>
      <trkpt lat="36.806104" lon="-5.167062">
        <ele>801.098860</ele>
        <time>2026-05-17T10:50:52.000Z</time>
      </trkpt>
      <trkpt lat="36.806116" lon="-5.167054">
        <ele>801.258698</ele>
        <time>2026-05-17T10:50:53.000Z</time>
      </trkpt>
      <trkpt lat="36.806158" lon="-5.167046">
        <ele>801.757933</ele>
        <time>2026-05-17T10:50:59.000Z</time>
      </trkpt>
      <trkpt lat="36.806171" lon="-5.167051">
        <ele>801.917770</ele>
        <time>2026-05-17T10:51:01.000Z</time>
      </trkpt>
      <trkpt lat="36.806222" lon="-5.167042">
        <ele>802.523006</ele>
        <time>2026-05-17T10:51:06.000Z</time>
      </trkpt>
      <trkpt lat="36.806246" lon="-5.167031">
        <ele>802.823412</ele>
        <time>2026-05-17T10:51:09.000Z</time>
      </trkpt>
      <trkpt lat="36.806308" lon="-5.167026">
        <ele>803.553470</ele>
        <time>2026-05-17T10:51:15.000Z</time>
      </trkpt>
      <trkpt lat="36.806353" lon="-5.167022">
        <ele>804.083587</ele>
        <time>2026-05-17T10:51:20.000Z</time>
      </trkpt>
      <trkpt lat="36.806372" lon="-5.167018">
        <ele>804.309999</ele>
        <time>2026-05-17T10:51:22.000Z</time>
      </trkpt>
      <trkpt lat="36.806413" lon="-5.167023">
        <ele>804.794067</ele>
        <time>2026-05-17T10:51:27.000Z</time>
      </trkpt>
      <trkpt lat="36.806436" lon="-5.167029">
        <ele>805.070165</ele>
        <time>2026-05-17T10:51:30.000Z</time>
      </trkpt>
      <trkpt lat="36.806477" lon="-5.167035">
        <ele>805.555238</ele>
        <time>2026-05-17T10:51:34.000Z</time>
      </trkpt>
      <trkpt lat="36.806518" lon="-5.167034">
        <ele>806.037107</ele>
        <time>2026-05-17T10:51:38.000Z</time>
      </trkpt>
      <trkpt lat="36.806535" lon="-5.167030">
        <ele>806.240382</ele>
        <time>2026-05-17T10:51:40.000Z</time>
      </trkpt>
      <trkpt lat="36.806582" lon="-5.167025">
        <ele>806.794663</ele>
        <time>2026-05-17T10:51:45.000Z</time>
      </trkpt>
      <trkpt lat="36.806595" lon="-5.167026">
        <ele>806.947711</ele>
        <time>2026-05-17T10:51:47.000Z</time>
      </trkpt>
      <trkpt lat="36.806630" lon="-5.167017">
        <ele>807.367610</ele>
        <time>2026-05-17T10:51:51.000Z</time>
      </trkpt>
      <trkpt lat="36.806636" lon="-5.167012">
        <ele>807.452367</ele>
        <time>2026-05-17T10:51:52.000Z</time>
      </trkpt>
      <trkpt lat="36.806638" lon="-5.167020">
        <ele>807.531217</ele>
        <time>2026-05-17T10:51:56.000Z</time>
      </trkpt>
      <trkpt lat="36.806645" lon="-5.167032">
        <ele>807.670903</ele>
        <time>2026-05-17T10:51:58.000Z</time>
      </trkpt>
      <trkpt lat="36.806650" lon="-5.167032">
        <ele>807.729656</ele>
        <time>2026-05-17T10:51:59.000Z</time>
      </trkpt>
      <trkpt lat="36.806663" lon="-5.167028">
        <ele>807.886982</ele>
        <time>2026-05-17T10:52:08.000Z</time>
      </trkpt>
      <trkpt lat="36.806663" lon="-5.167033">
        <ele>807.934024</ele>
        <time>2026-05-17T10:52:09.000Z</time>
      </trkpt>
      <trkpt lat="36.806654" lon="-5.167037">
        <ele>808.046276</ele>
        <time>2026-05-17T10:52:15.000Z</time>
      </trkpt>
      <trkpt lat="36.806652" lon="-5.167024">
        <ele>808.170821</ele>
        <time>2026-05-17T10:52:18.000Z</time>
      </trkpt>
      <trkpt lat="36.806662" lon="-5.167011">
        <ele>808.340430</ele>
        <time>2026-05-17T10:52:23.000Z</time>
      </trkpt>
      <trkpt lat="36.806682" lon="-5.167021">
        <ele>808.593576</ele>
        <time>2026-05-17T10:52:26.000Z</time>
      </trkpt>
      <trkpt lat="36.806743" lon="-5.167066">
        <ele>809.426062</ele>
        <time>2026-05-17T10:52:32.000Z</time>
      </trkpt>
      <trkpt lat="36.806748" lon="-5.167070">
        <ele>809.495834</ele>
        <time>2026-05-17T10:52:33.000Z</time>
      </trkpt>
      <trkpt lat="36.806782" lon="-5.167083">
        <ele>809.928946</ele>
        <time>2026-05-17T10:52:37.000Z</time>
      </trkpt>
      <trkpt lat="36.806828" lon="-5.167102">
        <ele>810.618994</ele>
        <time>2026-05-17T10:52:42.000Z</time>
      </trkpt>
      <trkpt lat="36.806841" lon="-5.167108">
        <ele>810.816383</ele>
        <time>2026-05-17T10:52:44.000Z</time>
      </trkpt>
      <trkpt lat="36.806879" lon="-5.167123">
        <ele>811.383981</ele>
        <time>2026-05-17T10:52:48.000Z</time>
      </trkpt>
      <trkpt lat="36.806893" lon="-5.167128">
        <ele>811.591367</ele>
        <time>2026-05-17T10:52:50.000Z</time>
      </trkpt>
      <trkpt lat="36.806922" lon="-5.167126">
        <ele>812.005026</ele>
        <time>2026-05-17T10:52:53.000Z</time>
      </trkpt>
      <trkpt lat="36.806938" lon="-5.167130">
        <ele>812.237425</ele>
        <time>2026-05-17T10:52:55.000Z</time>
      </trkpt>
      <trkpt lat="36.806973" lon="-5.167130">
        <ele>812.735909</ele>
        <time>2026-05-17T10:52:58.000Z</time>
      </trkpt>
      <trkpt lat="36.806980" lon="-5.167133">
        <ele>812.841312</ele>
        <time>2026-05-17T10:52:59.000Z</time>
      </trkpt>
      <trkpt lat="36.806990" lon="-5.167134">
        <ele>812.984192</ele>
        <time>2026-05-17T10:53:00.000Z</time>
      </trkpt>
      <trkpt lat="36.807041" lon="-5.167137">
        <ele>813.711361</ele>
        <time>2026-05-17T10:53:07.000Z</time>
      </trkpt>
      <trkpt lat="36.807053" lon="-5.167138">
        <ele>813.882650</ele>
        <time>2026-05-17T10:53:08.000Z</time>
      </trkpt>
      <trkpt lat="36.807084" lon="-5.167160">
        <ele>814.390461</ele>
        <time>2026-05-17T10:53:14.000Z</time>
      </trkpt>
      <trkpt lat="36.807086" lon="-5.167161">
        <ele>814.421144</ele>
        <time>2026-05-17T10:53:15.000Z</time>
      </trkpt>
      <trkpt lat="36.807093" lon="-5.167175">
        <ele>814.609362</ele>
        <time>2026-05-17T10:53:20.000Z</time>
      </trkpt>
      <trkpt lat="36.807096" lon="-5.167174">
        <ele>814.653585</ele>
        <time>2026-05-17T10:53:23.000Z</time>
      </trkpt>
      <trkpt lat="36.807105" lon="-5.167183">
        <ele>814.817791</ele>
        <time>2026-05-17T10:53:33.000Z</time>
      </trkpt>
      <trkpt lat="36.807068" lon="-5.167228">
        <ele>815.553330</ele>
        <time>2026-05-17T10:53:39.000Z</time>
      </trkpt>
      <trkpt lat="36.807059" lon="-5.167242">
        <ele>815.758067</ele>
        <time>2026-05-17T10:53:40.000Z</time>
      </trkpt>
      <trkpt lat="36.807022" lon="-5.167303">
        <ele>816.630740</ele>
        <time>2026-05-17T10:53:46.000Z</time>
      </trkpt>
      <trkpt lat="36.807016" lon="-5.167316">
        <ele>816.801849</ele>
        <time>2026-05-17T10:53:47.000Z</time>
      </trkpt>
      <trkpt lat="36.806982" lon="-5.167368">
        <ele>817.567425</ele>
        <time>2026-05-17T10:53:52.000Z</time>
      </trkpt>
      <trkpt lat="36.806953" lon="-5.167399">
        <ele>818.111077</ele>
        <time>2026-05-17T10:53:56.000Z</time>
      </trkpt>
      <trkpt lat="36.806944" lon="-5.167412">
        <ele>818.307053</ele>
        <time>2026-05-17T10:53:57.000Z</time>
      </trkpt>
      <trkpt lat="36.806913" lon="-5.167446">
        <ele>818.894639</ele>
        <time>2026-05-17T10:54:02.000Z</time>
      </trkpt>
      <trkpt lat="36.806888" lon="-5.167469">
        <ele>819.336869</ele>
        <time>2026-05-17T10:54:05.000Z</time>
      </trkpt>
      <trkpt lat="36.806874" lon="-5.167496">
        <ele>819.703685</ele>
        <time>2026-05-17T10:54:08.000Z</time>
      </trkpt>
      <trkpt lat="36.806854" lon="-5.167534">
        <ele>820.222251</ele>
        <time>2026-05-17T10:54:11.000Z</time>
      </trkpt>
      <trkpt lat="36.806832" lon="-5.167559">
        <ele>820.645866</ele>
        <time>2026-05-17T10:54:14.000Z</time>
      </trkpt>
      <trkpt lat="36.806798" lon="-5.167600">
        <ele>821.318979</ele>
        <time>2026-05-17T10:54:18.000Z</time>
      </trkpt>
      <trkpt lat="36.806782" lon="-5.167623">
        <ele>821.666424</ele>
        <time>2026-05-17T10:54:21.000Z</time>
      </trkpt>
      <trkpt lat="36.806770" lon="-5.167676">
        <ele>822.294501</ele>
        <time>2026-05-17T10:54:25.000Z</time>
      </trkpt>
      <trkpt lat="36.806760" lon="-5.167710">
        <ele>822.707547</ele>
        <time>2026-05-17T10:54:28.000Z</time>
      </trkpt>
      <trkpt lat="36.806754" lon="-5.167762">
        <ele>823.306646</ele>
        <time>2026-05-17T10:54:32.000Z</time>
      </trkpt>
      <trkpt lat="36.806732" lon="-5.167832">
        <ele>824.164175</ele>
        <time>2026-05-17T10:54:38.000Z</time>
      </trkpt>
      <trkpt lat="36.806711" lon="-5.167903">
        <ele>825.027291</ele>
        <time>2026-05-17T10:54:42.000Z</time>
      </trkpt>
      <trkpt lat="36.806692" lon="-5.167952">
        <ele>825.648133</ele>
        <time>2026-05-17T10:54:46.000Z</time>
      </trkpt>
      <trkpt lat="36.806662" lon="-5.168020">
        <ele>826.533486</ele>
        <time>2026-05-17T10:54:52.000Z</time>
      </trkpt>
      <trkpt lat="36.806655" lon="-5.168033">
        <ele>826.712135</ele>
        <time>2026-05-17T10:54:53.000Z</time>
      </trkpt>
      <trkpt lat="36.806631" lon="-5.168102">
        <ele>827.570007</ele>
        <time>2026-05-17T10:54:59.000Z</time>
      </trkpt>
      <trkpt lat="36.806626" lon="-5.168119">
        <ele>827.776530</ele>
        <time>2026-05-17T10:55:00.000Z</time>
      </trkpt>
      <trkpt lat="36.806617" lon="-5.168165">
        <ele>828.316519</ele>
        <time>2026-05-17T10:55:04.000Z</time>
      </trkpt>
      <trkpt lat="36.806615" lon="-5.168182">
        <ele>828.512458</ele>
        <time>2026-05-17T10:55:05.000Z</time>
      </trkpt>
      <trkpt lat="36.806618" lon="-5.168191">
        <ele>828.623627</ele>
        <time>2026-05-17T10:55:06.000Z</time>
      </trkpt>
      <trkpt lat="36.806613" lon="-5.168233">
        <ele>829.107834</ele>
        <time>2026-05-17T10:55:11.000Z</time>
      </trkpt>
      <trkpt lat="36.806613" lon="-5.168246">
        <ele>829.256077</ele>
        <time>2026-05-17T10:55:12.000Z</time>
      </trkpt>
      <trkpt lat="36.806602" lon="-5.168301">
        <ele>829.902533</ele>
        <time>2026-05-17T10:55:17.000Z</time>
      </trkpt>
      <trkpt lat="36.806594" lon="-5.168312">
        <ele>830.071993</ele>
        <time>2026-05-17T10:55:19.000Z</time>
      </trkpt>
      <trkpt lat="36.806583" lon="-5.168351">
        <ele>830.543512</ele>
        <time>2026-05-17T10:55:23.000Z</time>
      </trkpt>
      <trkpt lat="36.806582" lon="-5.168391">
        <ele>830.999869</ele>
        <time>2026-05-17T10:55:26.000Z</time>
      </trkpt>
      <trkpt lat="36.806582" lon="-5.168404">
        <ele>831.148113</ele>
        <time>2026-05-17T10:55:27.000Z</time>
      </trkpt>
      <trkpt lat="36.806577" lon="-5.168481">
        <ele>832.029055</ele>
        <time>2026-05-17T10:55:31.000Z</time>
      </trkpt>
      <trkpt lat="36.806569" lon="-5.168509">
        <ele>832.368070</ele>
        <time>2026-05-17T10:55:33.000Z</time>
      </trkpt>
      <trkpt lat="36.806544" lon="-5.168533">
        <ele>832.817159</ele>
        <time>2026-05-17T10:55:37.000Z</time>
      </trkpt>
      <trkpt lat="36.806534" lon="-5.168534">
        <ele>832.960038</ele>
        <time>2026-05-17T10:55:40.000Z</time>
      </trkpt>
      <trkpt lat="36.806531" lon="-5.168566">
        <ele>833.327439</ele>
        <time>2026-05-17T10:55:47.000Z</time>
      </trkpt>
      <trkpt lat="36.806529" lon="-5.168567">
        <ele>833.358122</ele>
        <time>2026-05-17T10:55:48.000Z</time>
      </trkpt>
      <trkpt lat="36.806497" lon="-5.168610">
        <ele>834.027564</ele>
        <time>2026-05-17T10:55:56.000Z</time>
      </trkpt>
      <trkpt lat="36.806465" lon="-5.168639">
        <ele>834.590659</ele>
        <time>2026-05-17T10:56:00.000Z</time>
      </trkpt>
      <trkpt lat="36.806461" lon="-5.168641">
        <ele>834.652025</ele>
        <time>2026-05-17T10:56:02.000Z</time>
      </trkpt>
      <trkpt lat="36.806451" lon="-5.168644">
        <ele>834.798500</ele>
        <time>2026-05-17T10:56:04.000Z</time>
      </trkpt>
      <trkpt lat="36.806453" lon="-5.168641">
        <ele>834.843016</ele>
        <time>2026-05-17T10:56:05.000Z</time>
      </trkpt>
      <trkpt lat="36.806460" lon="-5.168643">
        <ele>834.945289</ele>
        <time>2026-05-17T10:56:11.000Z</time>
      </trkpt>
      <trkpt lat="36.806459" lon="-5.168645">
        <ele>834.972177</ele>
        <time>2026-05-17T10:56:12.000Z</time>
      </trkpt>
      <trkpt lat="36.806460" lon="-5.168644">
        <ele>834.990422</ele>
        <time>2026-05-17T10:56:15.000Z</time>
      </trkpt>
      <trkpt lat="36.806437" lon="-5.168649">
        <ele>835.322923</ele>
        <time>2026-05-17T10:56:19.000Z</time>
      </trkpt>
      <trkpt lat="36.806428" lon="-5.168650">
        <ele>835.451611</ele>
        <time>2026-05-17T10:56:22.000Z</time>
      </trkpt>
      <trkpt lat="36.806425" lon="-5.168650">
        <ele>835.486713</ele>
        <time>2026-05-17T10:56:25.000Z</time>
      </trkpt>
      <trkpt lat="36.806428" lon="-5.168644">
        <ele>835.550174</ele>
        <time>2026-05-17T10:56:28.000Z</time>
      </trkpt>
      <trkpt lat="36.806429" lon="-5.168651">
        <ele>835.613963</ele>
        <time>2026-05-17T10:56:30.000Z</time>
      </trkpt>
      <trkpt lat="36.806404" lon="-5.168662">
        <ele>835.910953</ele>
        <time>2026-05-17T10:56:33.000Z</time>
      </trkpt>
      <trkpt lat="36.806397" lon="-5.168667">
        <ele>836.001306</ele>
        <time>2026-05-17T10:56:34.000Z</time>
      </trkpt>
      <trkpt lat="36.806352" lon="-5.168680">
        <ele>836.518827</ele>
        <time>2026-05-17T10:56:40.000Z</time>
      </trkpt>
      <trkpt lat="36.806342" lon="-5.168687">
        <ele>836.647271</ele>
        <time>2026-05-17T10:56:42.000Z</time>
      </trkpt>
      <trkpt lat="36.806328" lon="-5.168700">
        <ele>836.842739</ele>
        <time>2026-05-17T10:56:44.000Z</time>
      </trkpt>
      <trkpt lat="36.806294" lon="-5.168729">
        <ele>837.304056</ele>
        <time>2026-05-17T10:56:49.000Z</time>
      </trkpt>
      <trkpt lat="36.806275" lon="-5.168742">
        <ele>837.546796</ele>
        <time>2026-05-17T10:56:51.000Z</time>
      </trkpt>
      <trkpt lat="36.806260" lon="-5.168751">
        <ele>837.733254</ele>
        <time>2026-05-17T10:56:53.000Z</time>
      </trkpt>
      <trkpt lat="36.806222" lon="-5.168778">
        <ele>838.223107</ele>
        <time>2026-05-17T10:56:58.000Z</time>
      </trkpt>
      <trkpt lat="36.806204" lon="-5.168786">
        <ele>838.437179</ele>
        <time>2026-05-17T10:57:00.000Z</time>
      </trkpt>
      <trkpt lat="36.806168" lon="-5.168821">
        <ele>838.948349</ele>
        <time>2026-05-17T10:57:04.000Z</time>
      </trkpt>
      <trkpt lat="36.806136" lon="-5.168871">
        <ele>839.522598</ele>
        <time>2026-05-17T10:57:08.000Z</time>
      </trkpt>
      <trkpt lat="36.806120" lon="-5.168896">
        <ele>839.809722</ele>
        <time>2026-05-17T10:57:10.000Z</time>
      </trkpt>
      <trkpt lat="36.806103" lon="-5.168934">
        <ele>840.200232</ele>
        <time>2026-05-17T10:57:13.000Z</time>
      </trkpt>
      <trkpt lat="36.806076" lon="-5.168975">
        <ele>840.676480</ele>
        <time>2026-05-17T10:57:17.000Z</time>
      </trkpt>
      <trkpt lat="36.806068" lon="-5.168985">
        <ele>840.803299</ele>
        <time>2026-05-17T10:57:18.000Z</time>
      </trkpt>
      <trkpt lat="36.806051" lon="-5.169007">
        <ele>841.077589</ele>
        <time>2026-05-17T10:57:20.000Z</time>
      </trkpt>
      <trkpt lat="36.806032" lon="-5.169026">
        <ele>841.350308</ele>
        <time>2026-05-17T10:57:22.000Z</time>
      </trkpt>
      <trkpt lat="36.805995" lon="-5.169068">
        <ele>841.910522</ele>
        <time>2026-05-17T10:57:26.000Z</time>
      </trkpt>
      <trkpt lat="36.805921" lon="-5.169143">
        <ele>842.978319</ele>
        <time>2026-05-17T10:57:33.000Z</time>
      </trkpt>
      <trkpt lat="36.805864" lon="-5.169168">
        <ele>843.655218</ele>
        <time>2026-05-17T10:57:38.000Z</time>
      </trkpt>
      <trkpt lat="36.805842" lon="-5.169170">
        <ele>843.902372</ele>
        <time>2026-05-17T10:57:40.000Z</time>
      </trkpt>
      <trkpt lat="36.805786" lon="-5.169203">
        <ele>844.596166</ele>
        <time>2026-05-17T10:57:46.000Z</time>
      </trkpt>
      <trkpt lat="36.805776" lon="-5.169217">
        <ele>844.764478</ele>
        <time>2026-05-17T10:57:48.000Z</time>
      </trkpt>
      <trkpt lat="36.805724" lon="-5.169289">
        <ele>845.634359</ele>
        <time>2026-05-17T10:57:54.000Z</time>
      </trkpt>
      <trkpt lat="36.805712" lon="-5.169304">
        <ele>845.824588</ele>
        <time>2026-05-17T10:57:55.000Z</time>
      </trkpt>
      <trkpt lat="36.805647" lon="-5.169378">
        <ele>846.810055</ele>
        <time>2026-05-17T10:58:02.000Z</time>
      </trkpt>
      <trkpt lat="36.805641" lon="-5.169384">
        <ele>846.896177</ele>
        <time>2026-05-17T10:58:03.000Z</time>
      </trkpt>
      <trkpt lat="36.805593" lon="-5.169432">
        <ele>847.585151</ele>
        <time>2026-05-17T10:58:08.000Z</time>
      </trkpt>
      <trkpt lat="36.805577" lon="-5.169452">
        <ele>847.838789</ele>
        <time>2026-05-17T10:58:10.000Z</time>
      </trkpt>
      <trkpt lat="36.805541" lon="-5.169511">
        <ele>848.504272</ele>
        <time>2026-05-17T10:58:16.000Z</time>
      </trkpt>
      <trkpt lat="36.805534" lon="-5.169525">
        <ele>848.652347</ele>
        <time>2026-05-17T10:58:17.000Z</time>
      </trkpt>
      <trkpt lat="36.805509" lon="-5.169607">
        <ele>849.439516</ele>
        <time>2026-05-17T10:58:23.000Z</time>
      </trkpt>
      <trkpt lat="36.805509" lon="-5.169632">
        <ele>849.663797</ele>
        <time>2026-05-17T10:58:25.000Z</time>
      </trkpt>
      <trkpt lat="36.805497" lon="-5.169729">
        <ele>850.544334</ele>
        <time>2026-05-17T10:58:32.000Z</time>
      </trkpt>
      <trkpt lat="36.805495" lon="-5.169747">
        <ele>850.707364</ele>
        <time>2026-05-17T10:58:33.000Z</time>
      </trkpt>
      <trkpt lat="36.805498" lon="-5.169839">
        <ele>851.533403</ele>
        <time>2026-05-17T10:58:38.000Z</time>
      </trkpt>
      <trkpt lat="36.805520" lon="-5.169959">
        <ele>852.637814</ele>
        <time>2026-05-17T10:58:46.000Z</time>
      </trkpt>
      <trkpt lat="36.805521" lon="-5.169963">
        <ele>852.675407</ele>
        <time>2026-05-17T10:58:47.000Z</time>
      </trkpt>
      <trkpt lat="36.805526" lon="-5.169967">
        <ele>852.741938</ele>
        <time>2026-05-17T10:58:52.000Z</time>
      </trkpt>
      <trkpt lat="36.805526" lon="-5.169961">
        <ele>852.795765</ele>
        <time>2026-05-17T10:58:54.000Z</time>
      </trkpt>
      <trkpt lat="36.805521" lon="-5.169955">
        <ele>852.873457</ele>
        <time>2026-05-17T10:58:57.000Z</time>
      </trkpt>
      <trkpt lat="36.805524" lon="-5.169966">
        <ele>852.977709</ele>
        <time>2026-05-17T10:59:02.000Z</time>
      </trkpt>
      <trkpt lat="36.805538" lon="-5.169998">
        <ele>853.304850</ele>
        <time>2026-05-17T10:59:08.000Z</time>
      </trkpt>
      <trkpt lat="36.805546" lon="-5.170003">
        <ele>853.405084</ele>
        <time>2026-05-17T10:59:10.000Z</time>
      </trkpt>
      <trkpt lat="36.805560" lon="-5.169995">
        <ele>853.577587</ele>
        <time>2026-05-17T10:59:18.000Z</time>
      </trkpt>
      <trkpt lat="36.805550" lon="-5.169994">
        <ele>853.689992</ele>
        <time>2026-05-17T10:59:20.000Z</time>
      </trkpt>
      <trkpt lat="36.805548" lon="-5.170001">
        <ele>853.756669</ele>
        <time>2026-05-17T10:59:27.000Z</time>
      </trkpt>
      <trkpt lat="36.805549" lon="-5.170010">
        <ele>853.838184</ele>
        <time>2026-05-17T10:59:28.000Z</time>
      </trkpt>
      <trkpt lat="36.805560" lon="-5.170016">
        <ele>853.972677</ele>
        <time>2026-05-17T10:59:34.000Z</time>
      </trkpt>
      <trkpt lat="36.805559" lon="-5.170025">
        <ele>854.054192</ele>
        <time>2026-05-17T10:59:38.000Z</time>
      </trkpt>
      <trkpt lat="36.805549" lon="-5.170018">
        <ele>854.182636</ele>
        <time>2026-05-17T10:59:42.000Z</time>
      </trkpt>
      <trkpt lat="36.805548" lon="-5.170020">
        <ele>854.203790</ele>
        <time>2026-05-17T10:59:43.000Z</time>
      </trkpt>
      <trkpt lat="36.805567" lon="-5.170050">
        <ele>854.546946</ele>
        <time>2026-05-17T10:59:49.000Z</time>
      </trkpt>
      <trkpt lat="36.805578" lon="-5.170078">
        <ele>854.826749</ele>
        <time>2026-05-17T10:59:51.000Z</time>
      </trkpt>
      <trkpt lat="36.805604" lon="-5.170145">
        <ele>855.494698</ele>
        <time>2026-05-17T10:59:58.000Z</time>
      </trkpt>
      <trkpt lat="36.805608" lon="-5.170149">
        <ele>855.552113</ele>
        <time>2026-05-17T10:59:59.000Z</time>
      </trkpt>
      <trkpt lat="36.805642" lon="-5.170191">
        <ele>855.960631</ele>
        <time>2026-05-17T11:00:04.000Z</time>
      </trkpt>
      <trkpt lat="36.805647" lon="-5.170198">
        <ele>856.022291</ele>
        <time>2026-05-17T11:00:05.000Z</time>
      </trkpt>
      <trkpt lat="36.805659" lon="-5.170236">
        <ele>856.290794</ele>
        <time>2026-05-17T11:00:08.000Z</time>
      </trkpt>
      <trkpt lat="36.805666" lon="-5.170286">
        <ele>856.624436</ele>
        <time>2026-05-17T11:00:11.000Z</time>
      </trkpt>
      <trkpt lat="36.805668" lon="-5.170310">
        <ele>856.783042</ele>
        <time>2026-05-17T11:00:13.000Z</time>
      </trkpt>
      <trkpt lat="36.805694" lon="-5.170369">
        <ele>857.225714</ele>
        <time>2026-05-17T11:00:17.000Z</time>
      </trkpt>
      <trkpt lat="36.805724" lon="-5.170403">
        <ele>857.558283</ele>
        <time>2026-05-17T11:00:21.000Z</time>
      </trkpt>
      <trkpt lat="36.805746" lon="-5.170429">
        <ele>857.806932</ele>
        <time>2026-05-17T11:00:24.000Z</time>
      </trkpt>
      <trkpt lat="36.805787" lon="-5.170480">
        <ele>858.281979</ele>
        <time>2026-05-17T11:00:29.000Z</time>
      </trkpt>
      <trkpt lat="36.805807" lon="-5.170509">
        <ele>858.533562</ele>
        <time>2026-05-17T11:00:31.000Z</time>
      </trkpt>
      <trkpt lat="36.805817" lon="-5.170526">
        <ele>858.672220</ele>
        <time>2026-05-17T11:00:33.000Z</time>
      </trkpt>
      <trkpt lat="36.805827" lon="-5.170551">
        <ele>858.855913</ele>
        <time>2026-05-17T11:00:36.000Z</time>
      </trkpt>
      <trkpt lat="36.805833" lon="-5.170579">
        <ele>859.046437</ele>
        <time>2026-05-17T11:00:39.000Z</time>
      </trkpt>
      <trkpt lat="36.805849" lon="-5.170610">
        <ele>859.288870</ele>
        <time>2026-05-17T11:00:41.000Z</time>
      </trkpt>
      <trkpt lat="36.805869" lon="-5.170664">
        <ele>859.679952</ele>
        <time>2026-05-17T11:00:46.000Z</time>
      </trkpt>
      <trkpt lat="36.805880" lon="-5.170692">
        <ele>859.884960</ele>
        <time>2026-05-17T11:00:48.000Z</time>
      </trkpt>
      <trkpt lat="36.805907" lon="-5.170731">
        <ele>860.223850</ele>
        <time>2026-05-17T11:00:53.000Z</time>
      </trkpt>
      <trkpt lat="36.805916" lon="-5.170749">
        <ele>860.363341</ele>
        <time>2026-05-17T11:00:55.000Z</time>
      </trkpt>
      <trkpt lat="36.805925" lon="-5.170766">
        <ele>860.497301</ele>
        <time>2026-05-17T11:00:57.000Z</time>
      </trkpt>
      <trkpt lat="36.805964" lon="-5.170800">
        <ele>860.887755</ele>
        <time>2026-05-17T11:01:03.000Z</time>
      </trkpt>
      <trkpt lat="36.805974" lon="-5.170811">
        <ele>860.997151</ele>
        <time>2026-05-17T11:01:04.000Z</time>
      </trkpt>
      <trkpt lat="36.806011" lon="-5.170872">
        <ele>861.500173</ele>
        <time>2026-05-17T11:01:10.000Z</time>
      </trkpt>
      <trkpt lat="36.806026" lon="-5.170900">
        <ele>861.721616</ele>
        <time>2026-05-17T11:01:12.000Z</time>
      </trkpt>
      <trkpt lat="36.806038" lon="-5.170922">
        <ele>861.896592</ele>
        <time>2026-05-17T11:01:14.000Z</time>
      </trkpt>
      <trkpt lat="36.806058" lon="-5.170970">
        <ele>862.252264</ele>
        <time>2026-05-17T11:01:18.000Z</time>
      </trkpt>
      <trkpt lat="36.806065" lon="-5.171002">
        <ele>862.470312</ele>
        <time>2026-05-17T11:01:22.000Z</time>
      </trkpt>
      <trkpt lat="36.806073" lon="-5.171020">
        <ele>862.605633</ele>
        <time>2026-05-17T11:01:25.000Z</time>
      </trkpt>
      <trkpt lat="36.806078" lon="-5.171041">
        <ele>862.749641</ele>
        <time>2026-05-17T11:01:28.000Z</time>
      </trkpt>
      <trkpt lat="36.806094" lon="-5.171103">
        <ele>863.177817</ele>
        <time>2026-05-17T11:01:35.000Z</time>
      </trkpt>
      <trkpt lat="36.806129" lon="-5.171169">
        <ele>863.698164</ele>
        <time>2026-05-17T11:01:41.000Z</time>
      </trkpt>
      <trkpt lat="36.806135" lon="-5.171183">
        <ele>863.802541</ele>
        <time>2026-05-17T11:01:43.000Z</time>
      </trkpt>
      <trkpt lat="36.806138" lon="-5.171195">
        <ele>863.885173</ele>
        <time>2026-05-17T11:01:44.000Z</time>
      </trkpt>
      <trkpt lat="36.806142" lon="-5.171208">
        <ele>863.976715</ele>
        <time>2026-05-17T11:01:45.000Z</time>
      </trkpt>
      <trkpt lat="36.806156" lon="-5.171242">
        <ele>864.228021</ele>
        <time>2026-05-17T11:01:47.000Z</time>
      </trkpt>
      <trkpt lat="36.806152" lon="-5.171262">
        <ele>864.363522</ele>
        <time>2026-05-17T11:01:50.000Z</time>
      </trkpt>
      <trkpt lat="36.806162" lon="-5.171288">
        <ele>864.553117</ele>
        <time>2026-05-17T11:01:53.000Z</time>
      </trkpt>
      <trkpt lat="36.806181" lon="-5.171354">
        <ele>865.014128</ele>
        <time>2026-05-17T11:02:00.000Z</time>
      </trkpt>
      <trkpt lat="36.806190" lon="-5.171369">
        <ele>865.137336</ele>
        <time>2026-05-17T11:02:01.000Z</time>
      </trkpt>
      <trkpt lat="36.806213" lon="-5.171407">
        <ele>865.450450</ele>
        <time>2026-05-17T11:02:04.000Z</time>
      </trkpt>
      <trkpt lat="36.806235" lon="-5.171458">
        <ele>865.831234</ele>
        <time>2026-05-17T11:02:08.000Z</time>
      </trkpt>
      <trkpt lat="36.806267" lon="-5.171543">
        <ele>866.448623</ele>
        <time>2026-05-17T11:02:17.000Z</time>
      </trkpt>
      <trkpt lat="36.806325" lon="-5.171611">
        <ele>867.101692</ele>
        <time>2026-05-17T11:02:24.000Z</time>
      </trkpt>
      <trkpt lat="36.806348" lon="-5.171696">
        <ele>867.691444</ele>
        <time>2026-05-17T11:02:31.000Z</time>
      </trkpt>
      <trkpt lat="36.806353" lon="-5.171759">
        <ele>868.107576</ele>
        <time>2026-05-17T11:02:37.000Z</time>
      </trkpt>
      <trkpt lat="36.806353" lon="-5.171771">
        <ele>868.186452</ele>
        <time>2026-05-17T11:02:38.000Z</time>
      </trkpt>
      <trkpt lat="36.806359" lon="-5.171829">
        <ele>868.570858</ele>
        <time>2026-05-17T11:02:45.000Z</time>
      </trkpt>
      <trkpt lat="36.806338" lon="-5.171897">
        <ele>869.049920</ele>
        <time>2026-05-17T11:02:51.000Z</time>
      </trkpt>
      <trkpt lat="36.806329" lon="-5.171915">
        <ele>869.189410</ele>
        <time>2026-05-17T11:02:53.000Z</time>
      </trkpt>
      <trkpt lat="36.806300" lon="-5.171989">
        <ele>869.730955</ele>
        <time>2026-05-17T11:02:58.000Z</time>
      </trkpt>
      <trkpt lat="36.806289" lon="-5.172011">
        <ele>869.901442</ele>
        <time>2026-05-17T11:03:00.000Z</time>
      </trkpt>
      <trkpt lat="36.806280" lon="-5.172058">
        <ele>870.219088</ele>
        <time>2026-05-17T11:03:04.000Z</time>
      </trkpt>
      <trkpt lat="36.806267" lon="-5.172088">
        <ele>870.442115</ele>
        <time>2026-05-17T11:03:07.000Z</time>
      </trkpt>
      <trkpt lat="36.806246" lon="-5.172175">
        <ele>871.028543</ele>
        <time>2026-05-17T11:03:13.000Z</time>
      </trkpt>
      <trkpt lat="36.806245" lon="-5.172191">
        <ele>871.132116</ele>
        <time>2026-05-17T11:03:15.000Z</time>
      </trkpt>
      <trkpt lat="36.806251" lon="-5.172251">
        <ele>871.522344</ele>
        <time>2026-05-17T11:03:22.000Z</time>
      </trkpt>
      <trkpt lat="36.806245" lon="-5.172312">
        <ele>871.918976</ele>
        <time>2026-05-17T11:03:28.000Z</time>
      </trkpt>
      <trkpt lat="36.806246" lon="-5.172337">
        <ele>872.080519</ele>
        <time>2026-05-17T11:03:30.000Z</time>
      </trkpt>
      <trkpt lat="36.806243" lon="-5.172422">
        <ele>872.629612</ele>
        <time>2026-05-17T11:03:36.000Z</time>
      </trkpt>
      <trkpt lat="36.806256" lon="-5.172482">
        <ele>873.030759</ele>
        <time>2026-05-17T11:03:43.000Z</time>
      </trkpt>
      <trkpt lat="36.806270" lon="-5.172515">
        <ele>873.271779</ele>
        <time>2026-05-17T11:03:47.000Z</time>
      </trkpt>
      <trkpt lat="36.806276" lon="-5.172529">
        <ele>873.374259</ele>
        <time>2026-05-17T11:03:48.000Z</time>
      </trkpt>
      <trkpt lat="36.806283" lon="-5.172552">
        <ele>873.533055</ele>
        <time>2026-05-17T11:03:50.000Z</time>
      </trkpt>
      <trkpt lat="36.806285" lon="-5.172558">
        <ele>873.574999</ele>
        <time>2026-05-17T11:03:51.000Z</time>
      </trkpt>
      <trkpt lat="36.806299" lon="-5.172627">
        <ele>874.034376</ele>
        <time>2026-05-17T11:03:56.000Z</time>
      </trkpt>
      <trkpt lat="36.806299" lon="-5.172718">
        <ele>874.621659</ele>
        <time>2026-05-17T11:04:02.000Z</time>
      </trkpt>
      <trkpt lat="36.806298" lon="-5.172737">
        <ele>874.744543</ele>
        <time>2026-05-17T11:04:04.000Z</time>
      </trkpt>
      <trkpt lat="36.806294" lon="-5.172768">
        <ele>874.947187</ele>
        <time>2026-05-17T11:04:07.000Z</time>
      </trkpt>
      <trkpt lat="36.806294" lon="-5.172844">
        <ele>875.437665</ele>
        <time>2026-05-17T11:04:13.000Z</time>
      </trkpt>
      <trkpt lat="36.806299" lon="-5.172883">
        <ele>875.692564</ele>
        <time>2026-05-17T11:04:17.000Z</time>
      </trkpt>
      <trkpt lat="36.806307" lon="-5.172929">
        <ele>875.996354</ele>
        <time>2026-05-17T11:04:20.000Z</time>
      </trkpt>
      <trkpt lat="36.806307" lon="-5.172945">
        <ele>876.099612</ele>
        <time>2026-05-17T11:04:22.000Z</time>
      </trkpt>
      <trkpt lat="36.806316" lon="-5.172991">
        <ele>876.405215</ele>
        <time>2026-05-17T11:04:26.000Z</time>
      </trkpt>
      <trkpt lat="36.806326" lon="-5.173008">
        <ele>876.541354</ele>
        <time>2026-05-17T11:04:28.000Z</time>
      </trkpt>
      <trkpt lat="36.806341" lon="-5.173024">
        <ele>876.700352</ele>
        <time>2026-05-17T11:04:30.000Z</time>
      </trkpt>
      <trkpt lat="36.806354" lon="-5.173047">
        <ele>876.882045</ele>
        <time>2026-05-17T11:04:33.000Z</time>
      </trkpt>
      <trkpt lat="36.806365" lon="-5.173068">
        <ele>877.043998</ele>
        <time>2026-05-17T11:04:35.000Z</time>
      </trkpt>
      <trkpt lat="36.806399" lon="-5.173129">
        <ele>877.523667</ele>
        <time>2026-05-17T11:04:41.000Z</time>
      </trkpt>
      <trkpt lat="36.806406" lon="-5.173144">
        <ele>877.635715</ele>
        <time>2026-05-17T11:04:42.000Z</time>
      </trkpt>
      <trkpt lat="36.806431" lon="-5.173214">
        <ele>878.130375</ele>
        <time>2026-05-17T11:04:48.000Z</time>
      </trkpt>
      <trkpt lat="36.806444" lon="-5.173250">
        <ele>878.385242</ele>
        <time>2026-05-17T11:04:50.000Z</time>
      </trkpt>
      <trkpt lat="36.806462" lon="-5.173300">
        <ele>878.739041</ele>
        <time>2026-05-17T11:04:54.000Z</time>
      </trkpt>
      <trkpt lat="36.806486" lon="-5.173355">
        <ele>879.143284</ele>
        <time>2026-05-17T11:04:58.000Z</time>
      </trkpt>
      <trkpt lat="36.806496" lon="-5.173389">
        <ele>879.377044</ele>
        <time>2026-05-17T11:05:01.000Z</time>
      </trkpt>
      <trkpt lat="36.806506" lon="-5.173427">
        <ele>879.635188</ele>
        <time>2026-05-17T11:05:05.000Z</time>
      </trkpt>
      <trkpt lat="36.806520" lon="-5.173499">
        <ele>880.113356</ele>
        <time>2026-05-17T11:05:10.000Z</time>
      </trkpt>
      <trkpt lat="36.806542" lon="-5.173548">
        <ele>880.475910</ele>
        <time>2026-05-17T11:05:14.000Z</time>
      </trkpt>
      <trkpt lat="36.806561" lon="-5.173583">
        <ele>880.748810</ele>
        <time>2026-05-17T11:05:17.000Z</time>
      </trkpt>
      <trkpt lat="36.806609" lon="-5.173672">
        <ele>881.441337</ele>
        <time>2026-05-17T11:05:24.000Z</time>
      </trkpt>
      <trkpt lat="36.806622" lon="-5.173696">
        <ele>881.628339</ele>
        <time>2026-05-17T11:05:28.000Z</time>
      </trkpt>
      <trkpt lat="36.806637" lon="-5.173731">
        <ele>881.884539</ele>
        <time>2026-05-17T11:05:30.000Z</time>
      </trkpt>
      <trkpt lat="36.806659" lon="-5.173829">
        <ele>882.541384</ele>
        <time>2026-05-17T11:05:36.000Z</time>
      </trkpt>
      <trkpt lat="36.806687" lon="-5.173918">
        <ele>883.158506</ele>
        <time>2026-05-17T11:05:43.000Z</time>
      </trkpt>
      <trkpt lat="36.806718" lon="-5.173985">
        <ele>883.657904</ele>
        <time>2026-05-17T11:05:51.000Z</time>
      </trkpt>
      <trkpt lat="36.806723" lon="-5.173996">
        <ele>883.739536</ele>
        <time>2026-05-17T11:05:52.000Z</time>
      </trkpt>
      <trkpt lat="36.806743" lon="-5.174024">
        <ele>883.981695</ele>
        <time>2026-05-17T11:05:55.000Z</time>
      </trkpt>
      <trkpt lat="36.806791" lon="-5.174078">
        <ele>884.502404</ele>
        <time>2026-05-17T11:06:02.000Z</time>
      </trkpt>
      <trkpt lat="36.806802" lon="-5.174088">
        <ele>884.612068</ele>
        <time>2026-05-17T11:06:05.000Z</time>
      </trkpt>
      <trkpt lat="36.806802" lon="-5.174090">
        <ele>884.624975</ele>
        <time>2026-05-17T11:06:06.000Z</time>
      </trkpt>
      <trkpt lat="36.806806" lon="-5.174089">
        <ele>884.657856</ele>
        <time>2026-05-17T11:06:10.000Z</time>
      </trkpt>
      <trkpt lat="36.806814" lon="-5.174084">
        <ele>884.729962</ele>
        <time>2026-05-17T11:06:15.000Z</time>
      </trkpt>
      <trkpt lat="36.806832" lon="-5.174064">
        <ele>884.895188</ele>
        <time>2026-05-17T11:06:19.000Z</time>
      </trkpt>
      <trkpt lat="36.806832" lon="-5.174047">
        <ele>884.939779</ele>
        <time>2026-05-17T11:06:21.000Z</time>
      </trkpt>
      <trkpt lat="36.806825" lon="-5.174037">
        <ele>884.974620</ele>
        <time>2026-05-17T11:06:29.000Z</time>
      </trkpt>
      <trkpt lat="36.806818" lon="-5.174074">
        <ele>885.074344</ele>
        <time>2026-05-17T11:06:36.000Z</time>
      </trkpt>
      <trkpt lat="36.806823" lon="-5.174075">
        <ele>885.090932</ele>
        <time>2026-05-17T11:06:37.000Z</time>
      </trkpt>
      <trkpt lat="36.806877" lon="-5.174122">
        <ele>885.306557</ele>
        <time>2026-05-17T11:06:45.000Z</time>
      </trkpt>
      <trkpt lat="36.806923" lon="-5.174159">
        <ele>885.485802</ele>
        <time>2026-05-17T11:06:51.000Z</time>
      </trkpt>
      <trkpt lat="36.806930" lon="-5.174163">
        <ele>885.511021</ele>
        <time>2026-05-17T11:06:52.000Z</time>
      </trkpt>
      <trkpt lat="36.806935" lon="-5.174169">
        <ele>885.533736</ele>
        <time>2026-05-17T11:06:53.000Z</time>
      </trkpt>
      <trkpt lat="36.806949" lon="-5.174182">
        <ele>885.590888</ele>
        <time>2026-05-17T11:06:55.000Z</time>
      </trkpt>
      <trkpt lat="36.806993" lon="-5.174227">
        <ele>885.777195</ele>
        <time>2026-05-17T11:06:59.000Z</time>
      </trkpt>
      <trkpt lat="36.807064" lon="-5.174276">
        <ele>886.042941</ele>
        <time>2026-05-17T11:07:05.000Z</time>
      </trkpt>
      <trkpt lat="36.807075" lon="-5.174284">
        <ele>886.084642</ele>
        <time>2026-05-17T11:07:06.000Z</time>
      </trkpt>
      <trkpt lat="36.807155" lon="-5.174332">
        <ele>886.375399</ele>
        <time>2026-05-17T11:07:14.000Z</time>
      </trkpt>
      <trkpt lat="36.807170" lon="-5.174348">
        <ele>886.440022</ele>
        <time>2026-05-17T11:07:17.000Z</time>
      </trkpt>
      <trkpt lat="36.807201" lon="-5.174380">
        <ele>886.571775</ele>
        <time>2026-05-17T11:07:22.000Z</time>
      </trkpt>
      <trkpt lat="36.807244" lon="-5.174451">
        <ele>886.805285</ele>
        <time>2026-05-17T11:07:28.000Z</time>
      </trkpt>
      <trkpt lat="36.807261" lon="-5.174488">
        <ele>886.917180</ele>
        <time>2026-05-17T11:07:30.000Z</time>
      </trkpt>
      <trkpt lat="36.807284" lon="-5.174561">
        <ele>887.122949</ele>
        <time>2026-05-17T11:07:34.000Z</time>
      </trkpt>
      <trkpt lat="36.807298" lon="-5.174617">
        <ele>887.276830</ele>
        <time>2026-05-17T11:07:38.000Z</time>
      </trkpt>
      <trkpt lat="36.807312" lon="-5.174669">
        <ele>887.420730</ele>
        <time>2026-05-17T11:07:42.000Z</time>
      </trkpt>
      <trkpt lat="36.807333" lon="-5.174731">
        <ele>887.597308</ele>
        <time>2026-05-17T11:07:47.000Z</time>
      </trkpt>
      <trkpt lat="36.807361" lon="-5.174792">
        <ele>887.781739</ele>
        <time>2026-05-17T11:07:52.000Z</time>
      </trkpt>
      <trkpt lat="36.807374" lon="-5.174829">
        <ele>887.887723</ele>
        <time>2026-05-17T11:07:55.000Z</time>
      </trkpt>
      <trkpt lat="36.807386" lon="-5.174855">
        <ele>887.966440</ele>
        <time>2026-05-17T11:07:58.000Z</time>
      </trkpt>
      <trkpt lat="36.807402" lon="-5.174889">
        <ele>888.069885</ele>
        <time>2026-05-17T11:08:01.000Z</time>
      </trkpt>
      <trkpt lat="36.807429" lon="-5.174926">
        <ele>888.201196</ele>
        <time>2026-05-17T11:08:04.000Z</time>
      </trkpt>
      <trkpt lat="36.807504" lon="-5.175012">
        <ele>888.534745</ele>
        <time>2026-05-17T11:08:11.000Z</time>
      </trkpt>
      <trkpt lat="36.807542" lon="-5.175087">
        <ele>888.767549</ele>
        <time>2026-05-17T11:08:18.000Z</time>
      </trkpt>
      <trkpt lat="36.807566" lon="-5.175179">
        <ele>889.021348</ele>
        <time>2026-05-17T11:08:25.000Z</time>
      </trkpt>
      <trkpt lat="36.807570" lon="-5.175194">
        <ele>889.062817</ele>
        <time>2026-05-17T11:08:26.000Z</time>
      </trkpt>
      <trkpt lat="36.807593" lon="-5.175231">
        <ele>889.185684</ele>
        <time>2026-05-17T11:08:30.000Z</time>
      </trkpt>
      <trkpt lat="36.807613" lon="-5.175275">
        <ele>889.318396</ele>
        <time>2026-05-17T11:08:33.000Z</time>
      </trkpt>
      <trkpt lat="36.807616" lon="-5.175291">
        <ele>889.361499</ele>
        <time>2026-05-17T11:08:34.000Z</time>
      </trkpt>
      <trkpt lat="36.807634" lon="-5.175369">
        <ele>889.574420</ele>
        <time>2026-05-17T11:08:39.000Z</time>
      </trkpt>
      <trkpt lat="36.807632" lon="-5.175382">
        <ele>889.609142</ele>
        <time>2026-05-17T11:08:40.000Z</time>
      </trkpt>
      <trkpt lat="36.807618" lon="-5.175425">
        <ele>889.730898</ele>
        <time>2026-05-17T11:08:43.000Z</time>
      </trkpt>
      <trkpt lat="36.807598" lon="-5.175461">
        <ele>889.845831</ele>
        <time>2026-05-17T11:08:46.000Z</time>
      </trkpt>
      <trkpt lat="36.807561" lon="-5.175541">
        <ele>890.088162</ele>
        <time>2026-05-17T11:08:54.000Z</time>
      </trkpt>
      <trkpt lat="36.807572" lon="-5.175569">
        <ele>890.169970</ele>
        <time>2026-05-17T11:09:02.000Z</time>
      </trkpt>
      <trkpt lat="36.807577" lon="-5.175578">
        <ele>890.198703</ele>
        <time>2026-05-17T11:09:03.000Z</time>
      </trkpt>
      <trkpt lat="36.807617" lon="-5.175676">
        <ele>890.487229</ele>
        <time>2026-05-17T11:09:11.000Z</time>
      </trkpt>
      <trkpt lat="36.807681" lon="-5.175752">
        <ele>890.774127</ele>
        <time>2026-05-17T11:09:19.000Z</time>
      </trkpt>
      <trkpt lat="36.807689" lon="-5.175761">
        <ele>890.799679</ele>
        <time>2026-05-17T11:09:20.000Z</time>
      </trkpt>
      <trkpt lat="36.807755" lon="-5.175820">
        <ele>890.992305</ele>
        <time>2026-05-17T11:09:26.000Z</time>
      </trkpt>
      <trkpt lat="36.807804" lon="-5.175888">
        <ele>891.166143</ele>
        <time>2026-05-17T11:09:32.000Z</time>
      </trkpt>
      <trkpt lat="36.807812" lon="-5.175894">
        <ele>891.188290</ele>
        <time>2026-05-17T11:09:33.000Z</time>
      </trkpt>
      <trkpt lat="36.807835" lon="-5.175891">
        <ele>891.243172</ele>
        <time>2026-05-17T11:09:39.000Z</time>
      </trkpt>
      <trkpt lat="36.807843" lon="-5.175893">
        <ele>891.262536</ele>
        <time>2026-05-17T11:09:40.000Z</time>
      </trkpt>
      <trkpt lat="36.807879" lon="-5.175906">
        <ele>891.351474</ele>
        <time>2026-05-17T11:09:46.000Z</time>
      </trkpt>
      <trkpt lat="36.807900" lon="-5.175887">
        <ele>891.413016</ele>
        <time>2026-05-17T11:09:55.000Z</time>
      </trkpt>
      <trkpt lat="36.807950" lon="-5.175929">
        <ele>891.556022</ele>
        <time>2026-05-17T11:10:04.000Z</time>
      </trkpt>
      <trkpt lat="36.808040" lon="-5.175965">
        <ele>891.780306</ele>
        <time>2026-05-17T11:10:14.000Z</time>
      </trkpt>
      <trkpt lat="36.808110" lon="-5.176001">
        <ele>891.959970</ele>
        <time>2026-05-17T11:10:21.000Z</time>
      </trkpt>
      <trkpt lat="36.808137" lon="-5.176018">
        <ele>892.031731</ele>
        <time>2026-05-17T11:10:23.000Z</time>
      </trkpt>
      <trkpt lat="36.808257" lon="-5.176102">
        <ele>892.358206</ele>
        <time>2026-05-17T11:10:32.000Z</time>
      </trkpt>
      <trkpt lat="36.808286" lon="-5.176132">
        <ele>892.447574</ele>
        <time>2026-05-17T11:10:35.000Z</time>
      </trkpt>
      <trkpt lat="36.808362" lon="-5.176181">
        <ele>892.650559</ele>
        <time>2026-05-17T11:10:42.000Z</time>
      </trkpt>
      <trkpt lat="36.808378" lon="-5.176189">
        <ele>892.691462</ele>
        <time>2026-05-17T11:10:43.000Z</time>
      </trkpt>
      <trkpt lat="36.808425" lon="-5.176219">
        <ele>892.816730</ele>
        <time>2026-05-17T11:10:47.000Z</time>
      </trkpt>
      <trkpt lat="36.808441" lon="-5.176236">
        <ele>892.866584</ele>
        <time>2026-05-17T11:10:50.000Z</time>
      </trkpt>
      <trkpt lat="36.808478" lon="-5.176269">
        <ele>892.974486</ele>
        <time>2026-05-17T11:10:54.000Z</time>
      </trkpt>
      <trkpt lat="36.808500" lon="-5.176291">
        <ele>893.041372</ele>
        <time>2026-05-17T11:10:57.000Z</time>
      </trkpt>
      <trkpt lat="36.808540" lon="-5.176344">
        <ele>893.179772</ele>
        <time>2026-05-17T11:11:02.000Z</time>
      </trkpt>
      <trkpt lat="36.808557" lon="-5.176362">
        <ele>893.232665</ele>
        <time>2026-05-17T11:11:06.000Z</time>
      </trkpt>
      <trkpt lat="36.808566" lon="-5.176361">
        <ele>893.254109</ele>
        <time>2026-05-17T11:11:12.000Z</time>
      </trkpt>
      <trkpt lat="36.808567" lon="-5.176361">
        <ele>893.256482</ele>
        <time>2026-05-17T11:11:13.000Z</time>
      </trkpt>
      <trkpt lat="36.808565" lon="-5.176358">
        <ele>893.263900</ele>
        <time>2026-05-17T11:11:14.000Z</time>
      </trkpt>
      <trkpt lat="36.808564" lon="-5.176359">
        <ele>893.266940</ele>
        <time>2026-05-17T11:11:24.000Z</time>
      </trkpt>
      <trkpt lat="36.808571" lon="-5.176360">
        <ele>893.283662</ele>
        <time>2026-05-17T11:11:25.000Z</time>
      </trkpt>
      <trkpt lat="36.808607" lon="-5.176420">
        <ele>893.426133</ele>
        <time>2026-05-17T11:11:33.000Z</time>
      </trkpt>
      <trkpt lat="36.808668" lon="-5.176427">
        <ele>893.571515</ele>
        <time>2026-05-17T11:11:40.000Z</time>
      </trkpt>
      <trkpt lat="36.808670" lon="-5.176426">
        <ele>893.576628</ele>
        <time>2026-05-17T11:11:41.000Z</time>
      </trkpt>
      <trkpt lat="36.808673" lon="-5.176426">
        <ele>893.583748</ele>
        <time>2026-05-17T11:11:42.000Z</time>
      </trkpt>
      <trkpt lat="36.808705" lon="-5.176465">
        <ele>893.689859</ele>
        <time>2026-05-17T11:11:49.000Z</time>
      </trkpt>
      <trkpt lat="36.808765" lon="-5.176540">
        <ele>893.891321</ele>
        <time>2026-05-17T11:11:58.000Z</time>
      </trkpt>
      <trkpt lat="36.808827" lon="-5.176625">
        <ele>894.109812</ele>
        <time>2026-05-17T11:12:08.000Z</time>
      </trkpt>
      <trkpt lat="36.808914" lon="-5.176748">
        <ele>894.421674</ele>
        <time>2026-05-17T11:12:17.000Z</time>
      </trkpt>
      <trkpt lat="36.808920" lon="-5.176756">
        <ele>894.442503</ele>
        <time>2026-05-17T11:12:18.000Z</time>
      </trkpt>
      <trkpt lat="36.808948" lon="-5.176795">
        <ele>894.542040</ele>
        <time>2026-05-17T11:12:25.000Z</time>
      </trkpt>
      <trkpt lat="36.808962" lon="-5.176807">
        <ele>894.582338</ele>
        <time>2026-05-17T11:12:32.000Z</time>
      </trkpt>
      <trkpt lat="36.808967" lon="-5.176815">
        <ele>894.601623</ele>
        <time>2026-05-17T11:12:34.000Z</time>
      </trkpt>
      <trkpt lat="36.808971" lon="-5.176836">
        <ele>894.642640</ele>
        <time>2026-05-17T11:12:38.000Z</time>
      </trkpt>
      <trkpt lat="36.808970" lon="-5.176835">
        <ele>894.645680</ele>
        <time>2026-05-17T11:12:40.000Z</time>
      </trkpt>
      <trkpt lat="36.808971" lon="-5.176831">
        <ele>894.653643</ele>
        <time>2026-05-17T11:12:42.000Z</time>
      </trkpt>
      <trkpt lat="36.809016" lon="-5.176841">
        <ele>894.762119</ele>
        <time>2026-05-17T11:12:49.000Z</time>
      </trkpt>
      <trkpt lat="36.809016" lon="-5.176841">
        <ele>894.762119</ele>
        <time>2026-05-17T11:12:50.000Z</time>
      </trkpt>
      <trkpt lat="36.809032" lon="-5.176843">
        <ele>894.800281</ele>
        <time>2026-05-17T11:12:57.000Z</time>
      </trkpt>
      <trkpt lat="36.809034" lon="-5.176838">
        <ele>894.810902</ele>
        <time>2026-05-17T11:13:02.000Z</time>
      </trkpt>
      <trkpt lat="36.809041" lon="-5.176839">
        <ele>894.827623</ele>
        <time>2026-05-17T11:13:04.000Z</time>
      </trkpt>
      <trkpt lat="36.809035" lon="-5.176844">
        <ele>894.844742</ele>
        <time>2026-05-17T11:13:09.000Z</time>
      </trkpt>
      <trkpt lat="36.809020" lon="-5.176857">
        <ele>894.888072</ele>
        <time>2026-05-17T11:13:18.000Z</time>
      </trkpt>
      <trkpt lat="36.809022" lon="-5.176852">
        <ele>894.898692</ele>
        <time>2026-05-17T11:13:21.000Z</time>
      </trkpt>
      <trkpt lat="36.809019" lon="-5.176853">
        <ele>894.906062</ele>
        <time>2026-05-17T11:13:30.000Z</time>
      </trkpt>
      <trkpt lat="36.809032" lon="-5.176859">
        <ele>894.938954</ele>
        <time>2026-05-17T11:13:33.000Z</time>
      </trkpt>
      <trkpt lat="36.809060" lon="-5.176833">
        <ele>895.021759</ele>
        <time>2026-05-17T11:13:39.000Z</time>
      </trkpt>
      <trkpt lat="36.809058" lon="-5.176841">
        <ele>895.033665</ele>
        <time>2026-05-17T11:13:41.000Z</time>
      </trkpt>
      <trkpt lat="36.809045" lon="-5.176849">
        <ele>894.949185</ele>
        <time>2026-05-17T11:13:45.000Z</time>
      </trkpt>
      <trkpt lat="36.809032" lon="-5.176847">
        <ele>894.872832</ele>
        <time>2026-05-17T11:13:49.000Z</time>
      </trkpt>
      <trkpt lat="36.809025" lon="-5.176851">
        <ele>894.827959</ele>
        <time>2026-05-17T11:13:55.000Z</time>
      </trkpt>
      <trkpt lat="36.809038" lon="-5.176860">
        <ele>894.741316</ele>
        <time>2026-05-17T11:13:58.000Z</time>
      </trkpt>
      <trkpt lat="36.809059" lon="-5.176867">
        <ele>894.614616</ele>
        <time>2026-05-17T11:14:00.000Z</time>
      </trkpt>
      <trkpt lat="36.809078" lon="-5.176875">
        <ele>894.497736</ele>
        <time>2026-05-17T11:14:03.000Z</time>
      </trkpt>
      <trkpt lat="36.809098" lon="-5.176894">
        <ele>894.351259</ele>
        <time>2026-05-17T11:14:06.000Z</time>
      </trkpt>
      <trkpt lat="36.809127" lon="-5.176945">
        <ele>894.059312</ele>
        <time>2026-05-17T11:14:11.000Z</time>
      </trkpt>
      <trkpt lat="36.809129" lon="-5.176947">
        <ele>894.044377</ele>
        <time>2026-05-17T11:14:12.000Z</time>
      </trkpt>
      <trkpt lat="36.809159" lon="-5.176995">
        <ele>893.760179</ele>
        <time>2026-05-17T11:14:19.000Z</time>
      </trkpt>
      <trkpt lat="36.809142" lon="-5.176999">
        <ele>893.659338</ele>
        <time>2026-05-17T11:14:24.000Z</time>
      </trkpt>
      <trkpt lat="36.809143" lon="-5.177001">
        <ele>893.648333</ele>
        <time>2026-05-17T11:14:25.000Z</time>
      </trkpt>
      <trkpt lat="36.809150" lon="-5.177007">
        <ele>893.598843</ele>
        <time>2026-05-17T11:14:27.000Z</time>
      </trkpt>
      <trkpt lat="36.809167" lon="-5.177013">
        <ele>893.495865</ele>
        <time>2026-05-17T11:14:29.000Z</time>
      </trkpt>
      <trkpt lat="36.809189" lon="-5.177026">
        <ele>893.353993</ele>
        <time>2026-05-17T11:14:32.000Z</time>
      </trkpt>
      <trkpt lat="36.809251" lon="-5.177072">
        <ele>892.933621</ele>
        <time>2026-05-17T11:14:41.000Z</time>
      </trkpt>
      <trkpt lat="36.809274" lon="-5.177098">
        <ele>892.752789</ele>
        <time>2026-05-17T11:14:45.000Z</time>
      </trkpt>
      <trkpt lat="36.809309" lon="-5.177122">
        <ele>892.520038</ele>
        <time>2026-05-17T11:14:49.000Z</time>
      </trkpt>
      <trkpt lat="36.809313" lon="-5.177130">
        <ele>892.476019</ele>
        <time>2026-05-17T11:14:50.000Z</time>
      </trkpt>
      <trkpt lat="36.809343" lon="-5.177172">
        <ele>892.213329</ele>
        <time>2026-05-17T11:14:54.000Z</time>
      </trkpt>
      <trkpt lat="36.809360" lon="-5.177188">
        <ele>892.089246</ele>
        <time>2026-05-17T11:14:56.000Z</time>
      </trkpt>
      <trkpt lat="36.809365" lon="-5.177195">
        <ele>892.045464</ele>
        <time>2026-05-17T11:14:57.000Z</time>
      </trkpt>
      <trkpt lat="36.809415" lon="-5.177245">
        <ele>891.672093</ele>
        <time>2026-05-17T11:15:06.000Z</time>
      </trkpt>
      <trkpt lat="36.809463" lon="-5.177289">
        <ele>891.325017</ele>
        <time>2026-05-17T11:15:12.000Z</time>
      </trkpt>
      <trkpt lat="36.809515" lon="-5.177321">
        <ele>890.987100</ele>
        <time>2026-05-17T11:15:17.000Z</time>
      </trkpt>
      <trkpt lat="36.809541" lon="-5.177335">
        <ele>890.822054</ele>
        <time>2026-05-17T11:15:20.000Z</time>
      </trkpt>
      <trkpt lat="36.809629" lon="-5.177402">
        <ele>890.221285</ele>
        <time>2026-05-17T11:15:27.000Z</time>
      </trkpt>
      <trkpt lat="36.809690" lon="-5.177434">
        <ele>889.835608</ele>
        <time>2026-05-17T11:15:36.000Z</time>
      </trkpt>
      <trkpt lat="36.809783" lon="-5.177477">
        <ele>889.257532</ele>
        <time>2026-05-17T11:15:42.000Z</time>
      </trkpt>
      <trkpt lat="36.809820" lon="-5.177515">
        <ele>888.978297</ele>
        <time>2026-05-17T11:15:45.000Z</time>
      </trkpt>
      <trkpt lat="36.809882" lon="-5.177565">
        <ele>888.548093</ele>
        <time>2026-05-17T11:15:52.000Z</time>
      </trkpt>
      <trkpt lat="36.809963" lon="-5.177627">
        <ele>887.994310</ele>
        <time>2026-05-17T11:15:58.000Z</time>
      </trkpt>
      <trkpt lat="36.809985" lon="-5.177649">
        <ele>887.830027</ele>
        <time>2026-05-17T11:16:00.000Z</time>
      </trkpt>
      <trkpt lat="36.810004" lon="-5.177665">
        <ele>887.696449</ele>
        <time>2026-05-17T11:16:02.000Z</time>
      </trkpt>
      <trkpt lat="36.810091" lon="-5.177751">
        <ele>887.049691</ele>
        <time>2026-05-17T11:16:10.000Z</time>
      </trkpt>
      <trkpt lat="36.810131" lon="-5.177788">
        <ele>886.759539</ele>
        <time>2026-05-17T11:16:14.000Z</time>
      </trkpt>
      <trkpt lat="36.810191" lon="-5.177860">
        <ele>886.274518</ele>
        <time>2026-05-17T11:16:21.000Z</time>
      </trkpt>
      <trkpt lat="36.810199" lon="-5.177866">
        <ele>886.220123</ele>
        <time>2026-05-17T11:16:22.000Z</time>
      </trkpt>
      <trkpt lat="36.810252" lon="-5.177896">
        <ele>885.880925</ele>
        <time>2026-05-17T11:16:27.000Z</time>
      </trkpt>
      <trkpt lat="36.810280" lon="-5.177906">
        <ele>885.711164</ele>
        <time>2026-05-17T11:16:29.000Z</time>
      </trkpt>
      <trkpt lat="36.810295" lon="-5.177912">
        <ele>885.619350</ele>
        <time>2026-05-17T11:16:30.000Z</time>
      </trkpt>
      <trkpt lat="36.810329" lon="-5.177921">
        <ele>885.416753</ele>
        <time>2026-05-17T11:16:32.000Z</time>
      </trkpt>
      <trkpt lat="36.810428" lon="-5.177991">
        <ele>884.753599</ele>
        <time>2026-05-17T11:16:39.000Z</time>
      </trkpt>
      <trkpt lat="36.810530" lon="-5.178055">
        <ele>884.172520</ele>
        <time>2026-05-17T11:16:49.000Z</time>
      </trkpt>
      <trkpt lat="36.810577" lon="-5.178083">
        <ele>883.924192</ele>
        <time>2026-05-17T11:16:54.000Z</time>
      </trkpt>
      <trkpt lat="36.810611" lon="-5.178099">
        <ele>883.750923</ele>
        <time>2026-05-17T11:16:58.000Z</time>
      </trkpt>
      <trkpt lat="36.810655" lon="-5.178122">
        <ele>883.523456</ele>
        <time>2026-05-17T11:17:02.000Z</time>
      </trkpt>
      <trkpt lat="36.810750" lon="-5.178151">
        <ele>883.057076</ele>
        <time>2026-05-17T11:17:07.000Z</time>
      </trkpt>
      <trkpt lat="36.810834" lon="-5.178176">
        <ele>882.645273</ele>
        <time>2026-05-17T11:17:15.000Z</time>
      </trkpt>
      <trkpt lat="36.810846" lon="-5.178149">
        <ele>882.527366</ele>
        <time>2026-05-17T11:17:22.000Z</time>
      </trkpt>
      <trkpt lat="36.810943" lon="-5.178157">
        <ele>882.063775</ele>
        <time>2026-05-17T11:17:30.000Z</time>
      </trkpt>
      <trkpt lat="36.811046" lon="-5.178212">
        <ele>881.529573</ele>
        <time>2026-05-17T11:17:38.000Z</time>
      </trkpt>
      <trkpt lat="36.811085" lon="-5.178244">
        <ele>881.307045</ele>
        <time>2026-05-17T11:17:42.000Z</time>
      </trkpt>
      <trkpt lat="36.811123" lon="-5.178274">
        <ele>881.092662</ele>
        <time>2026-05-17T11:17:46.000Z</time>
      </trkpt>
      <trkpt lat="36.811244" lon="-5.178362">
        <ele>880.424934</ele>
        <time>2026-05-17T11:17:57.000Z</time>
      </trkpt>
      <trkpt lat="36.811318" lon="-5.178413">
        <ele>880.021879</ele>
        <time>2026-05-17T11:18:04.000Z</time>
      </trkpt>
      <trkpt lat="36.811332" lon="-5.178423">
        <ele>879.944968</ele>
        <time>2026-05-17T11:18:05.000Z</time>
      </trkpt>
      <trkpt lat="36.811361" lon="-5.178444">
        <ele>879.785108</ele>
        <time>2026-05-17T11:18:08.000Z</time>
      </trkpt>
      <trkpt lat="36.811400" lon="-5.178473">
        <ele>879.568658</ele>
        <time>2026-05-17T11:18:12.000Z</time>
      </trkpt>
      <trkpt lat="36.811490" lon="-5.178534">
        <ele>879.080338</ele>
        <time>2026-05-17T11:18:20.000Z</time>
      </trkpt>
      <trkpt lat="36.811598" lon="-5.178591">
        <ele>878.521205</ele>
        <time>2026-05-17T11:18:28.000Z</time>
      </trkpt>
      <trkpt lat="36.811624" lon="-5.178582">
        <ele>878.392540</ele>
        <time>2026-05-17T11:18:31.000Z</time>
      </trkpt>
      <trkpt lat="36.811634" lon="-5.178586">
        <ele>878.342465</ele>
        <time>2026-05-17T11:18:35.000Z</time>
      </trkpt>
      <trkpt lat="36.811634" lon="-5.178604">
        <ele>878.273740</ele>
        <time>2026-05-17T11:18:37.000Z</time>
      </trkpt>
      <trkpt lat="36.811659" lon="-5.178622">
        <ele>878.136128</ele>
        <time>2026-05-17T11:18:39.000Z</time>
      </trkpt>
      <trkpt lat="36.811677" lon="-5.178634">
        <ele>878.038826</ele>
        <time>2026-05-17T11:18:40.000Z</time>
      </trkpt>
      <trkpt lat="36.811740" lon="-5.178654">
        <ele>877.728833</ele>
        <time>2026-05-17T11:18:44.000Z</time>
      </trkpt>
      <trkpt lat="36.811765" lon="-5.178666">
        <ele>877.601110</ele>
        <time>2026-05-17T11:18:47.000Z</time>
      </trkpt>
      <trkpt lat="36.811772" lon="-5.178670">
        <ele>877.564400</ele>
        <time>2026-05-17T11:18:48.000Z</time>
      </trkpt>
      <trkpt lat="36.811823" lon="-5.178692">
        <ele>877.307090</ele>
        <time>2026-05-17T11:18:54.000Z</time>
      </trkpt>
      <trkpt lat="36.811923" lon="-5.178724">
        <ele>876.814798</ele>
        <time>2026-05-17T11:19:01.000Z</time>
      </trkpt>
      <trkpt lat="36.811937" lon="-5.178725">
        <ele>876.747924</ele>
        <time>2026-05-17T11:19:02.000Z</time>
      </trkpt>
      <trkpt lat="36.812007" lon="-5.178753">
        <ele>876.397401</ele>
        <time>2026-05-17T11:19:09.000Z</time>
      </trkpt>
      <trkpt lat="36.812101" lon="-5.178792">
        <ele>875.923969</ele>
        <time>2026-05-17T11:19:16.000Z</time>
      </trkpt>
      <trkpt lat="36.812197" lon="-5.178825">
        <ele>875.438773</ele>
        <time>2026-05-17T11:19:24.000Z</time>
      </trkpt>
      <trkpt lat="36.812246" lon="-5.178852">
        <ele>875.177797</ele>
        <time>2026-05-17T11:19:30.000Z</time>
      </trkpt>
      <trkpt lat="36.812265" lon="-5.178859">
        <ele>875.081267</ele>
        <time>2026-05-17T11:19:32.000Z</time>
      </trkpt>
      <trkpt lat="36.812312" lon="-5.178860">
        <ele>874.852205</ele>
        <time>2026-05-17T11:19:37.000Z</time>
      </trkpt>
      <trkpt lat="36.812337" lon="-5.178827">
        <ele>874.674960</ele>
        <time>2026-05-17T11:19:44.000Z</time>
      </trkpt>
      <trkpt lat="36.812336" lon="-5.178822">
        <ele>874.654854</ele>
        <time>2026-05-17T11:19:46.000Z</time>
      </trkpt>
      <trkpt lat="36.812331" lon="-5.178826">
        <ele>874.625921</ele>
        <time>2026-05-17T11:19:48.000Z</time>
      </trkpt>
      <trkpt lat="36.812348" lon="-5.178839">
        <ele>874.528788</ele>
        <time>2026-05-17T11:19:51.000Z</time>
      </trkpt>
      <trkpt lat="36.812421" lon="-5.178861">
        <ele>874.162855</ele>
        <time>2026-05-17T11:19:57.000Z</time>
      </trkpt>
      <trkpt lat="36.812483" lon="-5.178848">
        <ele>873.856505</ele>
        <time>2026-05-17T11:20:04.000Z</time>
      </trkpt>
      <trkpt lat="36.812504" lon="-5.178842">
        <ele>873.751530</ele>
        <time>2026-05-17T11:20:06.000Z</time>
      </trkpt>
      <trkpt lat="36.812563" lon="-5.178832">
        <ele>873.461391</ele>
        <time>2026-05-17T11:20:10.000Z</time>
      </trkpt>
      <trkpt lat="36.812610" lon="-5.178823">
        <ele>873.229687</ele>
        <time>2026-05-17T11:20:13.000Z</time>
      </trkpt>
      <trkpt lat="36.812739" lon="-5.178799">
        <ele>872.594141</ele>
        <time>2026-05-17T11:20:23.000Z</time>
      </trkpt>
      <trkpt lat="36.812792" lon="-5.178785">
        <ele>872.330163</ele>
        <time>2026-05-17T11:20:28.000Z</time>
      </trkpt>
      <trkpt lat="36.812826" lon="-5.178769">
        <ele>872.153114</ele>
        <time>2026-05-17T11:20:31.000Z</time>
      </trkpt>
      <trkpt lat="36.812867" lon="-5.178756">
        <ele>871.946986</ele>
        <time>2026-05-17T11:20:34.000Z</time>
      </trkpt>
      <trkpt lat="36.812925" lon="-5.178748">
        <ele>871.662637</ele>
        <time>2026-05-17T11:20:39.000Z</time>
      </trkpt>
      <trkpt lat="36.812994" lon="-5.178745">
        <ele>871.326200</ele>
        <time>2026-05-17T11:20:45.000Z</time>
      </trkpt>
      <trkpt lat="36.813025" lon="-5.178744">
        <ele>871.175088</ele>
        <time>2026-05-17T11:20:48.000Z</time>
      </trkpt>
      <trkpt lat="36.813071" lon="-5.178732">
        <ele>870.946096</ele>
        <time>2026-05-17T11:20:53.000Z</time>
      </trkpt>
      <trkpt lat="36.813097" lon="-5.178724">
        <ele>870.815612</ele>
        <time>2026-05-17T11:20:55.000Z</time>
      </trkpt>
      <trkpt lat="36.813138" lon="-5.178709">
        <ele>870.607427</ele>
        <time>2026-05-17T11:21:00.000Z</time>
      </trkpt>
      <trkpt lat="36.813252" lon="-5.178696">
        <ele>870.049600</ele>
        <time>2026-05-17T11:21:09.000Z</time>
      </trkpt>
      <trkpt lat="36.813260" lon="-5.178698">
        <ele>870.009843</ele>
        <time>2026-05-17T11:21:10.000Z</time>
      </trkpt>
      <trkpt lat="36.813357" lon="-5.178717">
        <ele>869.531390</ele>
        <time>2026-05-17T11:21:17.000Z</time>
      </trkpt>
      <trkpt lat="36.813428" lon="-5.178757">
        <ele>869.151847</ele>
        <time>2026-05-17T11:21:24.000Z</time>
      </trkpt>
      <trkpt lat="36.813487" lon="-5.178770">
        <ele>868.859904</ele>
        <time>2026-05-17T11:21:31.000Z</time>
      </trkpt>
      <trkpt lat="36.813582" lon="-5.178828">
        <ele>868.344634</ele>
        <time>2026-05-17T11:21:38.000Z</time>
      </trkpt>
      <trkpt lat="36.813666" lon="-5.178867">
        <ele>867.907944</ele>
        <time>2026-05-17T11:21:45.000Z</time>
      </trkpt>
      <trkpt lat="36.813770" lon="-5.178912">
        <ele>867.371611</ele>
        <time>2026-05-17T11:21:53.000Z</time>
      </trkpt>
      <trkpt lat="36.813854" lon="-5.178923">
        <ele>867.073547</ele>
        <time>2026-05-17T11:22:00.000Z</time>
      </trkpt>
      <trkpt lat="36.813893" lon="-5.178932">
        <ele>866.968236</ele>
        <time>2026-05-17T11:22:03.000Z</time>
      </trkpt>
      <trkpt lat="36.813913" lon="-5.178937">
        <ele>866.914076</ele>
        <time>2026-05-17T11:22:05.000Z</time>
      </trkpt>
      <trkpt lat="36.813954" lon="-5.178943">
        <ele>866.804462</ele>
        <time>2026-05-17T11:22:08.000Z</time>
      </trkpt>
      <trkpt lat="36.813980" lon="-5.178949">
        <ele>866.734255</ele>
        <time>2026-05-17T11:22:10.000Z</time>
      </trkpt>
      <trkpt lat="36.814059" lon="-5.178972">
        <ele>866.518859</ele>
        <time>2026-05-17T11:22:16.000Z</time>
      </trkpt>
      <trkpt lat="36.814138" lon="-5.179012">
        <ele>866.292507</ele>
        <time>2026-05-17T11:22:24.000Z</time>
      </trkpt>
      <trkpt lat="36.814174" lon="-5.179021">
        <ele>866.195019</ele>
        <time>2026-05-17T11:22:32.000Z</time>
      </trkpt>
      <trkpt lat="36.814200" lon="-5.179029">
        <ele>866.123916</ele>
        <time>2026-05-17T11:22:42.000Z</time>
      </trkpt>
      <trkpt lat="36.814173" lon="-5.179021">
        <ele>866.050232</ele>
        <time>2026-05-17T11:22:52.000Z</time>
      </trkpt>
      <trkpt lat="36.814167" lon="-5.179003">
        <ele>866.008783</ele>
        <time>2026-05-17T11:23:05.000Z</time>
      </trkpt>
      <trkpt lat="36.814175" lon="-5.179016">
        <ele>865.973926</ele>
        <time>2026-05-17T11:23:13.000Z</time>
      </trkpt>
      <trkpt lat="36.814175" lon="-5.179016">
        <ele>865.973926</ele>
        <time>2026-05-17T11:23:15.000Z</time>
      </trkpt>
      <trkpt lat="36.814169" lon="-5.179028">
        <ele>865.943850</ele>
        <time>2026-05-17T11:23:16.000Z</time>
      </trkpt>
      <trkpt lat="36.814164" lon="-5.179035">
        <ele>865.923907</ele>
        <time>2026-05-17T11:23:18.000Z</time>
      </trkpt>
      <trkpt lat="36.814164" lon="-5.179035">
        <ele>865.923907</ele>
        <time>2026-05-17T11:23:23.000Z</time>
      </trkpt>
      <trkpt lat="36.814164" lon="-5.179035">
        <ele>865.923907</ele>
        <time>2026-05-17T11:23:28.000Z</time>
      </trkpt>
      <trkpt lat="36.814164" lon="-5.179035">
        <ele>865.923907</ele>
        <time>2026-05-17T11:23:35.000Z</time>
      </trkpt>
      <trkpt lat="36.814164" lon="-5.179035">
        <ele>865.923907</ele>
        <time>2026-05-17T11:23:49.000Z</time>
      </trkpt>
      <trkpt lat="36.814211" lon="-5.179039">
        <ele>865.798817</ele>
        <time>2026-05-17T11:23:59.000Z</time>
      </trkpt>
      <trkpt lat="36.814223" lon="-5.179032">
        <ele>865.763649</ele>
        <time>2026-05-17T11:24:04.000Z</time>
      </trkpt>
      <trkpt lat="36.814225" lon="-5.179031">
        <ele>865.757929</ele>
        <time>2026-05-17T11:24:06.000Z</time>
      </trkpt>
      <trkpt lat="36.814205" lon="-5.179040">
        <ele>865.701480</ele>
        <time>2026-05-17T11:24:14.000Z</time>
      </trkpt>
      <trkpt lat="36.814229" lon="-5.179033">
        <ele>865.636038</ele>
        <time>2026-05-17T11:24:20.000Z</time>
      </trkpt>
      <trkpt lat="36.814230" lon="-5.179032">
        <ele>865.632636</ele>
        <time>2026-05-17T11:24:22.000Z</time>
      </trkpt>
      <trkpt lat="36.814225" lon="-5.179040">
        <ele>865.611061</ele>
        <time>2026-05-17T11:24:31.000Z</time>
      </trkpt>
      <trkpt lat="36.814224" lon="-5.179044">
        <ele>865.602153</ele>
        <time>2026-05-17T11:24:33.000Z</time>
      </trkpt>
      <trkpt lat="36.814241" lon="-5.179050">
        <ele>865.555244</ele>
        <time>2026-05-17T11:24:44.000Z</time>
      </trkpt>
      <trkpt lat="36.814213" lon="-5.179040">
        <ele>865.477915</ele>
        <time>2026-05-17T11:24:54.000Z</time>
      </trkpt>
      <trkpt lat="36.814211" lon="-5.179047">
        <ele>865.462115</ele>
        <time>2026-05-17T11:24:59.000Z</time>
      </trkpt>
      <trkpt lat="36.814220" lon="-5.179058">
        <ele>865.428679</ele>
        <time>2026-05-17T11:25:08.000Z</time>
      </trkpt>
      <trkpt lat="36.814212" lon="-5.179028">
        <ele>865.361460</ele>
        <time>2026-05-17T11:25:20.000Z</time>
      </trkpt>
      <trkpt lat="36.814173" lon="-5.179003">
        <ele>865.245060</ele>
        <time>2026-05-17T11:25:32.000Z</time>
      </trkpt>
      <trkpt lat="36.814230" lon="-5.179049">
        <ele>865.064864</ele>
        <time>2026-05-17T11:25:42.000Z</time>
      </trkpt>
      <trkpt lat="36.814239" lon="-5.179028">
        <ele>865.014227</ele>
        <time>2026-05-17T11:25:54.000Z</time>
      </trkpt>
      <trkpt lat="36.814259" lon="-5.179043">
        <ele>864.952282</ele>
        <time>2026-05-17T11:26:03.000Z</time>
      </trkpt>
      <trkpt lat="36.814256" lon="-5.179043">
        <ele>864.944316</ele>
        <time>2026-05-17T11:26:05.000Z</time>
      </trkpt>
      <trkpt lat="36.814266" lon="-5.179018">
        <ele>864.884906</ele>
        <time>2026-05-17T11:26:13.000Z</time>
      </trkpt>
      <trkpt lat="36.814261" lon="-5.179057">
        <ele>864.800943</ele>
        <time>2026-05-17T11:26:22.000Z</time>
      </trkpt>
      <trkpt lat="36.814259" lon="-5.179053">
        <ele>864.790917</ele>
        <time>2026-05-17T11:26:26.000Z</time>
      </trkpt>
      <trkpt lat="36.814247" lon="-5.179024">
        <ele>864.721520</ele>
        <time>2026-05-17T11:26:32.000Z</time>
      </trkpt>
      <trkpt lat="36.814248" lon="-5.179021">
        <ele>864.714612</ele>
        <time>2026-05-17T11:26:33.000Z</time>
      </trkpt>
      <trkpt lat="36.814247" lon="-5.179022">
        <ele>864.711211</ele>
        <time>2026-05-17T11:26:34.000Z</time>
      </trkpt>
      <trkpt lat="36.814247" lon="-5.179019">
        <ele>864.704833</ele>
        <time>2026-05-17T11:26:37.000Z</time>
      </trkpt>
      <trkpt lat="36.814252" lon="-5.179032">
        <ele>864.674174</ele>
        <time>2026-05-17T11:26:43.000Z</time>
      </trkpt>
      <trkpt lat="36.814268" lon="-5.179051">
        <ele>864.615553</ele>
        <time>2026-05-17T11:26:52.000Z</time>
      </trkpt>
      <trkpt lat="36.814273" lon="-5.179051">
        <ele>864.602276</ele>
        <time>2026-05-17T11:26:55.000Z</time>
      </trkpt>
      <trkpt lat="36.814248" lon="-5.179032">
        <ele>864.524570</ele>
        <time>2026-05-17T11:27:07.000Z</time>
      </trkpt>
      <trkpt lat="36.814235" lon="-5.179041">
        <ele>864.485103</ele>
        <time>2026-05-17T11:27:17.000Z</time>
      </trkpt>
      <trkpt lat="36.814227" lon="-5.179049">
        <ele>864.457891</ele>
        <time>2026-05-17T11:27:29.000Z</time>
      </trkpt>
      <trkpt lat="36.814225" lon="-5.179048">
        <ele>864.452171</ele>
        <time>2026-05-17T11:27:30.000Z</time>
      </trkpt>
      <trkpt lat="36.814217" lon="-5.179046">
        <ele>864.430507</ele>
        <time>2026-05-17T11:27:34.000Z</time>
      </trkpt>
      <trkpt lat="36.814213" lon="-5.179044">
        <ele>864.419066</ele>
        <time>2026-05-17T11:27:36.000Z</time>
      </trkpt>
      <trkpt lat="36.814212" lon="-5.179030">
        <ele>864.389186</ele>
        <time>2026-05-17T11:27:40.000Z</time>
      </trkpt>
      <trkpt lat="36.814208" lon="-5.179021">
        <ele>864.367303</ele>
        <time>2026-05-17T11:27:50.000Z</time>
      </trkpt>
      <trkpt lat="36.814198" lon="-5.179058">
        <ele>864.284286</ele>
        <time>2026-05-17T11:28:02.000Z</time>
      </trkpt>
      <trkpt lat="36.814200" lon="-5.179060">
        <ele>864.277484</ele>
        <time>2026-05-17T11:28:03.000Z</time>
      </trkpt>
      <trkpt lat="36.814239" lon="-5.179073">
        <ele>864.170301</ele>
        <time>2026-05-17T11:28:08.000Z</time>
      </trkpt>
      <trkpt lat="36.814260" lon="-5.179086">
        <ele>864.108066</ele>
        <time>2026-05-17T11:28:10.000Z</time>
      </trkpt>
      <trkpt lat="36.814277" lon="-5.179079">
        <ele>864.060536</ele>
        <time>2026-05-17T11:28:17.000Z</time>
      </trkpt>
      <trkpt lat="36.814246" lon="-5.179067">
        <ele>863.974358</ele>
        <time>2026-05-17T11:28:28.000Z</time>
      </trkpt>
      <trkpt lat="36.814263" lon="-5.179070">
        <ele>863.928768</ele>
        <time>2026-05-17T11:28:35.000Z</time>
      </trkpt>
      <trkpt lat="36.814259" lon="-5.179066">
        <ele>863.915163</ele>
        <time>2026-05-17T11:28:37.000Z</time>
      </trkpt>
      <trkpt lat="36.814255" lon="-5.179067">
        <ele>863.904330</ele>
        <time>2026-05-17T11:28:38.000Z</time>
      </trkpt>
      <trkpt lat="36.814264" lon="-5.179068">
        <ele>863.880338</ele>
        <time>2026-05-17T11:28:42.000Z</time>
      </trkpt>
      <trkpt lat="36.814324" lon="-5.179091">
        <ele>863.713683</ele>
        <time>2026-05-17T11:28:50.000Z</time>
      </trkpt>
      <trkpt lat="36.814371" lon="-5.179117">
        <ele>863.577190</ele>
        <time>2026-05-17T11:28:56.000Z</time>
      </trkpt>
      <trkpt lat="36.814471" lon="-5.179170">
        <ele>863.288741</ele>
        <time>2026-05-17T11:29:05.000Z</time>
      </trkpt>
      <trkpt lat="36.814550" lon="-5.179234">
        <ele>863.038712</ele>
        <time>2026-05-17T11:29:13.000Z</time>
      </trkpt>
      <trkpt lat="36.814653" lon="-5.179315">
        <ele>862.715520</ele>
        <time>2026-05-17T11:29:21.000Z</time>
      </trkpt>
      <trkpt lat="36.814662" lon="-5.179336">
        <ele>862.664884</ele>
        <time>2026-05-17T11:29:23.000Z</time>
      </trkpt>
      <trkpt lat="36.814688" lon="-5.179371">
        <ele>862.563384</ele>
        <time>2026-05-17T11:29:27.000Z</time>
      </trkpt>
      <trkpt lat="36.814716" lon="-5.179394">
        <ele>862.474398</ele>
        <time>2026-05-17T11:29:30.000Z</time>
      </trkpt>
      <trkpt lat="36.814768" lon="-5.179450">
        <ele>862.075328</ele>
        <time>2026-05-17T11:29:35.000Z</time>
      </trkpt>
      <trkpt lat="36.814812" lon="-5.179521">
        <ele>861.591759</ele>
        <time>2026-05-17T11:29:42.000Z</time>
      </trkpt>
      <trkpt lat="36.814847" lon="-5.179562">
        <ele>861.268959</ele>
        <time>2026-05-17T11:29:46.000Z</time>
      </trkpt>
      <trkpt lat="36.814886" lon="-5.179609">
        <ele>860.904390</ele>
        <time>2026-05-17T11:29:51.000Z</time>
      </trkpt>
      <trkpt lat="36.814913" lon="-5.179643">
        <ele>860.646468</ele>
        <time>2026-05-17T11:29:55.000Z</time>
      </trkpt>
      <trkpt lat="36.814959" lon="-5.179683">
        <ele>860.269408</ele>
        <time>2026-05-17T11:29:59.000Z</time>
      </trkpt>
      <trkpt lat="36.815007" lon="-5.179734">
        <ele>859.845477</ele>
        <time>2026-05-17T11:30:03.000Z</time>
      </trkpt>
      <trkpt lat="36.815039" lon="-5.179803">
        <ele>859.416010</ele>
        <time>2026-05-17T11:30:07.000Z</time>
      </trkpt>
      <trkpt lat="36.815088" lon="-5.179893">
        <ele>858.829826</ele>
        <time>2026-05-17T11:30:14.000Z</time>
      </trkpt>
      <trkpt lat="36.815101" lon="-5.179912">
        <ele>858.695217</ele>
        <time>2026-05-17T11:30:16.000Z</time>
      </trkpt>
      <trkpt lat="36.815161" lon="-5.179972">
        <ele>858.178160</ele>
        <time>2026-05-17T11:30:22.000Z</time>
      </trkpt>
      <trkpt lat="36.815182" lon="-5.179999">
        <ele>857.975419</ele>
        <time>2026-05-17T11:30:24.000Z</time>
      </trkpt>
      <trkpt lat="36.815233" lon="-5.180080">
        <ele>857.420422</ele>
        <time>2026-05-17T11:30:30.000Z</time>
      </trkpt>
      <trkpt lat="36.815258" lon="-5.180122">
        <ele>857.138549</ele>
        <time>2026-05-17T11:30:33.000Z</time>
      </trkpt>
      <trkpt lat="36.815301" lon="-5.180227">
        <ele>856.503355</ele>
        <time>2026-05-17T11:30:41.000Z</time>
      </trkpt>
      <trkpt lat="36.815316" lon="-5.180268">
        <ele>856.260575</ele>
        <time>2026-05-17T11:30:44.000Z</time>
      </trkpt>
      <trkpt lat="36.815354" lon="-5.180376">
        <ele>855.625220</ele>
        <time>2026-05-17T11:30:51.000Z</time>
      </trkpt>
      <trkpt lat="36.815383" lon="-5.180487">
        <ele>854.996377</ele>
        <time>2026-05-17T11:31:00.000Z</time>
      </trkpt>
      <trkpt lat="36.815384" lon="-5.180512">
        <ele>854.861567</ele>
        <time>2026-05-17T11:31:02.000Z</time>
      </trkpt>
      <trkpt lat="36.815399" lon="-5.180627">
        <ele>854.234043</ele>
        <time>2026-05-17T11:31:09.000Z</time>
      </trkpt>
      <trkpt lat="36.815404" lon="-5.180642">
        <ele>854.146535</ele>
        <time>2026-05-17T11:31:10.000Z</time>
      </trkpt>
      <trkpt lat="36.815473" lon="-5.180792">
        <ele>853.214815</ele>
        <time>2026-05-17T11:31:18.000Z</time>
      </trkpt>
      <trkpt lat="36.815492" lon="-5.180829">
        <ele>852.978073</ele>
        <time>2026-05-17T11:31:20.000Z</time>
      </trkpt>
      <trkpt lat="36.815529" lon="-5.180886">
        <ele>852.582856</ele>
        <time>2026-05-17T11:31:26.000Z</time>
      </trkpt>
      <trkpt lat="36.815544" lon="-5.180938">
        <ele>852.285174</ele>
        <time>2026-05-17T11:31:32.000Z</time>
      </trkpt>
      <trkpt lat="36.815539" lon="-5.180945">
        <ele>852.234650</ele>
        <time>2026-05-17T11:31:34.000Z</time>
      </trkpt>
      <trkpt lat="36.815537" lon="-5.180956">
        <ele>852.173898</ele>
        <time>2026-05-17T11:31:38.000Z</time>
      </trkpt>
      <trkpt lat="36.815550" lon="-5.181024">
        <ele>851.797373</ele>
        <time>2026-05-17T11:31:43.000Z</time>
      </trkpt>
      <trkpt lat="36.815577" lon="-5.181094">
        <ele>851.378899</ele>
        <time>2026-05-17T11:31:47.000Z</time>
      </trkpt>
      <trkpt lat="36.815594" lon="-5.181140">
        <ele>851.106034</ele>
        <time>2026-05-17T11:31:50.000Z</time>
      </trkpt>
      <trkpt lat="36.815615" lon="-5.181219">
        <ele>850.657722</ele>
        <time>2026-05-17T11:31:58.000Z</time>
      </trkpt>
      <trkpt lat="36.815664" lon="-5.181366">
        <ele>849.988928</ele>
        <time>2026-05-17T11:32:08.000Z</time>
      </trkpt>
      <trkpt lat="36.815690" lon="-5.181466">
        <ele>849.623158</ele>
        <time>2026-05-17T11:32:16.000Z</time>
      </trkpt>
      <trkpt lat="36.815694" lon="-5.181477">
        <ele>849.581128</ele>
        <time>2026-05-17T11:32:17.000Z</time>
      </trkpt>
      <trkpt lat="36.815731" lon="-5.181587">
        <ele>849.166053</ele>
        <time>2026-05-17T11:32:24.000Z</time>
      </trkpt>
      <trkpt lat="36.815738" lon="-5.181608">
        <ele>849.086918</ele>
        <time>2026-05-17T11:32:25.000Z</time>
      </trkpt>
      <trkpt lat="36.815777" lon="-5.181653">
        <ele>848.856206</ele>
        <time>2026-05-17T11:32:31.000Z</time>
      </trkpt>
      <trkpt lat="36.815808" lon="-5.181728">
        <ele>848.562571</ele>
        <time>2026-05-17T11:32:38.000Z</time>
      </trkpt>
      <trkpt lat="36.815808" lon="-5.181741">
        <ele>848.517346</ele>
        <time>2026-05-17T11:32:39.000Z</time>
      </trkpt>
      <trkpt lat="36.815830" lon="-5.181831">
        <ele>848.189982</ele>
        <time>2026-05-17T11:32:46.000Z</time>
      </trkpt>
      <trkpt lat="36.815857" lon="-5.181915">
        <ele>847.875087</ele>
        <time>2026-05-17T11:32:53.000Z</time>
      </trkpt>
      <trkpt lat="36.815871" lon="-5.181986">
        <ele>847.620709</ele>
        <time>2026-05-17T11:32:57.000Z</time>
      </trkpt>
      <trkpt lat="36.815875" lon="-5.182013">
        <ele>847.525186</ele>
        <time>2026-05-17T11:32:59.000Z</time>
      </trkpt>
      <trkpt lat="36.815893" lon="-5.182130">
        <ele>847.110716</ele>
        <time>2026-05-17T11:33:07.000Z</time>
      </trkpt>
      <trkpt lat="36.815943" lon="-5.182225">
        <ele>846.715204</ele>
        <time>2026-05-17T11:33:14.000Z</time>
      </trkpt>
      <trkpt lat="36.815974" lon="-5.182255">
        <ele>846.544798</ele>
        <time>2026-05-17T11:33:18.000Z</time>
      </trkpt>
      <trkpt lat="36.815990" lon="-5.182256">
        <ele>846.475183</ele>
        <time>2026-05-17T11:33:21.000Z</time>
      </trkpt>
      <trkpt lat="36.815996" lon="-5.182255">
        <ele>846.448880</ele>
        <time>2026-05-17T11:33:22.000Z</time>
      </trkpt>
      <trkpt lat="36.816009" lon="-5.182266">
        <ele>846.380648</ele>
        <time>2026-05-17T11:33:28.000Z</time>
      </trkpt>
      <trkpt lat="36.816005" lon="-5.182271">
        <ele>846.356058</ele>
        <time>2026-05-17T11:33:31.000Z</time>
      </trkpt>
      <trkpt lat="36.815994" lon="-5.182305">
        <ele>846.228484</ele>
        <time>2026-05-17T11:33:40.000Z</time>
      </trkpt>
      <trkpt lat="36.816087" lon="-5.182412">
        <ele>845.679052</ele>
        <time>2026-05-17T11:33:48.000Z</time>
      </trkpt>
      <trkpt lat="36.816107" lon="-5.182470">
        <ele>845.459359</ele>
        <time>2026-05-17T11:33:52.000Z</time>
      </trkpt>
      <trkpt lat="36.816123" lon="-5.182524">
        <ele>845.259050</ele>
        <time>2026-05-17T11:33:56.000Z</time>
      </trkpt>
      <trkpt lat="36.816215" lon="-5.182622">
        <ele>844.733641</ele>
        <time>2026-05-17T11:34:04.000Z</time>
      </trkpt>
      <trkpt lat="36.816296" lon="-5.182709">
        <ele>844.269431</ele>
        <time>2026-05-17T11:34:11.000Z</time>
      </trkpt>
      <trkpt lat="36.816362" lon="-5.182814">
        <ele>843.805018</ele>
        <time>2026-05-17T11:34:19.000Z</time>
      </trkpt>
      <trkpt lat="36.816459" lon="-5.182923">
        <ele>843.238048</ele>
        <time>2026-05-17T11:34:30.000Z</time>
      </trkpt>
      <trkpt lat="36.816538" lon="-5.183011">
        <ele>842.778085</ele>
        <time>2026-05-17T11:34:38.000Z</time>
      </trkpt>
      <trkpt lat="36.816603" lon="-5.183074">
        <ele>842.442699</ele>
        <time>2026-05-17T11:34:45.000Z</time>
      </trkpt>
      <trkpt lat="36.816612" lon="-5.183085">
        <ele>842.400481</ele>
        <time>2026-05-17T11:34:46.000Z</time>
      </trkpt>
      <trkpt lat="36.816702" lon="-5.183197">
        <ele>841.974538</ele>
        <time>2026-05-17T11:34:55.000Z</time>
      </trkpt>
      <trkpt lat="36.816733" lon="-5.183255">
        <ele>841.787351</ele>
        <time>2026-05-17T11:35:01.000Z</time>
      </trkpt>
      <trkpt lat="36.816839" lon="-5.183340">
        <ele>841.365024</ele>
        <time>2026-05-17T11:35:09.000Z</time>
      </trkpt>
      <trkpt lat="36.816891" lon="-5.183362">
        <ele>841.180950</ele>
        <time>2026-05-17T11:35:15.000Z</time>
      </trkpt>
      <trkpt lat="36.816939" lon="-5.183400">
        <ele>840.990415</ele>
        <time>2026-05-17T11:35:21.000Z</time>
      </trkpt>
      <trkpt lat="36.816973" lon="-5.183434">
        <ele>840.844390</ele>
        <time>2026-05-17T11:35:24.000Z</time>
      </trkpt>
      <trkpt lat="36.817034" lon="-5.183480">
        <ele>840.605490</ele>
        <time>2026-05-17T11:35:29.000Z</time>
      </trkpt>
      <trkpt lat="36.817061" lon="-5.183513">
        <ele>840.478838</ele>
        <time>2026-05-17T11:35:32.000Z</time>
      </trkpt>
      <trkpt lat="36.817126" lon="-5.183575">
        <ele>840.204633</ele>
        <time>2026-05-17T11:35:39.000Z</time>
      </trkpt>
      <trkpt lat="36.817136" lon="-5.183580">
        <ele>840.168519</ele>
        <time>2026-05-17T11:35:40.000Z</time>
      </trkpt>
      <trkpt lat="36.817198" lon="-5.183619">
        <ele>839.935775</ele>
        <time>2026-05-17T11:35:46.000Z</time>
      </trkpt>
      <trkpt lat="36.817280" lon="-5.183688">
        <ele>839.604284</ele>
        <time>2026-05-17T11:35:53.000Z</time>
      </trkpt>
      <trkpt lat="36.817342" lon="-5.183736">
        <ele>839.359722</ele>
        <time>2026-05-17T11:36:00.000Z</time>
      </trkpt>
      <trkpt lat="36.817411" lon="-5.183797">
        <ele>839.076301</ele>
        <time>2026-05-17T11:36:07.000Z</time>
      </trkpt>
      <trkpt lat="36.817486" lon="-5.183878">
        <ele>838.743885</ele>
        <time>2026-05-17T11:36:15.000Z</time>
      </trkpt>
      <trkpt lat="36.817578" lon="-5.183916">
        <ele>838.419001</ele>
        <time>2026-05-17T11:36:23.000Z</time>
      </trkpt>
      <trkpt lat="36.817646" lon="-5.184002">
        <ele>838.094558</ele>
        <time>2026-05-17T11:36:31.000Z</time>
      </trkpt>
      <trkpt lat="36.817664" lon="-5.184024">
        <ele>838.010124</ele>
        <time>2026-05-17T11:36:33.000Z</time>
      </trkpt>
      <trkpt lat="36.817682" lon="-5.184018">
        <ele>837.947662</ele>
        <time>2026-05-17T11:36:38.000Z</time>
      </trkpt>
      <trkpt lat="36.817685" lon="-5.184016">
        <ele>837.936261</ele>
        <time>2026-05-17T11:36:39.000Z</time>
      </trkpt>
      <trkpt lat="36.817697" lon="-5.184005">
        <ele>837.886356</ele>
        <time>2026-05-17T11:36:48.000Z</time>
      </trkpt>
      <trkpt lat="36.817692" lon="-5.184010">
        <ele>837.864882</ele>
        <time>2026-05-17T11:36:49.000Z</time>
      </trkpt>
      <trkpt lat="36.817684" lon="-5.184020">
        <ele>837.826936</ele>
        <time>2026-05-17T11:36:54.000Z</time>
      </trkpt>
      <trkpt lat="36.817687" lon="-5.184051">
        <ele>837.743124</ele>
        <time>2026-05-17T11:36:59.000Z</time>
      </trkpt>
      <trkpt lat="36.817740" lon="-5.184151">
        <ele>837.421224</ele>
        <time>2026-05-17T11:37:11.000Z</time>
      </trkpt>
      <trkpt lat="36.817787" lon="-5.184233">
        <ele>837.150532</ele>
        <time>2026-05-17T11:37:21.000Z</time>
      </trkpt>
      <trkpt lat="36.817807" lon="-5.184239">
        <ele>837.081569</ele>
        <time>2026-05-17T11:37:25.000Z</time>
      </trkpt>
      <trkpt lat="36.817817" lon="-5.184236">
        <ele>837.047088</ele>
        <time>2026-05-17T11:37:30.000Z</time>
      </trkpt>
      <trkpt lat="36.817819" lon="-5.184235">
        <ele>837.039865</ele>
        <time>2026-05-17T11:37:31.000Z</time>
      </trkpt>
      <trkpt lat="36.817856" lon="-5.184270">
        <ele>836.884255</ele>
        <time>2026-05-17T11:37:39.000Z</time>
      </trkpt>
      <trkpt lat="36.817891" lon="-5.184321">
        <ele>836.703952</ele>
        <time>2026-05-17T11:37:45.000Z</time>
      </trkpt>
      <trkpt lat="36.817914" lon="-5.184384">
        <ele>836.518102</ele>
        <time>2026-05-17T11:37:49.000Z</time>
      </trkpt>
      <trkpt lat="36.817940" lon="-5.184467">
        <ele>836.194096</ele>
        <time>2026-05-17T11:37:54.000Z</time>
      </trkpt>
      <trkpt lat="36.817979" lon="-5.184544">
        <ele>835.849866</ele>
        <time>2026-05-17T11:38:00.000Z</time>
      </trkpt>
      <trkpt lat="36.818002" lon="-5.184580">
        <ele>835.675860</ele>
        <time>2026-05-17T11:38:03.000Z</time>
      </trkpt>
      <trkpt lat="36.818021" lon="-5.184605">
        <ele>835.545630</ele>
        <time>2026-05-17T11:38:05.000Z</time>
      </trkpt>
      <trkpt lat="36.818062" lon="-5.184686">
        <ele>835.183584</ele>
        <time>2026-05-17T11:38:11.000Z</time>
      </trkpt>
      <trkpt lat="36.818076" lon="-5.184716">
        <ele>835.052397</ele>
        <time>2026-05-17T11:38:13.000Z</time>
      </trkpt>
      <trkpt lat="36.818119" lon="-5.184817">
        <ele>834.620227</ele>
        <time>2026-05-17T11:38:20.000Z</time>
      </trkpt>
      <trkpt lat="36.818175" lon="-5.184934">
        <ele>834.105238</ele>
        <time>2026-05-17T11:38:28.000Z</time>
      </trkpt>
      <trkpt lat="36.818190" lon="-5.184959">
        <ele>833.987208</ele>
        <time>2026-05-17T11:38:30.000Z</time>
      </trkpt>
      <trkpt lat="36.818235" lon="-5.185039">
        <ele>833.617830</ele>
        <time>2026-05-17T11:38:38.000Z</time>
      </trkpt>
      <trkpt lat="36.818272" lon="-5.185144">
        <ele>833.184424</ele>
        <time>2026-05-17T11:38:44.000Z</time>
      </trkpt>
      <trkpt lat="36.818277" lon="-5.185159">
        <ele>833.123040</ele>
        <time>2026-05-17T11:38:45.000Z</time>
      </trkpt>
      <trkpt lat="36.818320" lon="-5.185278">
        <ele>832.629798</ele>
        <time>2026-05-17T11:38:53.000Z</time>
      </trkpt>
      <trkpt lat="36.818356" lon="-5.185381">
        <ele>832.205208</ele>
        <time>2026-05-17T11:39:01.000Z</time>
      </trkpt>
      <trkpt lat="36.818363" lon="-5.185450">
        <ele>831.942450</ele>
        <time>2026-05-17T11:39:05.000Z</time>
      </trkpt>
      <trkpt lat="36.818371" lon="-5.185540">
        <ele>831.600353</ele>
        <time>2026-05-17T11:39:10.000Z</time>
      </trkpt>
      <trkpt lat="36.818432" lon="-5.185675">
        <ele>831.014708</ele>
        <time>2026-05-17T11:39:20.000Z</time>
      </trkpt>
      <trkpt lat="36.818450" lon="-5.185707">
        <ele>830.866957</ele>
        <time>2026-05-17T11:39:27.000Z</time>
      </trkpt>
      <trkpt lat="36.818476" lon="-5.185835">
        <ele>830.368067</ele>
        <time>2026-05-17T11:39:34.000Z</time>
      </trkpt>
      <trkpt lat="36.818483" lon="-5.185874">
        <ele>830.217073</ele>
        <time>2026-05-17T11:39:38.000Z</time>
      </trkpt>
      <trkpt lat="36.818502" lon="-5.185919">
        <ele>830.024873</ele>
        <time>2026-05-17T11:39:41.000Z</time>
      </trkpt>
      <trkpt lat="36.818537" lon="-5.186066">
        <ele>829.445486</ele>
        <time>2026-05-17T11:39:50.000Z</time>
      </trkpt>
      <trkpt lat="36.818558" lon="-5.186185">
        <ele>828.985128</ele>
        <time>2026-05-17T11:39:59.000Z</time>
      </trkpt>
      <trkpt lat="36.818598" lon="-5.186302">
        <ele>828.504498</ele>
        <time>2026-05-17T11:40:06.000Z</time>
      </trkpt>
      <trkpt lat="36.818612" lon="-5.186336">
        <ele>828.360056</ele>
        <time>2026-05-17T11:40:08.000Z</time>
      </trkpt>
      <trkpt lat="36.818666" lon="-5.186480">
        <ele>827.814495</ele>
        <time>2026-05-17T11:40:17.000Z</time>
      </trkpt>
      <trkpt lat="36.818668" lon="-5.186491">
        <ele>827.781697</ele>
        <time>2026-05-17T11:40:18.000Z</time>
      </trkpt>
      <trkpt lat="36.818688" lon="-5.186540">
        <ele>827.621775</ele>
        <time>2026-05-17T11:40:23.000Z</time>
      </trkpt>
      <trkpt lat="36.818705" lon="-5.186599">
        <ele>827.439454</ele>
        <time>2026-05-17T11:40:27.000Z</time>
      </trkpt>
      <trkpt lat="36.818738" lon="-5.186671">
        <ele>827.198225</ele>
        <time>2026-05-17T11:40:32.000Z</time>
      </trkpt>
      <trkpt lat="36.818808" lon="-5.186805">
        <ele>826.732993</ele>
        <time>2026-05-17T11:40:41.000Z</time>
      </trkpt>
      <trkpt lat="36.818827" lon="-5.186914">
        <ele>826.408641</ele>
        <time>2026-05-17T11:40:47.000Z</time>
      </trkpt>
      <trkpt lat="36.818828" lon="-5.186924">
        <ele>826.379339</ele>
        <time>2026-05-17T11:40:48.000Z</time>
      </trkpt>
      <trkpt lat="36.818843" lon="-5.187002">
        <ele>826.146096</ele>
        <time>2026-05-17T11:40:53.000Z</time>
      </trkpt>
      <trkpt lat="36.818845" lon="-5.187010">
        <ele>826.121727</ele>
        <time>2026-05-17T11:40:55.000Z</time>
      </trkpt>
      <trkpt lat="36.818846" lon="-5.187024">
        <ele>826.080860</ele>
        <time>2026-05-17T11:40:57.000Z</time>
      </trkpt>
      <trkpt lat="36.818865" lon="-5.187129">
        <ele>825.767862</ele>
        <time>2026-05-17T11:41:04.000Z</time>
      </trkpt>
      <trkpt lat="36.818864" lon="-5.187237">
        <ele>825.453822</ele>
        <time>2026-05-17T11:41:11.000Z</time>
      </trkpt>
      <trkpt lat="36.818870" lon="-5.187299">
        <ele>825.272240</ele>
        <time>2026-05-17T11:41:15.000Z</time>
      </trkpt>
      <trkpt lat="36.818874" lon="-5.187358">
        <ele>825.100079</ele>
        <time>2026-05-17T11:41:19.000Z</time>
      </trkpt>
      <trkpt lat="36.818862" lon="-5.187446">
        <ele>824.840526</ele>
        <time>2026-05-17T11:41:26.000Z</time>
      </trkpt>
      <trkpt lat="36.818858" lon="-5.187498">
        <ele>824.688636</ele>
        <time>2026-05-17T11:41:29.000Z</time>
      </trkpt>
      <trkpt lat="36.818858" lon="-5.187529">
        <ele>824.598501</ele>
        <time>2026-05-17T11:41:31.000Z</time>
      </trkpt>
      <trkpt lat="36.818859" lon="-5.187549">
        <ele>824.540236</ele>
        <time>2026-05-17T11:41:33.000Z</time>
      </trkpt>
      <trkpt lat="36.818857" lon="-5.187556">
        <ele>824.518626</ele>
        <time>2026-05-17T11:41:34.000Z</time>
      </trkpt>
      <trkpt lat="36.818858" lon="-5.187575">
        <ele>824.463262</ele>
        <time>2026-05-17T11:41:36.000Z</time>
      </trkpt>
      <trkpt lat="36.818860" lon="-5.187611">
        <ele>824.358338</ele>
        <time>2026-05-17T11:41:38.000Z</time>
      </trkpt>
      <trkpt lat="36.818861" lon="-5.187666">
        <ele>824.198380</ele>
        <time>2026-05-17T11:41:41.000Z</time>
      </trkpt>
      <trkpt lat="36.818857" lon="-5.187749">
        <ele>823.956614</ele>
        <time>2026-05-17T11:41:48.000Z</time>
      </trkpt>
      <trkpt lat="36.818853" lon="-5.187815">
        <ele>823.764165</ele>
        <time>2026-05-17T11:41:56.000Z</time>
      </trkpt>
      <trkpt lat="36.818859" lon="-5.187775">
        <ele>823.645837</ele>
        <time>2026-05-17T11:42:06.000Z</time>
      </trkpt>
      <trkpt lat="36.818874" lon="-5.187821">
        <ele>823.501418</ele>
        <time>2026-05-17T11:42:14.000Z</time>
      </trkpt>
      <trkpt lat="36.818863" lon="-5.187835">
        <ele>823.444382</ele>
        <time>2026-05-17T11:42:23.000Z</time>
      </trkpt>
      <trkpt lat="36.818864" lon="-5.187817">
        <ele>823.391919</ele>
        <time>2026-05-17T11:42:32.000Z</time>
      </trkpt>
      <trkpt lat="36.818867" lon="-5.187804">
        <ele>823.352582</ele>
        <time>2026-05-17T11:42:34.000Z</time>
      </trkpt>
      <trkpt lat="36.818873" lon="-5.187788">
        <ele>823.301209</ele>
        <time>2026-05-17T11:42:37.000Z</time>
      </trkpt>
      <trkpt lat="36.818873" lon="-5.187781">
        <ele>823.280856</ele>
        <time>2026-05-17T11:42:40.000Z</time>
      </trkpt>
      <trkpt lat="36.818866" lon="-5.187779">
        <ele>823.254775</ele>
        <time>2026-05-17T11:42:42.000Z</time>
      </trkpt>
      <trkpt lat="36.818868" lon="-5.187780">
        <ele>823.246951</ele>
        <time>2026-05-17T11:42:44.000Z</time>
      </trkpt>
      <trkpt lat="36.818868" lon="-5.187785">
        <ele>823.232413</ele>
        <time>2026-05-17T11:42:45.000Z</time>
      </trkpt>
      <trkpt lat="36.818860" lon="-5.187875">
        <ele>822.969123</ele>
        <time>2026-05-17T11:42:52.000Z</time>
      </trkpt>
      <trkpt lat="36.818852" lon="-5.187968">
        <ele>822.697161</ele>
        <time>2026-05-17T11:43:00.000Z</time>
      </trkpt>
      <trkpt lat="36.818834" lon="-5.188102">
        <ele>822.302099</ele>
        <time>2026-05-17T11:43:07.000Z</time>
      </trkpt>
      <trkpt lat="36.818828" lon="-5.188233">
        <ele>821.920583</ele>
        <time>2026-05-17T11:43:15.000Z</time>
      </trkpt>
      <trkpt lat="36.818850" lon="-5.188352">
        <ele>821.565474</ele>
        <time>2026-05-17T11:43:23.000Z</time>
      </trkpt>
      <trkpt lat="36.818855" lon="-5.188482">
        <ele>821.260389</ele>
        <time>2026-05-17T11:43:31.000Z</time>
      </trkpt>
      <trkpt lat="36.818860" lon="-5.188593">
        <ele>821.022094</ele>
        <time>2026-05-17T11:43:39.000Z</time>
      </trkpt>
      <trkpt lat="36.818850" lon="-5.188736">
        <ele>820.714418</ele>
        <time>2026-05-17T11:43:47.000Z</time>
      </trkpt>
      <trkpt lat="36.818847" lon="-5.188821">
        <ele>820.532051</ele>
        <time>2026-05-17T11:43:54.000Z</time>
      </trkpt>
      <trkpt lat="36.818840" lon="-5.188939">
        <ele>820.278435</ele>
        <time>2026-05-17T11:44:01.000Z</time>
      </trkpt>
      <trkpt lat="36.818814" lon="-5.189071">
        <ele>819.987066</ele>
        <time>2026-05-17T11:44:09.000Z</time>
      </trkpt>
      <trkpt lat="36.818792" lon="-5.189161">
        <ele>819.785365</ele>
        <time>2026-05-17T11:44:16.000Z</time>
      </trkpt>
      <trkpt lat="36.818780" lon="-5.189285">
        <ele>819.517647</ele>
        <time>2026-05-17T11:44:25.000Z</time>
      </trkpt>
      <trkpt lat="36.818759" lon="-5.189440">
        <ele>819.180693</ele>
        <time>2026-05-17T11:44:34.000Z</time>
      </trkpt>
      <trkpt lat="36.818775" lon="-5.189551">
        <ele>818.938948</ele>
        <time>2026-05-17T11:44:42.000Z</time>
      </trkpt>
      <trkpt lat="36.818793" lon="-5.189682">
        <ele>818.654054</ele>
        <time>2026-05-17T11:44:51.000Z</time>
      </trkpt>
      <trkpt lat="36.818807" lon="-5.189774">
        <ele>818.453329</ele>
        <time>2026-05-17T11:44:57.000Z</time>
      </trkpt>
      <trkpt lat="36.818819" lon="-5.189864">
        <ele>818.257764</ele>
        <time>2026-05-17T11:45:04.000Z</time>
      </trkpt>
      <trkpt lat="36.818823" lon="-5.189898">
        <ele>818.184105</ele>
        <time>2026-05-17T11:45:07.000Z</time>
      </trkpt>
      <trkpt lat="36.818829" lon="-5.189949">
        <ele>818.073617</ele>
        <time>2026-05-17T11:45:11.000Z</time>
      </trkpt>
      <trkpt lat="36.818835" lon="-5.190049">
        <ele>817.858675</ele>
        <time>2026-05-17T11:45:17.000Z</time>
      </trkpt>
      <trkpt lat="36.818849" lon="-5.190156">
        <ele>817.626286</ele>
        <time>2026-05-17T11:45:25.000Z</time>
      </trkpt>
      <trkpt lat="36.818858" lon="-5.190250">
        <ele>817.423369</ele>
        <time>2026-05-17T11:45:32.000Z</time>
      </trkpt>
      <trkpt lat="36.818857" lon="-5.190265">
        <ele>817.391107</ele>
        <time>2026-05-17T11:45:33.000Z</time>
      </trkpt>
      <trkpt lat="36.818863" lon="-5.190365">
        <ele>817.176164</ele>
        <time>2026-05-17T11:45:39.000Z</time>
      </trkpt>
      <trkpt lat="36.818886" lon="-5.190446">
        <ele>816.991950</ele>
        <time>2026-05-17T11:45:45.000Z</time>
      </trkpt>
      <trkpt lat="36.818903" lon="-5.190480">
        <ele>816.906027</ele>
        <time>2026-05-17T11:45:52.000Z</time>
      </trkpt>
      <trkpt lat="36.818915" lon="-5.190519">
        <ele>816.816472</ele>
        <time>2026-05-17T11:46:01.000Z</time>
      </trkpt>
      <trkpt lat="36.818933" lon="-5.190589">
        <ele>816.658883</ele>
        <time>2026-05-17T11:46:07.000Z</time>
      </trkpt>
      <trkpt lat="36.818940" lon="-5.190612">
        <ele>816.504060</ele>
        <time>2026-05-17T11:46:09.000Z</time>
      </trkpt>
      <trkpt lat="36.818952" lon="-5.190670">
        <ele>816.078553</ele>
        <time>2026-05-17T11:46:16.000Z</time>
      </trkpt>
      <trkpt lat="36.818960" lon="-5.190694">
        <ele>815.893895</ele>
        <time>2026-05-17T11:46:26.000Z</time>
      </trkpt>
      <trkpt lat="36.818960" lon="-5.190698">
        <ele>815.865484</ele>
        <time>2026-05-17T11:46:31.000Z</time>
      </trkpt>
      <trkpt lat="36.818965" lon="-5.190682">
        <ele>815.743485</ele>
        <time>2026-05-17T11:46:35.000Z</time>
      </trkpt>
      <trkpt lat="36.818964" lon="-5.190676">
        <ele>815.699953</ele>
        <time>2026-05-17T11:46:36.000Z</time>
      </trkpt>
      <trkpt lat="36.818963" lon="-5.190667">
        <ele>815.635414</ele>
        <time>2026-05-17T11:46:38.000Z</time>
      </trkpt>
      <trkpt lat="36.818965" lon="-5.190658">
        <ele>815.569070</ele>
        <time>2026-05-17T11:46:41.000Z</time>
      </trkpt>
      <trkpt lat="36.818964" lon="-5.190657">
        <ele>815.557705</ele>
        <time>2026-05-17T11:46:46.000Z</time>
      </trkpt>
      <trkpt lat="36.818969" lon="-5.190659">
        <ele>815.511122</ele>
        <time>2026-05-17T11:46:49.000Z</time>
      </trkpt>
      <trkpt lat="36.819011" lon="-5.190684">
        <ele>815.098321</ele>
        <time>2026-05-17T11:46:59.000Z</time>
      </trkpt>
      <trkpt lat="36.818988" lon="-5.190680">
        <ele>814.892280</ele>
        <time>2026-05-17T11:47:04.000Z</time>
      </trkpt>
      <trkpt lat="36.818978" lon="-5.190690">
        <ele>814.778624</ele>
        <time>2026-05-17T11:47:06.000Z</time>
      </trkpt>
      <trkpt lat="36.818973" lon="-5.190782">
        <ele>814.123650</ele>
        <time>2026-05-17T11:47:12.000Z</time>
      </trkpt>
      <trkpt lat="36.818984" lon="-5.190882">
        <ele>813.406683</ele>
        <time>2026-05-17T11:47:20.000Z</time>
      </trkpt>
      <trkpt lat="36.818984" lon="-5.190891">
        <ele>813.342757</ele>
        <time>2026-05-17T11:47:21.000Z</time>
      </trkpt>
      <trkpt lat="36.818978" lon="-5.190988">
        <ele>812.651719</ele>
        <time>2026-05-17T11:47:30.000Z</time>
      </trkpt>
      <trkpt lat="36.818989" lon="-5.191030">
        <ele>812.337836</ele>
        <time>2026-05-17T11:47:33.000Z</time>
      </trkpt>
      <trkpt lat="36.819006" lon="-5.191080">
        <ele>811.951986</ele>
        <time>2026-05-17T11:47:36.000Z</time>
      </trkpt>
      <trkpt lat="36.819033" lon="-5.191134">
        <ele>811.499760</ele>
        <time>2026-05-17T11:47:41.000Z</time>
      </trkpt>
      <trkpt lat="36.819044" lon="-5.191145">
        <ele>811.374739</ele>
        <time>2026-05-17T11:47:44.000Z</time>
      </trkpt>
      <trkpt lat="36.819053" lon="-5.191147">
        <ele>811.293630</ele>
        <time>2026-05-17T11:47:53.000Z</time>
      </trkpt>
      <trkpt lat="36.819037" lon="-5.191143">
        <ele>811.148851</ele>
        <time>2026-05-17T11:48:04.000Z</time>
      </trkpt>
      <trkpt lat="36.819053" lon="-5.191164">
        <ele>810.942931</ele>
        <time>2026-05-17T11:48:08.000Z</time>
      </trkpt>
      <trkpt lat="36.819033" lon="-5.191162">
        <ele>810.764909</ele>
        <time>2026-05-17T11:48:13.000Z</time>
      </trkpt>
      <trkpt lat="36.819028" lon="-5.191161">
        <ele>810.719980</ele>
        <time>2026-05-17T11:48:14.000Z</time>
      </trkpt>
      <trkpt lat="36.819020" lon="-5.191151">
        <ele>810.619563</ele>
        <time>2026-05-17T11:48:17.000Z</time>
      </trkpt>
      <trkpt lat="36.819019" lon="-5.191134">
        <ele>810.498488</ele>
        <time>2026-05-17T11:48:24.000Z</time>
      </trkpt>
      <trkpt lat="36.819002" lon="-5.191146">
        <ele>810.325234</ele>
        <time>2026-05-17T11:48:33.000Z</time>
      </trkpt>
      <trkpt lat="36.819027" lon="-5.191192">
        <ele>809.930318</ele>
        <time>2026-05-17T11:48:39.000Z</time>
      </trkpt>
      <trkpt lat="36.819032" lon="-5.191200">
        <ele>809.858227</ele>
        <time>2026-05-17T11:48:40.000Z</time>
      </trkpt>
      <trkpt lat="36.819047" lon="-5.191231">
        <ele>809.600939</ele>
        <time>2026-05-17T11:48:43.000Z</time>
      </trkpt>
      <trkpt lat="36.819063" lon="-5.191310">
        <ele>809.022129</ele>
        <time>2026-05-17T11:48:48.000Z</time>
      </trkpt>
      <trkpt lat="36.819063" lon="-5.191385">
        <ele>808.489410</ele>
        <time>2026-05-17T11:48:53.000Z</time>
      </trkpt>
      <trkpt lat="36.819064" lon="-5.191419">
        <ele>808.247747</ele>
        <time>2026-05-17T11:48:55.000Z</time>
      </trkpt>
      <trkpt lat="36.819074" lon="-5.191530">
        <ele>807.454346</ele>
        <time>2026-05-17T11:49:04.000Z</time>
      </trkpt>
      <trkpt lat="36.819082" lon="-5.191561">
        <ele>807.222998</ele>
        <time>2026-05-17T11:49:07.000Z</time>
      </trkpt>
      <trkpt lat="36.819109" lon="-5.191641">
        <ele>806.606329</ele>
        <time>2026-05-17T11:49:12.000Z</time>
      </trkpt>
      <trkpt lat="36.819126" lon="-5.191678">
        <ele>806.303311</ele>
        <time>2026-05-17T11:49:17.000Z</time>
      </trkpt>
      <trkpt lat="36.819129" lon="-5.191687">
        <ele>806.234065</ele>
        <time>2026-05-17T11:49:18.000Z</time>
      </trkpt>
      <trkpt lat="36.819150" lon="-5.191741">
        <ele>805.807644</ele>
        <time>2026-05-17T11:49:22.000Z</time>
      </trkpt>
      <trkpt lat="36.819165" lon="-5.191796">
        <ele>805.394936</ele>
        <time>2026-05-17T11:49:25.000Z</time>
      </trkpt>
      <trkpt lat="36.819173" lon="-5.191828">
        <ele>805.156817</ele>
        <time>2026-05-17T11:49:27.000Z</time>
      </trkpt>
      <trkpt lat="36.819179" lon="-5.191849">
        <ele>804.998440</ele>
        <time>2026-05-17T11:49:29.000Z</time>
      </trkpt>
      <trkpt lat="36.819190" lon="-5.191873">
        <ele>804.802007</ele>
        <time>2026-05-17T11:49:31.000Z</time>
      </trkpt>
      <trkpt lat="36.819196" lon="-5.191892">
        <ele>804.656931</ele>
        <time>2026-05-17T11:49:32.000Z</time>
      </trkpt>
      <trkpt lat="36.819216" lon="-5.191960">
        <ele>804.142366</ele>
        <time>2026-05-17T11:49:37.000Z</time>
      </trkpt>
      <trkpt lat="36.819225" lon="-5.191986">
        <ele>803.941165</ele>
        <time>2026-05-17T11:49:39.000Z</time>
      </trkpt>
      <trkpt lat="36.819248" lon="-5.192046">
        <ele>803.468651</ele>
        <time>2026-05-17T11:49:45.000Z</time>
      </trkpt>
      <trkpt lat="36.819253" lon="-5.192056">
        <ele>803.384905</ele>
        <time>2026-05-17T11:49:46.000Z</time>
      </trkpt>
      <trkpt lat="36.819298" lon="-5.192137">
        <ele>802.684598</ele>
        <time>2026-05-17T11:49:53.000Z</time>
      </trkpt>
      <trkpt lat="36.819300" lon="-5.192176">
        <ele>802.407017</ele>
        <time>2026-05-17T11:49:57.000Z</time>
      </trkpt>
      <trkpt lat="36.819304" lon="-5.192225">
        <ele>802.057171</ele>
        <time>2026-05-17T11:50:00.000Z</time>
      </trkpt>
      <trkpt lat="36.819308" lon="-5.192359">
        <ele>801.104721</ele>
        <time>2026-05-17T11:50:08.000Z</time>
      </trkpt>
      <trkpt lat="36.819315" lon="-5.192419">
        <ele>800.671297</ele>
        <time>2026-05-17T11:50:11.000Z</time>
      </trkpt>
      <trkpt lat="36.819315" lon="-5.192459">
        <ele>800.342061</ele>
        <time>2026-05-17T11:50:15.000Z</time>
      </trkpt>
      <trkpt lat="36.819324" lon="-5.192496">
        <ele>800.023770</ele>
        <time>2026-05-17T11:50:19.000Z</time>
      </trkpt>
      <trkpt lat="36.819348" lon="-5.192547">
        <ele>799.536837</ele>
        <time>2026-05-17T11:50:23.000Z</time>
      </trkpt>
      <trkpt lat="36.819369" lon="-5.192612">
        <ele>798.959902</ele>
        <time>2026-05-17T11:50:27.000Z</time>
      </trkpt>
      <trkpt lat="36.819379" lon="-5.192683">
        <ele>798.366533</ele>
        <time>2026-05-17T11:50:32.000Z</time>
      </trkpt>
      <trkpt lat="36.819390" lon="-5.192717">
        <ele>798.064693</ele>
        <time>2026-05-17T11:50:35.000Z</time>
      </trkpt>
      <trkpt lat="36.819397" lon="-5.192782">
        <ele>797.524866</ele>
        <time>2026-05-17T11:50:40.000Z</time>
      </trkpt>
      <trkpt lat="36.819385" lon="-5.192789">
        <ele>797.388695</ele>
        <time>2026-05-17T11:50:45.000Z</time>
      </trkpt>
      <trkpt lat="36.819381" lon="-5.192783">
        <ele>797.324427</ele>
        <time>2026-05-17T11:50:48.000Z</time>
      </trkpt>
      <trkpt lat="36.819384" lon="-5.192780">
        <ele>797.284915</ele>
        <time>2026-05-17T11:50:51.000Z</time>
      </trkpt>
      <trkpt lat="36.819396" lon="-5.192795">
        <ele>797.110369</ele>
        <time>2026-05-17T11:50:52.000Z</time>
      </trkpt>
      <trkpt lat="36.819404" lon="-5.192803">
        <ele>797.005005</ele>
        <time>2026-05-17T11:50:54.000Z</time>
      </trkpt>
      <trkpt lat="36.819414" lon="-5.192817">
        <ele>796.850570</ele>
        <time>2026-05-17T11:50:56.000Z</time>
      </trkpt>
      <trkpt lat="36.819437" lon="-5.192879">
        <ele>796.288125</ele>
        <time>2026-05-17T11:51:02.000Z</time>
      </trkpt>
      <trkpt lat="36.819444" lon="-5.192908">
        <ele>796.038815</ele>
        <time>2026-05-17T11:51:05.000Z</time>
      </trkpt>
      <trkpt lat="36.819461" lon="-5.192990">
        <ele>795.341617</ele>
        <time>2026-05-17T11:51:11.000Z</time>
      </trkpt>
      <trkpt lat="36.819467" lon="-5.193027">
        <ele>795.030889</ele>
        <time>2026-05-17T11:51:14.000Z</time>
      </trkpt>
      <trkpt lat="36.819491" lon="-5.193118">
        <ele>794.242278</ele>
        <time>2026-05-17T11:51:22.000Z</time>
      </trkpt>
      <trkpt lat="36.819498" lon="-5.193138">
        <ele>794.062615</ele>
        <time>2026-05-17T11:51:25.000Z</time>
      </trkpt>
      <trkpt lat="36.819510" lon="-5.193178">
        <ele>793.711020</ele>
        <time>2026-05-17T11:51:31.000Z</time>
      </trkpt>
      <trkpt lat="36.819517" lon="-5.193198">
        <ele>793.531357</ele>
        <time>2026-05-17T11:51:34.000Z</time>
      </trkpt>
      <trkpt lat="36.819527" lon="-5.193226">
        <ele>793.278997</ele>
        <time>2026-05-17T11:51:37.000Z</time>
      </trkpt>
      <trkpt lat="36.819536" lon="-5.193268">
        <ele>792.921130</ele>
        <time>2026-05-17T11:51:41.000Z</time>
      </trkpt>
      <trkpt lat="36.819552" lon="-5.193371">
        <ele>792.057537</ele>
        <time>2026-05-17T11:51:49.000Z</time>
      </trkpt>
      <trkpt lat="36.819556" lon="-5.193423">
        <ele>791.627560</ele>
        <time>2026-05-17T11:51:52.000Z</time>
      </trkpt>
      <trkpt lat="36.819566" lon="-5.193480">
        <ele>791.147266</ele>
        <time>2026-05-17T11:51:56.000Z</time>
      </trkpt>
      <trkpt lat="36.819587" lon="-5.193502">
        <ele>790.865468</ele>
        <time>2026-05-17T11:52:02.000Z</time>
      </trkpt>
      <trkpt lat="36.819599" lon="-5.193514">
        <ele>790.707422</ele>
        <time>2026-05-17T11:52:04.000Z</time>
      </trkpt>
      <trkpt lat="36.819633" lon="-5.193591">
        <ele>789.983627</ele>
        <time>2026-05-17T11:52:11.000Z</time>
      </trkpt>
      <trkpt lat="36.819635" lon="-5.193605">
        <ele>789.866574</ele>
        <time>2026-05-17T11:52:12.000Z</time>
      </trkpt>
      <trkpt lat="36.819648" lon="-5.193691">
        <ele>789.146211</ele>
        <time>2026-05-17T11:52:18.000Z</time>
      </trkpt>
      <trkpt lat="36.819648" lon="-5.193703">
        <ele>789.047441</ele>
        <time>2026-05-17T11:52:19.000Z</time>
      </trkpt>
      <trkpt lat="36.819657" lon="-5.193819">
        <ele>788.088188</ele>
        <time>2026-05-17T11:52:27.000Z</time>
      </trkpt>
      <trkpt lat="36.819661" lon="-5.193836">
        <ele>787.942345</ele>
        <time>2026-05-17T11:52:28.000Z</time>
      </trkpt>
      <trkpt lat="36.819670" lon="-5.193880">
        <ele>787.568552</ele>
        <time>2026-05-17T11:52:33.000Z</time>
      </trkpt>
      <trkpt lat="36.819693" lon="-5.193941">
        <ele>787.013565</ele>
        <time>2026-05-17T11:52:38.000Z</time>
      </trkpt>
      <trkpt lat="36.819707" lon="-5.193988">
        <ele>786.600802</ele>
        <time>2026-05-17T11:52:42.000Z</time>
      </trkpt>
      <trkpt lat="36.819720" lon="-5.194026">
        <ele>786.260667</ele>
        <time>2026-05-17T11:52:47.000Z</time>
      </trkpt>
      <trkpt lat="36.819730" lon="-5.194059">
        <ele>785.970239</ele>
        <time>2026-05-17T11:52:51.000Z</time>
      </trkpt>
      <trkpt lat="36.819744" lon="-5.194152">
        <ele>785.191354</ele>
        <time>2026-05-17T11:52:57.000Z</time>
      </trkpt>
      <trkpt lat="36.819752" lon="-5.194210">
        <ele>784.706930</ele>
        <time>2026-05-17T11:53:01.000Z</time>
      </trkpt>
      <trkpt lat="36.819743" lon="-5.194225">
        <ele>784.552639</ele>
        <time>2026-05-17T11:53:08.000Z</time>
      </trkpt>
      <trkpt lat="36.819755" lon="-5.194234">
        <ele>784.408727</ele>
        <time>2026-05-17T11:53:17.000Z</time>
      </trkpt>
      <trkpt lat="36.819764" lon="-5.194199">
        <ele>784.106150</ele>
        <time>2026-05-17T11:53:25.000Z</time>
      </trkpt>
      <trkpt lat="36.819759" lon="-5.194210">
        <ele>784.002033</ele>
        <time>2026-05-17T11:53:36.000Z</time>
      </trkpt>
      <trkpt lat="36.819760" lon="-5.194209">
        <ele>783.988863</ele>
        <time>2026-05-17T11:53:37.000Z</time>
      </trkpt>
      <trkpt lat="36.819739" lon="-5.194232">
        <ele>783.701707</ele>
        <time>2026-05-17T11:53:44.000Z</time>
      </trkpt>
      <trkpt lat="36.819731" lon="-5.194242">
        <ele>783.585343</ele>
        <time>2026-05-17T11:53:45.000Z</time>
      </trkpt>
      <trkpt lat="36.819725" lon="-5.194251">
        <ele>783.488942</ele>
        <time>2026-05-17T11:53:49.000Z</time>
      </trkpt>
      <trkpt lat="36.819756" lon="-5.194254">
        <ele>783.169250</ele>
        <time>2026-05-17T11:53:59.000Z</time>
      </trkpt>
      <trkpt lat="36.819756" lon="-5.194243">
        <ele>783.078711</ele>
        <time>2026-05-17T11:54:02.000Z</time>
      </trkpt>
      <trkpt lat="36.819759" lon="-5.194221">
        <ele>782.895024</ele>
        <time>2026-05-17T11:54:08.000Z</time>
      </trkpt>
      <trkpt lat="36.819769" lon="-5.194269">
        <ele>782.486784</ele>
        <time>2026-05-17T11:54:17.000Z</time>
      </trkpt>
      <trkpt lat="36.819804" lon="-5.194315">
        <ele>781.989135</ele>
        <time>2026-05-17T11:54:24.000Z</time>
      </trkpt>
      <trkpt lat="36.819793" lon="-5.194395">
        <ele>781.391680</ele>
        <time>2026-05-17T11:54:32.000Z</time>
      </trkpt>
      <trkpt lat="36.819787" lon="-5.194430">
        <ele>781.128226</ele>
        <time>2026-05-17T11:54:42.000Z</time>
      </trkpt>
      <trkpt lat="36.819816" lon="-5.194464">
        <ele>780.762544</ele>
        <time>2026-05-17T11:54:50.000Z</time>
      </trkpt>
      <trkpt lat="36.819808" lon="-5.194446">
        <ele>780.611007</ele>
        <time>2026-05-17T11:54:56.000Z</time>
      </trkpt>
      <trkpt lat="36.819838" lon="-5.194516">
        <ele>780.026590</ele>
        <time>2026-05-17T11:55:01.000Z</time>
      </trkpt>
      <trkpt lat="36.819845" lon="-5.194546">
        <ele>779.796589</ele>
        <time>2026-05-17T11:55:04.000Z</time>
      </trkpt>
      <trkpt lat="36.819850" lon="-5.194582">
        <ele>779.527657</ele>
        <time>2026-05-17T11:55:08.000Z</time>
      </trkpt>
      <trkpt lat="36.819857" lon="-5.194612">
        <ele>779.297657</ele>
        <time>2026-05-17T11:55:11.000Z</time>
      </trkpt>
      <trkpt lat="36.819890" lon="-5.194705">
        <ele>778.548908</ele>
        <time>2026-05-17T11:55:18.000Z</time>
      </trkpt>
      <trkpt lat="36.819917" lon="-5.194791">
        <ele>777.868975</ele>
        <time>2026-05-17T11:55:24.000Z</time>
      </trkpt>
      <trkpt lat="36.819918" lon="-5.194800">
        <ele>777.802097</ele>
        <time>2026-05-17T11:55:25.000Z</time>
      </trkpt>
      <trkpt lat="36.819931" lon="-5.194830">
        <ele>777.551010</ele>
        <time>2026-05-17T11:55:32.000Z</time>
      </trkpt>
      <trkpt lat="36.819938" lon="-5.194843">
        <ele>777.435693</ele>
        <time>2026-05-17T11:55:43.000Z</time>
      </trkpt>
      <trkpt lat="36.819928" lon="-5.194847">
        <ele>777.339149</ele>
        <time>2026-05-17T11:55:52.000Z</time>
      </trkpt>
      <trkpt lat="36.819905" lon="-5.194843">
        <ele>777.125637</ele>
        <time>2026-05-17T11:56:01.000Z</time>
      </trkpt>
      <trkpt lat="36.819903" lon="-5.194854">
        <ele>777.042611</ele>
        <time>2026-05-17T11:56:03.000Z</time>
      </trkpt>
      <trkpt lat="36.819898" lon="-5.194873">
        <ele>776.895401</ele>
        <time>2026-05-17T11:56:06.000Z</time>
      </trkpt>
      <trkpt lat="36.819899" lon="-5.194874">
        <ele>776.883623</ele>
        <time>2026-05-17T11:56:09.000Z</time>
      </trkpt>
      <trkpt lat="36.819903" lon="-5.194875">
        <ele>776.846116</ele>
        <time>2026-05-17T11:56:11.000Z</time>
      </trkpt>
      <trkpt lat="36.819931" lon="-5.194860">
        <ele>776.565996</ele>
        <time>2026-05-17T11:56:21.000Z</time>
      </trkpt>
      <trkpt lat="36.819931" lon="-5.194863">
        <ele>776.543914</ele>
        <time>2026-05-17T11:56:23.000Z</time>
      </trkpt>
      <trkpt lat="36.819931" lon="-5.194863">
        <ele>776.543914</ele>
        <time>2026-05-17T11:56:24.000Z</time>
      </trkpt>
      <trkpt lat="36.819930" lon="-5.194862">
        <ele>776.532137</ele>
        <time>2026-05-17T11:56:25.000Z</time>
      </trkpt>
      <trkpt lat="36.819936" lon="-5.194868">
        <ele>776.461471</ele>
        <time>2026-05-17T11:56:31.000Z</time>
      </trkpt>
      <trkpt lat="36.819924" lon="-5.194888">
        <ele>776.277505</ele>
        <time>2026-05-17T11:56:41.000Z</time>
      </trkpt>
      <trkpt lat="36.819935" lon="-5.194920">
        <ele>776.021175</ele>
        <time>2026-05-17T11:56:43.000Z</time>
      </trkpt>
      <trkpt lat="36.819968" lon="-5.194990">
        <ele>775.423245</ele>
        <time>2026-05-17T11:56:48.000Z</time>
      </trkpt>
      <trkpt lat="36.819980" lon="-5.195014">
        <ele>775.214970</ele>
        <time>2026-05-17T11:56:50.000Z</time>
      </trkpt>
      <trkpt lat="36.819993" lon="-5.195039">
        <ele>774.995547</ele>
        <time>2026-05-17T11:56:52.000Z</time>
      </trkpt>
      <trkpt lat="36.819998" lon="-5.195055">
        <ele>774.869126</ele>
        <time>2026-05-17T11:56:53.000Z</time>
      </trkpt>
      <trkpt lat="36.820015" lon="-5.195126">
        <ele>774.323665</ele>
        <time>2026-05-17T11:56:58.000Z</time>
      </trkpt>
      <trkpt lat="36.820035" lon="-5.195176">
        <ele>773.912261</ele>
        <time>2026-05-17T11:57:02.000Z</time>
      </trkpt>
      <trkpt lat="36.820052" lon="-5.195225">
        <ele>773.519189</ele>
        <time>2026-05-17T11:57:05.000Z</time>
      </trkpt>
      <trkpt lat="36.820104" lon="-5.195348">
        <ele>772.495370</ele>
        <time>2026-05-17T11:57:13.000Z</time>
      </trkpt>
      <trkpt lat="36.820110" lon="-5.195362">
        <ele>772.378486</ele>
        <time>2026-05-17T11:57:14.000Z</time>
      </trkpt>
      <trkpt lat="36.820155" lon="-5.195487">
        <ele>771.369688</ele>
        <time>2026-05-17T11:57:23.000Z</time>
      </trkpt>
      <trkpt lat="36.820154" lon="-5.195497">
        <ele>771.295513</ele>
        <time>2026-05-17T11:57:24.000Z</time>
      </trkpt>
      <trkpt lat="36.820172" lon="-5.195629">
        <ele>770.309950</ele>
        <time>2026-05-17T11:57:34.000Z</time>
      </trkpt>
      <trkpt lat="36.820195" lon="-5.195771">
        <ele>769.243600</ele>
        <time>2026-05-17T11:57:42.000Z</time>
      </trkpt>
      <trkpt lat="36.820197" lon="-5.195780">
        <ele>769.174851</ele>
        <time>2026-05-17T11:57:43.000Z</time>
      </trkpt>
      <trkpt lat="36.820202" lon="-5.195794">
        <ele>769.062016</ele>
        <time>2026-05-17T11:57:45.000Z</time>
      </trkpt>
      <trkpt lat="36.820227" lon="-5.195837">
        <ele>768.670857</ele>
        <time>2026-05-17T11:57:50.000Z</time>
      </trkpt>
      <trkpt lat="36.820244" lon="-5.195860">
        <ele>768.440444</ele>
        <time>2026-05-17T11:57:53.000Z</time>
      </trkpt>
      <trkpt lat="36.820274" lon="-5.195907">
        <ele>767.998001</ele>
        <time>2026-05-17T11:57:58.000Z</time>
      </trkpt>
      <trkpt lat="36.820328" lon="-5.195999">
        <ele>767.158329</ele>
        <time>2026-05-17T11:58:06.000Z</time>
      </trkpt>
      <trkpt lat="36.820344" lon="-5.196038">
        <ele>766.835774</ele>
        <time>2026-05-17T11:58:11.000Z</time>
      </trkpt>
      <trkpt lat="36.820357" lon="-5.196070">
        <ele>766.571650</ele>
        <time>2026-05-17T11:58:14.000Z</time>
      </trkpt>
      <trkpt lat="36.820372" lon="-5.196100">
        <ele>766.311307</ele>
        <time>2026-05-17T11:58:16.000Z</time>
      </trkpt>
      <trkpt lat="36.820381" lon="-5.196117">
        <ele>766.161294</ele>
        <time>2026-05-17T11:58:17.000Z</time>
      </trkpt>
      <trkpt lat="36.820392" lon="-5.196146">
        <ele>765.925095</ele>
        <time>2026-05-17T11:58:19.000Z</time>
      </trkpt>
      <trkpt lat="36.820401" lon="-5.196164">
        <ele>765.768889</ele>
        <time>2026-05-17T11:58:21.000Z</time>
      </trkpt>
      <trkpt lat="36.820426" lon="-5.196209">
        <ele>765.197813</ele>
        <time>2026-05-17T11:58:27.000Z</time>
      </trkpt>
      <trkpt lat="36.820446" lon="-5.196228">
        <ele>764.835176</ele>
        <time>2026-05-17T11:58:30.000Z</time>
      </trkpt>
      <trkpt lat="36.820502" lon="-5.196309">
        <ele>763.598649</ele>
        <time>2026-05-17T11:58:37.000Z</time>
      </trkpt>
      <trkpt lat="36.820507" lon="-5.196321">
        <ele>763.442352</ele>
        <time>2026-05-17T11:58:38.000Z</time>
      </trkpt>
      <trkpt lat="36.820533" lon="-5.196373">
        <ele>762.734012</ele>
        <time>2026-05-17T11:58:43.000Z</time>
      </trkpt>
      <trkpt lat="36.820547" lon="-5.196397">
        <ele>762.390920</ele>
        <time>2026-05-17T11:58:46.000Z</time>
      </trkpt>
      <trkpt lat="36.820564" lon="-5.196417">
        <ele>762.053888</ele>
        <time>2026-05-17T11:58:48.000Z</time>
      </trkpt>
      <trkpt lat="36.820623" lon="-5.196497">
        <ele>760.797159</ele>
        <time>2026-05-17T11:58:55.000Z</time>
      </trkpt>
      <trkpt lat="36.820632" lon="-5.196512">
        <ele>760.580583</ele>
        <time>2026-05-17T11:58:56.000Z</time>
      </trkpt>
      <trkpt lat="36.820667" lon="-5.196592">
        <ele>759.527279</ele>
        <time>2026-05-17T11:59:02.000Z</time>
      </trkpt>
      <trkpt lat="36.820671" lon="-5.196600">
        <ele>759.418304</ele>
        <time>2026-05-17T11:59:03.000Z</time>
      </trkpt>
      <trkpt lat="36.820689" lon="-5.196620">
        <ele>759.070625</ele>
        <time>2026-05-17T11:59:09.000Z</time>
      </trkpt>
      <trkpt lat="36.820711" lon="-5.196641">
        <ele>758.671024</ele>
        <time>2026-05-17T11:59:16.000Z</time>
      </trkpt>
      <trkpt lat="36.820717" lon="-5.196647">
        <ele>758.560100</ele>
        <time>2026-05-17T11:59:17.000Z</time>
      </trkpt>
      <trkpt lat="36.820732" lon="-5.196704">
        <ele>757.866884</ele>
        <time>2026-05-17T11:59:26.000Z</time>
      </trkpt>
      <trkpt lat="36.820767" lon="-5.196787">
        <ele>756.783040</ele>
        <time>2026-05-17T11:59:33.000Z</time>
      </trkpt>
      <trkpt lat="36.820805" lon="-5.196846">
        <ele>755.908151</ele>
        <time>2026-05-17T11:59:41.000Z</time>
      </trkpt>
      <trkpt lat="36.820824" lon="-5.196874">
        <ele>755.484071</ele>
        <time>2026-05-17T11:59:44.000Z</time>
      </trkpt>
      <trkpt lat="36.820863" lon="-5.196914">
        <ele>754.755792</ele>
        <time>2026-05-17T11:59:48.000Z</time>
      </trkpt>
      <trkpt lat="36.820868" lon="-5.196926">
        <ele>754.599495</ele>
        <time>2026-05-17T11:59:49.000Z</time>
      </trkpt>
      <trkpt lat="36.820906" lon="-5.197024">
        <ele>753.341428</ele>
        <time>2026-05-17T11:59:57.000Z</time>
      </trkpt>
      <trkpt lat="36.820935" lon="-5.197114">
        <ele>752.220547</ele>
        <time>2026-05-17T12:00:03.000Z</time>
      </trkpt>
      <trkpt lat="36.820987" lon="-5.197167">
        <ele>751.251949</ele>
        <time>2026-05-17T12:00:10.000Z</time>
      </trkpt>
      <trkpt lat="36.821008" lon="-5.197192">
        <ele>750.833279</ele>
        <time>2026-05-17T12:00:12.000Z</time>
      </trkpt>
      <trkpt lat="36.821035" lon="-5.197266">
        <ele>749.893711</ele>
        <time>2026-05-17T12:00:17.000Z</time>
      </trkpt>
      <trkpt lat="36.821032" lon="-5.197307">
        <ele>749.418048</ele>
        <time>2026-05-17T12:00:20.000Z</time>
      </trkpt>
      <trkpt lat="36.821042" lon="-5.197373">
        <ele>748.641987</ele>
        <time>2026-05-17T12:00:25.000Z</time>
      </trkpt>
      <trkpt lat="36.821071" lon="-5.197447">
        <ele>747.690085</ele>
        <time>2026-05-17T12:00:32.000Z</time>
      </trkpt>
      <trkpt lat="36.821099" lon="-5.197478">
        <ele>747.150104</ele>
        <time>2026-05-17T12:00:37.000Z</time>
      </trkpt>
      <trkpt lat="36.821113" lon="-5.197482">
        <ele>746.942832</ele>
        <time>2026-05-17T12:00:39.000Z</time>
      </trkpt>
      <trkpt lat="36.821152" lon="-5.197510">
        <ele>746.293626</ele>
        <time>2026-05-17T12:00:44.000Z</time>
      </trkpt>
      <trkpt lat="36.821166" lon="-5.197525">
        <ele>746.027432</ele>
        <time>2026-05-17T12:00:46.000Z</time>
      </trkpt>
      <trkpt lat="36.821222" lon="-5.197574">
        <ele>745.040667</ele>
        <time>2026-05-17T12:00:52.000Z</time>
      </trkpt>
      <trkpt lat="36.821253" lon="-5.197595">
        <ele>744.531710</ele>
        <time>2026-05-17T12:00:55.000Z</time>
      </trkpt>
      <trkpt lat="36.821314" lon="-5.197650">
        <ele>743.445961</ele>
        <time>2026-05-17T12:01:01.000Z</time>
      </trkpt>
      <trkpt lat="36.821322" lon="-5.197661">
        <ele>743.274258</ele>
        <time>2026-05-17T12:01:02.000Z</time>
      </trkpt>
      <trkpt lat="36.821341" lon="-5.197676">
        <ele>742.949869</ele>
        <time>2026-05-17T12:01:04.000Z</time>
      </trkpt>
      <trkpt lat="36.821367" lon="-5.197706">
        <ele>742.439046</ele>
        <time>2026-05-17T12:01:07.000Z</time>
      </trkpt>
      <trkpt lat="36.821406" lon="-5.197738">
        <ele>741.765620</ele>
        <time>2026-05-17T12:01:10.000Z</time>
      </trkpt>
      <trkpt lat="36.821429" lon="-5.197776">
        <ele>741.215227</ele>
        <time>2026-05-17T12:01:14.000Z</time>
      </trkpt>
      <trkpt lat="36.821445" lon="-5.197827">
        <ele>740.582373</ele>
        <time>2026-05-17T12:01:18.000Z</time>
      </trkpt>
      <trkpt lat="36.821441" lon="-5.197858">
        <ele>740.219598</ele>
        <time>2026-05-17T12:01:21.000Z</time>
      </trkpt>
      <trkpt lat="36.821447" lon="-5.197895">
        <ele>739.783442</ele>
        <time>2026-05-17T12:01:25.000Z</time>
      </trkpt>
      <trkpt lat="36.821458" lon="-5.197950">
        <ele>739.190538</ele>
        <time>2026-05-17T12:01:28.000Z</time>
      </trkpt>
      <trkpt lat="36.821468" lon="-5.198013">
        <ele>738.528865</ele>
        <time>2026-05-17T12:01:32.000Z</time>
      </trkpt>
      <trkpt lat="36.821470" lon="-5.198044">
        <ele>738.208461</ele>
        <time>2026-05-17T12:01:35.000Z</time>
      </trkpt>
      <trkpt lat="36.821483" lon="-5.198120">
        <ele>737.407821</ele>
        <time>2026-05-17T12:01:40.000Z</time>
      </trkpt>
      <trkpt lat="36.821485" lon="-5.198133">
        <ele>737.271441</ele>
        <time>2026-05-17T12:01:41.000Z</time>
      </trkpt>
      <trkpt lat="36.821490" lon="-5.198145">
        <ele>737.132071</ele>
        <time>2026-05-17T12:01:46.000Z</time>
      </trkpt>
      <trkpt lat="36.821491" lon="-5.198159">
        <ele>736.987268</ele>
        <time>2026-05-17T12:01:57.000Z</time>
      </trkpt>
      <trkpt lat="36.821503" lon="-5.198169">
        <ele>736.801624</ele>
        <time>2026-05-17T12:02:07.000Z</time>
      </trkpt>
      <trkpt lat="36.821521" lon="-5.198184">
        <ele>736.523158</ele>
        <time>2026-05-17T12:02:16.000Z</time>
      </trkpt>
      <trkpt lat="36.821503" lon="-5.198139">
        <ele>736.004906</ele>
        <time>2026-05-17T12:02:26.000Z</time>
      </trkpt>
      <trkpt lat="36.821520" lon="-5.198165">
        <ele>735.659055</ele>
        <time>2026-05-17T12:02:32.000Z</time>
      </trkpt>
      <trkpt lat="36.821535" lon="-5.198249">
        <ele>734.772402</ele>
        <time>2026-05-17T12:02:38.000Z</time>
      </trkpt>
      <trkpt lat="36.821537" lon="-5.198272">
        <ele>734.534058</ele>
        <time>2026-05-17T12:02:40.000Z</time>
      </trkpt>
      <trkpt lat="36.821520" lon="-5.198338">
        <ele>733.819783</ele>
        <time>2026-05-17T12:02:47.000Z</time>
      </trkpt>
      <trkpt lat="36.821523" lon="-5.198408">
        <ele>733.097599</ele>
        <time>2026-05-17T12:02:51.000Z</time>
      </trkpt>
      <trkpt lat="36.821527" lon="-5.198456">
        <ele>732.600422</ele>
        <time>2026-05-17T12:02:54.000Z</time>
      </trkpt>
      <trkpt lat="36.821531" lon="-5.198519">
        <ele>731.949347</ele>
        <time>2026-05-17T12:02:58.000Z</time>
      </trkpt>
      <trkpt lat="36.821528" lon="-5.198562">
        <ele>731.504674</ele>
        <time>2026-05-17T12:03:03.000Z</time>
      </trkpt>
      <trkpt lat="36.821544" lon="-5.198624">
        <ele>730.833569</ele>
        <time>2026-05-17T12:03:07.000Z</time>
      </trkpt>
      <trkpt lat="36.821550" lon="-5.198634">
        <ele>730.704821</ele>
        <time>2026-05-17T12:03:08.000Z</time>
      </trkpt>
      <trkpt lat="36.821562" lon="-5.198699">
        <ele>730.017603</ele>
        <time>2026-05-17T12:03:13.000Z</time>
      </trkpt>
      <trkpt lat="36.821565" lon="-5.198723">
        <ele>729.767355</ele>
        <time>2026-05-17T12:03:15.000Z</time>
      </trkpt>
      <trkpt lat="36.821568" lon="-5.198733">
        <ele>729.657336</ele>
        <time>2026-05-17T12:03:16.000Z</time>
      </trkpt>
      <trkpt lat="36.821608" lon="-5.198813">
        <ele>728.685605</ele>
        <time>2026-05-17T12:03:23.000Z</time>
      </trkpt>
      <trkpt lat="36.821625" lon="-5.198860">
        <ele>728.154269</ele>
        <time>2026-05-17T12:03:28.000Z</time>
      </trkpt>
      <trkpt lat="36.821638" lon="-5.198887">
        <ele>727.829673</ele>
        <time>2026-05-17T12:03:30.000Z</time>
      </trkpt>
      <trkpt lat="36.821664" lon="-5.198943">
        <ele>727.162739</ele>
        <time>2026-05-17T12:03:34.000Z</time>
      </trkpt>
      <trkpt lat="36.821675" lon="-5.198967">
        <ele>726.877829</ele>
        <time>2026-05-17T12:03:36.000Z</time>
      </trkpt>
      <trkpt lat="36.821694" lon="-5.198996">
        <ele>726.491759</ele>
        <time>2026-05-17T12:03:38.000Z</time>
      </trkpt>
      <trkpt lat="36.821720" lon="-5.199027">
        <ele>726.029203</ele>
        <time>2026-05-17T12:03:41.000Z</time>
      </trkpt>
      <trkpt lat="36.821727" lon="-5.199032">
        <ele>725.925429</ele>
        <time>2026-05-17T12:03:42.000Z</time>
      </trkpt>
      <trkpt lat="36.821798" lon="-5.199081">
        <ele>724.881519</ele>
        <time>2026-05-17T12:03:50.000Z</time>
      </trkpt>
      <trkpt lat="36.821903" lon="-5.199109">
        <ele>723.499769</ele>
        <time>2026-05-17T12:03:57.000Z</time>
      </trkpt>
      <trkpt lat="36.821948" lon="-5.199117">
        <ele>722.914803</ele>
        <time>2026-05-17T12:04:01.000Z</time>
      </trkpt>
      <trkpt lat="36.821971" lon="-5.199120">
        <ele>722.617194</ele>
        <time>2026-05-17T12:04:03.000Z</time>
      </trkpt>
      <trkpt lat="36.822020" lon="-5.199117">
        <ele>721.985828</ele>
        <time>2026-05-17T12:04:09.000Z</time>
      </trkpt>
      <trkpt lat="36.822031" lon="-5.199116">
        <ele>721.843889</ele>
        <time>2026-05-17T12:04:10.000Z</time>
      </trkpt>
      <trkpt lat="36.822109" lon="-5.199110">
        <ele>720.838161</ele>
        <time>2026-05-17T12:04:15.000Z</time>
      </trkpt>
      <trkpt lat="36.822149" lon="-5.199102">
        <ele>720.316822</ele>
        <time>2026-05-17T12:04:18.000Z</time>
      </trkpt>
      <trkpt lat="36.822190" lon="-5.199079">
        <ele>719.738409</ele>
        <time>2026-05-17T12:04:22.000Z</time>
      </trkpt>
      <trkpt lat="36.822197" lon="-5.199074">
        <ele>719.634636</ele>
        <time>2026-05-17T12:04:23.000Z</time>
      </trkpt>
      <trkpt lat="36.822224" lon="-5.199061">
        <ele>719.262241</ele>
        <time>2026-05-17T12:04:25.000Z</time>
      </trkpt>
      <trkpt lat="36.822304" lon="-5.199021">
        <ele>718.153270</ele>
        <time>2026-05-17T12:04:31.000Z</time>
      </trkpt>
      <trkpt lat="36.822313" lon="-5.199017">
        <ele>718.030331</ele>
        <time>2026-05-17T12:04:32.000Z</time>
      </trkpt>
      <trkpt lat="36.822368" lon="-5.198965">
        <ele>717.142638</ele>
        <time>2026-05-17T12:04:38.000Z</time>
      </trkpt>
      <trkpt lat="36.822394" lon="-5.198944">
        <ele>716.744181</ele>
        <time>2026-05-17T12:04:40.000Z</time>
      </trkpt>
      <trkpt lat="36.822431" lon="-5.198928">
        <ele>716.349274</ele>
        <time>2026-05-17T12:04:44.000Z</time>
      </trkpt>
      <trkpt lat="36.822482" lon="-5.198908">
        <ele>715.900499</ele>
        <time>2026-05-17T12:04:48.000Z</time>
      </trkpt>
      <trkpt lat="36.822502" lon="-5.198893">
        <ele>715.704651</ele>
        <time>2026-05-17T12:04:51.000Z</time>
      </trkpt>
      <trkpt lat="36.822561" lon="-5.198861">
        <ele>715.164642</ele>
        <time>2026-05-17T12:04:56.000Z</time>
      </trkpt>
      <trkpt lat="36.822602" lon="-5.198844">
        <ele>714.801959</ele>
        <time>2026-05-17T12:04:59.000Z</time>
      </trkpt>
      <trkpt lat="36.822660" lon="-5.198837">
        <ele>714.312750</ele>
        <time>2026-05-17T12:05:06.000Z</time>
      </trkpt>
      <trkpt lat="36.822671" lon="-5.198841">
        <ele>714.216566</ele>
        <time>2026-05-17T12:05:07.000Z</time>
      </trkpt>
      <trkpt lat="36.822697" lon="-5.198873">
        <ele>713.910137</ele>
        <time>2026-05-17T12:05:13.000Z</time>
      </trkpt>
      <trkpt lat="36.822695" lon="-5.198903">
        <ele>713.707821</ele>
        <time>2026-05-17T12:05:16.000Z</time>
      </trkpt>
      <trkpt lat="36.822676" lon="-5.198953">
        <ele>713.335852</ele>
        <time>2026-05-17T12:05:21.000Z</time>
      </trkpt>
      <trkpt lat="36.822676" lon="-5.198954">
        <ele>713.329132</ele>
        <time>2026-05-17T12:05:22.000Z</time>
      </trkpt>
      <trkpt lat="36.822694" lon="-5.198963">
        <ele>713.166357</ele>
        <time>2026-05-17T12:05:30.000Z</time>
      </trkpt>
      <trkpt lat="36.822659" lon="-5.199000">
        <ele>712.781419</ele>
        <time>2026-05-17T12:05:38.000Z</time>
      </trkpt>
      <trkpt lat="36.822660" lon="-5.199009">
        <ele>712.720354</ele>
        <time>2026-05-17T12:05:46.000Z</time>
      </trkpt>
      <trkpt lat="36.822671" lon="-5.198967">
        <ele>712.423365</ele>
        <time>2026-05-17T12:05:54.000Z</time>
      </trkpt>
      <trkpt lat="36.822668" lon="-5.198957">
        <ele>712.351595</ele>
        <time>2026-05-17T12:05:56.000Z</time>
      </trkpt>
      <trkpt lat="36.822664" lon="-5.198999">
        <ele>712.067339</ele>
        <time>2026-05-17T12:06:03.000Z</time>
      </trkpt>
      <trkpt lat="36.822687" lon="-5.199137">
        <ele>711.120009</ele>
        <time>2026-05-17T12:06:11.000Z</time>
      </trkpt>
      <trkpt lat="36.822705" lon="-5.199214">
        <ele>710.580909</ele>
        <time>2026-05-17T12:06:19.000Z</time>
      </trkpt>
      <trkpt lat="36.822706" lon="-5.199231">
        <ele>710.466351</ele>
        <time>2026-05-17T12:06:20.000Z</time>
      </trkpt>
      <trkpt lat="36.822724" lon="-5.199339">
        <ele>709.724963</ele>
        <time>2026-05-17T12:06:26.000Z</time>
      </trkpt>
      <trkpt lat="36.822724" lon="-5.199379">
        <ele>709.456139</ele>
        <time>2026-05-17T12:06:29.000Z</time>
      </trkpt>
      <trkpt lat="36.822719" lon="-5.199416">
        <ele>709.203959</ele>
        <time>2026-05-17T12:06:33.000Z</time>
      </trkpt>
      <trkpt lat="36.822730" lon="-5.199491">
        <ele>708.691525</ele>
        <time>2026-05-17T12:06:39.000Z</time>
      </trkpt>
      <trkpt lat="36.822730" lon="-5.199500">
        <ele>708.631040</ele>
        <time>2026-05-17T12:06:40.000Z</time>
      </trkpt>
      <trkpt lat="36.822763" lon="-5.199606">
        <ele>707.866679</ele>
        <time>2026-05-17T12:06:48.000Z</time>
      </trkpt>
      <trkpt lat="36.822766" lon="-5.199625">
        <ele>707.736528</ele>
        <time>2026-05-17T12:06:49.000Z</time>
      </trkpt>
      <trkpt lat="36.822780" lon="-5.199697">
        <ele>707.238575</ele>
        <time>2026-05-17T12:06:55.000Z</time>
      </trkpt>
      <trkpt lat="36.822785" lon="-5.199721">
        <ele>707.071909</ele>
        <time>2026-05-17T12:06:57.000Z</time>
      </trkpt>
      <trkpt lat="36.822806" lon="-5.199803">
        <ele>706.493305</ele>
        <time>2026-05-17T12:07:02.000Z</time>
      </trkpt>
      <trkpt lat="36.822810" lon="-5.199825">
        <ele>706.341687</ele>
        <time>2026-05-17T12:07:04.000Z</time>
      </trkpt>
      <trkpt lat="36.822804" lon="-5.199836">
        <ele>706.252230</ele>
        <time>2026-05-17T12:07:09.000Z</time>
      </trkpt>
      <trkpt lat="36.822804" lon="-5.199834">
        <ele>706.238789</ele>
        <time>2026-05-17T12:07:12.000Z</time>
      </trkpt>
      <trkpt lat="36.822827" lon="-5.199879">
        <ele>705.879974</ele>
        <time>2026-05-17T12:07:18.000Z</time>
      </trkpt>
      <trkpt lat="36.822828" lon="-5.200035">
        <ele>704.831530</ele>
        <time>2026-05-17T12:07:27.000Z</time>
      </trkpt>
      <trkpt lat="36.822821" lon="-5.200084">
        <ele>704.497019</ele>
        <time>2026-05-17T12:07:30.000Z</time>
      </trkpt>
      <trkpt lat="36.822823" lon="-5.200176">
        <ele>703.878498</ele>
        <time>2026-05-17T12:07:36.000Z</time>
      </trkpt>
      <trkpt lat="36.822817" lon="-5.200229">
        <ele>703.518763</ele>
        <time>2026-05-17T12:07:39.000Z</time>
      </trkpt>
      <trkpt lat="36.822813" lon="-5.200272">
        <ele>703.227833</ele>
        <time>2026-05-17T12:07:43.000Z</time>
      </trkpt>
      <trkpt lat="36.822822" lon="-5.200360">
        <ele>702.631615</ele>
        <time>2026-05-17T12:07:49.000Z</time>
      </trkpt>
      <trkpt lat="36.822834" lon="-5.200453">
        <ele>701.998533</ele>
        <time>2026-05-17T12:07:56.000Z</time>
      </trkpt>
      <trkpt lat="36.822857" lon="-5.200564">
        <ele>701.305516</ele>
        <time>2026-05-17T12:08:02.000Z</time>
      </trkpt>
      <trkpt lat="36.822882" lon="-5.200714">
        <ele>700.630370</ele>
        <time>2026-05-17T12:08:11.000Z</time>
      </trkpt>
      <trkpt lat="36.822896" lon="-5.200846">
        <ele>700.043632</ele>
        <time>2026-05-17T12:08:19.000Z</time>
      </trkpt>
      <trkpt lat="36.822905" lon="-5.200872">
        <ele>699.918811</ele>
        <time>2026-05-17T12:08:21.000Z</time>
      </trkpt>
      <trkpt lat="36.822973" lon="-5.200960">
        <ele>699.379848</ele>
        <time>2026-05-17T12:08:28.000Z</time>
      </trkpt>
      <trkpt lat="36.822983" lon="-5.200971">
        <ele>699.306502</ele>
        <time>2026-05-17T12:08:29.000Z</time>
      </trkpt>
      <trkpt lat="36.823061" lon="-5.201072">
        <ele>698.688094</ele>
        <time>2026-05-17T12:08:37.000Z</time>
      </trkpt>
      <trkpt lat="36.823142" lon="-5.201159">
        <ele>698.100066</ele>
        <time>2026-05-17T12:08:44.000Z</time>
      </trkpt>
      <trkpt lat="36.823195" lon="-5.201210">
        <ele>697.731798</ele>
        <time>2026-05-17T12:08:49.000Z</time>
      </trkpt>
      <trkpt lat="36.823219" lon="-5.201235">
        <ele>697.559782</ele>
        <time>2026-05-17T12:08:52.000Z</time>
      </trkpt>
      <trkpt lat="36.823311" lon="-5.201323">
        <ele>696.921943</ele>
        <time>2026-05-17T12:09:00.000Z</time>
      </trkpt>
      <trkpt lat="36.823391" lon="-5.201400">
        <ele>696.366017</ele>
        <time>2026-05-17T12:09:08.000Z</time>
      </trkpt>
      <trkpt lat="36.823473" lon="-5.201491">
        <ele>695.762246</ele>
        <time>2026-05-17T12:09:16.000Z</time>
      </trkpt>
      <trkpt lat="36.823533" lon="-5.201562">
        <ele>695.307311</ele>
        <time>2026-05-17T12:09:24.000Z</time>
      </trkpt>
      <trkpt lat="36.823595" lon="-5.201593">
        <ele>694.939697</ele>
        <time>2026-05-17T12:09:29.000Z</time>
      </trkpt>
      <trkpt lat="36.823624" lon="-5.201609">
        <ele>694.765185</ele>
        <time>2026-05-17T12:09:31.000Z</time>
      </trkpt>
      <trkpt lat="36.823689" lon="-5.201657">
        <ele>694.349540</ele>
        <time>2026-05-17T12:09:38.000Z</time>
      </trkpt>
      <trkpt lat="36.823775" lon="-5.201737">
        <ele>693.759304</ele>
        <time>2026-05-17T12:09:45.000Z</time>
      </trkpt>
      <trkpt lat="36.823837" lon="-5.201778">
        <ele>693.373144</ele>
        <time>2026-05-17T12:09:51.000Z</time>
      </trkpt>
      <trkpt lat="36.823897" lon="-5.201827">
        <ele>692.978548</ele>
        <time>2026-05-17T12:09:58.000Z</time>
      </trkpt>
      <trkpt lat="36.823968" lon="-5.201906">
        <ele>692.455165</ele>
        <time>2026-05-17T12:10:06.000Z</time>
      </trkpt>
      <trkpt lat="36.824038" lon="-5.201980">
        <ele>691.950384</ele>
        <time>2026-05-17T12:10:14.000Z</time>
      </trkpt>
      <trkpt lat="36.824080" lon="-5.202010">
        <ele>691.684063</ele>
        <time>2026-05-17T12:10:19.000Z</time>
      </trkpt>
      <trkpt lat="36.824102" lon="-5.202026">
        <ele>691.541577</ele>
        <time>2026-05-17T12:10:21.000Z</time>
      </trkpt>
      <trkpt lat="36.824162" lon="-5.202082">
        <ele>691.011627</ele>
        <time>2026-05-17T12:10:27.000Z</time>
      </trkpt>
      <trkpt lat="36.824189" lon="-5.202125">
        <ele>690.702084</ele>
        <time>2026-05-17T12:10:31.000Z</time>
      </trkpt>
      <trkpt lat="36.824220" lon="-5.202160">
        <ele>690.406427</ele>
        <time>2026-05-17T12:10:34.000Z</time>
      </trkpt>
      <trkpt lat="36.824265" lon="-5.202225">
        <ele>689.919675</ele>
        <time>2026-05-17T12:10:40.000Z</time>
      </trkpt>
      <trkpt lat="36.824315" lon="-5.202282">
        <ele>689.440719</ele>
        <time>2026-05-17T12:10:48.000Z</time>
      </trkpt>
      <trkpt lat="36.824359" lon="-5.202337">
        <ele>689.000294</ele>
        <time>2026-05-17T12:10:53.000Z</time>
      </trkpt>
      <trkpt lat="36.824371" lon="-5.202357">
        <ele>688.858725</ele>
        <time>2026-05-17T12:10:55.000Z</time>
      </trkpt>
      <trkpt lat="36.824424" lon="-5.202416">
        <ele>688.356419</ele>
        <time>2026-05-17T12:11:03.000Z</time>
      </trkpt>
      <trkpt lat="36.824469" lon="-5.202464">
        <ele>687.937731</ele>
        <time>2026-05-17T12:11:09.000Z</time>
      </trkpt>
      <trkpt lat="36.824518" lon="-5.202489">
        <ele>687.563217</ele>
        <time>2026-05-17T12:11:15.000Z</time>
      </trkpt>
      <trkpt lat="36.824526" lon="-5.202496">
        <ele>687.494107</ele>
        <time>2026-05-17T12:11:17.000Z</time>
      </trkpt>
      <trkpt lat="36.824560" lon="-5.202539">
        <ele>687.151770</ele>
        <time>2026-05-17T12:11:22.000Z</time>
      </trkpt>
      <trkpt lat="36.824589" lon="-5.202575">
        <ele>686.862490</ele>
        <time>2026-05-17T12:11:25.000Z</time>
      </trkpt>
      <trkpt lat="36.824597" lon="-5.202595">
        <ele>686.735854</ele>
        <time>2026-05-17T12:11:28.000Z</time>
      </trkpt>
      <trkpt lat="36.824669" lon="-5.202661">
        <ele>686.103961</ele>
        <time>2026-05-17T12:11:34.000Z</time>
      </trkpt>
      <trkpt lat="36.824695" lon="-5.202677">
        <ele>685.898881</ele>
        <time>2026-05-17T12:11:37.000Z</time>
      </trkpt>
      <trkpt lat="36.824716" lon="-5.202688">
        <ele>685.737756</ele>
        <time>2026-05-17T12:11:40.000Z</time>
      </trkpt>
      <trkpt lat="36.824737" lon="-5.202714">
        <ele>685.528553</ele>
        <time>2026-05-17T12:11:43.000Z</time>
      </trkpt>
      <trkpt lat="36.824759" lon="-5.202739">
        <ele>685.318118</ele>
        <time>2026-05-17T12:11:45.000Z</time>
      </trkpt>
      <trkpt lat="36.824833" lon="-5.202824">
        <ele>684.606818</ele>
        <time>2026-05-17T12:11:53.000Z</time>
      </trkpt>
      <trkpt lat="36.824905" lon="-5.202918">
        <ele>683.869926</ele>
        <time>2026-05-17T12:12:01.000Z</time>
      </trkpt>
      <trkpt lat="36.824914" lon="-5.202945">
        <ele>683.704270</ele>
        <time>2026-05-17T12:12:03.000Z</time>
      </trkpt>
      <trkpt lat="36.824941" lon="-5.203014">
        <ele>683.269260</ele>
        <time>2026-05-17T12:12:09.000Z</time>
      </trkpt>
      <trkpt lat="36.824996" lon="-5.203076">
        <ele>682.745076</ele>
        <time>2026-05-17T12:12:15.000Z</time>
      </trkpt>
      <trkpt lat="36.825003" lon="-5.203085">
        <ele>682.674000</ele>
        <time>2026-05-17T12:12:16.000Z</time>
      </trkpt>
      <trkpt lat="36.825075" lon="-5.203173">
        <ele>681.961275</ele>
        <time>2026-05-17T12:12:24.000Z</time>
      </trkpt>
      <trkpt lat="36.825101" lon="-5.203230">
        <ele>681.589692</ele>
        <time>2026-05-17T12:12:28.000Z</time>
      </trkpt>
      <trkpt lat="36.825106" lon="-5.203251">
        <ele>681.465599</ele>
        <time>2026-05-17T12:12:30.000Z</time>
      </trkpt>
      <trkpt lat="36.825178" lon="-5.203311">
        <ele>680.853198</ele>
        <time>2026-05-17T12:12:39.000Z</time>
      </trkpt>
      <trkpt lat="36.825209" lon="-5.203332">
        <ele>680.603675</ele>
        <time>2026-05-17T12:12:42.000Z</time>
      </trkpt>
      <trkpt lat="36.825236" lon="-5.203360">
        <ele>680.355382</ele>
        <time>2026-05-17T12:12:45.000Z</time>
      </trkpt>
      <trkpt lat="36.825269" lon="-5.203433">
        <ele>679.880537</ele>
        <time>2026-05-17T12:12:51.000Z</time>
      </trkpt>
      <trkpt lat="36.825318" lon="-5.203521">
        <ele>679.273380</ele>
        <time>2026-05-17T12:12:57.000Z</time>
      </trkpt>
      <trkpt lat="36.825338" lon="-5.203554">
        <ele>679.038940</ele>
        <time>2026-05-17T12:13:01.000Z</time>
      </trkpt>
      <trkpt lat="36.825362" lon="-5.203579">
        <ele>678.813049</ele>
        <time>2026-05-17T12:13:04.000Z</time>
      </trkpt>
      <trkpt lat="36.825403" lon="-5.203631">
        <ele>678.137111</ele>
        <time>2026-05-17T12:13:10.000Z</time>
      </trkpt>
      <trkpt lat="36.825422" lon="-5.203649">
        <ele>677.861240</ele>
        <time>2026-05-17T12:13:12.000Z</time>
      </trkpt>
      <trkpt lat="36.825447" lon="-5.203679">
        <ele>677.460194</ele>
        <time>2026-05-17T12:13:15.000Z</time>
      </trkpt>
      <trkpt lat="36.825453" lon="-5.203689">
        <ele>677.344459</ele>
        <time>2026-05-17T12:13:16.000Z</time>
      </trkpt>
      <trkpt lat="36.825489" lon="-5.203735">
        <ele>676.748696</ele>
        <time>2026-05-17T12:13:20.000Z</time>
      </trkpt>
      <trkpt lat="36.825502" lon="-5.203755">
        <ele>676.510108</ele>
        <time>2026-05-17T12:13:22.000Z</time>
      </trkpt>
      <trkpt lat="36.825521" lon="-5.203801">
        <ele>676.030746</ele>
        <time>2026-05-17T12:13:27.000Z</time>
      </trkpt>
      <trkpt lat="36.825533" lon="-5.203821">
        <ele>675.799276</ele>
        <time>2026-05-17T12:13:29.000Z</time>
      </trkpt>
      <trkpt lat="36.825580" lon="-5.203875">
        <ele>675.060532</ele>
        <time>2026-05-17T12:13:35.000Z</time>
      </trkpt>
      <trkpt lat="36.825592" lon="-5.203879">
        <ele>674.916845</ele>
        <time>2026-05-17T12:13:36.000Z</time>
      </trkpt>
      <trkpt lat="36.825629" lon="-5.203911">
        <ele>674.396217</ele>
        <time>2026-05-17T12:13:42.000Z</time>
      </trkpt>
      <trkpt lat="36.825683" lon="-5.203927">
        <ele>673.754151</ele>
        <time>2026-05-17T12:13:47.000Z</time>
      </trkpt>
      <trkpt lat="36.825694" lon="-5.203934">
        <ele>673.611331</ele>
        <time>2026-05-17T12:13:48.000Z</time>
      </trkpt>
      <trkpt lat="36.825728" lon="-5.203975">
        <ele>673.064624</ele>
        <time>2026-05-17T12:13:54.000Z</time>
      </trkpt>
      <trkpt lat="36.825785" lon="-5.204029">
        <ele>672.237013</ele>
        <time>2026-05-17T12:14:01.000Z</time>
      </trkpt>
      <trkpt lat="36.825784" lon="-5.204030">
        <ele>672.222194</ele>
        <time>2026-05-17T12:14:04.000Z</time>
      </trkpt>
      <trkpt lat="36.825785" lon="-5.204041">
        <ele>672.119671</ele>
        <time>2026-05-17T12:14:08.000Z</time>
      </trkpt>
      <trkpt lat="36.825781" lon="-5.204050">
        <ele>672.024340</ele>
        <time>2026-05-17T12:14:09.000Z</time>
      </trkpt>
      <trkpt lat="36.825813" lon="-5.204072">
        <ele>671.601769</ele>
        <time>2026-05-17T12:14:14.000Z</time>
      </trkpt>
      <trkpt lat="36.825830" lon="-5.204072">
        <ele>671.405093</ele>
        <time>2026-05-17T12:14:18.000Z</time>
      </trkpt>
      <trkpt lat="36.825859" lon="-5.204095">
        <ele>671.007688</ele>
        <time>2026-05-17T12:14:22.000Z</time>
      </trkpt>
      <trkpt lat="36.825861" lon="-5.204101">
        <ele>670.947499</ele>
        <time>2026-05-17T12:14:23.000Z</time>
      </trkpt>
      <trkpt lat="36.825901" lon="-5.204165">
        <ele>670.195551</ele>
        <time>2026-05-17T12:14:29.000Z</time>
      </trkpt>
      <trkpt lat="36.825947" lon="-5.204223">
        <ele>669.439434</ele>
        <time>2026-05-17T12:14:35.000Z</time>
      </trkpt>
      <trkpt lat="36.825971" lon="-5.204231">
        <ele>669.152060</ele>
        <time>2026-05-17T12:14:37.000Z</time>
      </trkpt>
      <trkpt lat="36.826024" lon="-5.204272">
        <ele>668.430856</ele>
        <time>2026-05-17T12:14:42.000Z</time>
      </trkpt>
      <trkpt lat="36.826050" lon="-5.204277">
        <ele>668.126515</ele>
        <time>2026-05-17T12:14:44.000Z</time>
      </trkpt>
      <trkpt lat="36.826059" lon="-5.204279">
        <ele>668.020758</ele>
        <time>2026-05-17T12:14:45.000Z</time>
      </trkpt>
      <trkpt lat="36.826100" lon="-5.204299">
        <ele>667.511545</ele>
        <time>2026-05-17T12:14:49.000Z</time>
      </trkpt>
      <trkpt lat="36.826129" lon="-5.204324">
        <ele>667.103913</ele>
        <time>2026-05-17T12:14:52.000Z</time>
      </trkpt>
      <trkpt lat="36.826160" lon="-5.204367">
        <ele>666.568007</ele>
        <time>2026-05-17T12:14:57.000Z</time>
      </trkpt>
      <trkpt lat="36.826165" lon="-5.204376">
        <ele>666.466555</ele>
        <time>2026-05-17T12:14:58.000Z</time>
      </trkpt>
      <trkpt lat="36.826234" lon="-5.204416">
        <ele>665.586524</ele>
        <time>2026-05-17T12:15:04.000Z</time>
      </trkpt>
      <trkpt lat="36.826257" lon="-5.204438">
        <ele>665.251395</ele>
        <time>2026-05-17T12:15:06.000Z</time>
      </trkpt>
      <trkpt lat="36.826305" lon="-5.204466">
        <ele>664.638520</ele>
        <time>2026-05-17T12:15:12.000Z</time>
      </trkpt>
      <trkpt lat="36.826316" lon="-5.204467">
        <ele>664.510923</ele>
        <time>2026-05-17T12:15:13.000Z</time>
      </trkpt>
      <trkpt lat="36.826383" lon="-5.204512">
        <ele>663.630869</ele>
        <time>2026-05-17T12:15:19.000Z</time>
      </trkpt>
      <trkpt lat="36.826399" lon="-5.204535">
        <ele>663.348679</ele>
        <time>2026-05-17T12:15:22.000Z</time>
      </trkpt>
      <trkpt lat="36.826427" lon="-5.204553">
        <ele>662.984371</ele>
        <time>2026-05-17T12:15:25.000Z</time>
      </trkpt>
      <trkpt lat="36.826446" lon="-5.204567">
        <ele>662.729171</ele>
        <time>2026-05-17T12:15:28.000Z</time>
      </trkpt>
      <trkpt lat="36.826447" lon="-5.204573">
        <ele>662.672416</ele>
        <time>2026-05-17T12:15:32.000Z</time>
      </trkpt>
      <trkpt lat="36.826468" lon="-5.204598">
        <ele>662.336819</ele>
        <time>2026-05-17T12:15:43.000Z</time>
      </trkpt>
      <trkpt lat="36.826513" lon="-5.204597">
        <ele>661.816124</ele>
        <time>2026-05-17T12:15:46.000Z</time>
      </trkpt>
      <trkpt lat="36.826569" lon="-5.204609">
        <ele>661.158789</ele>
        <time>2026-05-17T12:15:49.000Z</time>
      </trkpt>
      <trkpt lat="36.826580" lon="-5.204613">
        <ele>661.026247</ele>
        <time>2026-05-17T12:15:50.000Z</time>
      </trkpt>
      <trkpt lat="36.826629" lon="-5.204626">
        <ele>660.446716</ele>
        <time>2026-05-17T12:15:55.000Z</time>
      </trkpt>
      <trkpt lat="36.826652" lon="-5.204628">
        <ele>660.179981</ele>
        <time>2026-05-17T12:15:57.000Z</time>
      </trkpt>
      <trkpt lat="36.826695" lon="-5.204645">
        <ele>659.658191</ele>
        <time>2026-05-17T12:16:02.000Z</time>
      </trkpt>
      <trkpt lat="36.826690" lon="-5.204668">
        <ele>659.437483</ele>
        <time>2026-05-17T12:16:07.000Z</time>
      </trkpt>
      <trkpt lat="36.826695" lon="-5.204664">
        <ele>659.368793</ele>
        <time>2026-05-17T12:16:10.000Z</time>
      </trkpt>
      <trkpt lat="36.826701" lon="-5.204656">
        <ele>659.267270</ele>
        <time>2026-05-17T12:16:11.000Z</time>
      </trkpt>
      <trkpt lat="36.826701" lon="-5.204647">
        <ele>659.183925</ele>
        <time>2026-05-17T12:16:16.000Z</time>
      </trkpt>
      <trkpt lat="36.826698" lon="-5.204647">
        <ele>659.149218</ele>
        <time>2026-05-17T12:16:25.000Z</time>
      </trkpt>
      <trkpt lat="36.826698" lon="-5.204647">
        <ele>659.149218</ele>
        <time>2026-05-17T12:16:26.000Z</time>
      </trkpt>
      <trkpt lat="36.826690" lon="-5.204639">
        <ele>659.030665</ele>
        <time>2026-05-17T12:16:35.000Z</time>
      </trkpt>
      <trkpt lat="36.826703" lon="-5.204631">
        <ele>658.863010</ele>
        <time>2026-05-17T12:16:45.000Z</time>
      </trkpt>
      <trkpt lat="36.826696" lon="-5.204682">
        <ele>658.383828</ele>
        <time>2026-05-17T12:16:54.000Z</time>
      </trkpt>
      <trkpt lat="36.826696" lon="-5.204685">
        <ele>658.356046</ele>
        <time>2026-05-17T12:16:55.000Z</time>
      </trkpt>
      <trkpt lat="36.826690" lon="-5.204696">
        <ele>658.232778</ele>
        <time>2026-05-17T12:17:00.000Z</time>
      </trkpt>
      <trkpt lat="36.826687" lon="-5.204699">
        <ele>658.188320</ele>
        <time>2026-05-17T12:17:01.000Z</time>
      </trkpt>
      <trkpt lat="36.826665" lon="-5.204710">
        <ele>657.927628</ele>
        <time>2026-05-17T12:17:05.000Z</time>
      </trkpt>
      <trkpt lat="36.826663" lon="-5.204702">
        <ele>657.860215</ele>
        <time>2026-05-17T12:17:07.000Z</time>
      </trkpt>
      <trkpt lat="36.826727" lon="-5.204663">
        <ele>657.144674</ele>
        <time>2026-05-17T12:17:13.000Z</time>
      </trkpt>
      <trkpt lat="36.826737" lon="-5.204651">
        <ele>657.005341</ele>
        <time>2026-05-17T12:17:15.000Z</time>
      </trkpt>
      <trkpt lat="36.826738" lon="-5.204648">
        <ele>656.979202</ele>
        <time>2026-05-17T12:17:20.000Z</time>
      </trkpt>
      <trkpt lat="36.826740" lon="-5.204647">
        <ele>656.957555</ele>
        <time>2026-05-17T12:17:21.000Z</time>
      </trkpt>
      <trkpt lat="36.826743" lon="-5.204615">
        <ele>656.698405</ele>
        <time>2026-05-17T12:17:29.000Z</time>
      </trkpt>
      <trkpt lat="36.826741" lon="-5.204589">
        <ele>656.488312</ele>
        <time>2026-05-17T12:17:39.000Z</time>
      </trkpt>
      <trkpt lat="36.826742" lon="-5.204593">
        <ele>656.454605</ele>
        <time>2026-05-17T12:17:40.000Z</time>
      </trkpt>
      <trkpt lat="36.826742" lon="-5.204603">
        <ele>656.374171</ele>
        <time>2026-05-17T12:17:42.000Z</time>
      </trkpt>
      <trkpt lat="36.826735" lon="-5.204619">
        <ele>656.227507</ele>
        <time>2026-05-17T12:17:45.000Z</time>
      </trkpt>
      <trkpt lat="36.826711" lon="-5.204617">
        <ele>655.985804</ele>
        <time>2026-05-17T12:17:51.000Z</time>
      </trkpt>
      <trkpt lat="36.826711" lon="-5.204621">
        <ele>655.953630</ele>
        <time>2026-05-17T12:17:52.000Z</time>
      </trkpt>
      <trkpt lat="36.826724" lon="-5.204633">
        <ele>655.791208</ele>
        <time>2026-05-17T12:18:01.000Z</time>
      </trkpt>
      <trkpt lat="36.826724" lon="-5.204609">
        <ele>655.598165</ele>
        <time>2026-05-17T12:18:12.000Z</time>
      </trkpt>
      <trkpt lat="36.826759" lon="-5.204632">
        <ele>655.200774</ele>
        <time>2026-05-17T12:18:19.000Z</time>
      </trkpt>
      <trkpt lat="36.826848" lon="-5.204674">
        <ele>654.244768</ele>
        <time>2026-05-17T12:18:26.000Z</time>
      </trkpt>
      <trkpt lat="36.826904" lon="-5.204701">
        <ele>653.641591</ele>
        <time>2026-05-17T12:18:33.000Z</time>
      </trkpt>
      <trkpt lat="36.826911" lon="-5.204706">
        <ele>653.560565</ele>
        <time>2026-05-17T12:18:34.000Z</time>
      </trkpt>
      <trkpt lat="36.826920" lon="-5.204709">
        <ele>653.466964</ele>
        <time>2026-05-17T12:18:35.000Z</time>
      </trkpt>
      <trkpt lat="36.826947" lon="-5.204710">
        <ele>653.195531</ele>
        <time>2026-05-17T12:18:40.000Z</time>
      </trkpt>
      <trkpt lat="36.826981" lon="-5.204714">
        <ele>652.852366</ele>
        <time>2026-05-17T12:18:46.000Z</time>
      </trkpt>
      <trkpt lat="36.827041" lon="-5.204746">
        <ele>652.196806</ele>
        <time>2026-05-17T12:18:52.000Z</time>
      </trkpt>
      <trkpt lat="36.827064" lon="-5.204762">
        <ele>651.932272</ele>
        <time>2026-05-17T12:18:55.000Z</time>
      </trkpt>
      <trkpt lat="36.827077" lon="-5.204770">
        <ele>651.786651</ele>
        <time>2026-05-17T12:18:57.000Z</time>
      </trkpt>
      <trkpt lat="36.827101" lon="-5.204768">
        <ele>651.544948</ele>
        <time>2026-05-17T12:19:00.000Z</time>
      </trkpt>
      <trkpt lat="36.827176" lon="-5.204734">
        <ele>650.743216</ele>
        <time>2026-05-17T12:19:07.000Z</time>
      </trkpt>
      <trkpt lat="36.827184" lon="-5.204725">
        <ele>650.635037</ele>
        <time>2026-05-17T12:19:08.000Z</time>
      </trkpt>
      <trkpt lat="36.827218" lon="-5.204676">
        <ele>650.113440</ele>
        <time>2026-05-17T12:19:14.000Z</time>
      </trkpt>
      <trkpt lat="36.827220" lon="-5.204667">
        <ele>650.038312</ele>
        <time>2026-05-17T12:19:15.000Z</time>
      </trkpt>
      <trkpt lat="36.827244" lon="-5.204615">
        <ele>649.555507</ele>
        <time>2026-05-17T12:19:21.000Z</time>
      </trkpt>
      <trkpt lat="36.827256" lon="-5.204598">
        <ele>649.373196</ele>
        <time>2026-05-17T12:19:23.000Z</time>
      </trkpt>
      <trkpt lat="36.827302" lon="-5.204528">
        <ele>648.644722</ele>
        <time>2026-05-17T12:19:30.000Z</time>
      </trkpt>
      <trkpt lat="36.827310" lon="-5.204511">
        <ele>648.486104</ele>
        <time>2026-05-17T12:19:31.000Z</time>
      </trkpt>
      <trkpt lat="36.827325" lon="-5.204464">
        <ele>648.079124</ele>
        <time>2026-05-17T12:19:36.000Z</time>
      </trkpt>
      <trkpt lat="36.827349" lon="-5.204387">
        <ele>647.414485</ele>
        <time>2026-05-17T12:19:41.000Z</time>
      </trkpt>
      <trkpt lat="36.827374" lon="-5.204349">
        <ele>647.018846</ele>
        <time>2026-05-17T12:19:48.000Z</time>
      </trkpt>
      <trkpt lat="36.827372" lon="-5.204349">
        <ele>646.998748</ele>
        <time>2026-05-17T12:19:49.000Z</time>
      </trkpt>
      <trkpt lat="36.827381" lon="-5.204314">
        <ele>646.703060</ele>
        <time>2026-05-17T12:19:54.000Z</time>
      </trkpt>
      <trkpt lat="36.827393" lon="-5.204281">
        <ele>646.411522</ele>
        <time>2026-05-17T12:19:57.000Z</time>
      </trkpt>
      <trkpt lat="36.827416" lon="-5.204249">
        <ele>646.065597</ele>
        <time>2026-05-17T12:20:03.000Z</time>
      </trkpt>
      <trkpt lat="36.827426" lon="-5.204248">
        <ele>645.964789</ele>
        <time>2026-05-17T12:20:06.000Z</time>
      </trkpt>
      <trkpt lat="36.827458" lon="-5.204205">
        <ele>645.492538</ele>
        <time>2026-05-17T12:20:13.000Z</time>
      </trkpt>
      <trkpt lat="36.827475" lon="-5.204182">
        <ele>645.240733</ele>
        <time>2026-05-17T12:20:20.000Z</time>
      </trkpt>
      <trkpt lat="36.827504" lon="-5.204120">
        <ele>644.663143</ele>
        <time>2026-05-17T12:20:25.000Z</time>
      </trkpt>
      <trkpt lat="36.827508" lon="-5.204116">
        <ele>644.611657</ele>
        <time>2026-05-17T12:20:26.000Z</time>
      </trkpt>
      <trkpt lat="36.827545" lon="-5.204047">
        <ele>643.943637</ele>
        <time>2026-05-17T12:20:33.000Z</time>
      </trkpt>
      <trkpt lat="36.827553" lon="-5.204031">
        <ele>643.791899</ele>
        <time>2026-05-17T12:20:35.000Z</time>
      </trkpt>
      <trkpt lat="36.827581" lon="-5.203958">
        <ele>643.140802</ele>
        <time>2026-05-17T12:20:43.000Z</time>
      </trkpt>
      <trkpt lat="36.827583" lon="-5.203947">
        <ele>643.050071</ele>
        <time>2026-05-17T12:20:44.000Z</time>
      </trkpt>
      <trkpt lat="36.827598" lon="-5.203867">
        <ele>642.389184</ele>
        <time>2026-05-17T12:20:51.000Z</time>
      </trkpt>
      <trkpt lat="36.827587" lon="-5.203790">
        <ele>641.760059</ele>
        <time>2026-05-17T12:20:59.000Z</time>
      </trkpt>
      <trkpt lat="36.827586" lon="-5.203723">
        <ele>641.221060</ele>
        <time>2026-05-17T12:21:05.000Z</time>
      </trkpt>
      <trkpt lat="36.827585" lon="-5.203686">
        <ele>640.923287</ele>
        <time>2026-05-17T12:21:09.000Z</time>
      </trkpt>
      <trkpt lat="36.827580" lon="-5.203674">
        <ele>640.814472</ele>
        <time>2026-05-17T12:21:12.000Z</time>
      </trkpt>
      <trkpt lat="36.827573" lon="-5.203608">
        <ele>640.278971</ele>
        <time>2026-05-17T12:21:20.000Z</time>
      </trkpt>
      <trkpt lat="36.827570" lon="-5.203583">
        <ele>640.075640</ele>
        <time>2026-05-17T12:21:23.000Z</time>
      </trkpt>
      <trkpt lat="36.827562" lon="-5.203517">
        <ele>639.899173</ele>
        <time>2026-05-17T12:21:29.000Z</time>
      </trkpt>
      <trkpt lat="36.827556" lon="-5.203461">
        <ele>639.850256</ele>
        <time>2026-05-17T12:21:35.000Z</time>
      </trkpt>
      <trkpt lat="36.827553" lon="-5.203431">
        <ele>639.824080</ele>
        <time>2026-05-17T12:21:42.000Z</time>
      </trkpt>
      <trkpt lat="36.827551" lon="-5.203353">
        <ele>639.756512</ele>
        <time>2026-05-17T12:21:48.000Z</time>
      </trkpt>
      <trkpt lat="36.827548" lon="-5.203331">
        <ele>639.737190</ele>
        <time>2026-05-17T12:21:49.000Z</time>
      </trkpt>
      <trkpt lat="36.827533" lon="-5.203234">
        <ele>639.651654</ele>
        <time>2026-05-17T12:21:55.000Z</time>
      </trkpt>
      <trkpt lat="36.827526" lon="-5.203173">
        <ele>639.598300</ele>
        <time>2026-05-17T12:22:01.000Z</time>
      </trkpt>
      <trkpt lat="36.827521" lon="-5.203120">
        <ele>639.552095</ele>
        <time>2026-05-17T12:22:04.000Z</time>
      </trkpt>
      <trkpt lat="36.827518" lon="-5.203054">
        <ele>639.494860</ele>
        <time>2026-05-17T12:22:08.000Z</time>
      </trkpt>
      <trkpt lat="36.827526" lon="-5.202976">
        <ele>639.426775</ele>
        <time>2026-05-17T12:22:14.000Z</time>
      </trkpt>
      <trkpt lat="36.827543" lon="-5.202913">
        <ele>639.369213</ele>
        <time>2026-05-17T12:22:18.000Z</time>
      </trkpt>
      <trkpt lat="36.827579" lon="-5.202860">
        <ele>639.309031</ele>
        <time>2026-05-17T12:22:22.000Z</time>
      </trkpt>
      <trkpt lat="36.827653" lon="-5.202798">
        <ele>639.212655</ele>
        <time>2026-05-17T12:22:28.000Z</time>
      </trkpt>
      <trkpt lat="36.827715" lon="-5.202742">
        <ele>639.129901</ele>
        <time>2026-05-17T12:22:35.000Z</time>
      </trkpt>
      <trkpt lat="36.827790" lon="-5.202652">
        <ele>639.017415</ele>
        <time>2026-05-17T12:22:45.000Z</time>
      </trkpt>
      <trkpt lat="36.827889" lon="-5.202622">
        <ele>638.907226</ele>
        <time>2026-05-17T12:22:53.000Z</time>
      </trkpt>
      <trkpt lat="36.827932" lon="-5.202648">
        <ele>638.855554</ele>
        <time>2026-05-17T12:22:59.000Z</time>
      </trkpt>
      <trkpt lat="36.827941" lon="-5.202669">
        <ele>638.834930</ele>
        <time>2026-05-17T12:23:03.000Z</time>
      </trkpt>
      <trkpt lat="36.827962" lon="-5.202686">
        <ele>638.807864</ele>
        <time>2026-05-17T12:23:05.000Z</time>
      </trkpt>
      <trkpt lat="36.827992" lon="-5.202699">
        <ele>638.773517</ele>
        <time>2026-05-17T12:23:08.000Z</time>
      </trkpt>
      <trkpt lat="36.828044" lon="-5.202713">
        <ele>638.715980</ele>
        <time>2026-05-17T12:23:13.000Z</time>
      </trkpt>
      <trkpt lat="36.828100" lon="-5.202736">
        <ele>638.652218</ele>
        <time>2026-05-17T12:23:18.000Z</time>
      </trkpt>
      <trkpt lat="36.828123" lon="-5.202744">
        <ele>638.626394</ele>
        <time>2026-05-17T12:23:20.000Z</time>
      </trkpt>
      <trkpt lat="36.828200" lon="-5.202755">
        <ele>638.542563</ele>
        <time>2026-05-17T12:23:26.000Z</time>
      </trkpt>
      <trkpt lat="36.828211" lon="-5.202747">
        <ele>638.528796</ele>
        <time>2026-05-17T12:23:28.000Z</time>
      </trkpt>
      <trkpt lat="36.828240" lon="-5.202734">
        <ele>638.495470</ele>
        <time>2026-05-17T12:23:31.000Z</time>
      </trkpt>
      <trkpt lat="36.828304" lon="-5.202714">
        <ele>638.424111</ele>
        <time>2026-05-17T12:23:37.000Z</time>
      </trkpt>
      <trkpt lat="36.828383" lon="-5.202639">
        <ele>638.316787</ele>
        <time>2026-05-17T12:23:45.000Z</time>
      </trkpt>
      <trkpt lat="36.828426" lon="-5.202561">
        <ele>638.234788</ele>
        <time>2026-05-17T12:23:51.000Z</time>
      </trkpt>
      <trkpt lat="36.828431" lon="-5.202551">
        <ele>638.224580</ele>
        <time>2026-05-17T12:23:52.000Z</time>
      </trkpt>
      <trkpt lat="36.828482" lon="-5.202479">
        <ele>638.141339</ele>
        <time>2026-05-17T12:23:59.000Z</time>
      </trkpt>
      <trkpt lat="36.828547" lon="-5.202390">
        <ele>638.037029</ele>
        <time>2026-05-17T12:24:07.000Z</time>
      </trkpt>
      <trkpt lat="36.828595" lon="-5.202299">
        <ele>638.129311</ele>
        <time>2026-05-17T12:24:14.000Z</time>
      </trkpt>
      <trkpt lat="36.828640" lon="-5.202250">
        <ele>638.285990</ele>
        <time>2026-05-17T12:24:20.000Z</time>
      </trkpt>
      <trkpt lat="36.828715" lon="-5.202178">
        <ele>638.534251</ele>
        <time>2026-05-17T12:24:27.000Z</time>
      </trkpt>
      <trkpt lat="36.828749" lon="-5.202154">
        <ele>638.636752</ele>
        <time>2026-05-17T12:24:31.000Z</time>
      </trkpt>
      <trkpt lat="36.828780" lon="-5.202139">
        <ele>638.724009</ele>
        <time>2026-05-17T12:24:34.000Z</time>
      </trkpt>
      <trkpt lat="36.828867" lon="-5.202138">
        <ele>638.952370</ele>
        <time>2026-05-17T12:24:41.000Z</time>
      </trkpt>
      <trkpt lat="36.828881" lon="-5.202141">
        <ele>638.989653</ele>
        <time>2026-05-17T12:24:42.000Z</time>
      </trkpt>
      <trkpt lat="36.828923" lon="-5.202154">
        <ele>639.103225</ele>
        <time>2026-05-17T12:24:46.000Z</time>
      </trkpt>
      <trkpt lat="36.828945" lon="-5.202166">
        <ele>639.166233</ele>
        <time>2026-05-17T12:24:49.000Z</time>
      </trkpt>
      <trkpt lat="36.829025" lon="-5.202203">
        <ele>639.390139</ele>
        <time>2026-05-17T12:24:56.000Z</time>
      </trkpt>
      <trkpt lat="36.829037" lon="-5.202210">
        <ele>639.424900</ele>
        <time>2026-05-17T12:24:57.000Z</time>
      </trkpt>
      <trkpt lat="36.829123" lon="-5.202277">
        <ele>639.690920</ele>
        <time>2026-05-17T12:25:05.000Z</time>
      </trkpt>
      <trkpt lat="36.829146" lon="-5.202304">
        <ele>639.773758</ele>
        <time>2026-05-17T12:25:08.000Z</time>
      </trkpt>
      <trkpt lat="36.829178" lon="-5.202345">
        <ele>639.894067</ele>
        <time>2026-05-17T12:25:12.000Z</time>
      </trkpt>
      <trkpt lat="36.829223" lon="-5.202418">
        <ele>640.087644</ele>
        <time>2026-05-17T12:25:18.000Z</time>
      </trkpt>
      <trkpt lat="36.829256" lon="-5.202449">
        <ele>640.196014</ele>
        <time>2026-05-17T12:25:21.000Z</time>
      </trkpt>
      <trkpt lat="36.829299" lon="-5.202484">
        <ele>640.330718</ele>
        <time>2026-05-17T12:25:25.000Z</time>
      </trkpt>
      <trkpt lat="36.829374" lon="-5.202563">
        <ele>640.588203</ele>
        <time>2026-05-17T12:25:34.000Z</time>
      </trkpt>
      <trkpt lat="36.829405" lon="-5.202584">
        <ele>640.680761</ele>
        <time>2026-05-17T12:25:37.000Z</time>
      </trkpt>
      <trkpt lat="36.829442" lon="-5.202598">
        <ele>640.782233</ele>
        <time>2026-05-17T12:25:41.000Z</time>
      </trkpt>
      <trkpt lat="36.829513" lon="-5.202620">
        <ele>640.974235</ele>
        <time>2026-05-17T12:25:46.000Z</time>
      </trkpt>
      <trkpt lat="36.829602" lon="-5.202628">
        <ele>641.208441</ele>
        <time>2026-05-17T12:25:53.000Z</time>
      </trkpt>
      <trkpt lat="36.829588" lon="-5.202609">
        <ele>641.262697</ele>
        <time>2026-05-17T12:25:57.000Z</time>
      </trkpt>
      <trkpt lat="36.829587" lon="-5.202611">
        <ele>641.267651</ele>
        <time>2026-05-17T12:25:59.000Z</time>
      </trkpt>
      <trkpt lat="36.829595" lon="-5.202608">
        <ele>641.289574</ele>
        <time>2026-05-17T12:26:02.000Z</time>
      </trkpt>
      <trkpt lat="36.829661" lon="-5.202617">
        <ele>641.463836</ele>
        <time>2026-05-17T12:26:07.000Z</time>
      </trkpt>
      <trkpt lat="36.829728" lon="-5.202612">
        <ele>641.640007</ele>
        <time>2026-05-17T12:26:13.000Z</time>
      </trkpt>
      <trkpt lat="36.829759" lon="-5.202615">
        <ele>641.721618</ele>
        <time>2026-05-17T12:26:15.000Z</time>
      </trkpt>
      <trkpt lat="36.829775" lon="-5.202617">
        <ele>641.763823</ele>
        <time>2026-05-17T12:26:16.000Z</time>
      </trkpt>
      <trkpt lat="36.829843" lon="-5.202634">
        <ele>641.945844</ele>
        <time>2026-05-17T12:26:20.000Z</time>
      </trkpt>
      <trkpt lat="36.829920" lon="-5.202671">
        <ele>642.162382</ele>
        <time>2026-05-17T12:26:26.000Z</time>
      </trkpt>
      <trkpt lat="36.830017" lon="-5.202704">
        <ele>642.426252</ele>
        <time>2026-05-17T12:26:34.000Z</time>
      </trkpt>
      <trkpt lat="36.830060" lon="-5.202709">
        <ele>642.539604</ele>
        <time>2026-05-17T12:26:38.000Z</time>
      </trkpt>
      <trkpt lat="36.830090" lon="-5.202711">
        <ele>642.618458</ele>
        <time>2026-05-17T12:26:40.000Z</time>
      </trkpt>
      <trkpt lat="36.830190" lon="-5.202708">
        <ele>642.472843</ele>
        <time>2026-05-17T12:26:48.000Z</time>
      </trkpt>
      <trkpt lat="36.830260" lon="-5.202708">
        <ele>642.196209</ele>
        <time>2026-05-17T12:26:54.000Z</time>
      </trkpt>
      <trkpt lat="36.830352" lon="-5.202699">
        <ele>641.831520</ele>
        <time>2026-05-17T12:27:01.000Z</time>
      </trkpt>
      <trkpt lat="36.830438" lon="-5.202689">
        <ele>641.490187</ele>
        <time>2026-05-17T12:27:08.000Z</time>
      </trkpt>
      <trkpt lat="36.830520" lon="-5.202667">
        <ele>641.158742</ele>
        <time>2026-05-17T12:27:15.000Z</time>
      </trkpt>
      <trkpt lat="36.830611" lon="-5.202663">
        <ele>640.798896</ele>
        <time>2026-05-17T12:27:22.000Z</time>
      </trkpt>
      <trkpt lat="36.830693" lon="-5.202641">
        <ele>640.467451</ele>
        <time>2026-05-17T12:27:29.000Z</time>
      </trkpt>
      <trkpt lat="36.830737" lon="-5.202607">
        <ele>640.262996</ele>
        <time>2026-05-17T12:27:34.000Z</time>
      </trkpt>
      <trkpt lat="36.830750" lon="-5.202596">
        <ele>640.200947</ele>
        <time>2026-05-17T12:27:35.000Z</time>
      </trkpt>
      <trkpt lat="36.830823" lon="-5.202552">
        <ele>639.880639</ele>
        <time>2026-05-17T12:27:43.000Z</time>
      </trkpt>
      <trkpt lat="36.830868" lon="-5.202555">
        <ele>639.702550</ele>
        <time>2026-05-17T12:27:51.000Z</time>
      </trkpt>
      <trkpt lat="36.830906" lon="-5.202558">
        <ele>639.552078</ele>
        <time>2026-05-17T12:27:56.000Z</time>
      </trkpt>
      <trkpt lat="36.830951" lon="-5.202538">
        <ele>639.363325</ele>
        <time>2026-05-17T12:28:00.000Z</time>
      </trkpt>
      <trkpt lat="36.831041" lon="-5.202506">
        <ele>638.993530</ele>
        <time>2026-05-17T12:28:08.000Z</time>
      </trkpt>
      <trkpt lat="36.831094" lon="-5.202491">
        <ele>638.778772</ele>
        <time>2026-05-17T12:28:14.000Z</time>
      </trkpt>
      <trkpt lat="36.831102" lon="-5.202493">
        <ele>638.746530</ele>
        <time>2026-05-17T12:28:15.000Z</time>
      </trkpt>
      <trkpt lat="36.831181" lon="-5.202512">
        <ele>638.428596</ele>
        <time>2026-05-17T12:28:22.000Z</time>
      </trkpt>
      <trkpt lat="36.831319" lon="-5.202525">
        <ele>637.881684</ele>
        <time>2026-05-17T12:28:34.000Z</time>
      </trkpt>
      <trkpt lat="36.831395" lon="-5.202507">
        <ele>637.575990</ele>
        <time>2026-05-17T12:28:43.000Z</time>
      </trkpt>
      <trkpt lat="36.831465" lon="-5.202517">
        <ele>637.297554</ele>
        <time>2026-05-17T12:28:49.000Z</time>
      </trkpt>
      <trkpt lat="36.831492" lon="-5.202513">
        <ele>637.190104</ele>
        <time>2026-05-17T12:28:51.000Z</time>
      </trkpt>
      <trkpt lat="36.831553" lon="-5.202481">
        <ele>636.928650</ele>
        <time>2026-05-17T12:28:57.000Z</time>
      </trkpt>
      <trkpt lat="36.831562" lon="-5.202472">
        <ele>636.883092</ele>
        <time>2026-05-17T12:29:00.000Z</time>
      </trkpt>
      <trkpt lat="36.831556" lon="-5.202482">
        <ele>636.843561</ele>
        <time>2026-05-17T12:29:04.000Z</time>
      </trkpt>
      <trkpt lat="36.831548" lon="-5.202484">
        <ele>636.811319</ele>
        <time>2026-05-17T12:29:09.000Z</time>
      </trkpt>
      <trkpt lat="36.831562" lon="-5.202490">
        <ele>636.752827</ele>
        <time>2026-05-17T12:29:14.000Z</time>
      </trkpt>
      <trkpt lat="36.831567" lon="-5.202540">
        <ele>636.593442</ele>
        <time>2026-05-17T12:29:19.000Z</time>
      </trkpt>
      <trkpt lat="36.831579" lon="-5.202556">
        <ele>636.524086</ele>
        <time>2026-05-17T12:29:21.000Z</time>
      </trkpt>
      <trkpt lat="36.831586" lon="-5.202569">
        <ele>636.474526</ele>
        <time>2026-05-17T12:29:23.000Z</time>
      </trkpt>
      <trkpt lat="36.831603" lon="-5.202620">
        <ele>636.299777</ele>
        <time>2026-05-17T12:29:28.000Z</time>
      </trkpt>
      <trkpt lat="36.831626" lon="-5.202649">
        <ele>636.170641</ele>
        <time>2026-05-17T12:29:31.000Z</time>
      </trkpt>
      <trkpt lat="36.831721" lon="-5.202695">
        <ele>635.767999</ele>
        <time>2026-05-17T12:29:41.000Z</time>
      </trkpt>
      <trkpt lat="36.831728" lon="-5.202698">
        <ele>635.738753</ele>
        <time>2026-05-17T12:29:42.000Z</time>
      </trkpt>
      <trkpt lat="36.831776" lon="-5.202732">
        <ele>635.390301</ele>
        <time>2026-05-17T12:29:50.000Z</time>
      </trkpt>
      <trkpt lat="36.831788" lon="-5.202737">
        <ele>635.267340</ele>
        <time>2026-05-17T12:29:51.000Z</time>
      </trkpt>
      <trkpt lat="36.831806" lon="-5.202743">
        <ele>635.086253</ele>
        <time>2026-05-17T12:29:52.000Z</time>
      </trkpt>
      <trkpt lat="36.831849" lon="-5.202780">
        <ele>634.578738</ele>
        <time>2026-05-17T12:30:00.000Z</time>
      </trkpt>
      <trkpt lat="36.831916" lon="-5.202829">
        <ele>633.824097</ele>
        <time>2026-05-17T12:30:10.000Z</time>
      </trkpt>
      <trkpt lat="36.831957" lon="-5.202849">
        <ele>633.396262</ele>
        <time>2026-05-17T12:30:14.000Z</time>
      </trkpt>
      <trkpt lat="36.831973" lon="-5.202860">
        <ele>633.218744</ele>
        <time>2026-05-17T12:30:16.000Z</time>
      </trkpt>
      <trkpt lat="36.831999" lon="-5.202873">
        <ele>632.946526</ele>
        <time>2026-05-17T12:30:18.000Z</time>
      </trkpt>
      <trkpt lat="36.832017" lon="-5.202884">
        <ele>632.751751</ele>
        <time>2026-05-17T12:30:20.000Z</time>
      </trkpt>
      <trkpt lat="36.832078" lon="-5.202951">
        <ele>631.962254</ele>
        <time>2026-05-17T12:30:26.000Z</time>
      </trkpt>
      <trkpt lat="36.832081" lon="-5.202951">
        <ele>631.933093</ele>
        <time>2026-05-17T12:30:27.000Z</time>
      </trkpt>
      <trkpt lat="36.832081" lon="-5.202939">
        <ele>631.839731</ele>
        <time>2026-05-17T12:30:29.000Z</time>
      </trkpt>
      <trkpt lat="36.832101" lon="-5.202939">
        <ele>631.645323</ele>
        <time>2026-05-17T12:30:31.000Z</time>
      </trkpt>
      <trkpt lat="36.832105" lon="-5.202938">
        <ele>631.605671</ele>
        <time>2026-05-17T12:30:32.000Z</time>
      </trkpt>
      <trkpt lat="36.832109" lon="-5.202936">
        <ele>631.563791</ele>
        <time>2026-05-17T12:30:33.000Z</time>
      </trkpt>
      <trkpt lat="36.832165" lon="-5.202930">
        <ele>631.017452</ele>
        <time>2026-05-17T12:30:36.000Z</time>
      </trkpt>
      <trkpt lat="36.832168" lon="-5.202931">
        <ele>630.987270</ele>
        <time>2026-05-17T12:30:38.000Z</time>
      </trkpt>
      <trkpt lat="36.832198" lon="-5.202966">
        <ele>630.588287</ele>
        <time>2026-05-17T12:30:46.000Z</time>
      </trkpt>
      <trkpt lat="36.832209" lon="-5.202982">
        <ele>630.424188</ele>
        <time>2026-05-17T12:30:50.000Z</time>
      </trkpt>
      <trkpt lat="36.832231" lon="-5.202997">
        <ele>630.180568</ele>
        <time>2026-05-17T12:30:54.000Z</time>
      </trkpt>
      <trkpt lat="36.832261" lon="-5.202989">
        <ele>629.882388</ele>
        <time>2026-05-17T12:31:02.000Z</time>
      </trkpt>
      <trkpt lat="36.832310" lon="-5.203006">
        <ele>629.388067</ele>
        <time>2026-05-17T12:31:08.000Z</time>
      </trkpt>
      <trkpt lat="36.832344" lon="-5.203050">
        <ele>628.912238</ele>
        <time>2026-05-17T12:31:15.000Z</time>
      </trkpt>
      <trkpt lat="36.832351" lon="-5.203055">
        <ele>628.833860</ele>
        <time>2026-05-17T12:31:16.000Z</time>
      </trkpt>
      <trkpt lat="36.832419" lon="-5.203107">
        <ele>628.058891</ele>
        <time>2026-05-17T12:31:25.000Z</time>
      </trkpt>
      <trkpt lat="36.832426" lon="-5.203112">
        <ele>627.980514</ele>
        <time>2026-05-17T12:31:26.000Z</time>
      </trkpt>
      <trkpt lat="36.832465" lon="-5.203149">
        <ele>627.504511</ele>
        <time>2026-05-17T12:31:33.000Z</time>
      </trkpt>
      <trkpt lat="36.832470" lon="-5.203147">
        <ele>627.453479</ele>
        <time>2026-05-17T12:31:34.000Z</time>
      </trkpt>
      <trkpt lat="36.832510" lon="-5.203178">
        <ele>626.995934</ele>
        <time>2026-05-17T12:31:40.000Z</time>
      </trkpt>
      <trkpt lat="36.832528" lon="-5.203199">
        <ele>626.756545</ele>
        <time>2026-05-17T12:31:43.000Z</time>
      </trkpt>
      <trkpt lat="36.832563" lon="-5.203221">
        <ele>626.375701</ele>
        <time>2026-05-17T12:31:48.000Z</time>
      </trkpt>
      <trkpt lat="36.832594" lon="-5.203252">
        <ele>625.989734</ele>
        <time>2026-05-17T12:31:52.000Z</time>
      </trkpt>
      <trkpt lat="36.832620" lon="-5.203265">
        <ele>625.717518</ele>
        <time>2026-05-17T12:31:55.000Z</time>
      </trkpt>
      <trkpt lat="36.832650" lon="-5.203294">
        <ele>625.348813</ele>
        <time>2026-05-17T12:32:01.000Z</time>
      </trkpt>
      <trkpt lat="36.832660" lon="-5.203305">
        <ele>625.219304</ele>
        <time>2026-05-17T12:32:03.000Z</time>
      </trkpt>
      <trkpt lat="36.832678" lon="-5.203326">
        <ele>624.979914</ele>
        <time>2026-05-17T12:32:07.000Z</time>
      </trkpt>
      <trkpt lat="36.832685" lon="-5.203331">
        <ele>624.901537</ele>
        <time>2026-05-17T12:32:08.000Z</time>
      </trkpt>
      <trkpt lat="36.832745" lon="-5.203373">
        <ele>624.233013</ele>
        <time>2026-05-17T12:32:14.000Z</time>
      </trkpt>
      <trkpt lat="36.832771" lon="-5.203442">
        <ele>623.639671</ele>
        <time>2026-05-17T12:32:20.000Z</time>
      </trkpt>
      <trkpt lat="36.832779" lon="-5.203467">
        <ele>623.430200</ele>
        <time>2026-05-17T12:32:22.000Z</time>
      </trkpt>
      <trkpt lat="36.832798" lon="-5.203507">
        <ele>623.068320</ele>
        <time>2026-05-17T12:32:25.000Z</time>
      </trkpt>
      <trkpt lat="36.832831" lon="-5.203560">
        <ele>622.545900</ele>
        <time>2026-05-17T12:32:29.000Z</time>
      </trkpt>
      <trkpt lat="36.832846" lon="-5.203602">
        <ele>622.188082</ele>
        <time>2026-05-17T12:32:34.000Z</time>
      </trkpt>
      <trkpt lat="36.832874" lon="-5.203666">
        <ele>621.620626</ele>
        <time>2026-05-17T12:32:41.000Z</time>
      </trkpt>
      <trkpt lat="36.832880" lon="-5.203690">
        <ele>621.425008</ele>
        <time>2026-05-17T12:32:43.000Z</time>
      </trkpt>
      <trkpt lat="36.832924" lon="-5.203784">
        <ele>620.577798</ele>
        <time>2026-05-17T12:32:50.000Z</time>
      </trkpt>
      <trkpt lat="36.832936" lon="-5.203797">
        <ele>620.423411</ele>
        <time>2026-05-17T12:32:52.000Z</time>
      </trkpt>
      <trkpt lat="36.832984" lon="-5.203822">
        <ele>619.917915</ele>
        <time>2026-05-17T12:32:58.000Z</time>
      </trkpt>
      <trkpt lat="36.833001" lon="-5.203843">
        <ele>619.685536</ele>
        <time>2026-05-17T12:33:01.000Z</time>
      </trkpt>
      <trkpt lat="36.833025" lon="-5.203883">
        <ele>619.296601</ele>
        <time>2026-05-17T12:33:07.000Z</time>
      </trkpt>
      <trkpt lat="36.833018" lon="-5.203920">
        <ele>619.000806</ele>
        <time>2026-05-17T12:33:09.000Z</time>
      </trkpt>
      <trkpt lat="36.833032" lon="-5.203950">
        <ele>618.730629</ele>
        <time>2026-05-17T12:33:12.000Z</time>
      </trkpt>
      <trkpt lat="36.833051" lon="-5.203966">
        <ele>618.507907</ele>
        <time>2026-05-17T12:33:14.000Z</time>
      </trkpt>
      <trkpt lat="36.833105" lon="-5.204009">
        <ele>618.044405</ele>
        <time>2026-05-17T12:33:20.000Z</time>
      </trkpt>
      <trkpt lat="36.833126" lon="-5.204025">
        <ele>617.962960</ele>
        <time>2026-05-17T12:33:22.000Z</time>
      </trkpt>
      <trkpt lat="36.833176" lon="-5.204081">
        <ele>617.740614</ele>
        <time>2026-05-17T12:33:29.000Z</time>
      </trkpt>
      <trkpt lat="36.833186" lon="-5.204092">
        <ele>617.696497</ele>
        <time>2026-05-17T12:33:30.000Z</time>
      </trkpt>
      <trkpt lat="36.833249" lon="-5.204164">
        <ele>617.413781</ele>
        <time>2026-05-17T12:33:39.000Z</time>
      </trkpt>
      <trkpt lat="36.833298" lon="-5.204194">
        <ele>617.233097</ele>
        <time>2026-05-17T12:33:47.000Z</time>
      </trkpt>
      <trkpt lat="36.833328" lon="-5.204212">
        <ele>617.122899</ele>
        <time>2026-05-17T12:33:55.000Z</time>
      </trkpt>
      <trkpt lat="36.833339" lon="-5.204224">
        <ele>617.074546</ele>
        <time>2026-05-17T12:33:56.000Z</time>
      </trkpt>
      <trkpt lat="36.833359" lon="-5.204259">
        <ele>616.960572</ele>
        <time>2026-05-17T12:34:02.000Z</time>
      </trkpt>
      <trkpt lat="36.833368" lon="-5.204256">
        <ele>616.929729</ele>
        <time>2026-05-17T12:34:06.000Z</time>
      </trkpt>
      <trkpt lat="36.833384" lon="-5.204281">
        <ele>616.844895</ele>
        <time>2026-05-17T12:34:12.000Z</time>
      </trkpt>
      <trkpt lat="36.833421" lon="-5.204318">
        <ele>616.687970</ele>
        <time>2026-05-17T12:34:19.000Z</time>
      </trkpt>
      <trkpt lat="36.833430" lon="-5.204323">
        <ele>616.655355</ele>
        <time>2026-05-17T12:34:20.000Z</time>
      </trkpt>
      <trkpt lat="36.833485" lon="-5.204340">
        <ele>616.467748</ele>
        <time>2026-05-17T12:34:26.000Z</time>
      </trkpt>
      <trkpt lat="36.833542" lon="-5.204324">
        <ele>616.274303</ele>
        <time>2026-05-17T12:34:35.000Z</time>
      </trkpt>
      <trkpt lat="36.833541" lon="-5.204321">
        <ele>616.265690</ele>
        <time>2026-05-17T12:34:36.000Z</time>
      </trkpt>
      <trkpt lat="36.833539" lon="-5.204316">
        <ele>616.250876</ele>
        <time>2026-05-17T12:34:39.000Z</time>
      </trkpt>
      <trkpt lat="36.833549" lon="-5.204303">
        <ele>616.203091</ele>
        <time>2026-05-17T12:34:48.000Z</time>
      </trkpt>
      <trkpt lat="36.833616" lon="-5.204348">
        <ele>615.951215</ele>
        <time>2026-05-17T12:34:56.000Z</time>
      </trkpt>
      <trkpt lat="36.833720" lon="-5.204352">
        <ele>615.606684</ele>
        <time>2026-05-17T12:35:04.000Z</time>
      </trkpt>
      <trkpt lat="36.833771" lon="-5.204300">
        <ele>615.388716</ele>
        <time>2026-05-17T12:35:11.000Z</time>
      </trkpt>
      <trkpt lat="36.833798" lon="-5.204244">
        <ele>615.215455</ele>
        <time>2026-05-17T12:35:17.000Z</time>
      </trkpt>
      <trkpt lat="36.833801" lon="-5.204225">
        <ele>615.164130</ele>
        <time>2026-05-17T12:35:20.000Z</time>
      </trkpt>
      <trkpt lat="36.833819" lon="-5.204215">
        <ele>615.098901</ele>
        <time>2026-05-17T12:35:28.000Z</time>
      </trkpt>
      <trkpt lat="36.833818" lon="-5.204209">
        <ele>615.082658</ele>
        <time>2026-05-17T12:35:29.000Z</time>
      </trkpt>
      <trkpt lat="36.833865" lon="-5.204131">
        <ele>614.823907</ele>
        <time>2026-05-17T12:35:36.000Z</time>
      </trkpt>
      <trkpt lat="36.833858" lon="-5.204095">
        <ele>614.725723</ele>
        <time>2026-05-17T12:35:43.000Z</time>
      </trkpt>
      <trkpt lat="36.833836" lon="-5.204071">
        <ele>614.629016</ele>
        <time>2026-05-17T12:35:52.000Z</time>
      </trkpt>
      <trkpt lat="36.833831" lon="-5.204056">
        <ele>614.585952</ele>
        <time>2026-05-17T12:36:01.000Z</time>
      </trkpt>
      <trkpt lat="36.833834" lon="-5.204059">
        <ele>614.573229</ele>
        <time>2026-05-17T12:36:03.000Z</time>
      </trkpt>
      <trkpt lat="36.833827" lon="-5.204076">
        <ele>614.522562</ele>
        <time>2026-05-17T12:36:12.000Z</time>
      </trkpt>
      <trkpt lat="36.833841" lon="-5.204078">
        <ele>614.475903</ele>
        <time>2026-05-17T12:36:22.000Z</time>
      </trkpt>
      <trkpt lat="36.833809" lon="-5.204067">
        <ele>614.366006</ele>
        <time>2026-05-17T12:36:25.000Z</time>
      </trkpt>
      <trkpt lat="36.833813" lon="-5.204058">
        <ele>614.338724</ele>
        <time>2026-05-17T12:36:28.000Z</time>
      </trkpt>
      <trkpt lat="36.833856" lon="-5.204044">
        <ele>614.191586</ele>
        <time>2026-05-17T12:36:36.000Z</time>
      </trkpt>
      <trkpt lat="36.833859" lon="-5.204043">
        <ele>614.181305</ele>
        <time>2026-05-17T12:36:38.000Z</time>
      </trkpt>
      <trkpt lat="36.833843" lon="-5.204060">
        <ele>614.111758</ele>
        <time>2026-05-17T12:36:46.000Z</time>
      </trkpt>
      <trkpt lat="36.833848" lon="-5.204087">
        <ele>614.038312</ele>
        <time>2026-05-17T12:36:55.000Z</time>
      </trkpt>
      <trkpt lat="36.833889" lon="-5.204089">
        <ele>613.902448</ele>
        <time>2026-05-17T12:37:05.000Z</time>
      </trkpt>
      <trkpt lat="36.833908" lon="-5.204058">
        <ele>613.798969</ele>
        <time>2026-05-17T12:37:16.000Z</time>
      </trkpt>
      <trkpt lat="36.833860" lon="-5.204017">
        <ele>613.606437</ele>
        <time>2026-05-17T12:37:23.000Z</time>
      </trkpt>
      <trkpt lat="36.833844" lon="-5.204015">
        <ele>613.553193</ele>
        <time>2026-05-17T12:37:30.000Z</time>
      </trkpt>
      <trkpt lat="36.833835" lon="-5.204000">
        <ele>613.503510</ele>
        <time>2026-05-17T12:37:35.000Z</time>
      </trkpt>
      <trkpt lat="36.833836" lon="-5.203981">
        <ele>613.453047</ele>
        <time>2026-05-17T12:37:37.000Z</time>
      </trkpt>
      <trkpt lat="36.833833" lon="-5.203975">
        <ele>613.434297</ele>
        <time>2026-05-17T12:37:38.000Z</time>
      </trkpt>
      <trkpt lat="36.833830" lon="-5.203972">
        <ele>613.421574</ele>
        <time>2026-05-17T12:37:39.000Z</time>
      </trkpt>
      <trkpt lat="36.833823" lon="-5.203969">
        <ele>613.397069</ele>
        <time>2026-05-17T12:37:40.000Z</time>
      </trkpt>
      <trkpt lat="36.833819" lon="-5.203966">
        <ele>613.381621</ele>
        <time>2026-05-17T12:37:41.000Z</time>
      </trkpt>
      <trkpt lat="36.833818" lon="-5.203956">
        <ele>613.354913</ele>
        <time>2026-05-17T12:37:47.000Z</time>
      </trkpt>
      <trkpt lat="36.833855" lon="-5.203916">
        <ele>613.192901</ele>
        <time>2026-05-17T12:37:55.000Z</time>
      </trkpt>
      <trkpt lat="36.833867" lon="-5.203853">
        <ele>613.021273</ele>
        <time>2026-05-17T12:38:05.000Z</time>
      </trkpt>
      <trkpt lat="36.833867" lon="-5.203854">
        <ele>613.018623</ele>
        <time>2026-05-17T12:38:06.000Z</time>
      </trkpt>
      <trkpt lat="36.833869" lon="-5.203850">
        <ele>613.006123</ele>
        <time>2026-05-17T12:38:09.000Z</time>
      </trkpt>
      <trkpt lat="36.833881" lon="-5.203844">
        <ele>612.963325</ele>
        <time>2026-05-17T12:38:12.000Z</time>
      </trkpt>
      <trkpt lat="36.833885" lon="-5.203847">
        <ele>612.947877</ele>
        <time>2026-05-17T12:38:13.000Z</time>
      </trkpt>
      <trkpt lat="36.833910" lon="-5.203857">
        <ele>612.860957</ele>
        <time>2026-05-17T12:38:18.000Z</time>
      </trkpt>
      <trkpt lat="36.833898" lon="-5.203875">
        <ele>612.798872</ele>
        <time>2026-05-17T12:38:24.000Z</time>
      </trkpt>
      <trkpt lat="36.833900" lon="-5.203874">
        <ele>612.791739</ele>
        <time>2026-05-17T12:38:25.000Z</time>
      </trkpt>
      <trkpt lat="36.833872" lon="-5.203867">
        <ele>612.697187</ele>
        <time>2026-05-17T12:38:33.000Z</time>
      </trkpt>
      <trkpt lat="36.833866" lon="-5.203850">
        <ele>612.647947</ele>
        <time>2026-05-17T12:38:42.000Z</time>
      </trkpt>
      <trkpt lat="36.833849" lon="-5.203853">
        <ele>612.591098</ele>
        <time>2026-05-17T12:38:49.000Z</time>
      </trkpt>
      <trkpt lat="36.833850" lon="-5.203858">
        <ele>612.577439</ele>
        <time>2026-05-17T12:38:51.000Z</time>
      </trkpt>
      <trkpt lat="36.833854" lon="-5.203861">
        <ele>612.561991</ele>
        <time>2026-05-17T12:38:52.000Z</time>
      </trkpt>
      <trkpt lat="36.833860" lon="-5.203860">
        <ele>612.541948</ele>
        <time>2026-05-17T12:38:53.000Z</time>
      </trkpt>
      <trkpt lat="36.833860" lon="-5.203864">
        <ele>612.531347</ele>
        <time>2026-05-17T12:38:56.000Z</time>
      </trkpt>
      <trkpt lat="36.833860" lon="-5.203869">
        <ele>612.518095</ele>
        <time>2026-05-17T12:38:59.000Z</time>
      </trkpt>
      <trkpt lat="36.833826" lon="-5.203860">
        <ele>612.403015</ele>
        <time>2026-05-17T12:39:10.000Z</time>
      </trkpt>
      <trkpt lat="36.833835" lon="-5.203876">
        <ele>612.351186</ele>
        <time>2026-05-17T12:39:14.000Z</time>
      </trkpt>
      <trkpt lat="36.833839" lon="-5.203876">
        <ele>612.337941</ele>
        <time>2026-05-17T12:39:15.000Z</time>
      </trkpt>
      <trkpt lat="36.833842" lon="-5.203875">
        <ele>612.327660</ele>
        <time>2026-05-17T12:39:16.000Z</time>
      </trkpt>
      <trkpt lat="36.833843" lon="-5.203877">
        <ele>612.321411</ele>
        <time>2026-05-17T12:39:18.000Z</time>
      </trkpt>
      <trkpt lat="36.833845" lon="-5.203880">
        <ele>612.311063</ele>
        <time>2026-05-17T12:39:19.000Z</time>
      </trkpt>
      <trkpt lat="36.833842" lon="-5.203887">
        <ele>612.290019</ele>
        <time>2026-05-17T12:39:21.000Z</time>
      </trkpt>
      <trkpt lat="36.833817" lon="-5.203925">
        <ele>612.174246</ele>
        <time>2026-05-17T12:39:29.000Z</time>
      </trkpt>
      <trkpt lat="36.833823" lon="-5.203920">
        <ele>612.181620</ele>
        <time>2026-05-17T12:39:37.000Z</time>
      </trkpt>
      <trkpt lat="36.833846" lon="-5.203879">
        <ele>612.222594</ele>
        <time>2026-05-17T12:39:50.000Z</time>
      </trkpt>
      <trkpt lat="36.833829" lon="-5.203879">
        <ele>612.239976</ele>
        <time>2026-05-17T12:39:54.000Z</time>
      </trkpt>
      <trkpt lat="36.833831" lon="-5.203879">
        <ele>612.242021</ele>
        <time>2026-05-17T12:39:58.000Z</time>
      </trkpt>
      <trkpt lat="36.833832" lon="-5.203844">
        <ele>612.270682</ele>
        <time>2026-05-17T12:40:07.000Z</time>
      </trkpt>
      <trkpt lat="36.833805" lon="-5.203822">
        <ele>612.303641</ele>
        <time>2026-05-17T12:40:16.000Z</time>
      </trkpt>
      <trkpt lat="36.833792" lon="-5.203854">
        <ele>612.333009</ele>
        <time>2026-05-17T12:40:24.000Z</time>
      </trkpt>
      <trkpt lat="36.833866" lon="-5.203858">
        <ele>612.408742</ele>
        <time>2026-05-17T12:40:35.000Z</time>
      </trkpt>
      <trkpt lat="36.833884" lon="-5.203858">
        <ele>612.427147</ele>
        <time>2026-05-17T12:40:40.000Z</time>
      </trkpt>
      <trkpt lat="36.833846" lon="-5.203882">
        <ele>612.470683</ele>
        <time>2026-05-17T12:40:48.000Z</time>
      </trkpt>
      <trkpt lat="36.833882" lon="-5.203876">
        <ele>612.507818</ele>
        <time>2026-05-17T12:40:58.000Z</time>
      </trkpt>
      <trkpt lat="36.833876" lon="-5.203884">
        <ele>612.516790</ele>
        <time>2026-05-17T12:41:10.000Z</time>
      </trkpt>
      <trkpt lat="36.833870" lon="-5.203886">
        <ele>612.523139</ele>
        <time>2026-05-17T12:41:19.000Z</time>
      </trkpt>
      <trkpt lat="36.833872" lon="-5.203882">
        <ele>612.526999</ele>
        <time>2026-05-17T12:41:26.000Z</time>
      </trkpt>
      <trkpt lat="36.833869" lon="-5.203883">
        <ele>612.530174</ele>
        <time>2026-05-17T12:41:29.000Z</time>
      </trkpt>
      <trkpt lat="36.833874" lon="-5.203914">
        <ele>612.556053</ele>
        <time>2026-05-17T12:41:38.000Z</time>
      </trkpt>
      <trkpt lat="36.833888" lon="-5.203903">
        <ele>612.572963</ele>
        <time>2026-05-17T12:41:46.000Z</time>
      </trkpt>
      <trkpt lat="36.833887" lon="-5.203889">
        <ele>612.584466</ele>
        <time>2026-05-17T12:41:49.000Z</time>
      </trkpt>
      <trkpt lat="36.833887" lon="-5.203883">
        <ele>612.589376</ele>
        <time>2026-05-17T12:41:52.000Z</time>
      </trkpt>
      <trkpt lat="36.833892" lon="-5.203878">
        <ele>612.595924</ele>
        <time>2026-05-17T12:41:56.000Z</time>
      </trkpt>
      <trkpt lat="36.833894" lon="-5.203896">
        <ele>612.610796</ele>
        <time>2026-05-17T12:42:04.000Z</time>
      </trkpt>
      <trkpt lat="36.833897" lon="-5.203894">
        <ele>612.614273</ele>
        <time>2026-05-17T12:42:07.000Z</time>
      </trkpt>
      <trkpt lat="36.833864" lon="-5.203896">
        <ele>612.648054</ele>
        <time>2026-05-17T12:42:15.000Z</time>
      </trkpt>
      <trkpt lat="36.833867" lon="-5.203889">
        <ele>612.654552</ele>
        <time>2026-05-17T12:42:22.000Z</time>
      </trkpt>
      <trkpt lat="36.833863" lon="-5.203899">
        <ele>612.663701</ele>
        <time>2026-05-17T12:42:26.000Z</time>
      </trkpt>
      <trkpt lat="36.833882" lon="-5.203885">
        <ele>612.686254</ele>
        <time>2026-05-17T12:42:35.000Z</time>
      </trkpt>
      <trkpt lat="36.833862" lon="-5.203896">
        <ele>612.708598</ele>
        <time>2026-05-17T12:42:45.000Z</time>
      </trkpt>
      <trkpt lat="36.833834" lon="-5.203942">
        <ele>612.755892</ele>
        <time>2026-05-17T12:42:55.000Z</time>
      </trkpt>
      <trkpt lat="36.833850" lon="-5.203934">
        <ele>612.773513</ele>
        <time>2026-05-17T12:43:05.000Z</time>
      </trkpt>
      <trkpt lat="36.833881" lon="-5.203923">
        <ele>612.806463</ele>
        <time>2026-05-17T12:43:10.000Z</time>
      </trkpt>
      <trkpt lat="36.833918" lon="-5.203909">
        <ele>612.845991</ele>
        <time>2026-05-17T12:43:15.000Z</time>
      </trkpt>
      <trkpt lat="36.833909" lon="-5.203899">
        <ele>612.858306</ele>
        <time>2026-05-17T12:43:22.000Z</time>
      </trkpt>
      <trkpt lat="36.833872" lon="-5.203878">
        <ele>612.899858</ele>
        <time>2026-05-17T12:43:29.000Z</time>
      </trkpt>
      <trkpt lat="36.833873" lon="-5.203865">
        <ele>612.910546</ele>
        <time>2026-05-17T12:43:30.000Z</time>
      </trkpt>
      <trkpt lat="36.833857" lon="-5.203771">
        <ele>612.989192</ele>
        <time>2026-05-17T12:43:39.000Z</time>
      </trkpt>
      <trkpt lat="36.833855" lon="-5.203731">
        <ele>613.021991</ele>
        <time>2026-05-17T12:43:44.000Z</time>
      </trkpt>
      <trkpt lat="36.833854" lon="-5.203732">
        <ele>613.023300</ele>
        <time>2026-05-17T12:43:49.000Z</time>
      </trkpt>
      <trkpt lat="36.833856" lon="-5.203728">
        <ele>613.027160</ele>
        <time>2026-05-17T12:44:00.000Z</time>
      </trkpt>
      <trkpt lat="36.833868" lon="-5.203674">
        <ele>613.073023</ele>
        <time>2026-05-17T12:44:09.000Z</time>
      </trkpt>
      <trkpt lat="36.833862" lon="-5.203643">
        <ele>613.099124</ele>
        <time>2026-05-17T12:44:12.000Z</time>
      </trkpt>
      <trkpt lat="36.833857" lon="-5.203621">
        <ele>613.117840</ele>
        <time>2026-05-17T12:44:14.000Z</time>
      </trkpt>
      <trkpt lat="36.833857" lon="-5.203606">
        <ele>613.130115</ele>
        <time>2026-05-17T12:44:15.000Z</time>
      </trkpt>
      <trkpt lat="36.833855" lon="-5.203495">
        <ele>613.220977</ele>
        <time>2026-05-17T12:44:25.000Z</time>
      </trkpt>
      <trkpt lat="36.833824" lon="-5.203381">
        <ele>613.319507</ele>
        <time>2026-05-17T12:44:35.000Z</time>
      </trkpt>
      <trkpt lat="36.833797" lon="-5.203379">
        <ele>613.347163</ele>
        <time>2026-05-17T12:44:40.000Z</time>
      </trkpt>
      <trkpt lat="36.833795" lon="-5.203376">
        <ele>613.350358</ele>
        <time>2026-05-17T12:44:41.000Z</time>
      </trkpt>
      <trkpt lat="36.833835" lon="-5.203325">
        <ele>613.408793</ele>
        <time>2026-05-17T12:44:49.000Z</time>
      </trkpt>
      <trkpt lat="36.833847" lon="-5.203316">
        <ele>613.423104</ele>
        <time>2026-05-17T12:44:55.000Z</time>
      </trkpt>
      <trkpt lat="36.833851" lon="-5.203323">
        <ele>613.430142</ele>
        <time>2026-05-17T12:44:57.000Z</time>
      </trkpt>
      <trkpt lat="36.833847" lon="-5.203282">
        <ele>613.463944</ele>
        <time>2026-05-17T12:45:04.000Z</time>
      </trkpt>
      <trkpt lat="36.833851" lon="-5.203191">
        <ele>613.538527</ele>
        <time>2026-05-17T12:45:09.000Z</time>
      </trkpt>
      <trkpt lat="36.833862" lon="-5.203116">
        <ele>613.600926</ele>
        <time>2026-05-17T12:45:15.000Z</time>
      </trkpt>
      <trkpt lat="36.833864" lon="-5.203055">
        <ele>613.650888</ele>
        <time>2026-05-17T12:45:19.000Z</time>
      </trkpt>
      <trkpt lat="36.833869" lon="-5.203027">
        <ele>613.674366</ele>
        <time>2026-05-17T12:45:23.000Z</time>
      </trkpt>
      <trkpt lat="36.833885" lon="-5.203005">
        <ele>613.698692</ele>
        <time>2026-05-17T12:45:32.000Z</time>
      </trkpt>
      <trkpt lat="36.833893" lon="-5.202966">
        <ele>613.731640</ele>
        <time>2026-05-17T12:45:35.000Z</time>
      </trkpt>
      <trkpt lat="36.833890" lon="-5.202921">
        <ele>613.768594</ele>
        <time>2026-05-17T12:45:38.000Z</time>
      </trkpt>
      <trkpt lat="36.833866" lon="-5.202839">
        <ele>613.840046</ele>
        <time>2026-05-17T12:45:44.000Z</time>
      </trkpt>
      <trkpt lat="36.833874" lon="-5.202714">
        <ele>613.942668</ele>
        <time>2026-05-17T12:45:52.000Z</time>
      </trkpt>
      <trkpt lat="36.833920" lon="-5.202619">
        <ele>613.945769</ele>
        <time>2026-05-17T12:45:58.000Z</time>
      </trkpt>
      <trkpt lat="36.833957" lon="-5.202559">
        <ele>613.777884</ele>
        <time>2026-05-17T12:46:04.000Z</time>
      </trkpt>
      <trkpt lat="36.834010" lon="-5.202492">
        <ele>613.569086</ele>
        <time>2026-05-17T12:46:12.000Z</time>
      </trkpt>
      <trkpt lat="36.834017" lon="-5.202480">
        <ele>613.536173</ele>
        <time>2026-05-17T12:46:13.000Z</time>
      </trkpt>
      <trkpt lat="36.834058" lon="-5.202406">
        <ele>613.336687</ele>
        <time>2026-05-17T12:46:18.000Z</time>
      </trkpt>
      <trkpt lat="36.834074" lon="-5.202384">
        <ele>613.270799</ele>
        <time>2026-05-17T12:46:20.000Z</time>
      </trkpt>
      <trkpt lat="36.834105" lon="-5.202352">
        <ele>613.159440</ele>
        <time>2026-05-17T12:46:25.000Z</time>
      </trkpt>
      <trkpt lat="36.834144" lon="-5.202326">
        <ele>613.037023</ele>
        <time>2026-05-17T12:46:33.000Z</time>
      </trkpt>
      <trkpt lat="36.834206" lon="-5.202255">
        <ele>612.804116</ele>
        <time>2026-05-17T12:46:39.000Z</time>
      </trkpt>
      <trkpt lat="36.834214" lon="-5.202201">
        <ele>612.682392</ele>
        <time>2026-05-17T12:46:46.000Z</time>
      </trkpt>
      <trkpt lat="36.834211" lon="-5.202099">
        <ele>612.456156</ele>
        <time>2026-05-17T12:46:52.000Z</time>
      </trkpt>
      <trkpt lat="36.834216" lon="-5.201991">
        <ele>612.216375</ele>
        <time>2026-05-17T12:47:00.000Z</time>
      </trkpt>
      <trkpt lat="36.834221" lon="-5.201959">
        <ele>612.144108</ele>
        <time>2026-05-17T12:47:06.000Z</time>
      </trkpt>
      <trkpt lat="36.834208" lon="-5.201939">
        <ele>612.087001</ele>
        <time>2026-05-17T12:47:11.000Z</time>
      </trkpt>
      <trkpt lat="36.834207" lon="-5.201904">
        <ele>612.009374</ele>
        <time>2026-05-17T12:47:14.000Z</time>
      </trkpt>
      <trkpt lat="36.834247" lon="-5.201831">
        <ele>611.813284</ele>
        <time>2026-05-17T12:47:21.000Z</time>
      </trkpt>
      <trkpt lat="36.834275" lon="-5.201722">
        <ele>611.559547</ele>
        <time>2026-05-17T12:47:28.000Z</time>
      </trkpt>
      <trkpt lat="36.834306" lon="-5.201645">
        <ele>611.368502</ele>
        <time>2026-05-17T12:47:36.000Z</time>
      </trkpt>
      <trkpt lat="36.834303" lon="-5.201638">
        <ele>611.350902</ele>
        <time>2026-05-17T12:47:39.000Z</time>
      </trkpt>
      <trkpt lat="36.834304" lon="-5.201632">
        <ele>611.337318</ele>
        <time>2026-05-17T12:47:40.000Z</time>
      </trkpt>
      <trkpt lat="36.834309" lon="-5.201615">
        <ele>611.297174</ele>
        <time>2026-05-17T12:47:46.000Z</time>
      </trkpt>
      <trkpt lat="36.834313" lon="-5.201573">
        <ele>611.203425</ele>
        <time>2026-05-17T12:47:53.000Z</time>
      </trkpt>
      <trkpt lat="36.834331" lon="-5.201537">
        <ele>611.109340</ele>
        <time>2026-05-17T12:48:01.000Z</time>
      </trkpt>
      <trkpt lat="36.834413" lon="-5.201491">
        <ele>610.860416</ele>
        <time>2026-05-17T12:48:08.000Z</time>
      </trkpt>
      <trkpt lat="36.834463" lon="-5.201458">
        <ele>610.703818</ele>
        <time>2026-05-17T12:48:17.000Z</time>
      </trkpt>
      <trkpt lat="36.834507" lon="-5.201445">
        <ele>610.578607</ele>
        <time>2026-05-17T12:48:25.000Z</time>
      </trkpt>
      <trkpt lat="36.834523" lon="-5.201449">
        <ele>610.533420</ele>
        <time>2026-05-17T12:48:29.000Z</time>
      </trkpt>
      <trkpt lat="36.834533" lon="-5.201438">
        <ele>610.496523</ele>
        <time>2026-05-17T12:48:32.000Z</time>
      </trkpt>
      <trkpt lat="36.834540" lon="-5.201438">
        <ele>610.477138</ele>
        <time>2026-05-17T12:48:33.000Z</time>
      </trkpt>
      <trkpt lat="36.834556" lon="-5.201444">
        <ele>610.430876</ele>
        <time>2026-05-17T12:48:36.000Z</time>
      </trkpt>
      <trkpt lat="36.834603" lon="-5.201467">
        <ele>610.291090</ele>
        <time>2026-05-17T12:48:41.000Z</time>
      </trkpt>
      <trkpt lat="36.834621" lon="-5.201477">
        <ele>610.236536</ele>
        <time>2026-05-17T12:48:45.000Z</time>
      </trkpt>
      <trkpt lat="36.834641" lon="-5.201486">
        <ele>610.177667</ele>
        <time>2026-05-17T12:48:51.000Z</time>
      </trkpt>
      <trkpt lat="36.834704" lon="-5.201508">
        <ele>609.996513</ele>
        <time>2026-05-17T12:48:58.000Z</time>
      </trkpt>
      <trkpt lat="36.834738" lon="-5.201541">
        <ele>609.877284</ele>
        <time>2026-05-17T12:49:06.000Z</time>
      </trkpt>
      <trkpt lat="36.834748" lon="-5.201578">
        <ele>609.790725</ele>
        <time>2026-05-17T12:49:15.000Z</time>
      </trkpt>
      <trkpt lat="36.834769" lon="-5.201637">
        <ele>609.647604</ele>
        <time>2026-05-17T12:49:20.000Z</time>
      </trkpt>
      <trkpt lat="36.834783" lon="-5.201664">
        <ele>609.576298</ele>
        <time>2026-05-17T12:49:22.000Z</time>
      </trkpt>
      <trkpt lat="36.834827" lon="-5.201701">
        <ele>609.429420</ele>
        <time>2026-05-17T12:49:30.000Z</time>
      </trkpt>
      <trkpt lat="36.834859" lon="-5.201696">
        <ele>609.340111</ele>
        <time>2026-05-17T12:49:38.000Z</time>
      </trkpt>
      <trkpt lat="36.834871" lon="-5.201691">
        <ele>609.305080</ele>
        <time>2026-05-17T12:49:40.000Z</time>
      </trkpt>
      <trkpt lat="36.834903" lon="-5.201703">
        <ele>609.212556</ele>
        <time>2026-05-17T12:49:50.000Z</time>
      </trkpt>
      <trkpt lat="36.834923" lon="-5.201714">
        <ele>609.152041</ele>
        <time>2026-05-17T12:49:58.000Z</time>
      </trkpt>
      <trkpt lat="36.834951" lon="-5.201713">
        <ele>609.074468</ele>
        <time>2026-05-17T12:50:05.000Z</time>
      </trkpt>
      <trkpt lat="36.834967" lon="-5.201703">
        <ele>609.027149</ele>
        <time>2026-05-17T12:50:08.000Z</time>
      </trkpt>
      <trkpt lat="36.834971" lon="-5.201693">
        <ele>609.016464</ele>
        <time>2026-05-17T12:50:18.000Z</time>
      </trkpt>
      <trkpt lat="36.834973" lon="-5.201696">
        <ele>609.012732</ele>
        <time>2026-05-17T12:50:19.000Z</time>
      </trkpt>
      <trkpt lat="36.834978" lon="-5.201701">
        <ele>609.005085</ele>
        <time>2026-05-17T12:50:22.000Z</time>
      </trkpt>
      <trkpt lat="36.835001" lon="-5.201714">
        <ele>608.974939</ele>
        <time>2026-05-17T12:50:27.000Z</time>
      </trkpt>
      <trkpt lat="36.835006" lon="-5.201721">
        <ele>608.965972</ele>
        <time>2026-05-17T12:50:29.000Z</time>
      </trkpt>
      <trkpt lat="36.835040" lon="-5.201747">
        <ele>608.918370</ele>
        <time>2026-05-17T12:50:39.000Z</time>
      </trkpt>
      <trkpt lat="36.835031" lon="-5.201723">
        <ele>608.893039</ele>
        <time>2026-05-17T12:50:46.000Z</time>
      </trkpt>
      <trkpt lat="36.835027" lon="-5.201716">
        <ele>608.884818</ele>
        <time>2026-05-17T12:50:48.000Z</time>
      </trkpt>
      <trkpt lat="36.835026" lon="-5.201716">
        <ele>608.883624</ele>
        <time>2026-05-17T12:50:49.000Z</time>
      </trkpt>
      <trkpt lat="36.835045" lon="-5.201725">
        <ele>608.859359</ele>
        <time>2026-05-17T12:50:56.000Z</time>
      </trkpt>
      <trkpt lat="36.835028" lon="-5.201758">
        <ele>608.821851</ele>
        <time>2026-05-17T12:51:04.000Z</time>
      </trkpt>
      <trkpt lat="36.835049" lon="-5.201763">
        <ele>608.796322</ele>
        <time>2026-05-17T12:51:14.000Z</time>
      </trkpt>
      <trkpt lat="36.835045" lon="-5.201785">
        <ele>608.774760</ele>
        <time>2026-05-17T12:51:26.000Z</time>
      </trkpt>
      <trkpt lat="36.835064" lon="-5.201771">
        <ele>608.748419</ele>
        <time>2026-05-17T12:51:34.000Z</time>
      </trkpt>
      <trkpt lat="36.835072" lon="-5.201762">
        <ele>608.735564</ele>
        <time>2026-05-17T12:51:35.000Z</time>
      </trkpt>
      <trkpt lat="36.835088" lon="-5.201752">
        <ele>608.714200</ele>
        <time>2026-05-17T12:51:44.000Z</time>
      </trkpt>
      <trkpt lat="36.835099" lon="-5.201748">
        <ele>608.700520</ele>
        <time>2026-05-17T12:51:48.000Z</time>
      </trkpt>
      <trkpt lat="36.835102" lon="-5.201746">
        <ele>608.696459</ele>
        <time>2026-05-17T12:51:52.000Z</time>
      </trkpt>
      <trkpt lat="36.835104" lon="-5.201734">
        <ele>608.684744</ele>
        <time>2026-05-17T12:51:56.000Z</time>
      </trkpt>
      <trkpt lat="36.835114" lon="-5.201723">
        <ele>608.668834</ele>
        <time>2026-05-17T12:51:59.000Z</time>
      </trkpt>
      <trkpt lat="36.835105" lon="-5.201748">
        <ele>608.642634</ele>
        <time>2026-05-17T12:52:02.000Z</time>
      </trkpt>
      <trkpt lat="36.835096" lon="-5.201759">
        <ele>608.627600</ele>
        <time>2026-05-17T12:52:03.000Z</time>
      </trkpt>
      <trkpt lat="36.835119" lon="-5.201734">
        <ele>608.591195</ele>
        <time>2026-05-17T12:52:11.000Z</time>
      </trkpt>
      <trkpt lat="36.835124" lon="-5.201728">
        <ele>608.582917</ele>
        <time>2026-05-17T12:52:12.000Z</time>
      </trkpt>
      <trkpt lat="36.835144" lon="-5.201722">
        <ele>608.558355</ele>
        <time>2026-05-17T12:52:14.000Z</time>
      </trkpt>
      <trkpt lat="36.835156" lon="-5.201747">
        <ele>608.530493</ele>
        <time>2026-05-17T12:52:19.000Z</time>
      </trkpt>
      <trkpt lat="36.835144" lon="-5.201766">
        <ele>608.507361</ele>
        <time>2026-05-17T12:52:21.000Z</time>
      </trkpt>
      <trkpt lat="36.835111" lon="-5.201808">
        <ele>608.451109</ele>
        <time>2026-05-17T12:52:26.000Z</time>
      </trkpt>
      <trkpt lat="36.835103" lon="-5.201822">
        <ele>608.434668</ele>
        <time>2026-05-17T12:52:32.000Z</time>
      </trkpt>
      <trkpt lat="36.835106" lon="-5.201804">
        <ele>608.417095</ele>
        <time>2026-05-17T12:52:35.000Z</time>
      </trkpt>
      <trkpt lat="36.835106" lon="-5.201801">
        <ele>608.414228</ele>
        <time>2026-05-17T12:52:39.000Z</time>
      </trkpt>
      <trkpt lat="36.835086" lon="-5.201797">
        <ele>608.390041</ele>
        <time>2026-05-17T12:52:45.000Z</time>
      </trkpt>
      <trkpt lat="36.835115" lon="-5.201832">
        <ele>608.341892</ele>
        <time>2026-05-17T12:52:53.000Z</time>
      </trkpt>
      <trkpt lat="36.835161" lon="-5.201826">
        <ele>608.286663</ele>
        <time>2026-05-17T12:52:56.000Z</time>
      </trkpt>
      <trkpt lat="36.835191" lon="-5.201832">
        <ele>608.250382</ele>
        <time>2026-05-17T12:53:00.000Z</time>
      </trkpt>
      <trkpt lat="36.835199" lon="-5.201840">
        <ele>608.238146</ele>
        <time>2026-05-17T12:53:01.000Z</time>
      </trkpt>
      <trkpt lat="36.835219" lon="-5.201862">
        <ele>608.206326</ele>
        <time>2026-05-17T12:53:03.000Z</time>
      </trkpt>
      <trkpt lat="36.835259" lon="-5.201871">
        <ele>608.157791</ele>
        <time>2026-05-17T12:53:10.000Z</time>
      </trkpt>
      <trkpt lat="36.835285" lon="-5.201858">
        <ele>608.124349</ele>
        <time>2026-05-17T12:53:19.000Z</time>
      </trkpt>
      <trkpt lat="36.835289" lon="-5.201861">
        <ele>608.118778</ele>
        <time>2026-05-17T12:53:20.000Z</time>
      </trkpt>
      <trkpt lat="36.835337" lon="-5.201908">
        <ele>608.045954</ele>
        <time>2026-05-17T12:53:28.000Z</time>
      </trkpt>
      <trkpt lat="36.835345" lon="-5.201907">
        <ele>608.036353</ele>
        <time>2026-05-17T12:53:36.000Z</time>
      </trkpt>
      <trkpt lat="36.835386" lon="-5.201916">
        <ele>607.986643</ele>
        <time>2026-05-17T12:53:40.000Z</time>
      </trkpt>
      <trkpt lat="36.835383" lon="-5.201907">
        <ele>607.977325</ele>
        <time>2026-05-17T12:53:42.000Z</time>
      </trkpt>
      <trkpt lat="36.835388" lon="-5.201900">
        <ele>607.968358</ele>
        <time>2026-05-17T12:53:43.000Z</time>
      </trkpt>
      <trkpt lat="36.835405" lon="-5.201836">
        <ele>607.903909</ele>
        <time>2026-05-17T12:53:48.000Z</time>
      </trkpt>
      <trkpt lat="36.835418" lon="-5.201824">
        <ele>607.884608</ele>
        <time>2026-05-17T12:53:51.000Z</time>
      </trkpt>
      <trkpt lat="36.835419" lon="-5.201834">
        <ele>607.874976</ele>
        <time>2026-05-17T12:53:59.000Z</time>
      </trkpt>
      <trkpt lat="36.835410" lon="-5.201843">
        <ele>607.861210</ele>
        <time>2026-05-17T12:54:05.000Z</time>
      </trkpt>
      <trkpt lat="36.835411" lon="-5.201860">
        <ele>607.844918</ele>
        <time>2026-05-17T12:54:10.000Z</time>
      </trkpt>
      <trkpt lat="36.835384" lon="-5.201872">
        <ele>607.810697</ele>
        <time>2026-05-17T12:54:21.000Z</time>
      </trkpt>
      <trkpt lat="36.835372" lon="-5.201884">
        <ele>607.792343</ele>
        <time>2026-05-17T12:54:31.000Z</time>
      </trkpt>
      <trkpt lat="36.835372" lon="-5.201869">
        <ele>607.778006</ele>
        <time>2026-05-17T12:54:34.000Z</time>
      </trkpt>
      <trkpt lat="36.835369" lon="-5.201850">
        <ele>607.759497</ele>
        <time>2026-05-17T12:54:37.000Z</time>
      </trkpt>
      <trkpt lat="36.835371" lon="-5.201846">
        <ele>607.754989</ele>
        <time>2026-05-17T12:54:39.000Z</time>
      </trkpt>
      <trkpt lat="36.835385" lon="-5.201844">
        <ele>607.738162</ele>
        <time>2026-05-17T12:54:41.000Z</time>
      </trkpt>
      <trkpt lat="36.835425" lon="-5.201858">
        <ele>607.688557</ele>
        <time>2026-05-17T12:54:50.000Z</time>
      </trkpt>
      <trkpt lat="36.835471" lon="-5.201879">
        <ele>607.630074</ele>
        <time>2026-05-17T12:54:55.000Z</time>
      </trkpt>
      <trkpt lat="36.835484" lon="-5.201885">
        <ele>607.613525</ele>
        <time>2026-05-17T12:54:56.000Z</time>
      </trkpt>
      <trkpt lat="36.835494" lon="-5.201889">
        <ele>607.600986</ele>
        <time>2026-05-17T12:54:57.000Z</time>
      </trkpt>
      <trkpt lat="36.835524" lon="-5.201889">
        <ele>607.565162</ele>
        <time>2026-05-17T12:55:01.000Z</time>
      </trkpt>
      <trkpt lat="36.835541" lon="-5.201897">
        <ele>607.543469</ele>
        <time>2026-05-17T12:55:04.000Z</time>
      </trkpt>
      <trkpt lat="36.835551" lon="-5.201903">
        <ele>607.530222</ele>
        <time>2026-05-17T12:55:05.000Z</time>
      </trkpt>
      <trkpt lat="36.835598" lon="-5.201912">
        <ele>607.473441</ele>
        <time>2026-05-17T12:55:12.000Z</time>
      </trkpt>
      <trkpt lat="36.835606" lon="-5.201911">
        <ele>607.463840</ele>
        <time>2026-05-17T12:55:13.000Z</time>
      </trkpt>
      <trkpt lat="36.835627" lon="-5.201908">
        <ele>607.438600</ele>
        <time>2026-05-17T12:55:15.000Z</time>
      </trkpt>
      <trkpt lat="36.835670" lon="-5.201924">
        <ele>607.385022</ele>
        <time>2026-05-17T12:55:18.000Z</time>
      </trkpt>
      <trkpt lat="36.835710" lon="-5.201950">
        <ele>607.331179</ele>
        <time>2026-05-17T12:55:21.000Z</time>
      </trkpt>
      <trkpt lat="36.835733" lon="-5.201957">
        <ele>607.302910</ele>
        <time>2026-05-17T12:55:23.000Z</time>
      </trkpt>
      <trkpt lat="36.835768" lon="-5.201960">
        <ele>607.261017</ele>
        <time>2026-05-17T12:55:25.000Z</time>
      </trkpt>
      <trkpt lat="36.835816" lon="-5.201981">
        <ele>607.200285</ele>
        <time>2026-05-17T12:55:30.000Z</time>
      </trkpt>
      <trkpt lat="36.835840" lon="-5.201981">
        <ele>607.171625</ele>
        <time>2026-05-17T12:55:32.000Z</time>
      </trkpt>
      <trkpt lat="36.835893" lon="-5.201954">
        <ele>607.103277</ele>
        <time>2026-05-17T12:55:38.000Z</time>
      </trkpt>
      <trkpt lat="36.835982" lon="-5.201946">
        <ele>606.996722</ele>
        <time>2026-05-17T12:55:46.000Z</time>
      </trkpt>
      <trkpt lat="36.836027" lon="-5.201916">
        <ele>606.935814</ele>
        <time>2026-05-17T12:55:50.000Z</time>
      </trkpt>
      <trkpt lat="36.836065" lon="-5.201875">
        <ele>606.878240</ele>
        <time>2026-05-17T12:55:53.000Z</time>
      </trkpt>
      <trkpt lat="36.836107" lon="-5.201798">
        <ele>606.830609</ele>
        <time>2026-05-17T12:55:59.000Z</time>
      </trkpt>
      <trkpt lat="36.836137" lon="-5.201718">
        <ele>606.785449</ele>
        <time>2026-05-17T12:56:04.000Z</time>
      </trkpt>
      <trkpt lat="36.836148" lon="-5.201696">
        <ele>606.772190</ele>
        <time>2026-05-17T12:56:10.000Z</time>
      </trkpt>
      <trkpt lat="36.836174" lon="-5.201609">
        <ele>606.724719</ele>
        <time>2026-05-17T12:56:15.000Z</time>
      </trkpt>
      <trkpt lat="36.836203" lon="-5.201530">
        <ele>606.680292</ele>
        <time>2026-05-17T12:56:22.000Z</time>
      </trkpt>
      <trkpt lat="36.836232" lon="-5.201398">
        <ele>606.610323</ele>
        <time>2026-05-17T12:56:29.000Z</time>
      </trkpt>
      <trkpt lat="36.836243" lon="-5.201359">
        <ele>606.589186</ele>
        <time>2026-05-17T12:56:33.000Z</time>
      </trkpt>
      <trkpt lat="36.836253" lon="-5.201332">
        <ele>606.573978</ele>
        <time>2026-05-17T12:56:35.000Z</time>
      </trkpt>
      <trkpt lat="36.836267" lon="-5.201307">
        <ele>606.558381</ele>
        <time>2026-05-17T12:56:37.000Z</time>
      </trkpt>
      <trkpt lat="36.836273" lon="-5.201300">
        <ele>606.553139</ele>
        <time>2026-05-17T12:56:40.000Z</time>
      </trkpt>
      <trkpt lat="36.836271" lon="-5.201307">
        <ele>606.549339</ele>
        <time>2026-05-17T12:56:42.000Z</time>
      </trkpt>
      <trkpt lat="36.836275" lon="-5.201309">
        <ele>606.546588</ele>
        <time>2026-05-17T12:56:44.000Z</time>
      </trkpt>
      <trkpt lat="36.836270" lon="-5.201298">
        <ele>606.540121</ele>
        <time>2026-05-17T12:56:50.000Z</time>
      </trkpt>
      <trkpt lat="36.836249" lon="-5.201305">
        <ele>606.526240</ele>
        <time>2026-05-17T12:56:58.000Z</time>
      </trkpt>
      <trkpt lat="36.836252" lon="-5.201304">
        <ele>606.524257</ele>
        <time>2026-05-17T12:56:59.000Z</time>
      </trkpt>
      <trkpt lat="36.836247" lon="-5.201307">
        <ele>606.520715</ele>
        <time>2026-05-17T12:57:01.000Z</time>
      </trkpt>
      <trkpt lat="36.836247" lon="-5.201304">
        <ele>606.519181</ele>
        <time>2026-05-17T12:57:05.000Z</time>
      </trkpt>
      <trkpt lat="36.836248" lon="-5.201304">
        <ele>606.518542</ele>
        <time>2026-05-17T12:57:06.000Z</time>
      </trkpt>
      <trkpt lat="36.836253" lon="-5.201292">
        <ele>606.511627</ele>
        <time>2026-05-17T12:57:09.000Z</time>
      </trkpt>
      <trkpt lat="36.836279" lon="-5.201245">
        <ele>606.482422</ele>
        <time>2026-05-17T12:57:13.000Z</time>
      </trkpt>
      <trkpt lat="36.836287" lon="-5.201231">
        <ele>606.473629</ele>
        <time>2026-05-17T12:57:15.000Z</time>
      </trkpt>
      <trkpt lat="36.836343" lon="-5.201145">
        <ele>606.416957</ele>
        <time>2026-05-17T12:57:23.000Z</time>
      </trkpt>
      <trkpt lat="36.836390" lon="-5.201045">
        <ele>606.357679</ele>
        <time>2026-05-17T12:57:31.000Z</time>
      </trkpt>
      <trkpt lat="36.836367" lon="-5.201058">
        <ele>606.341556</ele>
        <time>2026-05-17T12:57:40.000Z</time>
      </trkpt>
      <trkpt lat="36.836392" lon="-5.201043">
        <ele>606.323844</ele>
        <time>2026-05-17T12:57:47.000Z</time>
      </trkpt>
      <trkpt lat="36.836402" lon="-5.201040">
        <ele>606.317276</ele>
        <time>2026-05-17T12:57:49.000Z</time>
      </trkpt>
      <trkpt lat="36.836411" lon="-5.201053">
        <ele>606.308489</ele>
        <time>2026-05-17T12:57:52.000Z</time>
      </trkpt>
      <trkpt lat="36.836411" lon="-5.201069">
        <ele>606.300311</ele>
        <time>2026-05-17T12:57:58.000Z</time>
      </trkpt>
      <trkpt lat="36.836438" lon="-5.201020">
        <ele>606.269902</ele>
        <time>2026-05-17T12:58:06.000Z</time>
      </trkpt>
      <trkpt lat="36.836461" lon="-5.200974">
        <ele>606.242177</ele>
        <time>2026-05-17T12:58:11.000Z</time>
      </trkpt>
      <trkpt lat="36.836472" lon="-5.200954">
        <ele>606.229772</ele>
        <time>2026-05-17T12:58:13.000Z</time>
      </trkpt>
      <trkpt lat="36.836486" lon="-5.200931">
        <ele>606.215002</ele>
        <time>2026-05-17T12:58:17.000Z</time>
      </trkpt>
      <trkpt lat="36.836517" lon="-5.200893">
        <ele>606.187266</ele>
        <time>2026-05-17T12:58:21.000Z</time>
      </trkpt>
      <trkpt lat="36.836583" lon="-5.200849">
        <ele>606.139488</ele>
        <time>2026-05-17T12:58:26.000Z</time>
      </trkpt>
      <trkpt lat="36.836597" lon="-5.200857">
        <ele>606.129656</ele>
        <time>2026-05-17T12:58:32.000Z</time>
      </trkpt>
      <trkpt lat="36.836642" lon="-5.200848">
        <ele>606.100550</ele>
        <time>2026-05-17T12:58:37.000Z</time>
      </trkpt>
      <trkpt lat="36.836656" lon="-5.200842">
        <ele>606.091097</ele>
        <time>2026-05-17T12:58:38.000Z</time>
      </trkpt>
      <trkpt lat="36.836714" lon="-5.200818">
        <ele>606.052075</ele>
        <time>2026-05-17T12:58:43.000Z</time>
      </trkpt>
      <trkpt lat="36.836746" lon="-5.200796">
        <ele>606.028748</ele>
        <time>2026-05-17T12:58:46.000Z</time>
      </trkpt>
      <trkpt lat="36.836806" lon="-5.200735">
        <ele>605.979345</ele>
        <time>2026-05-17T12:58:53.000Z</time>
      </trkpt>
      <trkpt lat="36.836850" lon="-5.200677">
        <ele>605.938496</ele>
        <time>2026-05-17T12:59:04.000Z</time>
      </trkpt>
      <trkpt lat="36.836851" lon="-5.200683">
        <ele>605.935363</ele>
        <time>2026-05-17T12:59:07.000Z</time>
      </trkpt>
      <trkpt lat="36.836861" lon="-5.200680">
        <ele>605.928795</ele>
        <time>2026-05-17T12:59:10.000Z</time>
      </trkpt>
      <trkpt lat="36.836864" lon="-5.200682">
        <ele>605.926623</ele>
        <time>2026-05-17T12:59:11.000Z</time>
      </trkpt>
      <trkpt lat="36.836865" lon="-5.200681">
        <ele>605.925805</ele>
        <time>2026-05-17T12:59:12.000Z</time>
      </trkpt>
      <trkpt lat="36.836862" lon="-5.200686">
        <ele>605.922611</ele>
        <time>2026-05-17T12:59:15.000Z</time>
      </trkpt>
      <trkpt lat="36.836862" lon="-5.200687">
        <ele>605.922099</ele>
        <time>2026-05-17T12:59:16.000Z</time>
      </trkpt>
      <trkpt lat="36.836927" lon="-5.200654">
        <ele>605.877289</ele>
        <time>2026-05-17T12:59:24.000Z</time>
      </trkpt>
      <trkpt lat="36.836924" lon="-5.200650">
        <ele>605.874487</ele>
        <time>2026-05-17T12:59:25.000Z</time>
      </trkpt>
      <trkpt lat="36.836927" lon="-5.200632">
        <ele>605.865089</ele>
        <time>2026-05-17T12:59:32.000Z</time>
      </trkpt>
      <trkpt lat="36.836965" lon="-5.200622">
        <ele>605.840287</ele>
        <time>2026-05-17T12:59:41.000Z</time>
      </trkpt>
      <trkpt lat="36.836977" lon="-5.200602">
        <ele>605.827510</ele>
        <time>2026-05-17T12:59:44.000Z</time>
      </trkpt>
      <trkpt lat="36.837001" lon="-5.200560">
        <ele>605.801131</ele>
        <time>2026-05-17T12:59:50.000Z</time>
      </trkpt>
      <trkpt lat="36.837033" lon="-5.200555">
        <ele>605.780534</ele>
        <time>2026-05-17T12:59:55.000Z</time>
      </trkpt>
      <trkpt lat="36.837062" lon="-5.200545">
        <ele>605.761320</ele>
        <time>2026-05-17T12:59:58.000Z</time>
      </trkpt>
      <trkpt lat="36.837111" lon="-5.200522">
        <ele>605.730198</ele>
        <time>2026-05-17T13:00:03.000Z</time>
      </trkpt>
      <trkpt lat="36.837142" lon="-5.200503">
        <ele>605.719869</ele>
        <time>2026-05-17T13:00:06.000Z</time>
      </trkpt>
      <trkpt lat="36.837184" lon="-5.200474">
        <ele>605.705514</ele>
        <time>2026-05-17T13:00:10.000Z</time>
      </trkpt>
      <trkpt lat="36.837219" lon="-5.200449">
        <ele>605.693454</ele>
        <time>2026-05-17T13:00:14.000Z</time>
      </trkpt>
      <trkpt lat="36.837327" lon="-5.200438">
        <ele>605.661040</ele>
        <time>2026-05-17T13:00:24.000Z</time>
      </trkpt>
      <trkpt lat="36.837365" lon="-5.200454">
        <ele>605.649044</ele>
        <time>2026-05-17T13:00:28.000Z</time>
      </trkpt>
      <trkpt lat="36.837407" lon="-5.200467">
        <ele>605.636100</ele>
        <time>2026-05-17T13:00:32.000Z</time>
      </trkpt>
      <trkpt lat="36.837421" lon="-5.200471">
        <ele>605.631804</ele>
        <time>2026-05-17T13:00:33.000Z</time>
      </trkpt>
      <trkpt lat="36.837464" lon="-5.200491">
        <ele>605.618079</ele>
        <time>2026-05-17T13:00:37.000Z</time>
      </trkpt>
      <trkpt lat="36.837478" lon="-5.200496">
        <ele>605.613723</ele>
        <time>2026-05-17T13:00:39.000Z</time>
      </trkpt>
      <trkpt lat="36.837523" lon="-5.200596">
        <ele>605.586257</ele>
        <time>2026-05-17T13:00:47.000Z</time>
      </trkpt>
      <trkpt lat="36.837514" lon="-5.200653">
        <ele>605.572347</ele>
        <time>2026-05-17T13:00:52.000Z</time>
      </trkpt>
      <trkpt lat="36.837494" lon="-5.200755">
        <ele>605.547205</ele>
        <time>2026-05-17T13:00:59.000Z</time>
      </trkpt>
      <trkpt lat="36.837492" lon="-5.200769">
        <ele>605.543800</ele>
        <time>2026-05-17T13:01:00.000Z</time>
      </trkpt>
      <trkpt lat="36.837484" lon="-5.200857">
        <ele>605.522596</ele>
        <time>2026-05-17T13:01:07.000Z</time>
      </trkpt>
      <trkpt lat="36.837484" lon="-5.200863">
        <ele>605.521159</ele>
        <time>2026-05-17T13:01:08.000Z</time>
      </trkpt>
      <trkpt lat="36.837494" lon="-5.200930">
        <ele>605.504842</ele>
        <time>2026-05-17T13:01:15.000Z</time>
      </trkpt>
      <trkpt lat="36.837514" lon="-5.200945">
        <ele>605.497864</ele>
        <time>2026-05-17T13:01:22.000Z</time>
      </trkpt>
      <trkpt lat="36.837547" lon="-5.200966">
        <ele>605.486786</ele>
        <time>2026-05-17T13:01:30.000Z</time>
      </trkpt>
      <trkpt lat="36.837586" lon="-5.200982">
        <ele>605.474507</ele>
        <time>2026-05-17T13:01:34.000Z</time>
      </trkpt>
      <trkpt lat="36.837636" lon="-5.201002">
        <ele>605.458802</ele>
        <time>2026-05-17T13:01:38.000Z</time>
      </trkpt>
      <trkpt lat="36.837707" lon="-5.201058">
        <ele>605.433685</ele>
        <time>2026-05-17T13:01:46.000Z</time>
      </trkpt>
      <trkpt lat="36.837739" lon="-5.201092">
        <ele>605.421119</ele>
        <time>2026-05-17T13:01:49.000Z</time>
      </trkpt>
      <trkpt lat="36.837799" lon="-5.201144">
        <ele>605.399276</ele>
        <time>2026-05-17T13:01:54.000Z</time>
      </trkpt>
      <trkpt lat="36.837851" lon="-5.201182">
        <ele>605.381255</ele>
        <time>2026-05-17T13:02:00.000Z</time>
      </trkpt>
      <trkpt lat="36.837950" lon="-5.201245">
        <ele>605.348021</ele>
        <time>2026-05-17T13:02:10.000Z</time>
      </trkpt>
      <trkpt lat="36.837976" lon="-5.201271">
        <ele>605.338059</ele>
        <time>2026-05-17T13:02:13.000Z</time>
      </trkpt>
      <trkpt lat="36.838012" lon="-5.201318">
        <ele>605.322483</ele>
        <time>2026-05-17T13:02:17.000Z</time>
      </trkpt>
      <trkpt lat="36.838087" lon="-5.201394">
        <ele>605.293597</ele>
        <time>2026-05-17T13:02:23.000Z</time>
      </trkpt>
      <trkpt lat="36.838099" lon="-5.201407">
        <ele>605.288846</ele>
        <time>2026-05-17T13:02:24.000Z</time>
      </trkpt>
      <trkpt lat="36.838125" lon="-5.201441">
        <ele>605.277587</ele>
        <time>2026-05-17T13:02:30.000Z</time>
      </trkpt>
      <trkpt lat="36.838117" lon="-5.201437">
        <ele>605.275010</ele>
        <time>2026-05-17T13:02:40.000Z</time>
      </trkpt>
      <trkpt lat="36.838148" lon="-5.201469">
        <ele>605.262981</ele>
        <time>2026-05-17T13:02:43.000Z</time>
      </trkpt>
      <trkpt lat="36.838210" lon="-5.201527">
        <ele>605.239812</ele>
        <time>2026-05-17T13:02:48.000Z</time>
      </trkpt>
      <trkpt lat="36.838268" lon="-5.201613">
        <ele>605.212887</ele>
        <time>2026-05-17T13:02:58.000Z</time>
      </trkpt>
      <trkpt lat="36.838343" lon="-5.201677">
        <ele>605.217186</ele>
        <time>2026-05-17T13:03:06.000Z</time>
      </trkpt>
      <trkpt lat="36.838438" lon="-5.201727">
        <ele>605.300997</ele>
        <time>2026-05-17T13:03:15.000Z</time>
      </trkpt>
      <trkpt lat="36.838537" lon="-5.201735">
        <ele>605.381656</ele>
        <time>2026-05-17T13:03:23.000Z</time>
      </trkpt>
      <trkpt lat="36.838648" lon="-5.201703">
        <ele>605.474274</ele>
        <time>2026-05-17T13:03:30.000Z</time>
      </trkpt>
      <trkpt lat="36.838707" lon="-5.201710">
        <ele>605.522459</ele>
        <time>2026-05-17T13:03:36.000Z</time>
      </trkpt>
      <trkpt lat="36.838775" lon="-5.201670">
        <ele>605.583566</ele>
        <time>2026-05-17T13:03:42.000Z</time>
      </trkpt>
      <trkpt lat="36.838825" lon="-5.201636">
        <ele>605.629848</ele>
        <time>2026-05-17T13:03:46.000Z</time>
      </trkpt>
      <trkpt lat="36.838846" lon="-5.201623">
        <ele>605.648902</ele>
        <time>2026-05-17T13:03:48.000Z</time>
      </trkpt>
      <trkpt lat="36.838957" lon="-5.201520">
        <ele>605.761314</ele>
        <time>2026-05-17T13:03:59.000Z</time>
      </trkpt>
      <trkpt lat="36.839028" lon="-5.201405">
        <ele>605.855821</ele>
        <time>2026-05-17T13:04:09.000Z</time>
      </trkpt>
      <trkpt lat="36.839116" lon="-5.201281">
        <ele>605.963660</ele>
        <time>2026-05-17T13:04:20.000Z</time>
      </trkpt>
      <trkpt lat="36.839183" lon="-5.201179">
        <ele>606.049523</ele>
        <time>2026-05-17T13:04:28.000Z</time>
      </trkpt>
      <trkpt lat="36.839231" lon="-5.201112">
        <ele>606.108035</ele>
        <time>2026-05-17T13:04:34.000Z</time>
      </trkpt>
      <trkpt lat="36.839236" lon="-5.201100">
        <ele>606.116838</ele>
        <time>2026-05-17T13:04:35.000Z</time>
      </trkpt>
      <trkpt lat="36.839290" lon="-5.201019">
        <ele>606.185434</ele>
        <time>2026-05-17T13:04:42.000Z</time>
      </trkpt>
      <trkpt lat="36.839351" lon="-5.200926">
        <ele>606.263675</ele>
        <time>2026-05-17T13:04:50.000Z</time>
      </trkpt>
      <trkpt lat="36.839408" lon="-5.200811">
        <ele>606.351692</ele>
        <time>2026-05-17T13:04:57.000Z</time>
      </trkpt>
      <trkpt lat="36.839471" lon="-5.200746">
        <ele>606.418119</ele>
        <time>2026-05-17T13:05:04.000Z</time>
      </trkpt>
      <trkpt lat="36.839538" lon="-5.200707">
        <ele>606.478213</ele>
        <time>2026-05-17T13:05:11.000Z</time>
      </trkpt>
      <trkpt lat="36.839633" lon="-5.200664">
        <ele>606.560363</ele>
        <time>2026-05-17T13:05:18.000Z</time>
      </trkpt>
      <trkpt lat="36.839657" lon="-5.200669">
        <ele>606.580145</ele>
        <time>2026-05-17T13:05:20.000Z</time>
      </trkpt>
      <trkpt lat="36.839723" lon="-5.200684">
        <ele>606.634686</ele>
        <time>2026-05-17T13:05:25.000Z</time>
      </trkpt>
      <trkpt lat="36.839757" lon="-5.200684">
        <ele>606.713036</ele>
        <time>2026-05-17T13:05:28.000Z</time>
      </trkpt>
      <trkpt lat="36.839769" lon="-5.200685">
        <ele>606.808511</ele>
        <time>2026-05-17T13:05:29.000Z</time>
      </trkpt>
      <trkpt lat="36.839833" lon="-5.200693">
        <ele>607.319118</ele>
        <time>2026-05-17T13:05:34.000Z</time>
      </trkpt>
      <trkpt lat="36.839857" lon="-5.200699">
        <ele>607.513421</ele>
        <time>2026-05-17T13:05:37.000Z</time>
      </trkpt>
      <trkpt lat="36.839896" lon="-5.200685">
        <ele>607.835551</ele>
        <time>2026-05-17T13:05:43.000Z</time>
      </trkpt>
      <trkpt lat="36.840003" lon="-5.200647">
        <ele>608.718626</ele>
        <time>2026-05-17T13:05:53.000Z</time>
      </trkpt>
      <trkpt lat="36.840010" lon="-5.200640">
        <ele>608.789802</ele>
        <time>2026-05-17T13:05:54.000Z</time>
      </trkpt>
      <trkpt lat="36.840067" lon="-5.200586">
        <ele>609.357659</ele>
        <time>2026-05-17T13:06:00.000Z</time>
      </trkpt>
      <trkpt lat="36.840076" lon="-5.200579">
        <ele>609.441818</ele>
        <time>2026-05-17T13:06:01.000Z</time>
      </trkpt>
      <trkpt lat="36.840130" lon="-5.200539">
        <ele>609.940171</ele>
        <time>2026-05-17T13:06:06.000Z</time>
      </trkpt>
      <trkpt lat="36.840134" lon="-5.200533">
        <ele>609.989784</ele>
        <time>2026-05-17T13:06:07.000Z</time>
      </trkpt>
      <trkpt lat="36.840140" lon="-5.200501">
        <ele>610.198597</ele>
        <time>2026-05-17T13:06:12.000Z</time>
      </trkpt>
      <trkpt lat="36.840146" lon="-5.200487">
        <ele>610.299495</ele>
        <time>2026-05-17T13:06:14.000Z</time>
      </trkpt>
      <trkpt lat="36.840171" lon="-5.200431">
        <ele>610.706893</ele>
        <time>2026-05-17T13:06:18.000Z</time>
      </trkpt>
      <trkpt lat="36.840203" lon="-5.200377">
        <ele>611.133788</ele>
        <time>2026-05-17T13:06:23.000Z</time>
      </trkpt>
      <trkpt lat="36.840238" lon="-5.200307">
        <ele>611.658184</ele>
        <time>2026-05-17T13:06:28.000Z</time>
      </trkpt>
      <trkpt lat="36.840252" lon="-5.200289">
        <ele>611.817653</ele>
        <time>2026-05-17T13:06:30.000Z</time>
      </trkpt>
      <trkpt lat="36.840276" lon="-5.200239">
        <ele>612.188076</ele>
        <time>2026-05-17T13:06:35.000Z</time>
      </trkpt>
      <trkpt lat="36.840282" lon="-5.200221">
        <ele>612.311959</ele>
        <time>2026-05-17T13:06:37.000Z</time>
      </trkpt>
      <trkpt lat="36.840287" lon="-5.200215">
        <ele>612.366993</ele>
        <time>2026-05-17T13:06:38.000Z</time>
      </trkpt>
      <trkpt lat="36.840296" lon="-5.200195">
        <ele>612.512769</ele>
        <time>2026-05-17T13:06:44.000Z</time>
      </trkpt>
      <trkpt lat="36.840279" lon="-5.200197">
        <ele>612.648323</ele>
        <time>2026-05-17T13:06:52.000Z</time>
      </trkpt>
      <trkpt lat="36.840275" lon="-5.200202">
        <ele>612.693239</ele>
        <time>2026-05-17T13:06:56.000Z</time>
      </trkpt>
      <trkpt lat="36.840265" lon="-5.200199">
        <ele>612.774881</ele>
        <time>2026-05-17T13:07:02.000Z</time>
      </trkpt>
      <trkpt lat="36.840280" lon="-5.200182">
        <ele>612.935646</ele>
        <time>2026-05-17T13:07:08.000Z</time>
      </trkpt>
      <trkpt lat="36.840277" lon="-5.200181">
        <ele>612.960295</ele>
        <time>2026-05-17T13:07:09.000Z</time>
      </trkpt>
      <trkpt lat="36.840272" lon="-5.200179">
        <ele>613.001972</ele>
        <time>2026-05-17T13:07:11.000Z</time>
      </trkpt>
      <trkpt lat="36.840250" lon="-5.200221">
        <ele>613.320887</ele>
        <time>2026-05-17T13:07:19.000Z</time>
      </trkpt>
      <trkpt lat="36.840278" lon="-5.200178">
        <ele>613.673086</ele>
        <time>2026-05-17T13:07:27.000Z</time>
      </trkpt>
      <trkpt lat="36.840286" lon="-5.200166">
        <ele>613.772312</ele>
        <time>2026-05-17T13:07:37.000Z</time>
      </trkpt>
      <trkpt lat="36.840288" lon="-5.200176">
        <ele>613.837800</ele>
        <time>2026-05-17T13:07:42.000Z</time>
      </trkpt>
      <trkpt lat="36.840289" lon="-5.200173">
        <ele>613.858447</ele>
        <time>2026-05-17T13:07:43.000Z</time>
      </trkpt>
      <trkpt lat="36.840286" lon="-5.200183">
        <ele>613.926298</ele>
        <time>2026-05-17T13:07:47.000Z</time>
      </trkpt>
      <trkpt lat="36.840277" lon="-5.200197">
        <ele>614.040387</ele>
        <time>2026-05-17T13:07:59.000Z</time>
      </trkpt>
      <trkpt lat="36.840267" lon="-5.200189">
        <ele>614.134650</ele>
        <time>2026-05-17T13:08:03.000Z</time>
      </trkpt>
      <trkpt lat="36.840269" lon="-5.200182">
        <ele>614.181872</ele>
        <time>2026-05-17T13:08:04.000Z</time>
      </trkpt>
      <trkpt lat="36.840263" lon="-5.200179">
        <ele>614.233176</ele>
        <time>2026-05-17T13:08:05.000Z</time>
      </trkpt>
      <trkpt lat="36.840261" lon="-5.200177">
        <ele>614.253512</ele>
        <time>2026-05-17T13:08:06.000Z</time>
      </trkpt>
      <trkpt lat="36.840267" lon="-5.200183">
        <ele>614.314519</ele>
        <time>2026-05-17T13:08:08.000Z</time>
      </trkpt>
      <trkpt lat="36.840267" lon="-5.200183">
        <ele>614.314519</ele>
        <time>2026-05-17T13:08:15.000Z</time>
      </trkpt>
      <trkpt lat="36.840267" lon="-5.200183">
        <ele>614.314519</ele>
        <time>2026-05-17T13:11:23.000Z</time>
      </trkpt>
      <trkpt lat="36.840267" lon="-5.200183">
        <ele>614.314519</ele>
        <time>2026-05-17T13:11:25.000Z</time>
      </trkpt>
      <trkpt lat="36.840572" lon="-5.199253">
        <ele>620.699989</ele>
        <time>2026-05-17T13:11:27.000Z</time>
      </trkpt>
      <trkpt lat="36.840584" lon="-5.199229">
        <ele>620.879781</ele>
        <time>2026-05-17T13:11:28.000Z</time>
      </trkpt>
      <trkpt lat="36.840638" lon="-5.199234">
        <ele>621.105055</ele>
        <time>2026-05-17T13:11:31.000Z</time>
      </trkpt>
      <trkpt lat="36.840652" lon="-5.199232">
        <ele>621.155786</ele>
        <time>2026-05-17T13:11:32.000Z</time>
      </trkpt>
      <trkpt lat="36.840693" lon="-5.199263">
        <ele>621.328315</ele>
        <time>2026-05-17T13:11:37.000Z</time>
      </trkpt>
      <trkpt lat="36.840728" lon="-5.199192">
        <ele>621.568579</ele>
        <time>2026-05-17T13:11:43.000Z</time>
      </trkpt>
      <trkpt lat="36.840737" lon="-5.199182">
        <ele>621.611939</ele>
        <time>2026-05-17T13:11:44.000Z</time>
      </trkpt>
      <trkpt lat="36.840796" lon="-5.199077">
        <ele>621.981595</ele>
        <time>2026-05-17T13:11:53.000Z</time>
      </trkpt>
      <trkpt lat="36.840865" lon="-5.198983">
        <ele>622.349105</ele>
        <time>2026-05-17T13:12:00.000Z</time>
      </trkpt>
      <trkpt lat="36.840880" lon="-5.198953">
        <ele>622.451026</ele>
        <time>2026-05-17T13:12:02.000Z</time>
      </trkpt>
      <trkpt lat="36.840920" lon="-5.198887">
        <ele>622.689565</ele>
        <time>2026-05-17T13:12:06.000Z</time>
      </trkpt>
      <trkpt lat="36.840935" lon="-5.198854">
        <ele>622.798912</ele>
        <time>2026-05-17T13:12:09.000Z</time>
      </trkpt>
      <trkpt lat="36.840939" lon="-5.198842">
        <ele>622.836366</ele>
        <time>2026-05-17T13:12:10.000Z</time>
      </trkpt>
      <trkpt lat="36.840971" lon="-5.198747">
        <ele>623.133343</ele>
        <time>2026-05-17T13:12:16.000Z</time>
      </trkpt>
      <trkpt lat="36.840975" lon="-5.198736">
        <ele>623.168155</ele>
        <time>2026-05-17T13:12:17.000Z</time>
      </trkpt>
      <trkpt lat="36.840980" lon="-5.198725">
        <ele>623.204605</ele>
        <time>2026-05-17T13:12:18.000Z</time>
      </trkpt>
      <trkpt lat="36.840986" lon="-5.198711">
        <ele>623.250362</ele>
        <time>2026-05-17T13:12:19.000Z</time>
      </trkpt>
      <trkpt lat="36.840999" lon="-5.198677">
        <ele>623.358931</ele>
        <time>2026-05-17T13:12:22.000Z</time>
      </trkpt>
      <trkpt lat="36.841008" lon="-5.198654">
        <ele>623.432697</ele>
        <time>2026-05-17T13:12:24.000Z</time>
      </trkpt>
      <trkpt lat="36.841060" lon="-5.198599">
        <ele>623.677974</ele>
        <time>2026-05-17T13:12:30.000Z</time>
      </trkpt>
      <trkpt lat="36.841103" lon="-5.198568">
        <ele>623.856702</ele>
        <time>2026-05-17T13:12:33.000Z</time>
      </trkpt>
      <trkpt lat="36.841171" lon="-5.198526">
        <ele>624.129792</ele>
        <time>2026-05-17T13:12:41.000Z</time>
      </trkpt>
      <trkpt lat="36.841228" lon="-5.198500">
        <ele>624.348250</ele>
        <time>2026-05-17T13:12:47.000Z</time>
      </trkpt>
      <trkpt lat="36.841237" lon="-5.198501">
        <ele>624.380780</ele>
        <time>2026-05-17T13:12:48.000Z</time>
      </trkpt>
      <trkpt lat="36.841334" lon="-5.198481">
        <ele>624.734724</ele>
        <time>2026-05-17T13:12:55.000Z</time>
      </trkpt>
      <trkpt lat="36.841360" lon="-5.198477">
        <ele>624.829036</ele>
        <time>2026-05-17T13:12:57.000Z</time>
      </trkpt>
      <trkpt lat="36.841373" lon="-5.198472">
        <ele>624.878006</ele>
        <time>2026-05-17T13:12:59.000Z</time>
      </trkpt>
      <trkpt lat="36.841399" lon="-5.198465">
        <ele>624.973760</ele>
        <time>2026-05-17T13:13:02.000Z</time>
      </trkpt>
      <trkpt lat="36.841491" lon="-5.198446">
        <ele>625.309473</ele>
        <time>2026-05-17T13:13:09.000Z</time>
      </trkpt>
      <trkpt lat="36.841514" lon="-5.198439">
        <ele>625.394699</ele>
        <time>2026-05-17T13:13:11.000Z</time>
      </trkpt>
      <trkpt lat="36.841630" lon="-5.198419">
        <ele>625.816280</ele>
        <time>2026-05-17T13:13:19.000Z</time>
      </trkpt>
      <trkpt lat="36.841646" lon="-5.198420">
        <ele>625.873956</ele>
        <time>2026-05-17T13:13:20.000Z</time>
      </trkpt>
      <trkpt lat="36.841704" lon="-5.198418">
        <ele>626.082848</ele>
        <time>2026-05-17T13:13:25.000Z</time>
      </trkpt>
      <trkpt lat="36.841710" lon="-5.198417">
        <ele>626.104640</ele>
        <time>2026-05-17T13:13:27.000Z</time>
      </trkpt>
      <trkpt lat="36.841715" lon="-5.198421">
        <ele>626.126015</ele>
        <time>2026-05-17T13:13:28.000Z</time>
      </trkpt>
      <trkpt lat="36.841797" lon="-5.198427">
        <ele>626.421738</ele>
        <time>2026-05-17T13:13:37.000Z</time>
      </trkpt>
      <trkpt lat="36.841928" lon="-5.198387">
        <ele>626.907243</ele>
        <time>2026-05-17T13:13:47.000Z</time>
      </trkpt>
      <trkpt lat="36.842033" lon="-5.198366">
        <ele>627.290078</ele>
        <time>2026-05-17T13:13:55.000Z</time>
      </trkpt>
      <trkpt lat="36.842110" lon="-5.198342">
        <ele>627.631091</ele>
        <time>2026-05-17T13:14:02.000Z</time>
      </trkpt>
      <trkpt lat="36.842119" lon="-5.198333">
        <ele>627.686501</ele>
        <time>2026-05-17T13:14:03.000Z</time>
      </trkpt>
      <trkpt lat="36.842157" lon="-5.198289">
        <ele>627.935527</ele>
        <time>2026-05-17T13:14:09.000Z</time>
      </trkpt>
      <trkpt lat="36.842203" lon="-5.198225">
        <ele>628.266444</ele>
        <time>2026-05-17T13:14:15.000Z</time>
      </trkpt>
      <trkpt lat="36.842217" lon="-5.198212">
        <ele>628.350286</ele>
        <time>2026-05-17T13:14:16.000Z</time>
      </trkpt>
      <trkpt lat="36.842301" lon="-5.198200">
        <ele>628.756691</ele>
        <time>2026-05-17T13:14:21.000Z</time>
      </trkpt>
      <trkpt lat="36.842318" lon="-5.198203">
        <ele>628.839218</ele>
        <time>2026-05-17T13:14:22.000Z</time>
      </trkpt>
      <trkpt lat="36.842348" lon="-5.198211">
        <ele>628.986670</ele>
        <time>2026-05-17T13:14:24.000Z</time>
      </trkpt>
      <trkpt lat="36.842412" lon="-5.198245">
        <ele>629.320957</ele>
        <time>2026-05-17T13:14:30.000Z</time>
      </trkpt>
      <trkpt lat="36.842441" lon="-5.198256">
        <ele>629.466636</ele>
        <time>2026-05-17T13:14:34.000Z</time>
      </trkpt>
      <trkpt lat="36.842459" lon="-5.198258">
        <ele>629.553500</ele>
        <time>2026-05-17T13:14:37.000Z</time>
      </trkpt>
      <trkpt lat="36.842476" lon="-5.198270">
        <ele>629.647354</ele>
        <time>2026-05-17T13:14:40.000Z</time>
      </trkpt>
      <trkpt lat="36.842529" lon="-5.198267">
        <ele>629.902377</ele>
        <time>2026-05-17T13:14:45.000Z</time>
      </trkpt>
      <trkpt lat="36.842566" lon="-5.198246">
        <ele>630.097717</ele>
        <time>2026-05-17T13:14:49.000Z</time>
      </trkpt>
      <trkpt lat="36.842583" lon="-5.198223">
        <ele>630.218157</ele>
        <time>2026-05-17T13:14:52.000Z</time>
      </trkpt>
      <trkpt lat="36.842581" lon="-5.198223">
        <ele>630.227771</ele>
        <time>2026-05-17T13:14:59.000Z</time>
      </trkpt>
      <trkpt lat="36.842565" lon="-5.198235">
        <ele>630.317470</ele>
        <time>2026-05-17T13:15:08.000Z</time>
      </trkpt>
      <trkpt lat="36.842588" lon="-5.198238">
        <ele>630.428628</ele>
        <time>2026-05-17T13:15:16.000Z</time>
      </trkpt>
      <trkpt lat="36.842589" lon="-5.198235">
        <ele>630.441130</ele>
        <time>2026-05-17T13:15:19.000Z</time>
      </trkpt>
      <trkpt lat="36.842574" lon="-5.198235">
        <ele>630.513232</ele>
        <time>2026-05-17T13:15:28.000Z</time>
      </trkpt>
      <trkpt lat="36.842575" lon="-5.198253">
        <ele>630.582642</ele>
        <time>2026-05-17T13:15:31.000Z</time>
      </trkpt>
      <trkpt lat="36.842570" lon="-5.198238">
        <ele>630.645150</ele>
        <time>2026-05-17T13:15:36.000Z</time>
      </trkpt>
      <trkpt lat="36.842589" lon="-5.198190">
        <ele>630.851150</ele>
        <time>2026-05-17T13:15:43.000Z</time>
      </trkpt>
      <trkpt lat="36.842637" lon="-5.198129">
        <ele>631.180239</ele>
        <time>2026-05-17T13:15:49.000Z</time>
      </trkpt>
      <trkpt lat="36.842682" lon="-5.198091">
        <ele>631.441309</ele>
        <time>2026-05-17T13:15:53.000Z</time>
      </trkpt>
      <trkpt lat="36.842704" lon="-5.198074">
        <ele>631.565647</ele>
        <time>2026-05-17T13:15:55.000Z</time>
      </trkpt>
      <trkpt lat="36.842752" lon="-5.198013">
        <ele>631.894735</ele>
        <time>2026-05-17T13:16:00.000Z</time>
      </trkpt>
      <trkpt lat="36.842762" lon="-5.198001">
        <ele>631.961380</ele>
        <time>2026-05-17T13:16:01.000Z</time>
      </trkpt>
      <trkpt lat="36.842772" lon="-5.197990">
        <ele>632.025420</ele>
        <time>2026-05-17T13:16:02.000Z</time>
      </trkpt>
      <trkpt lat="36.842791" lon="-5.197967">
        <ele>632.152579</ele>
        <time>2026-05-17T13:16:04.000Z</time>
      </trkpt>
      <trkpt lat="36.842801" lon="-5.197952">
        <ele>632.227679</ele>
        <time>2026-05-17T13:16:05.000Z</time>
      </trkpt>
      <trkpt lat="36.842819" lon="-5.197934">
        <ele>632.338498</ele>
        <time>2026-05-17T13:16:07.000Z</time>
      </trkpt>
      <trkpt lat="36.842845" lon="-5.197913">
        <ele>632.487312</ele>
        <time>2026-05-17T13:16:10.000Z</time>
      </trkpt>
      <trkpt lat="36.842855" lon="-5.197902">
        <ele>632.551352</ele>
        <time>2026-05-17T13:16:11.000Z</time>
      </trkpt>
      <trkpt lat="36.842896" lon="-5.197853">
        <ele>632.824062</ele>
        <time>2026-05-17T13:16:15.000Z</time>
      </trkpt>
      <trkpt lat="36.842913" lon="-5.197824">
        <ele>632.962347</ele>
        <time>2026-05-17T13:16:17.000Z</time>
      </trkpt>
      <trkpt lat="36.842950" lon="-5.197757">
        <ele>633.275492</ele>
        <time>2026-05-17T13:16:22.000Z</time>
      </trkpt>
      <trkpt lat="36.842954" lon="-5.197740">
        <ele>633.343656</ele>
        <time>2026-05-17T13:16:23.000Z</time>
      </trkpt>
      <trkpt lat="36.842977" lon="-5.197720">
        <ele>633.478349</ele>
        <time>2026-05-17T13:16:25.000Z</time>
      </trkpt>
      <trkpt lat="36.843010" lon="-5.197669">
        <ele>633.730642</ele>
        <time>2026-05-17T13:16:29.000Z</time>
      </trkpt>
      <trkpt lat="36.843041" lon="-5.197595">
        <ele>634.051949</ele>
        <time>2026-05-17T13:16:35.000Z</time>
      </trkpt>
      <trkpt lat="36.843052" lon="-5.197554">
        <ele>634.218296</ele>
        <time>2026-05-17T13:16:38.000Z</time>
      </trkpt>
      <trkpt lat="36.843063" lon="-5.197453">
        <ele>634.610406</ele>
        <time>2026-05-17T13:16:45.000Z</time>
      </trkpt>
      <trkpt lat="36.843069" lon="-5.197412">
        <ele>634.770741</ele>
        <time>2026-05-17T13:16:48.000Z</time>
      </trkpt>
      <trkpt lat="36.843073" lon="-5.197397">
        <ele>634.831562</ele>
        <time>2026-05-17T13:16:49.000Z</time>
      </trkpt>
      <trkpt lat="36.843084" lon="-5.197323">
        <ele>635.121096</ele>
        <time>2026-05-17T13:16:54.000Z</time>
      </trkpt>
      <trkpt lat="36.843092" lon="-5.197237">
        <ele>635.454149</ele>
        <time>2026-05-17T13:17:01.000Z</time>
      </trkpt>
      <trkpt lat="36.843095" lon="-5.197126">
        <ele>635.881389</ele>
        <time>2026-05-17T13:17:08.000Z</time>
      </trkpt>
      <trkpt lat="36.843116" lon="-5.197020">
        <ele>636.212997</ele>
        <time>2026-05-17T13:17:15.000Z</time>
      </trkpt>
      <trkpt lat="36.843118" lon="-5.196975">
        <ele>636.323743</ele>
        <time>2026-05-17T13:17:18.000Z</time>
      </trkpt>
      <trkpt lat="36.843126" lon="-5.196930">
        <ele>636.437015</ele>
        <time>2026-05-17T13:17:21.000Z</time>
      </trkpt>
      <trkpt lat="36.843130" lon="-5.196914">
        <ele>636.478205</ele>
        <time>2026-05-17T13:17:22.000Z</time>
      </trkpt>
      <trkpt lat="36.843135" lon="-5.196886">
        <ele>636.548700</ele>
        <time>2026-05-17T13:17:24.000Z</time>
      </trkpt>
      <trkpt lat="36.843130" lon="-5.196843">
        <ele>636.655472</ele>
        <time>2026-05-17T13:17:27.000Z</time>
      </trkpt>
      <trkpt lat="36.843131" lon="-5.196721">
        <ele>636.955272</ele>
        <time>2026-05-17T13:17:36.000Z</time>
      </trkpt>
      <trkpt lat="36.843131" lon="-5.196592">
        <ele>637.272258</ele>
        <time>2026-05-17T13:17:45.000Z</time>
      </trkpt>
      <trkpt lat="36.843144" lon="-5.196480">
        <ele>637.550350</ele>
        <time>2026-05-17T13:17:52.000Z</time>
      </trkpt>
      <trkpt lat="36.843150" lon="-5.196360">
        <ele>637.845795</ele>
        <time>2026-05-17T13:18:00.000Z</time>
      </trkpt>
      <trkpt lat="36.843138" lon="-5.196246">
        <ele>638.128335</ele>
        <time>2026-05-17T13:18:07.000Z</time>
      </trkpt>
      <trkpt lat="36.843159" lon="-5.196170">
        <ele>638.325904</ele>
        <time>2026-05-17T13:18:13.000Z</time>
      </trkpt>
      <trkpt lat="36.843162" lon="-5.196075">
        <ele>638.559525</ele>
        <time>2026-05-17T13:18:19.000Z</time>
      </trkpt>
      <trkpt lat="36.843159" lon="-5.196045">
        <ele>638.633816</ele>
        <time>2026-05-17T13:18:21.000Z</time>
      </trkpt>
      <trkpt lat="36.843152" lon="-5.195959">
        <ele>638.846230</ele>
        <time>2026-05-17T13:18:26.000Z</time>
      </trkpt>
      <trkpt lat="36.843149" lon="-5.195894">
        <ele>639.006217</ele>
        <time>2026-05-17T13:18:30.000Z</time>
      </trkpt>
      <trkpt lat="36.843157" lon="-5.195755">
        <ele>639.348657</ele>
        <time>2026-05-17T13:18:38.000Z</time>
      </trkpt>
      <trkpt lat="36.843158" lon="-5.195700">
        <ele>639.483841</ele>
        <time>2026-05-17T13:18:42.000Z</time>
      </trkpt>
      <trkpt lat="36.843158" lon="-5.195640">
        <ele>639.631276</ele>
        <time>2026-05-17T13:18:45.000Z</time>
      </trkpt>
      <trkpt lat="36.843169" lon="-5.195558">
        <ele>639.835582</ele>
        <time>2026-05-17T13:18:51.000Z</time>
      </trkpt>
      <trkpt lat="36.843177" lon="-5.195501">
        <ele>639.977783</ele>
        <time>2026-05-17T13:18:55.000Z</time>
      </trkpt>
      <trkpt lat="36.843178" lon="-5.195455">
        <ele>640.090858</ele>
        <time>2026-05-17T13:18:58.000Z</time>
      </trkpt>
      <trkpt lat="36.843187" lon="-5.195329">
        <ele>640.401702</ele>
        <time>2026-05-17T13:19:07.000Z</time>
      </trkpt>
      <trkpt lat="36.843186" lon="-5.195294">
        <ele>640.487761</ele>
        <time>2026-05-17T13:19:09.000Z</time>
      </trkpt>
      <trkpt lat="36.843190" lon="-5.195245">
        <ele>640.608791</ele>
        <time>2026-05-17T13:19:12.000Z</time>
      </trkpt>
      <trkpt lat="36.843191" lon="-5.195204">
        <ele>640.709585</ele>
        <time>2026-05-17T13:19:15.000Z</time>
      </trkpt>
      <trkpt lat="36.843200" lon="-5.195085">
        <ele>641.003301</ele>
        <time>2026-05-17T13:19:24.000Z</time>
      </trkpt>
      <trkpt lat="36.843201" lon="-5.195068">
        <ele>641.045187</ele>
        <time>2026-05-17T13:19:25.000Z</time>
      </trkpt>
      <trkpt lat="36.843216" lon="-5.194952">
        <ele>641.333925</ele>
        <time>2026-05-17T13:19:33.000Z</time>
      </trkpt>
      <trkpt lat="36.843220" lon="-5.194945">
        <ele>641.355061</ele>
        <time>2026-05-17T13:19:34.000Z</time>
      </trkpt>
      <trkpt lat="36.843203" lon="-5.194850">
        <ele>641.563664</ele>
        <time>2026-05-17T13:19:40.000Z</time>
      </trkpt>
      <trkpt lat="36.843157" lon="-5.194771">
        <ele>641.313541</ele>
        <time>2026-05-17T13:19:47.000Z</time>
      </trkpt>
      <trkpt lat="36.843102" lon="-5.194691">
        <ele>641.043529</ele>
        <time>2026-05-17T13:19:54.000Z</time>
      </trkpt>
      <trkpt lat="36.843029" lon="-5.194585">
        <ele>640.685502</ele>
        <time>2026-05-17T13:20:02.000Z</time>
      </trkpt>
      <trkpt lat="36.842973" lon="-5.194522">
        <ele>640.444444</ele>
        <time>2026-05-17T13:20:09.000Z</time>
      </trkpt>
      <trkpt lat="36.842905" lon="-5.194423">
        <ele>640.110434</ele>
        <time>2026-05-17T13:20:18.000Z</time>
      </trkpt>
      <trkpt lat="36.842850" lon="-5.194366">
        <ele>639.881843</ele>
        <time>2026-05-17T13:20:24.000Z</time>
      </trkpt>
      <trkpt lat="36.842830" lon="-5.194340">
        <ele>639.789515</ele>
        <time>2026-05-17T13:20:28.000Z</time>
      </trkpt>
      <trkpt lat="36.842822" lon="-5.194330">
        <ele>639.753315</ele>
        <time>2026-05-17T13:20:29.000Z</time>
      </trkpt>
      <trkpt lat="36.842801" lon="-5.194308">
        <ele>639.665647</ele>
        <time>2026-05-17T13:20:31.000Z</time>
      </trkpt>
      <trkpt lat="36.842787" lon="-5.194293">
        <ele>639.606650</ele>
        <time>2026-05-17T13:20:32.000Z</time>
      </trkpt>
      <trkpt lat="36.842739" lon="-5.194219">
        <ele>639.362782</ele>
        <time>2026-05-17T13:20:38.000Z</time>
      </trkpt>
      <trkpt lat="36.842671" lon="-5.194153">
        <ele>639.087329</ele>
        <time>2026-05-17T13:20:45.000Z</time>
      </trkpt>
      <trkpt lat="36.842624" lon="-5.194102">
        <ele>638.888192</ele>
        <time>2026-05-17T13:20:51.000Z</time>
      </trkpt>
      <trkpt lat="36.842616" lon="-5.194094">
        <ele>638.855413</ele>
        <time>2026-05-17T13:20:52.000Z</time>
      </trkpt>
      <trkpt lat="36.842598" lon="-5.194074">
        <ele>638.778357</ele>
        <time>2026-05-17T13:20:54.000Z</time>
      </trkpt>
      <trkpt lat="36.842553" lon="-5.194025">
        <ele>638.587408</ele>
        <time>2026-05-17T13:20:58.000Z</time>
      </trkpt>
      <trkpt lat="36.842508" lon="-5.193971">
        <ele>638.387816</ele>
        <time>2026-05-17T13:21:04.000Z</time>
      </trkpt>
      <trkpt lat="36.842485" lon="-5.193944">
        <ele>638.286860</ele>
        <time>2026-05-17T13:21:07.000Z</time>
      </trkpt>
      <trkpt lat="36.842469" lon="-5.193927">
        <ele>638.219672</ele>
        <time>2026-05-17T13:21:09.000Z</time>
      </trkpt>
      <trkpt lat="36.842444" lon="-5.193894">
        <ele>638.103335</ele>
        <time>2026-05-17T13:21:12.000Z</time>
      </trkpt>
      <trkpt lat="36.842433" lon="-5.193877">
        <ele>638.047366</ele>
        <time>2026-05-17T13:21:14.000Z</time>
      </trkpt>
      <trkpt lat="36.842419" lon="-5.193859">
        <ele>637.983104</ele>
        <time>2026-05-17T13:21:16.000Z</time>
      </trkpt>
      <trkpt lat="36.842400" lon="-5.193830">
        <ele>637.887151</ele>
        <time>2026-05-17T13:21:18.000Z</time>
      </trkpt>
      <trkpt lat="36.842386" lon="-5.193774">
        <ele>637.736948</ele>
        <time>2026-05-17T13:21:24.000Z</time>
      </trkpt>
      <trkpt lat="36.842394" lon="-5.193758">
        <ele>637.688648</ele>
        <time>2026-05-17T13:21:25.000Z</time>
      </trkpt>
      <trkpt lat="36.842435" lon="-5.193693">
        <ele>637.476760</ele>
        <time>2026-05-17T13:21:30.000Z</time>
      </trkpt>
      <trkpt lat="36.842448" lon="-5.193673">
        <ele>637.410795</ele>
        <time>2026-05-17T13:21:32.000Z</time>
      </trkpt>
      <trkpt lat="36.842496" lon="-5.193598">
        <ele>637.164931</ele>
        <time>2026-05-17T13:21:39.000Z</time>
      </trkpt>
      <trkpt lat="36.842537" lon="-5.193547">
        <ele>636.979859</ele>
        <time>2026-05-17T13:21:44.000Z</time>
      </trkpt>
      <trkpt lat="36.842567" lon="-5.193511">
        <ele>636.846797</ele>
        <time>2026-05-17T13:21:47.000Z</time>
      </trkpt>
      <trkpt lat="36.842592" lon="-5.193489">
        <ele>636.748977</ele>
        <time>2026-05-17T13:21:50.000Z</time>
      </trkpt>
      <trkpt lat="36.842625" lon="-5.193451">
        <ele>636.605416</ele>
        <time>2026-05-17T13:21:54.000Z</time>
      </trkpt>
      <trkpt lat="36.842634" lon="-5.193443">
        <ele>636.570083</ele>
        <time>2026-05-17T13:21:55.000Z</time>
      </trkpt>
      <trkpt lat="36.842687" lon="-5.193387">
        <ele>636.348041</ele>
        <time>2026-05-17T13:22:01.000Z</time>
      </trkpt>
      <trkpt lat="36.842695" lon="-5.193379">
        <ele>636.315262</ele>
        <time>2026-05-17T13:22:02.000Z</time>
      </trkpt>
      <trkpt lat="36.842729" lon="-5.193353">
        <ele>636.187741</ele>
        <time>2026-05-17T13:22:05.000Z</time>
      </trkpt>
      <trkpt lat="36.842759" lon="-5.193316">
        <ele>636.052894</ele>
        <time>2026-05-17T13:22:10.000Z</time>
      </trkpt>
      <trkpt lat="36.842782" lon="-5.193289">
        <ele>635.951938</ele>
        <time>2026-05-17T13:22:12.000Z</time>
      </trkpt>
      <trkpt lat="36.842819" lon="-5.193243">
        <ele>635.828844</ele>
        <time>2026-05-17T13:22:16.000Z</time>
      </trkpt>
      <trkpt lat="36.842841" lon="-5.193219">
        <ele>635.837126</ele>
        <time>2026-05-17T13:22:19.000Z</time>
      </trkpt>
      <trkpt lat="36.842914" lon="-5.193146">
        <ele>635.863642</ele>
        <time>2026-05-17T13:22:27.000Z</time>
      </trkpt>
      <trkpt lat="36.842986" lon="-5.193066">
        <ele>635.890967</ele>
        <time>2026-05-17T13:22:34.000Z</time>
      </trkpt>
      <trkpt lat="36.843072" lon="-5.192989">
        <ele>635.920971</ele>
        <time>2026-05-17T13:22:42.000Z</time>
      </trkpt>
      <trkpt lat="36.843133" lon="-5.192889">
        <ele>635.949508</ele>
        <time>2026-05-17T13:22:49.000Z</time>
      </trkpt>
      <trkpt lat="36.843196" lon="-5.192833">
        <ele>635.971434</ele>
        <time>2026-05-17T13:22:58.000Z</time>
      </trkpt>
      <trkpt lat="36.843199" lon="-5.192838">
        <ele>635.972853</ele>
        <time>2026-05-17T13:23:02.000Z</time>
      </trkpt>
      <trkpt lat="36.843187" lon="-5.192843">
        <ele>635.976440</ele>
        <time>2026-05-17T13:23:05.000Z</time>
      </trkpt>
      <trkpt lat="36.843186" lon="-5.192830">
        <ele>635.979404</ele>
        <time>2026-05-17T13:23:07.000Z</time>
      </trkpt>
      <trkpt lat="36.843185" lon="-5.192832">
        <ele>635.979939</ele>
        <time>2026-05-17T13:23:15.000Z</time>
      </trkpt>
      <trkpt lat="36.843173" lon="-5.192827">
        <ele>635.983527</ele>
        <time>2026-05-17T13:23:19.000Z</time>
      </trkpt>
      <trkpt lat="36.843165" lon="-5.192854">
        <ele>635.990061</ele>
        <time>2026-05-17T13:23:27.000Z</time>
      </trkpt>
      <trkpt lat="36.843185" lon="-5.192850">
        <ele>635.995805</ele>
        <time>2026-05-17T13:23:32.000Z</time>
      </trkpt>
      <trkpt lat="36.843198" lon="-5.192845">
        <ele>635.999663</ele>
        <time>2026-05-17T13:23:34.000Z</time>
      </trkpt>
      <trkpt lat="36.843215" lon="-5.192836">
        <ele>636.004899</ele>
        <time>2026-05-17T13:23:36.000Z</time>
      </trkpt>
      <trkpt lat="36.843291" lon="-5.192791">
        <ele>636.028750</ele>
        <time>2026-05-17T13:23:41.000Z</time>
      </trkpt>
      <trkpt lat="36.843301" lon="-5.192782">
        <ele>636.032245</ele>
        <time>2026-05-17T13:23:42.000Z</time>
      </trkpt>
      <trkpt lat="36.843389" lon="-5.192705">
        <ele>636.062712</ele>
        <time>2026-05-17T13:23:50.000Z</time>
      </trkpt>
      <trkpt lat="36.843464" lon="-5.192635">
        <ele>636.089260</ele>
        <time>2026-05-17T13:23:59.000Z</time>
      </trkpt>
      <trkpt lat="36.843500" lon="-5.192587">
        <ele>636.104191</ele>
        <time>2026-05-17T13:24:03.000Z</time>
      </trkpt>
      <trkpt lat="36.843538" lon="-5.192543">
        <ele>636.118883</ele>
        <time>2026-05-17T13:24:07.000Z</time>
      </trkpt>
      <trkpt lat="36.843573" lon="-5.192508">
        <ele>636.131596</ele>
        <time>2026-05-17T13:24:10.000Z</time>
      </trkpt>
      <trkpt lat="36.843630" lon="-5.192469">
        <ele>636.150026</ele>
        <time>2026-05-17T13:24:14.000Z</time>
      </trkpt>
      <trkpt lat="36.843653" lon="-5.192455">
        <ele>636.157281</ele>
        <time>2026-05-17T13:24:16.000Z</time>
      </trkpt>
      <trkpt lat="36.843681" lon="-5.192438">
        <ele>636.166110</ele>
        <time>2026-05-17T13:24:19.000Z</time>
      </trkpt>
      <trkpt lat="36.843721" lon="-5.192391">
        <ele>636.181681</ele>
        <time>2026-05-17T13:24:23.000Z</time>
      </trkpt>
      <trkpt lat="36.843735" lon="-5.192367">
        <ele>636.188422</ele>
        <time>2026-05-17T13:24:25.000Z</time>
      </trkpt>
      <trkpt lat="36.843763" lon="-5.192334">
        <ele>636.199337</ele>
        <time>2026-05-17T13:24:28.000Z</time>
      </trkpt>
      <trkpt lat="36.843788" lon="-5.192311">
        <ele>636.208142</ele>
        <time>2026-05-17T13:24:31.000Z</time>
      </trkpt>
      <trkpt lat="36.843819" lon="-5.192289">
        <ele>636.218252</ele>
        <time>2026-05-17T13:24:34.000Z</time>
      </trkpt>
      <trkpt lat="36.843845" lon="-5.192267">
        <ele>636.227157</ele>
        <time>2026-05-17T13:24:36.000Z</time>
      </trkpt>
      <trkpt lat="36.843883" lon="-5.192239">
        <ele>636.239668</ele>
        <time>2026-05-17T13:24:40.000Z</time>
      </trkpt>
      <trkpt lat="36.843891" lon="-5.192231">
        <ele>636.242574</ele>
        <time>2026-05-17T13:24:41.000Z</time>
      </trkpt>
      <trkpt lat="36.843953" lon="-5.192175">
        <ele>636.264270</ele>
        <time>2026-05-17T13:24:47.000Z</time>
      </trkpt>
      <trkpt lat="36.843973" lon="-5.192154">
        <ele>636.271678</ele>
        <time>2026-05-17T13:24:49.000Z</time>
      </trkpt>
      <trkpt lat="36.844031" lon="-5.192083">
        <ele>636.294705</ele>
        <time>2026-05-17T13:24:56.000Z</time>
      </trkpt>
      <trkpt lat="36.844045" lon="-5.192057">
        <ele>636.301817</ele>
        <time>2026-05-17T13:24:58.000Z</time>
      </trkpt>
      <trkpt lat="36.844087" lon="-5.191992">
        <ele>636.320778</ele>
        <time>2026-05-17T13:25:03.000Z</time>
      </trkpt>
      <trkpt lat="36.844104" lon="-5.191969">
        <ele>636.327883</ele>
        <time>2026-05-17T13:25:05.000Z</time>
      </trkpt>
      <trkpt lat="36.844141" lon="-5.191924">
        <ele>636.430499</ele>
        <time>2026-05-17T13:25:09.000Z</time>
      </trkpt>
      <trkpt lat="36.844190" lon="-5.191875">
        <ele>636.666950</ele>
        <time>2026-05-17T13:25:14.000Z</time>
      </trkpt>
      <trkpt lat="36.844254" lon="-5.191779">
        <ele>637.043678</ele>
        <time>2026-05-17T13:25:22.000Z</time>
      </trkpt>
      <trkpt lat="36.844319" lon="-5.191673">
        <ele>637.446317</ele>
        <time>2026-05-17T13:25:31.000Z</time>
      </trkpt>
      <trkpt lat="36.844379" lon="-5.191567">
        <ele>637.837784</ele>
        <time>2026-05-17T13:25:39.000Z</time>
      </trkpt>
      <trkpt lat="36.844402" lon="-5.191538">
        <ele>637.960888</ele>
        <time>2026-05-17T13:25:42.000Z</time>
      </trkpt>
      <trkpt lat="36.844457" lon="-5.191462">
        <ele>638.269835</ele>
        <time>2026-05-17T13:25:49.000Z</time>
      </trkpt>
      <trkpt lat="36.844509" lon="-5.191383">
        <ele>638.578248</ele>
        <time>2026-05-17T13:25:56.000Z</time>
      </trkpt>
      <trkpt lat="36.844581" lon="-5.191289">
        <ele>638.970565</ele>
        <time>2026-05-17T13:26:04.000Z</time>
      </trkpt>
      <trkpt lat="36.844647" lon="-5.191206">
        <ele>639.323353</ele>
        <time>2026-05-17T13:26:11.000Z</time>
      </trkpt>
      <trkpt lat="36.844697" lon="-5.191132">
        <ele>639.615360</ele>
        <time>2026-05-17T13:26:16.000Z</time>
      </trkpt>
      <trkpt lat="36.844711" lon="-5.191117">
        <ele>639.684841</ele>
        <time>2026-05-17T13:26:18.000Z</time>
      </trkpt>
      <trkpt lat="36.844775" lon="-5.191024">
        <ele>640.054663</ele>
        <time>2026-05-17T13:26:26.000Z</time>
      </trkpt>
      <trkpt lat="36.844794" lon="-5.190998">
        <ele>640.160822</ele>
        <time>2026-05-17T13:26:28.000Z</time>
      </trkpt>
      <trkpt lat="36.844844" lon="-5.190936">
        <ele>640.426212</ele>
        <time>2026-05-17T13:26:33.000Z</time>
      </trkpt>
      <trkpt lat="36.844894" lon="-5.190867">
        <ele>640.706869</ele>
        <time>2026-05-17T13:26:39.000Z</time>
      </trkpt>
      <trkpt lat="36.844902" lon="-5.190857">
        <ele>640.749502</ele>
        <time>2026-05-17T13:26:40.000Z</time>
      </trkpt>
      <trkpt lat="36.844976" lon="-5.190756">
        <ele>641.162376</ele>
        <time>2026-05-17T13:26:49.000Z</time>
      </trkpt>
      <trkpt lat="36.845010" lon="-5.190709">
        <ele>641.353402</ele>
        <time>2026-05-17T13:26:53.000Z</time>
      </trkpt>
      <trkpt lat="36.845064" lon="-5.190636">
        <ele>641.653129</ele>
        <time>2026-05-17T13:27:00.000Z</time>
      </trkpt>
      <trkpt lat="36.845119" lon="-5.190548">
        <ele>641.989786</ele>
        <time>2026-05-17T13:27:10.000Z</time>
      </trkpt>
      <trkpt lat="36.845108" lon="-5.190545">
        <ele>642.032205</ele>
        <time>2026-05-17T13:27:18.000Z</time>
      </trkpt>
      <trkpt lat="36.845106" lon="-5.190538">
        <ele>642.054615</ele>
        <time>2026-05-17T13:27:20.000Z</time>
      </trkpt>
      <trkpt lat="36.845101" lon="-5.190540">
        <ele>642.074395</ele>
        <time>2026-05-17T13:27:22.000Z</time>
      </trkpt>
      <trkpt lat="36.845102" lon="-5.190544">
        <ele>642.087030</ele>
        <time>2026-05-17T13:27:24.000Z</time>
      </trkpt>
      <trkpt lat="36.845126" lon="-5.190550">
        <ele>642.179245</ele>
        <time>2026-05-17T13:27:28.000Z</time>
      </trkpt>
      <trkpt lat="36.845135" lon="-5.190564">
        <ele>642.233388</ele>
        <time>2026-05-17T13:27:39.000Z</time>
      </trkpt>
      <trkpt lat="36.845153" lon="-5.190518">
        <ele>642.387774</ele>
        <time>2026-05-17T13:27:47.000Z</time>
      </trkpt>
      <trkpt lat="36.845193" lon="-5.190464">
        <ele>642.609630</ele>
        <time>2026-05-17T13:27:52.000Z</time>
      </trkpt>
      <trkpt lat="36.845223" lon="-5.190427">
        <ele>642.768440</ele>
        <time>2026-05-17T13:27:55.000Z</time>
      </trkpt>
      <trkpt lat="36.845231" lon="-5.190416">
        <ele>642.813256</ele>
        <time>2026-05-17T13:27:56.000Z</time>
      </trkpt>
      <trkpt lat="36.845265" lon="-5.190321">
        <ele>643.122415</ele>
        <time>2026-05-17T13:28:04.000Z</time>
      </trkpt>
      <trkpt lat="36.845302" lon="-5.190302">
        <ele>643.226991</ele>
        <time>2026-05-17T13:28:11.000Z</time>
      </trkpt>
      <trkpt lat="36.845364" lon="-5.190261">
        <ele>643.410371</ele>
        <time>2026-05-17T13:28:17.000Z</time>
      </trkpt>
      <trkpt lat="36.845380" lon="-5.190246">
        <ele>643.462662</ele>
        <time>2026-05-17T13:28:19.000Z</time>
      </trkpt>
      <trkpt lat="36.845441" lon="-5.190167">
        <ele>643.692326</ele>
        <time>2026-05-17T13:28:27.000Z</time>
      </trkpt>
      <trkpt lat="36.845497" lon="-5.190066">
        <ele>643.949386</ele>
        <time>2026-05-17T13:28:36.000Z</time>
      </trkpt>
      <trkpt lat="36.845542" lon="-5.190003">
        <ele>644.126051</ele>
        <time>2026-05-17T13:28:42.000Z</time>
      </trkpt>
      <trkpt lat="36.845634" lon="-5.189913">
        <ele>644.431497</ele>
        <time>2026-05-17T13:28:51.000Z</time>
      </trkpt>
      <trkpt lat="36.845693" lon="-5.189825">
        <ele>644.671671</ele>
        <time>2026-05-17T13:28:59.000Z</time>
      </trkpt>
      <trkpt lat="36.845714" lon="-5.189799">
        <ele>644.748953</ele>
        <time>2026-05-17T13:29:02.000Z</time>
      </trkpt>
      <trkpt lat="36.845782" lon="-5.189704">
        <ele>645.015602</ele>
        <time>2026-05-17T13:29:09.000Z</time>
      </trkpt>
      <trkpt lat="36.845848" lon="-5.189608">
        <ele>645.280377</ele>
        <time>2026-05-17T13:29:17.000Z</time>
      </trkpt>
      <trkpt lat="36.845904" lon="-5.189533">
        <ele>645.494973</ele>
        <time>2026-05-17T13:29:24.000Z</time>
      </trkpt>
      <trkpt lat="36.845915" lon="-5.189521">
        <ele>645.533146</ele>
        <time>2026-05-17T13:29:25.000Z</time>
      </trkpt>
      <trkpt lat="36.845966" lon="-5.189457">
        <ele>645.722098</ele>
        <time>2026-05-17T13:29:30.000Z</time>
      </trkpt>
      <trkpt lat="36.845994" lon="-5.189440">
        <ele>645.803480</ele>
        <time>2026-05-17T13:29:33.000Z</time>
      </trkpt>
      <trkpt lat="36.846080" lon="-5.189358">
        <ele>646.086279</ele>
        <time>2026-05-17T13:29:42.000Z</time>
      </trkpt>
      <trkpt lat="36.846148" lon="-5.189284">
        <ele>646.322008</ele>
        <time>2026-05-17T13:29:49.000Z</time>
      </trkpt>
      <trkpt lat="36.846196" lon="-5.189238">
        <ele>646.480145</ele>
        <time>2026-05-17T13:29:54.000Z</time>
      </trkpt>
      <trkpt lat="36.846297" lon="-5.189144">
        <ele>646.809370</ele>
        <time>2026-05-17T13:30:04.000Z</time>
      </trkpt>
      <trkpt lat="36.846339" lon="-5.189103">
        <ele>646.948700</ele>
        <time>2026-05-17T13:30:08.000Z</time>
      </trkpt>
      <trkpt lat="36.846388" lon="-5.189042">
        <ele>647.129516</ele>
        <time>2026-05-17T13:30:13.000Z</time>
      </trkpt>
      <trkpt lat="36.846450" lon="-5.188973">
        <ele>647.346560</ele>
        <time>2026-05-17T13:30:19.000Z</time>
      </trkpt>
      <trkpt lat="36.846459" lon="-5.188966">
        <ele>647.374274</ele>
        <time>2026-05-17T13:30:20.000Z</time>
      </trkpt>
      <trkpt lat="36.846504" lon="-5.188931">
        <ele>647.512841</ele>
        <time>2026-05-17T13:30:25.000Z</time>
      </trkpt>
      <trkpt lat="36.846529" lon="-5.188891">
        <ele>647.619020</ele>
        <time>2026-05-17T13:30:28.000Z</time>
      </trkpt>
      <trkpt lat="36.846584" lon="-5.188818">
        <ele>647.825781</ele>
        <time>2026-05-17T13:30:34.000Z</time>
      </trkpt>
      <trkpt lat="36.846601" lon="-5.188796">
        <ele>647.876745</ele>
        <time>2026-05-17T13:30:36.000Z</time>
      </trkpt>
      <trkpt lat="36.846678" lon="-5.188695">
        <ele>648.109211</ele>
        <time>2026-05-17T13:30:45.000Z</time>
      </trkpt>
      <trkpt lat="36.846739" lon="-5.188600">
        <ele>648.312186</ele>
        <time>2026-05-17T13:30:51.000Z</time>
      </trkpt>
      <trkpt lat="36.846747" lon="-5.188586">
        <ele>648.340854</ele>
        <time>2026-05-17T13:30:52.000Z</time>
      </trkpt>
      <trkpt lat="36.846772" lon="-5.188538">
        <ele>648.436293</ele>
        <time>2026-05-17T13:30:55.000Z</time>
      </trkpt>
      <trkpt lat="36.846803" lon="-5.188497">
        <ele>648.530291</ele>
        <time>2026-05-17T13:31:00.000Z</time>
      </trkpt>
      <trkpt lat="36.846846" lon="-5.188427">
        <ele>648.677349</ele>
        <time>2026-05-17T13:31:05.000Z</time>
      </trkpt>
      <trkpt lat="36.846854" lon="-5.188417">
        <ele>648.700912</ele>
        <time>2026-05-17T13:31:06.000Z</time>
      </trkpt>
      <trkpt lat="36.846873" lon="-5.188378">
        <ele>648.777000</ele>
        <time>2026-05-17T13:31:13.000Z</time>
      </trkpt>
      <trkpt lat="36.846880" lon="-5.188367">
        <ele>648.800420</ele>
        <time>2026-05-17T13:31:17.000Z</time>
      </trkpt>
      <trkpt lat="36.846874" lon="-5.188349">
        <ele>648.832915</ele>
        <time>2026-05-17T13:31:23.000Z</time>
      </trkpt>
      <trkpt lat="36.846873" lon="-5.188348">
        <ele>648.835582</ele>
        <time>2026-05-17T13:31:26.000Z</time>
      </trkpt>
      <trkpt lat="36.846869" lon="-5.188357">
        <ele>648.852738</ele>
        <time>2026-05-17T13:31:30.000Z</time>
      </trkpt>
      <trkpt lat="36.846859" lon="-5.188328">
        <ele>648.905360</ele>
        <time>2026-05-17T13:31:36.000Z</time>
      </trkpt>
      <trkpt lat="36.846871" lon="-5.188325">
        <ele>648.930845</ele>
        <time>2026-05-17T13:31:45.000Z</time>
      </trkpt>
      <trkpt lat="36.846886" lon="-5.188342">
        <ele>648.973015</ele>
        <time>2026-05-17T13:31:48.000Z</time>
      </trkpt>
      <trkpt lat="36.846878" lon="-5.188352">
        <ele>648.996578</ele>
        <time>2026-05-17T13:31:52.000Z</time>
      </trkpt>
      <trkpt lat="36.846879" lon="-5.188335">
        <ele>649.024984</ele>
        <time>2026-05-17T13:31:54.000Z</time>
      </trkpt>
      <trkpt lat="36.846907" lon="-5.188299">
        <ele>649.108644</ele>
        <time>2026-05-17T13:31:57.000Z</time>
      </trkpt>
      <trkpt lat="36.846943" lon="-5.188268">
        <ele>649.199687</ele>
        <time>2026-05-17T13:32:00.000Z</time>
      </trkpt>
      <trkpt lat="36.846996" lon="-5.188161">
        <ele>649.409390</ele>
        <time>2026-05-17T13:32:09.000Z</time>
      </trkpt>
      <trkpt lat="36.847006" lon="-5.188146">
        <ele>649.441925</ele>
        <time>2026-05-17T13:32:11.000Z</time>
      </trkpt>
      <trkpt lat="36.847064" lon="-5.188081">
        <ele>649.604162</ele>
        <time>2026-05-17T13:32:17.000Z</time>
      </trkpt>
      <trkpt lat="36.847109" lon="-5.188015">
        <ele>649.748655</ele>
        <time>2026-05-17T13:32:22.000Z</time>
      </trkpt>
      <trkpt lat="36.847132" lon="-5.187979">
        <ele>649.825422</ele>
        <time>2026-05-17T13:32:25.000Z</time>
      </trkpt>
      <trkpt lat="36.847186" lon="-5.187903">
        <ele>649.994789</ele>
        <time>2026-05-17T13:32:32.000Z</time>
      </trkpt>
      <trkpt lat="36.847251" lon="-5.187801">
        <ele>650.212077</ele>
        <time>2026-05-17T13:32:39.000Z</time>
      </trkpt>
      <trkpt lat="36.847264" lon="-5.187766">
        <ele>650.276379</ele>
        <time>2026-05-17T13:32:42.000Z</time>
      </trkpt>
      <trkpt lat="36.847274" lon="-5.187742">
        <ele>650.321470</ele>
        <time>2026-05-17T13:32:44.000Z</time>
      </trkpt>
      <trkpt lat="36.847278" lon="-5.187727">
        <ele>650.347818</ele>
        <time>2026-05-17T13:32:45.000Z</time>
      </trkpt>
      <trkpt lat="36.847292" lon="-5.187685">
        <ele>650.423638</ele>
        <time>2026-05-17T13:32:48.000Z</time>
      </trkpt>
      <trkpt lat="36.847326" lon="-5.187614">
        <ele>650.561522</ele>
        <time>2026-05-17T13:32:53.000Z</time>
      </trkpt>
      <trkpt lat="36.847381" lon="-5.187528">
        <ele>650.744979</ele>
        <time>2026-05-17T13:33:00.000Z</time>
      </trkpt>
      <trkpt lat="36.847387" lon="-5.187510">
        <ele>650.777473</ele>
        <time>2026-05-17T13:33:01.000Z</time>
      </trkpt>
      <trkpt lat="36.847423" lon="-5.187440">
        <ele>650.916137</ele>
        <time>2026-05-17T13:33:06.000Z</time>
      </trkpt>
      <trkpt lat="36.847454" lon="-5.187383">
        <ele>651.030984</ele>
        <time>2026-05-17T13:33:11.000Z</time>
      </trkpt>
      <trkpt lat="36.847466" lon="-5.187365">
        <ele>651.070025</ele>
        <time>2026-05-17T13:33:13.000Z</time>
      </trkpt>
      <trkpt lat="36.847500" lon="-5.187285">
        <ele>651.220975</ele>
        <time>2026-05-17T13:33:19.000Z</time>
      </trkpt>
      <trkpt lat="36.847533" lon="-5.187214">
        <ele>651.357801</ele>
        <time>2026-05-17T13:33:25.000Z</time>
      </trkpt>
      <trkpt lat="36.847593" lon="-5.187103">
        <ele>651.529391</ele>
        <time>2026-05-17T13:33:32.000Z</time>
      </trkpt>
      <trkpt lat="36.847639" lon="-5.187044">
        <ele>651.335590</ele>
        <time>2026-05-17T13:33:38.000Z</time>
      </trkpt>
      <trkpt lat="36.847707" lon="-5.186945">
        <ele>651.028635</ele>
        <time>2026-05-17T13:33:46.000Z</time>
      </trkpt>
      <trkpt lat="36.847734" lon="-5.186859">
        <ele>650.811286</ele>
        <time>2026-05-17T13:33:53.000Z</time>
      </trkpt>
      <trkpt lat="36.847745" lon="-5.186838">
        <ele>650.752235</ele>
        <time>2026-05-17T13:33:55.000Z</time>
      </trkpt>
      <trkpt lat="36.847775" lon="-5.186790">
        <ele>650.608942</ele>
        <time>2026-05-17T13:34:00.000Z</time>
      </trkpt>
      <trkpt lat="36.847838" lon="-5.186692">
        <ele>650.313191</ele>
        <time>2026-05-17T13:34:08.000Z</time>
      </trkpt>
      <trkpt lat="36.847872" lon="-5.186644">
        <ele>650.162374</ele>
        <time>2026-05-17T13:34:13.000Z</time>
      </trkpt>
      <trkpt lat="36.847879" lon="-5.186630">
        <ele>650.123535</ele>
        <time>2026-05-17T13:34:14.000Z</time>
      </trkpt>
      <trkpt lat="36.847951" lon="-5.186516">
        <ele>649.781853</ele>
        <time>2026-05-17T13:34:22.000Z</time>
      </trkpt>
      <trkpt lat="36.847995" lon="-5.186428">
        <ele>649.537723</ele>
        <time>2026-05-17T13:34:30.000Z</time>
      </trkpt>
      <trkpt lat="36.848032" lon="-5.186344">
        <ele>649.312134</ele>
        <time>2026-05-17T13:34:35.000Z</time>
      </trkpt>
      <trkpt lat="36.848038" lon="-5.186331">
        <ele>649.276826</ele>
        <time>2026-05-17T13:34:36.000Z</time>
      </trkpt>
      <trkpt lat="36.848044" lon="-5.186316">
        <ele>649.237372</ele>
        <time>2026-05-17T13:34:37.000Z</time>
      </trkpt>
      <trkpt lat="36.848054" lon="-5.186296">
        <ele>649.181887</ele>
        <time>2026-05-17T13:34:39.000Z</time>
      </trkpt>
      <trkpt lat="36.848067" lon="-5.186274">
        <ele>649.117545</ele>
        <time>2026-05-17T13:34:41.000Z</time>
      </trkpt>
      <trkpt lat="36.848075" lon="-5.186266">
        <ele>649.087421</ele>
        <time>2026-05-17T13:34:42.000Z</time>
      </trkpt>
      <trkpt lat="36.848093" lon="-5.186249">
        <ele>649.021086</ele>
        <time>2026-05-17T13:34:44.000Z</time>
      </trkpt>
      <trkpt lat="36.848143" lon="-5.186182">
        <ele>648.805546</ele>
        <time>2026-05-17T13:34:49.000Z</time>
      </trkpt>
      <trkpt lat="36.848185" lon="-5.186115">
        <ele>648.605307</ele>
        <time>2026-05-17T13:34:53.000Z</time>
      </trkpt>
      <trkpt lat="36.848212" lon="-5.186060">
        <ele>648.453500</ele>
        <time>2026-05-17T13:34:57.000Z</time>
      </trkpt>
      <trkpt lat="36.848220" lon="-5.186040">
        <ele>648.400895</ele>
        <time>2026-05-17T13:35:01.000Z</time>
      </trkpt>
      <trkpt lat="36.848227" lon="-5.186022">
        <ele>648.353810</ele>
        <time>2026-05-17T13:35:03.000Z</time>
      </trkpt>
      <trkpt lat="36.848273" lon="-5.185938">
        <ele>648.114337</ele>
        <time>2026-05-17T13:35:09.000Z</time>
      </trkpt>
      <trkpt lat="36.848327" lon="-5.185865">
        <ele>647.880451</ele>
        <time>2026-05-17T13:35:15.000Z</time>
      </trkpt>
      <trkpt lat="36.848335" lon="-5.185854">
        <ele>647.845480</ele>
        <time>2026-05-17T13:35:16.000Z</time>
      </trkpt>
      <trkpt lat="36.848382" lon="-5.185767">
        <ele>647.598517</ele>
        <time>2026-05-17T13:35:23.000Z</time>
      </trkpt>
      <trkpt lat="36.848411" lon="-5.185719">
        <ele>647.457015</ele>
        <time>2026-05-17T13:35:27.000Z</time>
      </trkpt>
      <trkpt lat="36.848423" lon="-5.185699">
        <ele>647.398204</ele>
        <time>2026-05-17T13:35:29.000Z</time>
      </trkpt>
      <trkpt lat="36.848426" lon="-5.185693">
        <ele>647.381559</ele>
        <time>2026-05-17T13:35:30.000Z</time>
      </trkpt>
      <trkpt lat="36.848489" lon="-5.185589">
        <ele>647.074677</ele>
        <time>2026-05-17T13:35:37.000Z</time>
      </trkpt>
      <trkpt lat="36.848499" lon="-5.185572">
        <ele>647.025037</ele>
        <time>2026-05-17T13:35:38.000Z</time>
      </trkpt>
      <trkpt lat="36.848526" lon="-5.185515">
        <ele>646.869200</ele>
        <time>2026-05-17T13:35:44.000Z</time>
      </trkpt>
      <trkpt lat="36.848558" lon="-5.185427">
        <ele>646.641788</ele>
        <time>2026-05-17T13:35:51.000Z</time>
      </trkpt>
      <trkpt lat="36.848625" lon="-5.185286">
        <ele>646.265655</ele>
        <time>2026-05-17T13:36:03.000Z</time>
      </trkpt>
      <trkpt lat="36.848684" lon="-5.185154">
        <ele>646.131591</ele>
        <time>2026-05-17T13:36:13.000Z</time>
      </trkpt>
      <trkpt lat="36.848712" lon="-5.185124">
        <ele>646.090723</ele>
        <time>2026-05-17T13:36:18.000Z</time>
      </trkpt>
      <trkpt lat="36.848722" lon="-5.185112">
        <ele>646.075361</ele>
        <time>2026-05-17T13:36:22.000Z</time>
      </trkpt>
      <trkpt lat="36.848738" lon="-5.185086">
        <ele>646.046278</ele>
        <time>2026-05-17T13:36:24.000Z</time>
      </trkpt>
      <trkpt lat="36.848757" lon="-5.185062">
        <ele>646.016343</ele>
        <time>2026-05-17T13:36:26.000Z</time>
      </trkpt>
      <trkpt lat="36.848798" lon="-5.184977">
        <ele>645.928341</ele>
        <time>2026-05-17T13:36:33.000Z</time>
      </trkpt>
      <trkpt lat="36.848865" lon="-5.184851">
        <ele>645.794201</ele>
        <time>2026-05-17T13:36:43.000Z</time>
      </trkpt>
      <trkpt lat="36.848915" lon="-5.184753">
        <ele>645.691146</ele>
        <time>2026-05-17T13:36:49.000Z</time>
      </trkpt>
      <trkpt lat="36.848946" lon="-5.184680">
        <ele>645.617867</ele>
        <time>2026-05-17T13:36:55.000Z</time>
      </trkpt>
      <trkpt lat="36.848968" lon="-5.184621">
        <ele>645.560152</ele>
        <time>2026-05-17T13:36:59.000Z</time>
      </trkpt>
      <trkpt lat="36.848995" lon="-5.184563">
        <ele>645.500655</ele>
        <time>2026-05-17T13:37:03.000Z</time>
      </trkpt>
      <trkpt lat="36.849048" lon="-5.184437">
        <ele>645.374437</ele>
        <time>2026-05-17T13:37:12.000Z</time>
      </trkpt>
      <trkpt lat="36.849084" lon="-5.184355">
        <ele>645.291505</ele>
        <time>2026-05-17T13:37:19.000Z</time>
      </trkpt>
      <trkpt lat="36.849098" lon="-5.184330">
        <ele>645.264449</ele>
        <time>2026-05-17T13:37:21.000Z</time>
      </trkpt>
      <trkpt lat="36.849147" lon="-5.184232">
        <ele>645.161985</ele>
        <time>2026-05-17T13:37:29.000Z</time>
      </trkpt>
      <trkpt lat="36.849182" lon="-5.184150">
        <ele>645.079581</ele>
        <time>2026-05-17T13:37:35.000Z</time>
      </trkpt>
      <trkpt lat="36.849224" lon="-5.184068">
        <ele>644.993254</ele>
        <time>2026-05-17T13:37:42.000Z</time>
      </trkpt>
      <trkpt lat="36.849278" lon="-5.183973">
        <ele>644.889930</ele>
        <time>2026-05-17T13:37:49.000Z</time>
      </trkpt>
      <trkpt lat="36.849364" lon="-5.183871">
        <ele>644.758550</ele>
        <time>2026-05-17T13:37:59.000Z</time>
      </trkpt>
      <trkpt lat="36.849459" lon="-5.183777">
        <ele>644.624283</ele>
        <time>2026-05-17T13:38:09.000Z</time>
      </trkpt>
      <trkpt lat="36.849529" lon="-5.183701">
        <ele>644.521534</ele>
        <time>2026-05-17T13:38:15.000Z</time>
      </trkpt>
      <trkpt lat="36.849569" lon="-5.183646">
        <ele>644.455634</ele>
        <time>2026-05-17T13:38:21.000Z</time>
      </trkpt>
      <trkpt lat="36.849627" lon="-5.183552">
        <ele>644.350386</ele>
        <time>2026-05-17T13:38:28.000Z</time>
      </trkpt>
      <trkpt lat="36.849672" lon="-5.183500">
        <ele>644.282473</ele>
        <time>2026-05-17T13:38:34.000Z</time>
      </trkpt>
      <trkpt lat="36.849744" lon="-5.183422">
        <ele>644.062309</ele>
        <time>2026-05-17T13:38:41.000Z</time>
      </trkpt>
      <trkpt lat="36.849801" lon="-5.183315">
        <ele>643.819817</ele>
        <time>2026-05-17T13:38:49.000Z</time>
      </trkpt>
      <trkpt lat="36.849893" lon="-5.183147">
        <ele>643.435780</ele>
        <time>2026-05-17T13:39:02.000Z</time>
      </trkpt>
      <trkpt lat="36.849940" lon="-5.183025">
        <ele>643.180346</ele>
        <time>2026-05-17T13:39:13.000Z</time>
      </trkpt>
      <trkpt lat="36.849940" lon="-5.183030">
        <ele>643.170914</ele>
        <time>2026-05-17T13:39:16.000Z</time>
      </trkpt>
      <trkpt lat="36.849946" lon="-5.183028">
        <ele>643.156275</ele>
        <time>2026-05-17T13:39:18.000Z</time>
      </trkpt>
      <trkpt lat="36.849950" lon="-5.183029">
        <ele>643.146658</ele>
        <time>2026-05-17T13:39:19.000Z</time>
      </trkpt>
      <trkpt lat="36.849965" lon="-5.183028">
        <ele>643.111245</ele>
        <time>2026-05-17T13:39:22.000Z</time>
      </trkpt>
      <trkpt lat="36.850002" lon="-5.182978">
        <ele>642.982771</ele>
        <time>2026-05-17T13:39:28.000Z</time>
      </trkpt>
      <trkpt lat="36.850003" lon="-5.182975">
        <ele>642.976641</ele>
        <time>2026-05-17T13:39:29.000Z</time>
      </trkpt>
      <trkpt lat="36.850032" lon="-5.182938">
        <ele>642.878937</ele>
        <time>2026-05-17T13:39:35.000Z</time>
      </trkpt>
      <trkpt lat="36.850082" lon="-5.182863">
        <ele>642.694783</ele>
        <time>2026-05-17T13:39:43.000Z</time>
      </trkpt>
      <trkpt lat="36.850146" lon="-5.182745">
        <ele>642.425865</ele>
        <time>2026-05-17T13:39:54.000Z</time>
      </trkpt>
      <trkpt lat="36.850163" lon="-5.182709">
        <ele>642.347008</ele>
        <time>2026-05-17T13:39:57.000Z</time>
      </trkpt>
      <trkpt lat="36.850184" lon="-5.182674">
        <ele>642.264482</ele>
        <time>2026-05-17T13:40:00.000Z</time>
      </trkpt>
      <trkpt lat="36.850190" lon="-5.182664">
        <ele>642.240904</ele>
        <time>2026-05-17T13:40:01.000Z</time>
      </trkpt>
      <trkpt lat="36.850254" lon="-5.182551">
        <ele>641.979740</ele>
        <time>2026-05-17T13:40:10.000Z</time>
      </trkpt>
      <trkpt lat="36.850306" lon="-5.182453">
        <ele>641.757914</ele>
        <time>2026-05-17T13:40:17.000Z</time>
      </trkpt>
      <trkpt lat="36.850386" lon="-5.182313">
        <ele>641.433382</ele>
        <time>2026-05-17T13:40:27.000Z</time>
      </trkpt>
      <trkpt lat="36.850445" lon="-5.182178">
        <ele>641.143201</ele>
        <time>2026-05-17T13:40:36.000Z</time>
      </trkpt>
      <trkpt lat="36.850478" lon="-5.182087">
        <ele>640.954727</ele>
        <time>2026-05-17T13:40:43.000Z</time>
      </trkpt>
      <trkpt lat="36.850506" lon="-5.181996">
        <ele>640.770805</ele>
        <time>2026-05-17T13:40:50.000Z</time>
      </trkpt>
      <trkpt lat="36.850565" lon="-5.181859">
        <ele>640.477307</ele>
        <time>2026-05-17T13:40:59.000Z</time>
      </trkpt>
      <trkpt lat="36.850579" lon="-5.181726">
        <ele>640.224246</ele>
        <time>2026-05-17T13:41:07.000Z</time>
      </trkpt>
      <trkpt lat="36.850586" lon="-5.181678">
        <ele>640.132204</ele>
        <time>2026-05-17T13:41:10.000Z</time>
      </trkpt>
      <trkpt lat="36.850595" lon="-5.181617">
        <ele>640.041119</ele>
        <time>2026-05-17T13:41:14.000Z</time>
      </trkpt>
      <trkpt lat="36.850589" lon="-5.181532">
        <ele>640.061306</ele>
        <time>2026-05-17T13:41:20.000Z</time>
      </trkpt>
      <trkpt lat="36.850592" lon="-5.181517">
        <ele>640.064964</ele>
        <time>2026-05-17T13:41:21.000Z</time>
      </trkpt>
      <trkpt lat="36.850597" lon="-5.181439">
        <ele>640.083476</ele>
        <time>2026-05-17T13:41:27.000Z</time>
      </trkpt>
      <trkpt lat="36.850598" lon="-5.181423">
        <ele>640.087272</ele>
        <time>2026-05-17T13:41:28.000Z</time>
      </trkpt>
      <trkpt lat="36.850603" lon="-5.181333">
        <ele>640.108615</ele>
        <time>2026-05-17T13:41:34.000Z</time>
      </trkpt>
      <trkpt lat="36.850610" lon="-5.181289">
        <ele>640.119228</ele>
        <time>2026-05-17T13:41:37.000Z</time>
      </trkpt>
      <trkpt lat="36.850621" lon="-5.181160">
        <ele>640.149919</ele>
        <time>2026-05-17T13:41:45.000Z</time>
      </trkpt>
      <trkpt lat="36.850621" lon="-5.181152">
        <ele>640.151812</ele>
        <time>2026-05-17T13:41:46.000Z</time>
      </trkpt>
      <trkpt lat="36.850640" lon="-5.181060">
        <ele>640.174290</ele>
        <time>2026-05-17T13:41:52.000Z</time>
      </trkpt>
      <trkpt lat="36.850664" lon="-5.180985">
        <ele>640.193399</ele>
        <time>2026-05-17T13:41:57.000Z</time>
      </trkpt>
      <trkpt lat="36.850705" lon="-5.180894">
        <ele>640.218106</ele>
        <time>2026-05-17T13:42:04.000Z</time>
      </trkpt>
      <trkpt lat="36.850743" lon="-5.180798">
        <ele>640.243444</ele>
        <time>2026-05-17T13:42:11.000Z</time>
      </trkpt>
      <trkpt lat="36.850751" lon="-5.180770">
        <ele>640.250477</ele>
        <time>2026-05-17T13:42:13.000Z</time>
      </trkpt>
      <trkpt lat="36.850793" lon="-5.180678">
        <ele>640.275535</ele>
        <time>2026-05-17T13:42:20.000Z</time>
      </trkpt>
      <trkpt lat="36.850826" lon="-5.180589">
        <ele>640.298741</ele>
        <time>2026-05-17T13:42:27.000Z</time>
      </trkpt>
      <trkpt lat="36.850894" lon="-5.180523">
        <ele>640.324196</ele>
        <time>2026-05-17T13:42:34.000Z</time>
      </trkpt>
      <trkpt lat="36.850950" lon="-5.180450">
        <ele>640.348120</ele>
        <time>2026-05-17T13:42:41.000Z</time>
      </trkpt>
      <trkpt lat="36.850996" lon="-5.180362">
        <ele>640.372987</ele>
        <time>2026-05-17T13:42:48.000Z</time>
      </trkpt>
      <trkpt lat="36.851027" lon="-5.180314">
        <ele>640.387579</ele>
        <time>2026-05-17T13:42:53.000Z</time>
      </trkpt>
      <trkpt lat="36.851044" lon="-5.180281">
        <ele>640.396864</ele>
        <time>2026-05-17T13:42:55.000Z</time>
      </trkpt>
      <trkpt lat="36.851069" lon="-5.180228">
        <ele>640.411419</ele>
        <time>2026-05-17T13:42:59.000Z</time>
      </trkpt>
      <trkpt lat="36.851072" lon="-5.180222">
        <ele>640.413093</ele>
        <time>2026-05-17T13:43:01.000Z</time>
      </trkpt>
      <trkpt lat="36.851083" lon="-5.180180">
        <ele>640.423548</ele>
        <time>2026-05-17T13:43:07.000Z</time>
      </trkpt>
      <trkpt lat="36.851088" lon="-5.180056">
        <ele>640.452920</ele>
        <time>2026-05-17T13:43:15.000Z</time>
      </trkpt>
      <trkpt lat="36.851091" lon="-5.180010">
        <ele>640.463839</ele>
        <time>2026-05-17T13:43:18.000Z</time>
      </trkpt>
      <trkpt lat="36.851090" lon="-5.179995">
        <ele>640.467399</ele>
        <time>2026-05-17T13:43:19.000Z</time>
      </trkpt>
      <trkpt lat="36.851088" lon="-5.179984">
        <ele>640.470068</ele>
        <time>2026-05-17T13:43:20.000Z</time>
      </trkpt>
      <trkpt lat="36.851085" lon="-5.179972">
        <ele>640.473042</ele>
        <time>2026-05-17T13:43:21.000Z</time>
      </trkpt>
      <trkpt lat="36.851088" lon="-5.179872">
        <ele>640.496716</ele>
        <time>2026-05-17T13:43:28.000Z</time>
      </trkpt>
      <trkpt lat="36.851104" lon="-5.179797">
        <ele>640.515079</ele>
        <time>2026-05-17T13:43:32.000Z</time>
      </trkpt>
      <trkpt lat="36.851117" lon="-5.179744">
        <ele>640.528193</ele>
        <time>2026-05-17T13:43:35.000Z</time>
      </trkpt>
      <trkpt lat="36.851172" lon="-5.179640">
        <ele>640.557685</ele>
        <time>2026-05-17T13:43:44.000Z</time>
      </trkpt>
      <trkpt lat="36.851190" lon="-5.179620">
        <ele>640.564806</ele>
        <time>2026-05-17T13:43:46.000Z</time>
      </trkpt>
      <trkpt lat="36.851247" lon="-5.179581">
        <ele>640.514243</ele>
        <time>2026-05-17T13:43:53.000Z</time>
      </trkpt>
      <trkpt lat="36.851264" lon="-5.179560">
        <ele>640.486162</ele>
        <time>2026-05-17T13:43:55.000Z</time>
      </trkpt>
      <trkpt lat="36.851276" lon="-5.179549">
        <ele>640.468679</ele>
        <time>2026-05-17T13:43:56.000Z</time>
      </trkpt>
      <trkpt lat="36.851342" lon="-5.179500">
        <ele>640.378493</ele>
        <time>2026-05-17T13:44:00.000Z</time>
      </trkpt>
      <trkpt lat="36.851397" lon="-5.179461">
        <ele>640.304203</ele>
        <time>2026-05-17T13:44:05.000Z</time>
      </trkpt>
      <trkpt lat="36.851406" lon="-5.179452">
        <ele>640.290662</ele>
        <time>2026-05-17T13:44:06.000Z</time>
      </trkpt>
      <trkpt lat="36.851464" lon="-5.179401">
        <ele>640.207348</ele>
        <time>2026-05-17T13:44:12.000Z</time>
      </trkpt>
      <trkpt lat="36.851478" lon="-5.179391">
        <ele>640.188404</ele>
        <time>2026-05-17T13:44:14.000Z</time>
      </trkpt>
      <trkpt lat="36.851522" lon="-5.179352">
        <ele>640.125032</ele>
        <time>2026-05-17T13:44:19.000Z</time>
      </trkpt>
      <trkpt lat="36.851538" lon="-5.179342">
        <ele>640.104016</ele>
        <time>2026-05-17T13:44:21.000Z</time>
      </trkpt>
      <trkpt lat="36.851556" lon="-5.179341">
        <ele>640.082849</ele>
        <time>2026-05-17T13:44:24.000Z</time>
      </trkpt>
      <trkpt lat="36.851593" lon="-5.179319">
        <ele>640.034713</ele>
        <time>2026-05-17T13:44:27.000Z</time>
      </trkpt>
      <trkpt lat="36.851652" lon="-5.179285">
        <ele>639.958387</ele>
        <time>2026-05-17T13:44:32.000Z</time>
      </trkpt>
      <trkpt lat="36.851664" lon="-5.179275">
        <ele>639.941443</ele>
        <time>2026-05-17T13:44:33.000Z</time>
      </trkpt>
      <trkpt lat="36.851691" lon="-5.179250">
        <ele>639.901966</ele>
        <time>2026-05-17T13:44:35.000Z</time>
      </trkpt>
      <trkpt lat="36.851748" lon="-5.179209">
        <ele>639.824704</ele>
        <time>2026-05-17T13:44:41.000Z</time>
      </trkpt>
      <trkpt lat="36.851805" lon="-5.179149">
        <ele>639.737152</ele>
        <time>2026-05-17T13:44:47.000Z</time>
      </trkpt>
      <trkpt lat="36.851849" lon="-5.179089">
        <ele>639.660646</ele>
        <time>2026-05-17T13:44:53.000Z</time>
      </trkpt>
      <trkpt lat="36.851879" lon="-5.179027">
        <ele>639.592536</ele>
        <time>2026-05-17T13:44:58.000Z</time>
      </trkpt>
      <trkpt lat="36.851900" lon="-5.178986">
        <ele>639.546775</ele>
        <time>2026-05-17T13:45:03.000Z</time>
      </trkpt>
      <trkpt lat="36.851913" lon="-5.178956">
        <ele>639.514703</ele>
        <time>2026-05-17T13:45:05.000Z</time>
      </trkpt>
      <trkpt lat="36.851921" lon="-5.178931">
        <ele>639.489393</ele>
        <time>2026-05-17T13:45:07.000Z</time>
      </trkpt>
      <trkpt lat="36.851928" lon="-5.178919">
        <ele>639.475433</ele>
        <time>2026-05-17T13:45:08.000Z</time>
      </trkpt>
      <trkpt lat="36.851935" lon="-5.178902">
        <ele>639.457460</ele>
        <time>2026-05-17T13:45:09.000Z</time>
      </trkpt>
      <trkpt lat="36.851959" lon="-5.178855">
        <ele>639.405049</ele>
        <time>2026-05-17T13:45:12.000Z</time>
      </trkpt>
      <trkpt lat="36.851966" lon="-5.178842">
        <ele>639.390319</ele>
        <time>2026-05-17T13:45:13.000Z</time>
      </trkpt>
      <trkpt lat="36.852031" lon="-5.178712">
        <ele>639.246217</ele>
        <time>2026-05-17T13:45:22.000Z</time>
      </trkpt>
      <trkpt lat="36.852088" lon="-5.178613">
        <ele>639.131566</ele>
        <time>2026-05-17T13:45:30.000Z</time>
      </trkpt>
      <trkpt lat="36.852098" lon="-5.178601">
        <ele>639.115279</ele>
        <time>2026-05-17T13:45:31.000Z</time>
      </trkpt>
      <trkpt lat="36.852110" lon="-5.178585">
        <ele>639.094664</ele>
        <time>2026-05-17T13:45:32.000Z</time>
      </trkpt>
      <trkpt lat="36.852161" lon="-5.178534">
        <ele>639.017930</ele>
        <time>2026-05-17T13:45:37.000Z</time>
      </trkpt>
      <trkpt lat="36.852190" lon="-5.178499">
        <ele>638.970568</ele>
        <time>2026-05-17T13:45:40.000Z</time>
      </trkpt>
      <trkpt lat="36.852214" lon="-5.178473">
        <ele>638.933254</ele>
        <time>2026-05-17T13:45:42.000Z</time>
      </trkpt>
      <trkpt lat="36.852259" lon="-5.178417">
        <ele>638.858649</ele>
        <time>2026-05-17T13:45:47.000Z</time>
      </trkpt>
      <trkpt lat="36.852290" lon="-5.178337">
        <ele>638.775092</ele>
        <time>2026-05-17T13:45:54.000Z</time>
      </trkpt>
      <trkpt lat="36.852296" lon="-5.178322">
        <ele>638.759328</ele>
        <time>2026-05-17T13:45:55.000Z</time>
      </trkpt>
      <trkpt lat="36.852324" lon="-5.178278">
        <ele>638.706481</ele>
        <time>2026-05-17T13:45:58.000Z</time>
      </trkpt>
      <trkpt lat="36.852345" lon="-5.178247">
        <ele>638.668299</ele>
        <time>2026-05-17T13:46:00.000Z</time>
      </trkpt>
      <trkpt lat="36.852360" lon="-5.178219">
        <ele>638.636624</ele>
        <time>2026-05-17T13:46:02.000Z</time>
      </trkpt>
      <trkpt lat="36.852373" lon="-5.178191">
        <ele>638.606193</ele>
        <time>2026-05-17T13:46:05.000Z</time>
      </trkpt>
      <trkpt lat="36.852381" lon="-5.178173">
        <ele>638.586837</ele>
        <time>2026-05-17T13:46:07.000Z</time>
      </trkpt>
      <trkpt lat="36.852391" lon="-5.178153">
        <ele>638.564668</ele>
        <time>2026-05-17T13:46:09.000Z</time>
      </trkpt>
      <trkpt lat="36.852421" lon="-5.178097">
        <ele>638.501317</ele>
        <time>2026-05-17T13:46:13.000Z</time>
      </trkpt>
      <trkpt lat="36.852438" lon="-5.178064">
        <ele>638.464423</ele>
        <time>2026-05-17T13:46:15.000Z</time>
      </trkpt>
      <trkpt lat="36.852489" lon="-5.177969">
        <ele>637.585890</ele>
        <time>2026-05-17T13:46:23.000Z</time>
      </trkpt>
      <trkpt lat="36.852497" lon="-5.177960">
        <ele>637.475842</ele>
        <time>2026-05-17T13:46:24.000Z</time>
      </trkpt>
      <trkpt lat="36.852570" lon="-5.177863">
        <ele>636.386472</ele>
        <time>2026-05-17T13:46:32.000Z</time>
      </trkpt>
      <trkpt lat="36.852598" lon="-5.177812">
        <ele>635.880484</ele>
        <time>2026-05-17T13:46:36.000Z</time>
      </trkpt>
      <trkpt lat="36.852617" lon="-5.177781">
        <ele>635.561031</ele>
        <time>2026-05-17T13:46:39.000Z</time>
      </trkpt>
      <trkpt lat="36.852660" lon="-5.177720">
        <ele>634.895975</ele>
        <time>2026-05-17T13:46:44.000Z</time>
      </trkpt>
      <trkpt lat="36.852675" lon="-5.177705">
        <ele>634.699566</ele>
        <time>2026-05-17T13:46:46.000Z</time>
      </trkpt>
      <trkpt lat="36.852737" lon="-5.177631">
        <ele>633.823048</ele>
        <time>2026-05-17T13:46:53.000Z</time>
      </trkpt>
      <trkpt lat="36.852745" lon="-5.177617">
        <ele>633.682310</ele>
        <time>2026-05-17T13:46:54.000Z</time>
      </trkpt>
      <trkpt lat="36.852788" lon="-5.177560">
        <ele>633.041443</ele>
        <time>2026-05-17T13:46:59.000Z</time>
      </trkpt>
      <trkpt lat="36.852815" lon="-5.177523">
        <ele>632.631784</ele>
        <time>2026-05-17T13:47:02.000Z</time>
      </trkpt>
      <trkpt lat="36.852848" lon="-5.177460">
        <ele>632.015783</ele>
        <time>2026-05-17T13:47:08.000Z</time>
      </trkpt>
      <trkpt lat="36.852860" lon="-5.177442">
        <ele>631.824117</ele>
        <time>2026-05-17T13:47:09.000Z</time>
      </trkpt>
      <trkpt lat="36.852902" lon="-5.177390">
        <ele>631.219675</ele>
        <time>2026-05-17T13:47:13.000Z</time>
      </trkpt>
      <trkpt lat="36.852946" lon="-5.177345">
        <ele>630.638396</ele>
        <time>2026-05-17T13:47:17.000Z</time>
      </trkpt>
      <trkpt lat="36.852971" lon="-5.177327">
        <ele>630.343417</ele>
        <time>2026-05-17T13:47:20.000Z</time>
      </trkpt>
      <trkpt lat="36.853004" lon="-5.177281">
        <ele>629.838004</ele>
        <time>2026-05-17T13:47:25.000Z</time>
      </trkpt>
      <trkpt lat="36.853013" lon="-5.177270">
        <ele>629.709300</ele>
        <time>2026-05-17T13:47:26.000Z</time>
      </trkpt>
      <trkpt lat="36.853057" lon="-5.177196">
        <ele>628.955082</ele>
        <time>2026-05-17T13:47:31.000Z</time>
      </trkpt>
      <trkpt lat="36.853076" lon="-5.177166">
        <ele>628.642085</ele>
        <time>2026-05-17T13:47:34.000Z</time>
      </trkpt>
      <trkpt lat="36.853095" lon="-5.177137">
        <ele>628.335462</ele>
        <time>2026-05-17T13:47:42.000Z</time>
      </trkpt>
      <trkpt lat="36.853100" lon="-5.177134">
        <ele>628.278757</ele>
        <time>2026-05-17T13:47:43.000Z</time>
      </trkpt>
      <trkpt lat="36.853143" lon="-5.177091">
        <ele>627.715718</ele>
        <time>2026-05-17T13:47:48.000Z</time>
      </trkpt>
      <trkpt lat="36.853151" lon="-5.177083">
        <ele>627.610967</ele>
        <time>2026-05-17T13:47:49.000Z</time>
      </trkpt>
      <trkpt lat="36.853216" lon="-5.176981">
        <ele>626.544237</ele>
        <time>2026-05-17T13:47:58.000Z</time>
      </trkpt>
      <trkpt lat="36.853231" lon="-5.176963">
        <ele>626.331630</ele>
        <time>2026-05-17T13:48:00.000Z</time>
      </trkpt>
      <trkpt lat="36.853257" lon="-5.176931">
        <ele>625.958547</ele>
        <time>2026-05-17T13:48:03.000Z</time>
      </trkpt>
      <trkpt lat="36.853276" lon="-5.176910">
        <ele>625.699226</ele>
        <time>2026-05-17T13:48:05.000Z</time>
      </trkpt>
      <trkpt lat="36.853324" lon="-5.176873">
        <ele>625.122644</ele>
        <time>2026-05-17T13:48:11.000Z</time>
      </trkpt>
      <trkpt lat="36.853345" lon="-5.176851">
        <ele>624.842488</ele>
        <time>2026-05-17T13:48:13.000Z</time>
      </trkpt>
      <trkpt lat="36.853405" lon="-5.176790">
        <ele>624.051716</ele>
        <time>2026-05-17T13:48:19.000Z</time>
      </trkpt>
      <trkpt lat="36.853426" lon="-5.176778">
        <ele>623.815638</ele>
        <time>2026-05-17T13:48:21.000Z</time>
      </trkpt>
      <trkpt lat="36.853499" lon="-5.176727">
        <ele>622.960602</ele>
        <time>2026-05-17T13:48:28.000Z</time>
      </trkpt>
      <trkpt lat="36.853525" lon="-5.176707">
        <ele>622.648466</ele>
        <time>2026-05-17T13:48:30.000Z</time>
      </trkpt>
      <trkpt lat="36.853573" lon="-5.176675">
        <ele>622.092267</ele>
        <time>2026-05-17T13:48:34.000Z</time>
      </trkpt>
      <trkpt lat="36.853671" lon="-5.176614">
        <ele>620.972943</ele>
        <time>2026-05-17T13:48:43.000Z</time>
      </trkpt>
      <trkpt lat="36.853697" lon="-5.176598">
        <ele>620.676646</ele>
        <time>2026-05-17T13:48:46.000Z</time>
      </trkpt>
      <trkpt lat="36.853728" lon="-5.176585">
        <ele>620.342342</ele>
        <time>2026-05-17T13:48:49.000Z</time>
      </trkpt>
      <trkpt lat="36.853783" lon="-5.176559">
        <ele>619.859540</ele>
        <time>2026-05-17T13:48:54.000Z</time>
      </trkpt>
      <trkpt lat="36.853765" lon="-5.176550">
        <ele>619.733106</ele>
        <time>2026-05-17T13:48:59.000Z</time>
      </trkpt>
      <trkpt lat="36.853759" lon="-5.176547">
        <ele>619.690961</ele>
        <time>2026-05-17T13:49:08.000Z</time>
      </trkpt>
      <trkpt lat="36.853848" lon="-5.176527">
        <ele>619.101236</ele>
        <time>2026-05-17T13:49:15.000Z</time>
      </trkpt>
      <trkpt lat="36.853857" lon="-5.176529">
        <ele>619.041622</ele>
        <time>2026-05-17T13:49:16.000Z</time>
      </trkpt>
      <trkpt lat="36.853902" lon="-5.176537">
        <ele>618.745198</ele>
        <time>2026-05-17T13:49:19.000Z</time>
      </trkpt>
      <trkpt lat="36.853936" lon="-5.176539">
        <ele>618.523221</ele>
        <time>2026-05-17T13:49:21.000Z</time>
      </trkpt>
      <trkpt lat="36.854022" lon="-5.176530">
        <ele>617.960406</ele>
        <time>2026-05-17T13:49:28.000Z</time>
      </trkpt>
      <trkpt lat="36.854098" lon="-5.176532">
        <ele>617.464659</ele>
        <time>2026-05-17T13:49:34.000Z</time>
      </trkpt>
      <trkpt lat="36.854167" lon="-5.176534">
        <ele>617.014552</ele>
        <time>2026-05-17T13:49:40.000Z</time>
      </trkpt>
      <trkpt lat="36.854193" lon="-5.176537">
        <ele>616.844271</ele>
        <time>2026-05-17T13:49:44.000Z</time>
      </trkpt>
      <trkpt lat="36.854244" lon="-5.176536">
        <ele>616.511632</ele>
        <time>2026-05-17T13:49:48.000Z</time>
      </trkpt>
      <trkpt lat="36.854287" lon="-5.176540">
        <ele>616.230430</ele>
        <time>2026-05-17T13:49:51.000Z</time>
      </trkpt>
      <trkpt lat="36.854340" lon="-5.176545">
        <ele>615.883805</ele>
        <time>2026-05-17T13:49:56.000Z</time>
      </trkpt>
      <trkpt lat="36.854363" lon="-5.176536">
        <ele>615.726629</ele>
        <time>2026-05-17T13:49:58.000Z</time>
      </trkpt>
      <trkpt lat="36.854428" lon="-5.176518">
        <ele>615.292448</ele>
        <time>2026-05-17T13:50:03.000Z</time>
      </trkpt>
      <trkpt lat="36.854485" lon="-5.176523">
        <ele>614.919806</ele>
        <time>2026-05-17T13:50:09.000Z</time>
      </trkpt>
      <trkpt lat="36.854556" lon="-5.176523">
        <ele>614.456777</ele>
        <time>2026-05-17T13:50:14.000Z</time>
      </trkpt>
      <trkpt lat="36.854661" lon="-5.176508">
        <ele>613.767556</ele>
        <time>2026-05-17T13:50:21.000Z</time>
      </trkpt>
      <trkpt lat="36.854679" lon="-5.176504">
        <ele>613.648327</ele>
        <time>2026-05-17T13:50:23.000Z</time>
      </trkpt>
      <trkpt lat="36.854752" lon="-5.176501">
        <ele>613.171998</ele>
        <time>2026-05-17T13:50:29.000Z</time>
      </trkpt>
      <trkpt lat="36.854845" lon="-5.176499">
        <ele>612.565406</ele>
        <time>2026-05-17T13:50:37.000Z</time>
      </trkpt>
      <trkpt lat="36.854855" lon="-5.176499">
        <ele>612.500190</ele>
        <time>2026-05-17T13:50:38.000Z</time>
      </trkpt>
      <trkpt lat="36.854867" lon="-5.176497">
        <ele>612.421239</ele>
        <time>2026-05-17T13:50:39.000Z</time>
      </trkpt>
      <trkpt lat="36.854880" lon="-5.176495">
        <ele>612.335819</ele>
        <time>2026-05-17T13:50:40.000Z</time>
      </trkpt>
      <trkpt lat="36.854948" lon="-5.176484">
        <ele>611.888655</ele>
        <time>2026-05-17T13:50:45.000Z</time>
      </trkpt>
      <trkpt lat="36.854964" lon="-5.176482">
        <ele>611.783790</ele>
        <time>2026-05-17T13:50:46.000Z</time>
      </trkpt>
      <trkpt lat="36.855046" lon="-5.176486">
        <ele>611.248617</ele>
        <time>2026-05-17T13:50:52.000Z</time>
      </trkpt>
      <trkpt lat="36.855050" lon="-5.176489">
        <ele>611.218194</ele>
        <time>2026-05-17T13:50:53.000Z</time>
      </trkpt>
      <trkpt lat="36.855065" lon="-5.176489">
        <ele>611.120371</ele>
        <time>2026-05-17T13:50:55.000Z</time>
      </trkpt>
      <trkpt lat="36.855132" lon="-5.176469">
        <ele>610.671137</ele>
        <time>2026-05-17T13:51:00.000Z</time>
      </trkpt>
      <trkpt lat="36.855148" lon="-5.176467">
        <ele>610.566272</ele>
        <time>2026-05-17T13:51:01.000Z</time>
      </trkpt>
      <trkpt lat="36.855226" lon="-5.176454">
        <ele>610.053089</ele>
        <time>2026-05-17T13:51:08.000Z</time>
      </trkpt>
      <trkpt lat="36.855279" lon="-5.176432">
        <ele>609.688881</ele>
        <time>2026-05-17T13:51:12.000Z</time>
      </trkpt>
      <trkpt lat="36.855316" lon="-5.176424">
        <ele>609.444000</ele>
        <time>2026-05-17T13:51:14.000Z</time>
      </trkpt>
      <trkpt lat="36.855389" lon="-5.176404">
        <ele>608.956623</ele>
        <time>2026-05-17T13:51:21.000Z</time>
      </trkpt>
      <trkpt lat="36.855424" lon="-5.176390">
        <ele>608.716963</ele>
        <time>2026-05-17T13:51:24.000Z</time>
      </trkpt>
      <trkpt lat="36.855508" lon="-5.176375">
        <ele>608.193630</ele>
        <time>2026-05-17T13:51:30.000Z</time>
      </trkpt>
      <trkpt lat="36.855541" lon="-5.176374">
        <ele>608.015398</ele>
        <time>2026-05-17T13:51:32.000Z</time>
      </trkpt>
      <trkpt lat="36.855599" lon="-5.176366">
        <ele>607.700333</ele>
        <time>2026-05-17T13:51:37.000Z</time>
      </trkpt>
      <trkpt lat="36.855675" lon="-5.176367">
        <ele>607.289957</ele>
        <time>2026-05-17T13:51:43.000Z</time>
      </trkpt>
      <trkpt lat="36.855686" lon="-5.176364">
        <ele>607.229167</ele>
        <time>2026-05-17T13:51:44.000Z</time>
      </trkpt>
      <trkpt lat="36.855810" lon="-5.176341">
        <ele>606.552310</ele>
        <time>2026-05-17T13:51:54.000Z</time>
      </trkpt>
      <trkpt lat="36.855940" lon="-5.176318">
        <ele>605.843393</ele>
        <time>2026-05-17T13:52:04.000Z</time>
      </trkpt>
      <trkpt lat="36.856012" lon="-5.176309">
        <ele>605.452698</ele>
        <time>2026-05-17T13:52:11.000Z</time>
      </trkpt>
      <trkpt lat="36.856022" lon="-5.176306">
        <ele>605.397171</ele>
        <time>2026-05-17T13:52:12.000Z</time>
      </trkpt>
      <trkpt lat="36.856084" lon="-5.176304">
        <ele>605.062298</ele>
        <time>2026-05-17T13:52:16.000Z</time>
      </trkpt>
      <trkpt lat="36.856108" lon="-5.176313">
        <ele>604.927005</ele>
        <time>2026-05-17T13:52:19.000Z</time>
      </trkpt>
      <trkpt lat="36.856164" lon="-5.176315">
        <ele>604.624517</ele>
        <time>2026-05-17T13:52:25.000Z</time>
      </trkpt>
      <trkpt lat="36.856265" lon="-5.176300">
        <ele>604.075343</ele>
        <time>2026-05-17T13:52:33.000Z</time>
      </trkpt>
      <trkpt lat="36.856378" lon="-5.176273">
        <ele>603.454163</ele>
        <time>2026-05-17T13:52:43.000Z</time>
      </trkpt>
      <trkpt lat="36.856450" lon="-5.176266">
        <ele>603.064234</ele>
        <time>2026-05-17T13:52:48.000Z</time>
      </trkpt>
      <trkpt lat="36.856468" lon="-5.176267">
        <ele>602.966949</ele>
        <time>2026-05-17T13:52:50.000Z</time>
      </trkpt>
      <trkpt lat="36.856557" lon="-5.176256">
        <ele>602.484060</ele>
        <time>2026-05-17T13:52:57.000Z</time>
      </trkpt>
      <trkpt lat="36.856649" lon="-5.176247">
        <ele>601.985798</ele>
        <time>2026-05-17T13:53:03.000Z</time>
      </trkpt>
      <trkpt lat="36.856734" lon="-5.176242">
        <ele>601.526343</ele>
        <time>2026-05-17T13:53:10.000Z</time>
      </trkpt>
      <trkpt lat="36.856807" lon="-5.176221">
        <ele>601.121882</ele>
        <time>2026-05-17T13:53:16.000Z</time>
      </trkpt>
      <trkpt lat="36.856905" lon="-5.176217">
        <ele>600.592462</ele>
        <time>2026-05-17T13:53:24.000Z</time>
      </trkpt>
      <trkpt lat="36.856936" lon="-5.176221">
        <ele>600.424191</ele>
        <time>2026-05-17T13:53:27.000Z</time>
      </trkpt>
      <trkpt lat="36.856948" lon="-5.176221">
        <ele>600.359399</ele>
        <time>2026-05-17T13:53:28.000Z</time>
      </trkpt>
      <trkpt lat="36.856981" lon="-5.176221">
        <ele>600.181219</ele>
        <time>2026-05-17T13:53:30.000Z</time>
      </trkpt>
      <trkpt lat="36.856997" lon="-5.176219">
        <ele>600.094398</ele>
        <time>2026-05-17T13:53:31.000Z</time>
      </trkpt>
      <trkpt lat="36.857081" lon="-5.176217">
        <ele>599.640768</ele>
        <time>2026-05-17T13:53:38.000Z</time>
      </trkpt>
      <trkpt lat="36.857171" lon="-5.176210">
        <ele>599.153885</ele>
        <time>2026-05-17T13:53:46.000Z</time>
      </trkpt>
      <trkpt lat="36.857298" lon="-5.176169">
        <ele>598.265214</ele>
        <time>2026-05-17T13:53:56.000Z</time>
      </trkpt>
      <trkpt lat="36.857352" lon="-5.176157">
        <ele>597.673787</ele>
        <time>2026-05-17T13:54:01.000Z</time>
      </trkpt>
      <trkpt lat="36.857363" lon="-5.176157">
        <ele>597.555171</ele>
        <time>2026-05-17T13:54:02.000Z</time>
      </trkpt>
      <trkpt lat="36.857448" lon="-5.176103">
        <ele>596.526977</ele>
        <time>2026-05-17T13:54:09.000Z</time>
      </trkpt>
      <trkpt lat="36.857490" lon="-5.176085">
        <ele>596.048193</ele>
        <time>2026-05-17T13:54:14.000Z</time>
      </trkpt>
      <trkpt lat="36.857498" lon="-5.176078">
        <ele>595.942887</ele>
        <time>2026-05-17T13:54:15.000Z</time>
      </trkpt>
      <trkpt lat="36.857526" lon="-5.176051">
        <ele>595.561533</ele>
        <time>2026-05-17T13:54:18.000Z</time>
      </trkpt>
      <trkpt lat="36.857558" lon="-5.176011">
        <ele>595.073500</ele>
        <time>2026-05-17T13:54:22.000Z</time>
      </trkpt>
      <trkpt lat="36.857650" lon="-5.175909">
        <ele>593.747351</ele>
        <time>2026-05-17T13:54:32.000Z</time>
      </trkpt>
      <trkpt lat="36.857658" lon="-5.175900">
        <ele>593.631284</ele>
        <time>2026-05-17T13:54:33.000Z</time>
      </trkpt>
      <trkpt lat="36.857692" lon="-5.175861">
        <ele>593.133646</ele>
        <time>2026-05-17T13:54:37.000Z</time>
      </trkpt>
      <trkpt lat="36.857753" lon="-5.175767">
        <ele>592.089406</ele>
        <time>2026-05-17T13:54:48.000Z</time>
      </trkpt>
      <trkpt lat="36.857753" lon="-5.175768">
        <ele>592.080778</ele>
        <time>2026-05-17T13:54:49.000Z</time>
      </trkpt>
      <trkpt lat="36.857753" lon="-5.175770">
        <ele>592.063522</ele>
        <time>2026-05-17T13:54:50.000Z</time>
      </trkpt>
      <trkpt lat="36.857772" lon="-5.175768">
        <ele>591.857915</ele>
        <time>2026-05-17T13:55:01.000Z</time>
      </trkpt>
      <trkpt lat="36.857775" lon="-5.175772">
        <ele>591.810612</ele>
        <time>2026-05-17T13:55:11.000Z</time>
      </trkpt>
      <trkpt lat="36.857774" lon="-5.175770">
        <ele>591.790264</ele>
        <time>2026-05-17T13:55:13.000Z</time>
      </trkpt>
      <trkpt lat="36.857753" lon="-5.175757">
        <ele>591.537560</ele>
        <time>2026-05-17T13:55:28.000Z</time>
      </trkpt>
      <trkpt lat="36.857766" lon="-5.175742">
        <ele>591.346771</ele>
        <time>2026-05-17T13:55:32.000Z</time>
      </trkpt>
      <trkpt lat="36.857826" lon="-5.175660">
        <ele>590.388050</ele>
        <time>2026-05-17T13:55:41.000Z</time>
      </trkpt>
      <trkpt lat="36.857848" lon="-5.175632">
        <ele>590.049464</ele>
        <time>2026-05-17T13:55:44.000Z</time>
      </trkpt>
      <trkpt lat="36.857863" lon="-5.175613">
        <ele>589.819168</ele>
        <time>2026-05-17T13:55:46.000Z</time>
      </trkpt>
      <trkpt lat="36.857873" lon="-5.175596">
        <ele>589.637121</ele>
        <time>2026-05-17T13:55:48.000Z</time>
      </trkpt>
      <trkpt lat="36.857920" lon="-5.175541">
        <ele>588.942827</ele>
        <time>2026-05-17T13:55:53.000Z</time>
      </trkpt>
      <trkpt lat="36.857949" lon="-5.175519">
        <ele>588.577014</ele>
        <time>2026-05-17T13:55:56.000Z</time>
      </trkpt>
      <trkpt lat="36.857989" lon="-5.175484">
        <ele>588.050482</ele>
        <time>2026-05-17T13:56:00.000Z</time>
      </trkpt>
      <trkpt lat="36.858001" lon="-5.175475">
        <ele>587.899572</ele>
        <time>2026-05-17T13:56:01.000Z</time>
      </trkpt>
      <trkpt lat="36.858012" lon="-5.175467">
        <ele>587.762336</ele>
        <time>2026-05-17T13:56:02.000Z</time>
      </trkpt>
      <trkpt lat="36.858021" lon="-5.175461">
        <ele>587.652343</ele>
        <time>2026-05-17T13:56:03.000Z</time>
      </trkpt>
      <trkpt lat="36.858074" lon="-5.175409">
        <ele>586.925766</ele>
        <time>2026-05-17T13:56:09.000Z</time>
      </trkpt>
      <trkpt lat="36.858094" lon="-5.175390">
        <ele>586.654871</ele>
        <time>2026-05-17T13:56:11.000Z</time>
      </trkpt>
      <trkpt lat="36.858146" lon="-5.175342">
        <ele>585.957785</ele>
        <time>2026-05-17T13:56:15.000Z</time>
      </trkpt>
      <trkpt lat="36.858182" lon="-5.175315">
        <ele>585.505056</ele>
        <time>2026-05-17T13:56:18.000Z</time>
      </trkpt>
      <trkpt lat="36.858259" lon="-5.175259">
        <ele>584.544400</ele>
        <time>2026-05-17T13:56:26.000Z</time>
      </trkpt>
      <trkpt lat="36.858289" lon="-5.175217">
        <ele>584.058640</ele>
        <time>2026-05-17T13:56:30.000Z</time>
      </trkpt>
      <trkpt lat="36.858318" lon="-5.175187">
        <ele>583.652701</ele>
        <time>2026-05-17T13:56:33.000Z</time>
      </trkpt>
      <trkpt lat="36.858354" lon="-5.175147">
        <ele>583.133277</ele>
        <time>2026-05-17T13:56:37.000Z</time>
      </trkpt>
      <trkpt lat="36.858389" lon="-5.175100">
        <ele>582.579310</ele>
        <time>2026-05-17T13:56:41.000Z</time>
      </trkpt>
      <trkpt lat="36.858420" lon="-5.175067">
        <ele>582.140209</ele>
        <time>2026-05-17T13:56:45.000Z</time>
      </trkpt>
      <trkpt lat="36.858453" lon="-5.175038">
        <ele>581.705202</ele>
        <time>2026-05-17T13:56:48.000Z</time>
      </trkpt>
      <trkpt lat="36.858501" lon="-5.175000">
        <ele>581.092506</ele>
        <time>2026-05-17T13:56:51.000Z</time>
      </trkpt>
      <trkpt lat="36.858566" lon="-5.174937">
        <ele>580.205530</ele>
        <time>2026-05-17T13:56:56.000Z</time>
      </trkpt>
      <trkpt lat="36.858576" lon="-5.174930">
        <ele>580.081936</ele>
        <time>2026-05-17T13:56:57.000Z</time>
      </trkpt>
      <trkpt lat="36.858622" lon="-5.174920">
        <ele>579.578460</ele>
        <time>2026-05-17T13:57:03.000Z</time>
      </trkpt>
      <trkpt lat="36.858641" lon="-5.174909">
        <ele>579.352664</ele>
        <time>2026-05-17T13:57:05.000Z</time>
      </trkpt>
      <trkpt lat="36.858686" lon="-5.174866">
        <ele>578.780438</ele>
        <time>2026-05-17T13:57:10.000Z</time>
      </trkpt>
      <trkpt lat="36.858706" lon="-5.174847">
        <ele>578.530899</ele>
        <time>2026-05-17T13:57:12.000Z</time>
      </trkpt>
      <trkpt lat="36.858766" lon="-5.174801">
        <ele>577.831712</ele>
        <time>2026-05-17T13:57:18.000Z</time>
      </trkpt>
      <trkpt lat="36.858776" lon="-5.174791">
        <ele>577.704499</ele>
        <time>2026-05-17T13:57:19.000Z</time>
      </trkpt>
      <trkpt lat="36.858814" lon="-5.174747">
        <ele>577.189946</ele>
        <time>2026-05-17T13:57:23.000Z</time>
      </trkpt>
      <trkpt lat="36.858853" lon="-5.174711">
        <ele>576.708348</ele>
        <time>2026-05-17T13:57:28.000Z</time>
      </trkpt>
      <trkpt lat="36.858916" lon="-5.174655">
        <ele>575.940430</ele>
        <time>2026-05-17T13:57:35.000Z</time>
      </trkpt>
      <trkpt lat="36.858927" lon="-5.174643">
        <ele>575.795397</ele>
        <time>2026-05-17T13:57:36.000Z</time>
      </trkpt>
      <trkpt lat="36.858987" lon="-5.174592">
        <ele>575.074635</ele>
        <time>2026-05-17T13:57:42.000Z</time>
      </trkpt>
      <trkpt lat="36.859022" lon="-5.174566">
        <ele>574.670201</ele>
        <time>2026-05-17T13:57:46.000Z</time>
      </trkpt>
      <trkpt lat="36.859041" lon="-5.174555">
        <ele>574.462205</ele>
        <time>2026-05-17T13:57:48.000Z</time>
      </trkpt>
      <trkpt lat="36.859106" lon="-5.174511">
        <ele>573.727931</ele>
        <time>2026-05-17T13:57:53.000Z</time>
      </trkpt>
      <trkpt lat="36.859120" lon="-5.174505">
        <ele>573.580918</ele>
        <time>2026-05-17T13:57:54.000Z</time>
      </trkpt>
      <trkpt lat="36.859204" lon="-5.174472">
        <ele>572.706284</ele>
        <time>2026-05-17T13:58:02.000Z</time>
      </trkpt>
      <trkpt lat="36.859301" lon="-5.174408">
        <ele>571.616748</ele>
        <time>2026-05-17T13:58:10.000Z</time>
      </trkpt>
      <trkpt lat="36.859307" lon="-5.174409">
        <ele>571.556622</ele>
        <time>2026-05-17T13:58:11.000Z</time>
      </trkpt>
      <trkpt lat="36.859367" lon="-5.174370">
        <ele>570.884850</ele>
        <time>2026-05-17T13:58:17.000Z</time>
      </trkpt>
      <trkpt lat="36.859470" lon="-5.174301">
        <ele>569.724035</ele>
        <time>2026-05-17T13:58:26.000Z</time>
      </trkpt>
      <trkpt lat="36.859478" lon="-5.174297">
        <ele>569.638447</ele>
        <time>2026-05-17T13:58:27.000Z</time>
      </trkpt>
      <trkpt lat="36.859576" lon="-5.174252">
        <ele>568.601378</ele>
        <time>2026-05-17T13:58:36.000Z</time>
      </trkpt>
      <trkpt lat="36.859585" lon="-5.174248">
        <ele>568.506496</ele>
        <time>2026-05-17T13:58:37.000Z</time>
      </trkpt>
      <trkpt lat="36.859666" lon="-5.174197">
        <ele>567.605580</ele>
        <time>2026-05-17T13:58:45.000Z</time>
      </trkpt>
      <trkpt lat="36.859734" lon="-5.174168">
        <ele>566.891885</ele>
        <time>2026-05-17T13:58:50.000Z</time>
      </trkpt>
      <trkpt lat="36.859762" lon="-5.174156">
        <ele>566.597860</ele>
        <time>2026-05-17T13:58:52.000Z</time>
      </trkpt>
      <trkpt lat="36.859830" lon="-5.174151">
        <ele>565.921237</ele>
        <time>2026-05-17T13:58:59.000Z</time>
      </trkpt>
      <trkpt lat="36.859887" lon="-5.174142">
        <ele>565.350547</ele>
        <time>2026-05-17T13:59:03.000Z</time>
      </trkpt>
      <trkpt lat="36.859933" lon="-5.174120">
        <ele>564.861311</ele>
        <time>2026-05-17T13:59:06.000Z</time>
      </trkpt>
      <trkpt lat="36.859948" lon="-5.174115">
        <ele>564.707105</ele>
        <time>2026-05-17T13:59:07.000Z</time>
      </trkpt>
      <trkpt lat="36.860022" lon="-5.174097">
        <ele>563.958260</ele>
        <time>2026-05-17T13:59:14.000Z</time>
      </trkpt>
      <trkpt lat="36.860029" lon="-5.174097">
        <ele>563.888728</ele>
        <time>2026-05-17T13:59:15.000Z</time>
      </trkpt>
      <trkpt lat="36.860099" lon="-5.174097">
        <ele>563.193407</ele>
        <time>2026-05-17T13:59:22.000Z</time>
      </trkpt>
      <trkpt lat="36.860115" lon="-5.174097">
        <ele>563.034476</ele>
        <time>2026-05-17T13:59:23.000Z</time>
      </trkpt>
      <trkpt lat="36.860154" lon="-5.174104">
        <ele>562.643109</ele>
        <time>2026-05-17T13:59:27.000Z</time>
      </trkpt>
      <trkpt lat="36.860175" lon="-5.174105">
        <ele>562.434361</ele>
        <time>2026-05-17T13:59:29.000Z</time>
      </trkpt>
      <trkpt lat="36.860235" lon="-5.174073">
        <ele>561.786378</ele>
        <time>2026-05-17T13:59:34.000Z</time>
      </trkpt>
      <trkpt lat="36.860274" lon="-5.174053">
        <ele>561.367643</ele>
        <time>2026-05-17T13:59:37.000Z</time>
      </trkpt>
      <trkpt lat="36.860326" lon="-5.174028">
        <ele>561.142139</ele>
        <time>2026-05-17T13:59:41.000Z</time>
      </trkpt>
      <trkpt lat="36.860374" lon="-5.174013">
        <ele>560.943159</ele>
        <time>2026-05-17T13:59:46.000Z</time>
      </trkpt>
      <trkpt lat="36.860420" lon="-5.174000">
        <ele>560.753493</ele>
        <time>2026-05-17T13:59:50.000Z</time>
      </trkpt>
      <trkpt lat="36.860424" lon="-5.173997">
        <ele>560.734733</ele>
        <time>2026-05-17T13:59:52.000Z</time>
      </trkpt>
      <trkpt lat="36.860470" lon="-5.173961">
        <ele>560.516464</ele>
        <time>2026-05-17T13:59:57.000Z</time>
      </trkpt>
      <trkpt lat="36.860528" lon="-5.173924">
        <ele>560.254583</ele>
        <time>2026-05-17T14:00:04.000Z</time>
      </trkpt>
      <trkpt lat="36.860632" lon="-5.173875">
        <ele>559.807602</ele>
        <time>2026-05-17T14:00:13.000Z</time>
      </trkpt>
      <trkpt lat="36.860663" lon="-5.173874">
        <ele>559.682890</ele>
        <time>2026-05-17T14:00:16.000Z</time>
      </trkpt>
      <trkpt lat="36.860720" lon="-5.173866">
        <ele>559.452216</ele>
        <time>2026-05-17T14:00:20.000Z</time>
      </trkpt>
      <trkpt lat="36.860801" lon="-5.173849">
        <ele>559.121903</ele>
        <time>2026-05-17T14:00:26.000Z</time>
      </trkpt>
      <trkpt lat="36.860915" lon="-5.173860">
        <ele>558.662073</ele>
        <time>2026-05-17T14:00:36.000Z</time>
      </trkpt>
      <trkpt lat="36.861021" lon="-5.173815">
        <ele>558.211861</ele>
        <time>2026-05-17T14:00:44.000Z</time>
      </trkpt>
      <trkpt lat="36.861071" lon="-5.173746">
        <ele>557.912317</ele>
        <time>2026-05-17T14:00:50.000Z</time>
      </trkpt>
      <trkpt lat="36.861086" lon="-5.173718">
        <ele>557.803891</ele>
        <time>2026-05-17T14:00:52.000Z</time>
      </trkpt>
      <trkpt lat="36.861103" lon="-5.173603">
        <ele>557.427596</ele>
        <time>2026-05-17T14:00:58.000Z</time>
      </trkpt>
      <trkpt lat="36.861083" lon="-5.173509">
        <ele>557.114622</ele>
        <time>2026-05-17T14:01:04.000Z</time>
      </trkpt>
      <trkpt lat="36.861058" lon="-5.173430">
        <ele>556.841265</ele>
        <time>2026-05-17T14:01:10.000Z</time>
      </trkpt>
      <trkpt lat="36.861008" lon="-5.173375">
        <ele>556.573398</ele>
        <time>2026-05-17T14:01:15.000Z</time>
      </trkpt>
      <trkpt lat="36.860974" lon="-5.173346">
        <ele>556.407857</ele>
        <time>2026-05-17T14:01:18.000Z</time>
      </trkpt>
      <trkpt lat="36.860908" lon="-5.173268">
        <ele>556.042559</ele>
        <time>2026-05-17T14:01:26.000Z</time>
      </trkpt>
      <trkpt lat="36.860819" lon="-5.173147">
        <ele>555.513696</ele>
        <time>2026-05-17T14:01:35.000Z</time>
      </trkpt>
      <trkpt lat="36.860784" lon="-5.173053">
        <ele>555.180085</ele>
        <time>2026-05-17T14:01:41.000Z</time>
      </trkpt>
      <trkpt lat="36.860778" lon="-5.173022">
        <ele>555.077460</ele>
        <time>2026-05-17T14:01:43.000Z</time>
      </trkpt>
      <trkpt lat="36.860754" lon="-5.172971">
        <ele>554.887078</ele>
        <time>2026-05-17T14:01:48.000Z</time>
      </trkpt>
      <trkpt lat="36.860740" lon="-5.172931">
        <ele>554.746594</ele>
        <time>2026-05-17T14:01:51.000Z</time>
      </trkpt>
      <trkpt lat="36.860728" lon="-5.172867">
        <ele>554.535083</ele>
        <time>2026-05-17T14:01:56.000Z</time>
      </trkpt>
      <trkpt lat="36.860733" lon="-5.172844">
        <ele>554.458393</ele>
        <time>2026-05-17T14:01:58.000Z</time>
      </trkpt>
      <trkpt lat="36.860768" lon="-5.172796">
        <ele>554.249426</ele>
        <time>2026-05-17T14:02:04.000Z</time>
      </trkpt>
      <trkpt lat="36.860800" lon="-5.172812">
        <ele>554.131109</ele>
        <time>2026-05-17T14:02:08.000Z</time>
      </trkpt>
      <trkpt lat="36.860809" lon="-5.172827">
        <ele>554.129278</ele>
        <time>2026-05-17T14:02:10.000Z</time>
      </trkpt>
      <trkpt lat="36.860840" lon="-5.172886">
        <ele>554.122382</ele>
        <time>2026-05-17T14:02:15.000Z</time>
      </trkpt>
      <trkpt lat="36.860871" lon="-5.172947">
        <ele>554.115323</ele>
        <time>2026-05-17T14:02:21.000Z</time>
      </trkpt>
      <trkpt lat="36.860923" lon="-5.173025">
        <ele>554.105404</ele>
        <time>2026-05-17T14:02:28.000Z</time>
      </trkpt>
      <trkpt lat="36.860982" lon="-5.173083">
        <ele>554.096239</ele>
        <time>2026-05-17T14:02:34.000Z</time>
      </trkpt>
      <trkpt lat="36.861013" lon="-5.173115">
        <ele>554.091330</ele>
        <time>2026-05-17T14:02:37.000Z</time>
      </trkpt>
      <trkpt lat="36.861072" lon="-5.173149">
        <ele>554.083398</ele>
        <time>2026-05-17T14:02:43.000Z</time>
      </trkpt>
      <trkpt lat="36.861112" lon="-5.173164">
        <ele>554.078299</ele>
        <time>2026-05-17T14:02:46.000Z</time>
      </trkpt>
      <trkpt lat="36.861126" lon="-5.173170">
        <ele>554.076492</ele>
        <time>2026-05-17T14:02:47.000Z</time>
      </trkpt>
      <trkpt lat="36.861190" lon="-5.173194">
        <ele>554.068333</ele>
        <time>2026-05-17T14:02:52.000Z</time>
      </trkpt>
      <trkpt lat="36.861224" lon="-5.173206">
        <ele>554.064020</ele>
        <time>2026-05-17T14:02:55.000Z</time>
      </trkpt>
      <trkpt lat="36.861262" lon="-5.173222">
        <ele>554.059124</ele>
        <time>2026-05-17T14:02:59.000Z</time>
      </trkpt>
      <trkpt lat="36.861284" lon="-5.173232">
        <ele>554.056266</ele>
        <time>2026-05-17T14:03:01.000Z</time>
      </trkpt>
      <trkpt lat="36.861346" lon="-5.173260">
        <ele>554.048217</ele>
        <time>2026-05-17T14:03:07.000Z</time>
      </trkpt>
      <trkpt lat="36.861355" lon="-5.173261">
        <ele>554.047113</ele>
        <time>2026-05-17T14:03:08.000Z</time>
      </trkpt>
      <trkpt lat="36.861447" lon="-5.173243">
        <ele>554.035744</ele>
        <time>2026-05-17T14:03:16.000Z</time>
      </trkpt>
      <trkpt lat="36.861521" lon="-5.173234">
        <ele>554.026666</ele>
        <time>2026-05-17T14:03:23.000Z</time>
      </trkpt>
      <trkpt lat="36.861553" lon="-5.173232">
        <ele>554.022754</ele>
        <time>2026-05-17T14:03:32.000Z</time>
      </trkpt>
      <trkpt lat="36.861602" lon="-5.173172">
        <ele>554.014378</ele>
        <time>2026-05-17T14:03:40.000Z</time>
      </trkpt>
      <trkpt lat="36.861653" lon="-5.173122">
        <ele>554.006464</ele>
        <time>2026-05-17T14:03:47.000Z</time>
      </trkpt>
      <trkpt lat="36.861658" lon="-5.173118">
        <ele>554.005739</ele>
        <time>2026-05-17T14:03:48.000Z</time>
      </trkpt>
      <trkpt lat="36.861681" lon="-5.173075">
        <ele>554.000687</ele>
        <time>2026-05-17T14:03:53.000Z</time>
      </trkpt>
      <trkpt lat="36.861692" lon="-5.173039">
        <ele>553.996922</ele>
        <time>2026-05-17T14:03:55.000Z</time>
      </trkpt>
      <trkpt lat="36.861699" lon="-5.173022">
        <ele>553.995054</ele>
        <time>2026-05-17T14:03:56.000Z</time>
      </trkpt>
      <trkpt lat="36.861745" lon="-5.172964">
        <ele>553.987076</ele>
        <time>2026-05-17T14:04:02.000Z</time>
      </trkpt>
      <trkpt lat="36.861763" lon="-5.172942">
        <ele>553.984002</ele>
        <time>2026-05-17T14:04:05.000Z</time>
      </trkpt>
      <trkpt lat="36.861810" lon="-5.172882">
        <ele>553.975800</ele>
        <time>2026-05-17T14:04:13.000Z</time>
      </trkpt>
      <trkpt lat="36.861822" lon="-5.172853">
        <ele>553.972610</ele>
        <time>2026-05-17T14:04:15.000Z</time>
      </trkpt>
      <trkpt lat="36.861838" lon="-5.172809">
        <ele>553.967889</ele>
        <time>2026-05-17T14:04:19.000Z</time>
      </trkpt>
      <trkpt lat="36.861854" lon="-5.172764">
        <ele>553.963078</ele>
        <time>2026-05-17T14:04:23.000Z</time>
      </trkpt>
      <trkpt lat="36.861884" lon="-5.172725">
        <ele>553.957793</ele>
        <time>2026-05-17T14:04:26.000Z</time>
      </trkpt>
      <trkpt lat="36.861943" lon="-5.172673">
        <ele>553.948979</ele>
        <time>2026-05-17T14:04:31.000Z</time>
      </trkpt>
      <trkpt lat="36.861979" lon="-5.172635">
        <ele>553.943225</ele>
        <time>2026-05-17T14:04:35.000Z</time>
      </trkpt>
      <trkpt lat="36.861998" lon="-5.172602">
        <ele>553.939254</ele>
        <time>2026-05-17T14:04:38.000Z</time>
      </trkpt>
      <trkpt lat="36.862015" lon="-5.172574">
        <ele>553.935820</ele>
        <time>2026-05-17T14:04:40.000Z</time>
      </trkpt>
      <trkpt lat="36.862081" lon="-5.172448">
        <ele>553.921108</ele>
        <time>2026-05-17T14:04:50.000Z</time>
      </trkpt>
      <trkpt lat="36.862113" lon="-5.172397">
        <ele>553.914777</ele>
        <time>2026-05-17T14:04:56.000Z</time>
      </trkpt>
      <trkpt lat="36.862101" lon="-5.172405">
        <ele>553.913116</ele>
        <time>2026-05-17T14:04:58.000Z</time>
      </trkpt>
      <trkpt lat="36.862093" lon="-5.172414">
        <ele>553.912135</ele>
        <time>2026-05-17T14:04:59.000Z</time>
      </trkpt>
      <trkpt lat="36.862066" lon="-5.172454">
        <ele>553.912135</ele>
        <time>2026-05-17T14:05:04.000Z</time>
      </trkpt>
      <trkpt lat="36.862068" lon="-5.172455">
        <ele>553.912135</ele>
        <time>2026-05-17T14:05:05.000Z</time>
      </trkpt>
      <trkpt lat="36.862073" lon="-5.172446">
        <ele>553.912135</ele>
        <time>2026-05-17T14:05:06.000Z</time>
      </trkpt>
      <trkpt lat="36.862105" lon="-5.172388">
        <ele>553.912135</ele>
        <time>2026-05-17T14:05:11.000Z</time>
      </trkpt>
      <trkpt lat="36.862111" lon="-5.172385">
        <ele>553.912135</ele>
        <time>2026-05-17T14:05:12.000Z</time>
      </trkpt>
      <trkpt lat="36.862117" lon="-5.172388">
        <ele>553.912135</ele>
        <time>2026-05-17T14:05:13.000Z</time>
      </trkpt>
      <trkpt lat="36.862129" lon="-5.172406">
        <ele>553.912135</ele>
        <time>2026-05-17T14:05:15.000Z</time>
      </trkpt>
      <trkpt lat="36.862168" lon="-5.172429">
        <ele>553.912135</ele>
        <time>2026-05-17T14:05:18.000Z</time>
      </trkpt>
      <trkpt lat="36.862236" lon="-5.172494">
        <ele>553.912135</ele>
        <time>2026-05-17T14:05:25.000Z</time>
      </trkpt>
      <trkpt lat="36.862315" lon="-5.172599">
        <ele>553.912135</ele>
        <time>2026-05-17T14:05:33.000Z</time>
      </trkpt>
      <trkpt lat="36.862330" lon="-5.172617">
        <ele>553.912135</ele>
        <time>2026-05-17T14:05:35.000Z</time>
      </trkpt>
      <trkpt lat="36.862374" lon="-5.172628">
        <ele>553.912135</ele>
        <time>2026-05-17T14:05:40.000Z</time>
      </trkpt>
      <trkpt lat="36.862386" lon="-5.172619">
        <ele>553.912135</ele>
        <time>2026-05-17T14:05:41.000Z</time>
      </trkpt>
      <trkpt lat="36.862446" lon="-5.172545">
        <ele>553.912135</ele>
        <time>2026-05-17T14:05:47.000Z</time>
      </trkpt>
      <trkpt lat="36.862552" lon="-5.172457">
        <ele>553.912135</ele>
        <time>2026-05-17T14:05:56.000Z</time>
      </trkpt>
      <trkpt lat="36.862618" lon="-5.172368">
        <ele>553.912135</ele>
        <time>2026-05-17T14:06:04.000Z</time>
      </trkpt>
      <trkpt lat="36.862673" lon="-5.172272">
        <ele>553.912135</ele>
        <time>2026-05-17T14:06:13.000Z</time>
      </trkpt>
      <trkpt lat="36.862703" lon="-5.172212">
        <ele>553.912135</ele>
        <time>2026-05-17T14:06:20.000Z</time>
      </trkpt>
      <trkpt lat="36.862732" lon="-5.172179">
        <ele>553.912135</ele>
        <time>2026-05-17T14:06:23.000Z</time>
      </trkpt>
      <trkpt lat="36.862819" lon="-5.172111">
        <ele>553.912135</ele>
        <time>2026-05-17T14:06:30.000Z</time>
      </trkpt>
      <trkpt lat="36.862887" lon="-5.172052">
        <ele>553.912135</ele>
        <time>2026-05-17T14:06:37.000Z</time>
      </trkpt>
      <trkpt lat="36.862933" lon="-5.171979">
        <ele>553.912135</ele>
        <time>2026-05-17T14:06:43.000Z</time>
      </trkpt>
      <trkpt lat="36.862958" lon="-5.171865">
        <ele>553.912135</ele>
        <time>2026-05-17T14:06:50.000Z</time>
      </trkpt>
      <trkpt lat="36.862978" lon="-5.171809">
        <ele>553.912135</ele>
        <time>2026-05-17T14:06:53.000Z</time>
      </trkpt>
      <trkpt lat="36.862999" lon="-5.171768">
        <ele>553.912135</ele>
        <time>2026-05-17T14:06:57.000Z</time>
      </trkpt>
      <trkpt lat="36.863022" lon="-5.171727">
        <ele>553.912135</ele>
        <time>2026-05-17T14:07:02.000Z</time>
      </trkpt>
      <trkpt lat="36.863028" lon="-5.171715">
        <ele>553.912135</ele>
        <time>2026-05-17T14:07:03.000Z</time>
      </trkpt>
      <trkpt lat="36.863037" lon="-5.171688">
        <ele>553.912135</ele>
        <time>2026-05-17T14:07:05.000Z</time>
      </trkpt>
      <trkpt lat="36.863042" lon="-5.171670">
        <ele>553.912135</ele>
        <time>2026-05-17T14:07:06.000Z</time>
      </trkpt>
      <trkpt lat="36.863047" lon="-5.171655">
        <ele>553.912135</ele>
        <time>2026-05-17T14:07:07.000Z</time>
      </trkpt>
      <trkpt lat="36.863079" lon="-5.171594">
        <ele>553.912135</ele>
        <time>2026-05-17T14:07:11.000Z</time>
      </trkpt>
      <trkpt lat="36.863108" lon="-5.171505">
        <ele>553.912135</ele>
        <time>2026-05-17T14:07:17.000Z</time>
      </trkpt>
      <trkpt lat="36.863115" lon="-5.171453">
        <ele>553.912135</ele>
        <time>2026-05-17T14:07:23.000Z</time>
      </trkpt>
      <trkpt lat="36.863148" lon="-5.171334">
        <ele>553.912135</ele>
        <time>2026-05-17T14:07:31.000Z</time>
      </trkpt>
      <trkpt lat="36.863173" lon="-5.171261">
        <ele>553.912135</ele>
        <time>2026-05-17T14:07:35.000Z</time>
      </trkpt>
      <trkpt lat="36.863191" lon="-5.171206">
        <ele>553.912135</ele>
        <time>2026-05-17T14:07:38.000Z</time>
      </trkpt>
      <trkpt lat="36.863209" lon="-5.171082">
        <ele>553.912135</ele>
        <time>2026-05-17T14:07:47.000Z</time>
      </trkpt>
      <trkpt lat="36.863203" lon="-5.171076">
        <ele>553.912135</ele>
        <time>2026-05-17T14:07:48.000Z</time>
      </trkpt>
      <trkpt lat="36.863177" lon="-5.171047">
        <ele>553.912135</ele>
        <time>2026-05-17T14:07:51.000Z</time>
      </trkpt>
      <trkpt lat="36.863141" lon="-5.171003">
        <ele>553.912135</ele>
        <time>2026-05-17T14:07:54.000Z</time>
      </trkpt>
      <trkpt lat="36.863128" lon="-5.170992">
        <ele>553.912135</ele>
        <time>2026-05-17T14:07:56.000Z</time>
      </trkpt>
      <trkpt lat="36.863107" lon="-5.170978">
        <ele>553.912135</ele>
        <time>2026-05-17T14:07:59.000Z</time>
      </trkpt>
      <trkpt lat="36.863022" lon="-5.170888">
        <ele>553.912135</ele>
        <time>2026-05-17T14:08:08.000Z</time>
      </trkpt>
      <trkpt lat="36.862963" lon="-5.170829">
        <ele>553.912135</ele>
        <time>2026-05-17T14:08:16.000Z</time>
      </trkpt>
      <trkpt lat="36.862908" lon="-5.170661">
        <ele>553.912135</ele>
        <time>2026-05-17T14:08:26.000Z</time>
      </trkpt>
      <trkpt lat="36.862915" lon="-5.170621">
        <ele>553.912135</ele>
        <time>2026-05-17T14:08:28.000Z</time>
      </trkpt>
      <trkpt lat="36.862866" lon="-5.170574">
        <ele>553.912135</ele>
        <time>2026-05-17T14:08:33.000Z</time>
      </trkpt>
      <trkpt lat="36.862866" lon="-5.170574">
        <ele>553.912135</ele>
        <time>2026-05-17T14:08:35.000Z</time>
      </trkpt>
    </trkseg>
  </trk>
</gpx>