<?xml version='1.0' encoding='UTF-8'?>
<gpx version="1.1" creator="https://www.komoot.de" xmlns="http://www.topografix.com/GPX/1/1" xmlns:xsi="http://www.w3.org/2001/XMLSchema-instance" xsi:schemaLocation="http://www.topografix.com/GPX/1/1 http://www.topografix.com/GPX/1/1/gpx.xsd">
  <metadata>
    <name>Wandeling</name>
    <author>
      <link href="https://www.komoot.de">
        <text>komoot</text>
        <type>text/html</type>
      </link>
    </author>
  </metadata>
  <trk>
    <name>Wandeling</name>
    <trkseg>
      <trkpt lat="36.886237" lon="-4.981360">
        <ele>513.245406</ele>
        <time>2026-05-18T07:42:25.000Z</time>
      </trkpt>
      <trkpt lat="36.886237" lon="-4.981360">
        <ele>513.245406</ele>
        <time>2026-05-18T07:42:36.000Z</time>
      </trkpt>
      <trkpt lat="36.886237" lon="-4.981360">
        <ele>513.245406</ele>
        <time>2026-05-18T07:42:43.000Z</time>
      </trkpt>
      <trkpt lat="36.886237" lon="-4.981360">
        <ele>513.245406</ele>
        <time>2026-05-18T07:42:46.000Z</time>
      </trkpt>
      <trkpt lat="36.886237" lon="-4.981360">
        <ele>513.245406</ele>
        <time>2026-05-18T07:42:57.000Z</time>
      </trkpt>
      <trkpt lat="36.886237" lon="-4.981360">
        <ele>513.245406</ele>
        <time>2026-05-18T07:43:00.000Z</time>
      </trkpt>
      <trkpt lat="36.886191" lon="-4.981277">
        <ele>513.245406</ele>
        <time>2026-05-18T07:43:05.000Z</time>
      </trkpt>
      <trkpt lat="36.886191" lon="-4.981244">
        <ele>513.245406</ele>
        <time>2026-05-18T07:43:07.000Z</time>
      </trkpt>
      <trkpt lat="36.886169" lon="-4.981144">
        <ele>513.245406</ele>
        <time>2026-05-18T07:43:13.000Z</time>
      </trkpt>
      <trkpt lat="36.886176" lon="-4.981110">
        <ele>513.245406</ele>
        <time>2026-05-18T07:43:20.000Z</time>
      </trkpt>
      <trkpt lat="36.886176" lon="-4.981111">
        <ele>513.245406</ele>
        <time>2026-05-18T07:43:22.000Z</time>
      </trkpt>
      <trkpt lat="36.886174" lon="-4.981131">
        <ele>513.245406</ele>
        <time>2026-05-18T07:43:25.000Z</time>
      </trkpt>
      <trkpt lat="36.886146" lon="-4.981094">
        <ele>513.245406</ele>
        <time>2026-05-18T07:43:35.000Z</time>
      </trkpt>
      <trkpt lat="36.886086" lon="-4.981013">
        <ele>513.245406</ele>
        <time>2026-05-18T07:43:46.000Z</time>
      </trkpt>
      <trkpt lat="36.886080" lon="-4.981002">
        <ele>513.245406</ele>
        <time>2026-05-18T07:43:48.000Z</time>
      </trkpt>
      <trkpt lat="36.886021" lon="-4.980983">
        <ele>513.245406</ele>
        <time>2026-05-18T07:43:56.000Z</time>
      </trkpt>
      <trkpt lat="36.886008" lon="-4.980963">
        <ele>513.245406</ele>
        <time>2026-05-18T07:43:59.000Z</time>
      </trkpt>
      <trkpt lat="36.886018" lon="-4.980929">
        <ele>513.245406</ele>
        <time>2026-05-18T07:44:04.000Z</time>
      </trkpt>
      <trkpt lat="36.886038" lon="-4.980915">
        <ele>513.245406</ele>
        <time>2026-05-18T07:44:05.000Z</time>
      </trkpt>
      <trkpt lat="36.886068" lon="-4.980911">
        <ele>513.245406</ele>
        <time>2026-05-18T07:44:11.000Z</time>
      </trkpt>
      <trkpt lat="36.886068" lon="-4.980930">
        <ele>513.245406</ele>
        <time>2026-05-18T07:44:17.000Z</time>
      </trkpt>
      <trkpt lat="36.886056" lon="-4.980942">
        <ele>513.245406</ele>
        <time>2026-05-18T07:44:19.000Z</time>
      </trkpt>
      <trkpt lat="36.886053" lon="-4.980944">
        <ele>513.245406</ele>
        <time>2026-05-18T07:44:20.000Z</time>
      </trkpt>
      <trkpt lat="36.886048" lon="-4.980947">
        <ele>513.245406</ele>
        <time>2026-05-18T07:44:22.000Z</time>
      </trkpt>
      <trkpt lat="36.886047" lon="-4.980952">
        <ele>513.245406</ele>
        <time>2026-05-18T07:44:23.000Z</time>
      </trkpt>
      <trkpt lat="36.886019" lon="-4.980973">
        <ele>513.245406</ele>
        <time>2026-05-18T07:44:27.000Z</time>
      </trkpt>
      <trkpt lat="36.885998" lon="-4.980974">
        <ele>513.245406</ele>
        <time>2026-05-18T07:44:29.000Z</time>
      </trkpt>
      <trkpt lat="36.885912" lon="-4.980926">
        <ele>513.245406</ele>
        <time>2026-05-18T07:44:35.000Z</time>
      </trkpt>
      <trkpt lat="36.885895" lon="-4.980920">
        <ele>513.245406</ele>
        <time>2026-05-18T07:44:36.000Z</time>
      </trkpt>
      <trkpt lat="36.885837" lon="-4.980867">
        <ele>513.245406</ele>
        <time>2026-05-18T07:44:40.000Z</time>
      </trkpt>
      <trkpt lat="36.885784" lon="-4.980811">
        <ele>513.245406</ele>
        <time>2026-05-18T07:44:44.000Z</time>
      </trkpt>
      <trkpt lat="36.885743" lon="-4.980752">
        <ele>512.865201</ele>
        <time>2026-05-18T07:44:48.000Z</time>
      </trkpt>
      <trkpt lat="36.885733" lon="-4.980724">
        <ele>512.685794</ele>
        <time>2026-05-18T07:44:50.000Z</time>
      </trkpt>
      <trkpt lat="36.885722" lon="-4.980698">
        <ele>512.513708</ele>
        <time>2026-05-18T07:44:52.000Z</time>
      </trkpt>
      <trkpt lat="36.885705" lon="-4.980654">
        <ele>512.227819</ele>
        <time>2026-05-18T07:44:55.000Z</time>
      </trkpt>
      <trkpt lat="36.885678" lon="-4.980626">
        <ele>511.971222</ele>
        <time>2026-05-18T07:44:57.000Z</time>
      </trkpt>
      <trkpt lat="36.885665" lon="-4.980609">
        <ele>511.833617</ele>
        <time>2026-05-18T07:44:58.000Z</time>
      </trkpt>
      <trkpt lat="36.885620" lon="-4.980564">
        <ele>511.412113</ele>
        <time>2026-05-18T07:45:01.000Z</time>
      </trkpt>
      <trkpt lat="36.885594" lon="-4.980512">
        <ele>511.053327</ele>
        <time>2026-05-18T07:45:04.000Z</time>
      </trkpt>
      <trkpt lat="36.885599" lon="-4.980503">
        <ele>510.989215</ele>
        <time>2026-05-18T07:45:06.000Z</time>
      </trkpt>
      <trkpt lat="36.885598" lon="-4.980477">
        <ele>510.836923</ele>
        <time>2026-05-18T07:45:10.000Z</time>
      </trkpt>
      <trkpt lat="36.885596" lon="-4.980466">
        <ele>510.770924</ele>
        <time>2026-05-18T07:45:11.000Z</time>
      </trkpt>
      <trkpt lat="36.885594" lon="-4.980454">
        <ele>510.699208</ele>
        <time>2026-05-18T07:45:12.000Z</time>
      </trkpt>
      <trkpt lat="36.885580" lon="-4.980369">
        <ele>510.191470</ele>
        <time>2026-05-18T07:45:19.000Z</time>
      </trkpt>
      <trkpt lat="36.885579" lon="-4.980388">
        <ele>510.080067</ele>
        <time>2026-05-18T07:45:23.000Z</time>
      </trkpt>
      <trkpt lat="36.885579" lon="-4.980393">
        <ele>510.050814</ele>
        <time>2026-05-18T07:45:25.000Z</time>
      </trkpt>
      <trkpt lat="36.885580" lon="-4.980393">
        <ele>510.043499</ele>
        <time>2026-05-18T07:45:26.000Z</time>
      </trkpt>
      <trkpt lat="36.885574" lon="-4.980411">
        <ele>509.929408</ele>
        <time>2026-05-18T07:45:31.000Z</time>
      </trkpt>
      <trkpt lat="36.885570" lon="-4.980422">
        <ele>509.858712</ele>
        <time>2026-05-18T07:45:34.000Z</time>
      </trkpt>
      <trkpt lat="36.885570" lon="-4.980421">
        <ele>509.852862</ele>
        <time>2026-05-18T07:45:35.000Z</time>
      </trkpt>
      <trkpt lat="36.885568" lon="-4.980399">
        <ele>509.723319</ele>
        <time>2026-05-18T07:45:40.000Z</time>
      </trkpt>
      <trkpt lat="36.885580" lon="-4.980367">
        <ele>509.516543</ele>
        <time>2026-05-18T07:45:42.000Z</time>
      </trkpt>
      <trkpt lat="36.885579" lon="-4.980330">
        <ele>509.299946</ele>
        <time>2026-05-18T07:45:46.000Z</time>
      </trkpt>
      <trkpt lat="36.885595" lon="-4.980259">
        <ele>508.868378</ele>
        <time>2026-05-18T07:45:51.000Z</time>
      </trkpt>
      <trkpt lat="36.885599" lon="-4.980236">
        <ele>508.730669</ele>
        <time>2026-05-18T07:45:53.000Z</time>
      </trkpt>
      <trkpt lat="36.885633" lon="-4.980144">
        <ele>508.137731</ele>
        <time>2026-05-18T07:46:00.000Z</time>
      </trkpt>
      <trkpt lat="36.885645" lon="-4.980062">
        <ele>507.650016</ele>
        <time>2026-05-18T07:46:05.000Z</time>
      </trkpt>
      <trkpt lat="36.885652" lon="-4.980037">
        <ele>507.495046</ele>
        <time>2026-05-18T07:46:07.000Z</time>
      </trkpt>
      <trkpt lat="36.885664" lon="-4.980006">
        <ele>507.293552</ele>
        <time>2026-05-18T07:46:09.000Z</time>
      </trkpt>
      <trkpt lat="36.885655" lon="-4.979951">
        <ele>506.965102</ele>
        <time>2026-05-18T07:46:14.000Z</time>
      </trkpt>
      <trkpt lat="36.885656" lon="-4.979933">
        <ele>506.859537</ele>
        <time>2026-05-18T07:46:15.000Z</time>
      </trkpt>
      <trkpt lat="36.885659" lon="-4.979890">
        <ele>506.607005</ele>
        <time>2026-05-18T07:46:19.000Z</time>
      </trkpt>
      <trkpt lat="36.885652" lon="-4.979802">
        <ele>506.089610</ele>
        <time>2026-05-18T07:46:26.000Z</time>
      </trkpt>
      <trkpt lat="36.885643" lon="-4.979785">
        <ele>505.970335</ele>
        <time>2026-05-18T07:46:29.000Z</time>
      </trkpt>
      <trkpt lat="36.885605" lon="-4.979737">
        <ele>505.575204</ele>
        <time>2026-05-18T07:46:37.000Z</time>
      </trkpt>
      <trkpt lat="36.885601" lon="-4.979726">
        <ele>505.504508</ele>
        <time>2026-05-18T07:46:38.000Z</time>
      </trkpt>
      <trkpt lat="36.885596" lon="-4.979713">
        <ele>505.420113</ele>
        <time>2026-05-18T07:46:39.000Z</time>
      </trkpt>
      <trkpt lat="36.885593" lon="-4.979651">
        <ele>505.056710</ele>
        <time>2026-05-18T07:46:43.000Z</time>
      </trkpt>
      <trkpt lat="36.885599" lon="-4.979609">
        <ele>504.807095</ele>
        <time>2026-05-18T07:46:46.000Z</time>
      </trkpt>
      <trkpt lat="36.885604" lon="-4.979606">
        <ele>504.766527</ele>
        <time>2026-05-18T07:46:47.000Z</time>
      </trkpt>
      <trkpt lat="36.885606" lon="-4.979584">
        <ele>504.636984</ele>
        <time>2026-05-18T07:46:55.000Z</time>
      </trkpt>
      <trkpt lat="36.885585" lon="-4.979560">
        <ele>504.428867</ele>
        <time>2026-05-18T07:47:02.000Z</time>
      </trkpt>
      <trkpt lat="36.885578" lon="-4.979546">
        <ele>504.332271</ele>
        <time>2026-05-18T07:47:03.000Z</time>
      </trkpt>
      <trkpt lat="36.885539" lon="-4.979470">
        <ele>503.803976</ele>
        <time>2026-05-18T07:47:09.000Z</time>
      </trkpt>
      <trkpt lat="36.885525" lon="-4.979437">
        <ele>503.585427</ele>
        <time>2026-05-18T07:47:12.000Z</time>
      </trkpt>
      <trkpt lat="36.885508" lon="-4.979382">
        <ele>503.240450</ele>
        <time>2026-05-18T07:47:16.000Z</time>
      </trkpt>
      <trkpt lat="36.885471" lon="-4.979287">
        <ele>502.622246</ele>
        <time>2026-05-18T07:47:23.000Z</time>
      </trkpt>
      <trkpt lat="36.885447" lon="-4.979213">
        <ele>502.155060</ele>
        <time>2026-05-18T07:47:29.000Z</time>
      </trkpt>
      <trkpt lat="36.885441" lon="-4.979177">
        <ele>501.939912</ele>
        <time>2026-05-18T07:47:32.000Z</time>
      </trkpt>
      <trkpt lat="36.885440" lon="-4.979160">
        <ele>501.840183</ele>
        <time>2026-05-18T07:47:34.000Z</time>
      </trkpt>
      <trkpt lat="36.885433" lon="-4.979105">
        <ele>501.514349</ele>
        <time>2026-05-18T07:47:39.000Z</time>
      </trkpt>
      <trkpt lat="36.885429" lon="-4.979029">
        <ele>501.068738</ele>
        <time>2026-05-18T07:47:44.000Z</time>
      </trkpt>
      <trkpt lat="36.885430" lon="-4.978999">
        <ele>500.893066</ele>
        <time>2026-05-18T07:47:46.000Z</time>
      </trkpt>
      <trkpt lat="36.885421" lon="-4.978916">
        <ele>500.403020</ele>
        <time>2026-05-18T07:47:52.000Z</time>
      </trkpt>
      <trkpt lat="36.885431" lon="-4.978882">
        <ele>500.191075</ele>
        <time>2026-05-18T07:47:55.000Z</time>
      </trkpt>
      <trkpt lat="36.885449" lon="-4.978840">
        <ele>500.029072</ele>
        <time>2026-05-18T07:47:59.000Z</time>
      </trkpt>
      <trkpt lat="36.885454" lon="-4.978833">
        <ele>500.010513</ele>
        <time>2026-05-18T07:48:01.000Z</time>
      </trkpt>
      <trkpt lat="36.885451" lon="-4.978809">
        <ele>499.962476</ele>
        <time>2026-05-18T07:48:07.000Z</time>
      </trkpt>
      <trkpt lat="36.885454" lon="-4.978795">
        <ele>499.933815</ele>
        <time>2026-05-18T07:48:08.000Z</time>
      </trkpt>
      <trkpt lat="36.885457" lon="-4.978778">
        <ele>499.899388</ele>
        <time>2026-05-18T07:48:11.000Z</time>
      </trkpt>
      <trkpt lat="36.885474" lon="-4.978718">
        <ele>499.773512</ele>
        <time>2026-05-18T07:48:17.000Z</time>
      </trkpt>
      <trkpt lat="36.885494" lon="-4.978615">
        <ele>499.563910</ele>
        <time>2026-05-18T07:48:27.000Z</time>
      </trkpt>
      <trkpt lat="36.885516" lon="-4.978557">
        <ele>499.436969</ele>
        <time>2026-05-18T07:48:32.000Z</time>
      </trkpt>
      <trkpt lat="36.885521" lon="-4.978538">
        <ele>499.397414</ele>
        <time>2026-05-18T07:48:33.000Z</time>
      </trkpt>
      <trkpt lat="36.885550" lon="-4.978440">
        <ele>499.190778</ele>
        <time>2026-05-18T07:48:41.000Z</time>
      </trkpt>
      <trkpt lat="36.885593" lon="-4.978263">
        <ele>498.824966</ele>
        <time>2026-05-18T07:48:52.000Z</time>
      </trkpt>
      <trkpt lat="36.885624" lon="-4.978173">
        <ele>498.631187</ele>
        <time>2026-05-18T07:49:00.000Z</time>
      </trkpt>
      <trkpt lat="36.885633" lon="-4.978150">
        <ele>498.580552</ele>
        <time>2026-05-18T07:49:02.000Z</time>
      </trkpt>
      <trkpt lat="36.885686" lon="-4.978044">
        <ele>498.333347</ele>
        <time>2026-05-18T07:49:11.000Z</time>
      </trkpt>
      <trkpt lat="36.885760" lon="-4.978000">
        <ele>498.130751</ele>
        <time>2026-05-18T07:49:18.000Z</time>
      </trkpt>
      <trkpt lat="36.885809" lon="-4.977994">
        <ele>498.009023</ele>
        <time>2026-05-18T07:49:22.000Z</time>
      </trkpt>
      <trkpt lat="36.885848" lon="-4.978001">
        <ele>497.911610</ele>
        <time>2026-05-18T07:49:25.000Z</time>
      </trkpt>
      <trkpt lat="36.885977" lon="-4.978001">
        <ele>497.592669</ele>
        <time>2026-05-18T07:49:35.000Z</time>
      </trkpt>
      <trkpt lat="36.886012" lon="-4.978003">
        <ele>497.506044</ele>
        <time>2026-05-18T07:49:38.000Z</time>
      </trkpt>
      <trkpt lat="36.886045" lon="-4.977991">
        <ele>497.421073</ele>
        <time>2026-05-18T07:49:45.000Z</time>
      </trkpt>
      <trkpt lat="36.886053" lon="-4.977988">
        <ele>497.400423</ele>
        <time>2026-05-18T07:49:49.000Z</time>
      </trkpt>
      <trkpt lat="36.886049" lon="-4.977993">
        <ele>497.386438</ele>
        <time>2026-05-18T07:49:55.000Z</time>
      </trkpt>
      <trkpt lat="36.886037" lon="-4.977970">
        <ele>497.332134</ele>
        <time>2026-05-18T07:50:04.000Z</time>
      </trkpt>
      <trkpt lat="36.886036" lon="-4.977966">
        <ele>497.323847</ele>
        <time>2026-05-18T07:50:05.000Z</time>
      </trkpt>
      <trkpt lat="36.886048" lon="-4.977959">
        <ele>497.291107</ele>
        <time>2026-05-18T07:50:14.000Z</time>
      </trkpt>
      <trkpt lat="36.886048" lon="-4.977954">
        <ele>497.281220</ele>
        <time>2026-05-18T07:50:16.000Z</time>
      </trkpt>
      <trkpt lat="36.886048" lon="-4.977954">
        <ele>497.281220</ele>
        <time>2026-05-18T07:50:20.000Z</time>
      </trkpt>
      <trkpt lat="36.886044" lon="-4.977961">
        <ele>497.264207</ele>
        <time>2026-05-18T07:50:22.000Z</time>
      </trkpt>
      <trkpt lat="36.886074" lon="-4.978003">
        <ele>497.152853</ele>
        <time>2026-05-18T07:50:31.000Z</time>
      </trkpt>
      <trkpt lat="36.886133" lon="-4.977977">
        <ele>496.998184</ele>
        <time>2026-05-18T07:50:38.000Z</time>
      </trkpt>
      <trkpt lat="36.886150" lon="-4.977991">
        <ele>496.947855</ele>
        <time>2026-05-18T07:50:47.000Z</time>
      </trkpt>
      <trkpt lat="36.886137" lon="-4.978012">
        <ele>496.895341</ele>
        <time>2026-05-18T07:50:55.000Z</time>
      </trkpt>
      <trkpt lat="36.886140" lon="-4.978019">
        <ele>496.879637</ele>
        <time>2026-05-18T07:50:58.000Z</time>
      </trkpt>
      <trkpt lat="36.886151" lon="-4.978008">
        <ele>496.844811</ele>
        <time>2026-05-18T07:51:07.000Z</time>
      </trkpt>
      <trkpt lat="36.886148" lon="-4.978015">
        <ele>496.829107</ele>
        <time>2026-05-18T07:51:14.000Z</time>
      </trkpt>
      <trkpt lat="36.886147" lon="-4.978012">
        <ele>496.822679</ele>
        <time>2026-05-18T07:51:16.000Z</time>
      </trkpt>
      <trkpt lat="36.886147" lon="-4.977994">
        <ele>496.787084</ele>
        <time>2026-05-18T07:51:22.000Z</time>
      </trkpt>
      <trkpt lat="36.886146" lon="-4.977987">
        <ele>496.773023</ele>
        <time>2026-05-18T07:51:24.000Z</time>
      </trkpt>
      <trkpt lat="36.886139" lon="-4.977999">
        <ele>496.743652</ele>
        <time>2026-05-18T07:51:33.000Z</time>
      </trkpt>
      <trkpt lat="36.886134" lon="-4.978011">
        <ele>496.716895</ele>
        <time>2026-05-18T07:51:36.000Z</time>
      </trkpt>
      <trkpt lat="36.886130" lon="-4.977999">
        <ele>496.691186</ele>
        <time>2026-05-18T07:51:42.000Z</time>
      </trkpt>
      <trkpt lat="36.886155" lon="-4.978003">
        <ele>496.628872</ele>
        <time>2026-05-18T07:51:52.000Z</time>
      </trkpt>
      <trkpt lat="36.886160" lon="-4.978006">
        <ele>496.615160</ele>
        <time>2026-05-18T07:51:53.000Z</time>
      </trkpt>
      <trkpt lat="36.886162" lon="-4.978006">
        <ele>496.610215</ele>
        <time>2026-05-18T07:51:54.000Z</time>
      </trkpt>
      <trkpt lat="36.886240" lon="-4.977999">
        <ele>496.416870</ele>
        <time>2026-05-18T07:52:04.000Z</time>
      </trkpt>
      <trkpt lat="36.886323" lon="-4.978012">
        <ele>496.210055</ele>
        <time>2026-05-18T07:52:14.000Z</time>
      </trkpt>
      <trkpt lat="36.886343" lon="-4.978027">
        <ele>496.152392</ele>
        <time>2026-05-18T07:52:22.000Z</time>
      </trkpt>
      <trkpt lat="36.886326" lon="-4.978042">
        <ele>496.100948</ele>
        <time>2026-05-18T07:52:33.000Z</time>
      </trkpt>
      <trkpt lat="36.886328" lon="-4.978047">
        <ele>496.089893</ele>
        <time>2026-05-18T07:52:38.000Z</time>
      </trkpt>
      <trkpt lat="36.886330" lon="-4.978017">
        <ele>496.030362</ele>
        <time>2026-05-18T07:52:44.000Z</time>
      </trkpt>
      <trkpt lat="36.886316" lon="-4.978014">
        <ele>495.995244</ele>
        <time>2026-05-18T07:52:51.000Z</time>
      </trkpt>
      <trkpt lat="36.886316" lon="-4.978003">
        <ele>495.973491</ele>
        <time>2026-05-18T07:52:53.000Z</time>
      </trkpt>
      <trkpt lat="36.886329" lon="-4.978010">
        <ele>495.938496</ele>
        <time>2026-05-18T07:52:55.000Z</time>
      </trkpt>
      <trkpt lat="36.886373" lon="-4.978011">
        <ele>495.829691</ele>
        <time>2026-05-18T07:52:59.000Z</time>
      </trkpt>
      <trkpt lat="36.886409" lon="-4.978011">
        <ele>495.740684</ele>
        <time>2026-05-18T07:53:03.000Z</time>
      </trkpt>
      <trkpt lat="36.886472" lon="-4.978013">
        <ele>495.735545</ele>
        <time>2026-05-18T07:53:13.000Z</time>
      </trkpt>
      <trkpt lat="36.886536" lon="-4.978001">
        <ele>495.999786</ele>
        <time>2026-05-18T07:53:21.000Z</time>
      </trkpt>
      <trkpt lat="36.886644" lon="-4.978042">
        <ele>496.460640</ele>
        <time>2026-05-18T07:53:31.000Z</time>
      </trkpt>
      <trkpt lat="36.886702" lon="-4.978095">
        <ele>496.753969</ele>
        <time>2026-05-18T07:53:39.000Z</time>
      </trkpt>
      <trkpt lat="36.886704" lon="-4.978098">
        <ele>496.766724</ele>
        <time>2026-05-18T07:53:40.000Z</time>
      </trkpt>
      <trkpt lat="36.886716" lon="-4.978104">
        <ele>496.819494</ele>
        <time>2026-05-18T07:53:44.000Z</time>
      </trkpt>
      <trkpt lat="36.886746" lon="-4.978124">
        <ele>496.958312</ele>
        <time>2026-05-18T07:53:46.000Z</time>
      </trkpt>
      <trkpt lat="36.886761" lon="-4.978131">
        <ele>497.023686</ele>
        <time>2026-05-18T07:53:47.000Z</time>
      </trkpt>
      <trkpt lat="36.886784" lon="-4.978142">
        <ele>497.124233</ele>
        <time>2026-05-18T07:53:49.000Z</time>
      </trkpt>
      <trkpt lat="36.886813" lon="-4.978162">
        <ele>497.259463</ele>
        <time>2026-05-18T07:53:53.000Z</time>
      </trkpt>
      <trkpt lat="36.886922" lon="-4.978171">
        <ele>497.705490</ele>
        <time>2026-05-18T07:54:01.000Z</time>
      </trkpt>
      <trkpt lat="36.886993" lon="-4.978181">
        <ele>497.997223</ele>
        <time>2026-05-18T07:54:07.000Z</time>
      </trkpt>
      <trkpt lat="36.887074" lon="-4.978219">
        <ele>498.350470</ele>
        <time>2026-05-18T07:54:15.000Z</time>
      </trkpt>
      <trkpt lat="36.887113" lon="-4.978252">
        <ele>498.542751</ele>
        <time>2026-05-18T07:54:19.000Z</time>
      </trkpt>
      <trkpt lat="36.887134" lon="-4.978268">
        <ele>498.643162</ele>
        <time>2026-05-18T07:54:21.000Z</time>
      </trkpt>
      <trkpt lat="36.887265" lon="-4.978322">
        <ele>499.206369</ele>
        <time>2026-05-18T07:54:32.000Z</time>
      </trkpt>
      <trkpt lat="36.887342" lon="-4.978311">
        <ele>499.522813</ele>
        <time>2026-05-18T07:54:39.000Z</time>
      </trkpt>
      <trkpt lat="36.887350" lon="-4.978278">
        <ele>499.635424</ele>
        <time>2026-05-18T07:54:42.000Z</time>
      </trkpt>
      <trkpt lat="36.887342" lon="-4.978242">
        <ele>499.757444</ele>
        <time>2026-05-18T07:54:45.000Z</time>
      </trkpt>
      <trkpt lat="36.887307" lon="-4.978190">
        <ele>499.979392</ele>
        <time>2026-05-18T07:54:50.000Z</time>
      </trkpt>
      <trkpt lat="36.887291" lon="-4.978174">
        <ele>500.063047</ele>
        <time>2026-05-18T07:54:52.000Z</time>
      </trkpt>
      <trkpt lat="36.887239" lon="-4.978129">
        <ele>500.321266</ele>
        <time>2026-05-18T07:54:57.000Z</time>
      </trkpt>
      <trkpt lat="36.887220" lon="-4.978114">
        <ele>500.413016</ele>
        <time>2026-05-18T07:54:59.000Z</time>
      </trkpt>
      <trkpt lat="36.887154" lon="-4.978055">
        <ele>500.744297</ele>
        <time>2026-05-18T07:55:07.000Z</time>
      </trkpt>
      <trkpt lat="36.887076" lon="-4.977963">
        <ele>501.182132</ele>
        <time>2026-05-18T07:55:15.000Z</time>
      </trkpt>
      <trkpt lat="36.887070" lon="-4.977951">
        <ele>501.228348</ele>
        <time>2026-05-18T07:55:16.000Z</time>
      </trkpt>
      <trkpt lat="36.887025" lon="-4.977921">
        <ele>501.436576</ele>
        <time>2026-05-18T07:55:21.000Z</time>
      </trkpt>
      <trkpt lat="36.887015" lon="-4.977914">
        <ele>501.483370</ele>
        <time>2026-05-18T07:55:22.000Z</time>
      </trkpt>
      <trkpt lat="36.886984" lon="-4.977897">
        <ele>501.621587</ele>
        <time>2026-05-18T07:55:25.000Z</time>
      </trkpt>
      <trkpt lat="36.886902" lon="-4.977827">
        <ele>502.026999</ele>
        <time>2026-05-18T07:55:34.000Z</time>
      </trkpt>
      <trkpt lat="36.886867" lon="-4.977773">
        <ele>502.253985</ele>
        <time>2026-05-18T07:55:40.000Z</time>
      </trkpt>
      <trkpt lat="36.886851" lon="-4.977765">
        <ele>502.324344</ele>
        <time>2026-05-18T07:55:41.000Z</time>
      </trkpt>
      <trkpt lat="36.886820" lon="-4.977746">
        <ele>502.465311</ele>
        <time>2026-05-18T07:55:43.000Z</time>
      </trkpt>
      <trkpt lat="36.886782" lon="-4.977716">
        <ele>502.648812</ele>
        <time>2026-05-18T07:55:46.000Z</time>
      </trkpt>
      <trkpt lat="36.886688" lon="-4.977617">
        <ele>503.221442</ele>
        <time>2026-05-18T07:55:56.000Z</time>
      </trkpt>
      <trkpt lat="36.886669" lon="-4.977589">
        <ele>503.392835</ele>
        <time>2026-05-18T07:55:59.000Z</time>
      </trkpt>
      <trkpt lat="36.886683" lon="-4.977587">
        <ele>503.475068</ele>
        <time>2026-05-18T07:56:02.000Z</time>
      </trkpt>
      <trkpt lat="36.886672" lon="-4.977592">
        <ele>503.543373</ele>
        <time>2026-05-18T07:56:06.000Z</time>
      </trkpt>
      <trkpt lat="36.886643" lon="-4.977578">
        <ele>503.724790</ele>
        <time>2026-05-18T07:56:09.000Z</time>
      </trkpt>
      <trkpt lat="36.886548" lon="-4.977503">
        <ele>504.380469</ele>
        <time>2026-05-18T07:56:17.000Z</time>
      </trkpt>
      <trkpt lat="36.886492" lon="-4.977451">
        <ele>504.787550</ele>
        <time>2026-05-18T07:56:23.000Z</time>
      </trkpt>
      <trkpt lat="36.886410" lon="-4.977390">
        <ele>505.344388</ele>
        <time>2026-05-18T07:56:30.000Z</time>
      </trkpt>
      <trkpt lat="36.886380" lon="-4.977363">
        <ele>505.560105</ele>
        <time>2026-05-18T07:56:33.000Z</time>
      </trkpt>
      <trkpt lat="36.886350" lon="-4.977329">
        <ele>505.796404</ele>
        <time>2026-05-18T07:56:36.000Z</time>
      </trkpt>
      <trkpt lat="36.886331" lon="-4.977300">
        <ele>505.971382</ele>
        <time>2026-05-18T07:56:38.000Z</time>
      </trkpt>
      <trkpt lat="36.886333" lon="-4.977272">
        <ele>506.102597</ele>
        <time>2026-05-18T07:56:44.000Z</time>
      </trkpt>
      <trkpt lat="36.886334" lon="-4.977273">
        <ele>506.110070</ele>
        <time>2026-05-18T07:56:45.000Z</time>
      </trkpt>
      <trkpt lat="36.886315" lon="-4.977297">
        <ele>506.267690</ele>
        <time>2026-05-18T07:56:54.000Z</time>
      </trkpt>
      <trkpt lat="36.886316" lon="-4.977295">
        <ele>506.278699</ele>
        <time>2026-05-18T07:57:03.000Z</time>
      </trkpt>
      <trkpt lat="36.886320" lon="-4.977288">
        <ele>506.318855</ele>
        <time>2026-05-18T07:57:05.000Z</time>
      </trkpt>
      <trkpt lat="36.886294" lon="-4.977262">
        <ele>506.513150</ele>
        <time>2026-05-18T07:57:13.000Z</time>
      </trkpt>
      <trkpt lat="36.886291" lon="-4.977265">
        <ele>506.535568</ele>
        <time>2026-05-18T07:57:17.000Z</time>
      </trkpt>
      <trkpt lat="36.886288" lon="-4.977254">
        <ele>506.589816</ele>
        <time>2026-05-18T07:57:22.000Z</time>
      </trkpt>
      <trkpt lat="36.886252" lon="-4.977209">
        <ele>506.886896</ele>
        <time>2026-05-18T07:57:28.000Z</time>
      </trkpt>
      <trkpt lat="36.886247" lon="-4.977200">
        <ele>506.938044</ele>
        <time>2026-05-18T07:57:29.000Z</time>
      </trkpt>
      <trkpt lat="36.886229" lon="-4.977176">
        <ele>507.091615</ele>
        <time>2026-05-18T07:57:31.000Z</time>
      </trkpt>
      <trkpt lat="36.886219" lon="-4.977163">
        <ele>507.175803</ele>
        <time>2026-05-18T07:57:32.000Z</time>
      </trkpt>
      <trkpt lat="36.886189" lon="-4.977101">
        <ele>507.514036</ele>
        <time>2026-05-18T07:57:37.000Z</time>
      </trkpt>
      <trkpt lat="36.886180" lon="-4.977075">
        <ele>507.646273</ele>
        <time>2026-05-18T07:57:39.000Z</time>
      </trkpt>
      <trkpt lat="36.886158" lon="-4.977013">
        <ele>507.962870</ele>
        <time>2026-05-18T07:57:44.000Z</time>
      </trkpt>
      <trkpt lat="36.886135" lon="-4.976960">
        <ele>508.244324</ele>
        <time>2026-05-18T07:57:48.000Z</time>
      </trkpt>
      <trkpt lat="36.886125" lon="-4.976938">
        <ele>508.362437</ele>
        <time>2026-05-18T07:57:50.000Z</time>
      </trkpt>
      <trkpt lat="36.886111" lon="-4.976902">
        <ele>508.549283</ele>
        <time>2026-05-18T07:57:53.000Z</time>
      </trkpt>
      <trkpt lat="36.886106" lon="-4.976889">
        <ele>508.616614</ele>
        <time>2026-05-18T07:57:54.000Z</time>
      </trkpt>
      <trkpt lat="36.886078" lon="-4.976775">
        <ele>509.173253</ele>
        <time>2026-05-18T07:58:02.000Z</time>
      </trkpt>
      <trkpt lat="36.886056" lon="-4.976701">
        <ele>509.541750</ele>
        <time>2026-05-18T07:58:07.000Z</time>
      </trkpt>
      <trkpt lat="36.886053" lon="-4.976661">
        <ele>509.729277</ele>
        <time>2026-05-18T07:58:10.000Z</time>
      </trkpt>
      <trkpt lat="36.886035" lon="-4.976563">
        <ele>510.198616</ele>
        <time>2026-05-18T07:58:17.000Z</time>
      </trkpt>
      <trkpt lat="36.886030" lon="-4.976536">
        <ele>510.327977</ele>
        <time>2026-05-18T07:58:19.000Z</time>
      </trkpt>
      <trkpt lat="36.886024" lon="-4.976492">
        <ele>510.536318</ele>
        <time>2026-05-18T07:58:23.000Z</time>
      </trkpt>
      <trkpt lat="36.886009" lon="-4.976473">
        <ele>510.660930</ele>
        <time>2026-05-18T07:58:29.000Z</time>
      </trkpt>
      <trkpt lat="36.885980" lon="-4.976396">
        <ele>511.058194</ele>
        <time>2026-05-18T07:58:36.000Z</time>
      </trkpt>
      <trkpt lat="36.885981" lon="-4.976387">
        <ele>511.100606</ele>
        <time>2026-05-18T07:58:43.000Z</time>
      </trkpt>
      <trkpt lat="36.885965" lon="-4.976326">
        <ele>511.400255</ele>
        <time>2026-05-18T07:58:50.000Z</time>
      </trkpt>
      <trkpt lat="36.885932" lon="-4.976239">
        <ele>511.849694</ele>
        <time>2026-05-18T07:58:57.000Z</time>
      </trkpt>
      <trkpt lat="36.885922" lon="-4.976208">
        <ele>512.005718</ele>
        <time>2026-05-18T07:58:59.000Z</time>
      </trkpt>
      <trkpt lat="36.885884" lon="-4.976063">
        <ele>512.717937</ele>
        <time>2026-05-18T07:59:08.000Z</time>
      </trkpt>
      <trkpt lat="36.885877" lon="-4.976033">
        <ele>512.863805</ele>
        <time>2026-05-18T07:59:12.000Z</time>
      </trkpt>
      <trkpt lat="36.885872" lon="-4.976012">
        <ele>512.966077</ele>
        <time>2026-05-18T07:59:14.000Z</time>
      </trkpt>
      <trkpt lat="36.885834" lon="-4.975897">
        <ele>513.542143</ele>
        <time>2026-05-18T07:59:21.000Z</time>
      </trkpt>
      <trkpt lat="36.885812" lon="-4.975823">
        <ele>513.883679</ele>
        <time>2026-05-18T07:59:27.000Z</time>
      </trkpt>
      <trkpt lat="36.885805" lon="-4.975806">
        <ele>513.966397</ele>
        <time>2026-05-18T07:59:28.000Z</time>
      </trkpt>
      <trkpt lat="36.885799" lon="-4.975790">
        <ele>514.042846</ele>
        <time>2026-05-18T07:59:29.000Z</time>
      </trkpt>
      <trkpt lat="36.885770" lon="-4.975698">
        <ele>514.470646</ele>
        <time>2026-05-18T07:59:36.000Z</time>
      </trkpt>
      <trkpt lat="36.885747" lon="-4.975619">
        <ele>514.834350</ele>
        <time>2026-05-18T07:59:42.000Z</time>
      </trkpt>
      <trkpt lat="36.885737" lon="-4.975589">
        <ele>514.974955</ele>
        <time>2026-05-18T07:59:45.000Z</time>
      </trkpt>
      <trkpt lat="36.885713" lon="-4.975501">
        <ele>515.377181</ele>
        <time>2026-05-18T07:59:52.000Z</time>
      </trkpt>
      <trkpt lat="36.885705" lon="-4.975465">
        <ele>515.538822</ele>
        <time>2026-05-18T08:00:01.000Z</time>
      </trkpt>
      <trkpt lat="36.885702" lon="-4.975460">
        <ele>515.565862</ele>
        <time>2026-05-18T08:00:09.000Z</time>
      </trkpt>
      <trkpt lat="36.885699" lon="-4.975460">
        <ele>515.582089</ele>
        <time>2026-05-18T08:00:11.000Z</time>
      </trkpt>
      <trkpt lat="36.885676" lon="-4.975408">
        <ele>515.839156</ele>
        <time>2026-05-18T08:00:19.000Z</time>
      </trkpt>
      <trkpt lat="36.885667" lon="-4.975355">
        <ele>516.073553</ele>
        <time>2026-05-18T08:00:24.000Z</time>
      </trkpt>
      <trkpt lat="36.885659" lon="-4.975311">
        <ele>516.268761</ele>
        <time>2026-05-18T08:00:28.000Z</time>
      </trkpt>
      <trkpt lat="36.885634" lon="-4.975212">
        <ele>516.717890</ele>
        <time>2026-05-18T08:00:34.000Z</time>
      </trkpt>
      <trkpt lat="36.885629" lon="-4.975172">
        <ele>516.893038</ele>
        <time>2026-05-18T08:00:37.000Z</time>
      </trkpt>
      <trkpt lat="36.885606" lon="-4.975082">
        <ele>517.301784</ele>
        <time>2026-05-18T08:00:42.000Z</time>
      </trkpt>
      <trkpt lat="36.885598" lon="-4.975030">
        <ele>517.530869</ele>
        <time>2026-05-18T08:00:46.000Z</time>
      </trkpt>
      <trkpt lat="36.885589" lon="-4.975006">
        <ele>517.645542</ele>
        <time>2026-05-18T08:00:48.000Z</time>
      </trkpt>
      <trkpt lat="36.885578" lon="-4.974959">
        <ele>517.857398</ele>
        <time>2026-05-18T08:00:51.000Z</time>
      </trkpt>
      <trkpt lat="36.885551" lon="-4.974882">
        <ele>518.221119</ele>
        <time>2026-05-18T08:00:57.000Z</time>
      </trkpt>
      <trkpt lat="36.885528" lon="-4.974802">
        <ele>518.588892</ele>
        <time>2026-05-18T08:01:04.000Z</time>
      </trkpt>
      <trkpt lat="36.885517" lon="-4.974757">
        <ele>518.792459</ele>
        <time>2026-05-18T08:01:07.000Z</time>
      </trkpt>
      <trkpt lat="36.885502" lon="-4.974690">
        <ele>519.093454</ele>
        <time>2026-05-18T08:01:12.000Z</time>
      </trkpt>
      <trkpt lat="36.885496" lon="-4.974666">
        <ele>519.202235</ele>
        <time>2026-05-18T08:01:14.000Z</time>
      </trkpt>
      <trkpt lat="36.885490" lon="-4.974636">
        <ele>519.336017</ele>
        <time>2026-05-18T08:01:16.000Z</time>
      </trkpt>
      <trkpt lat="36.885462" lon="-4.974554">
        <ele>519.721739</ele>
        <time>2026-05-18T08:01:22.000Z</time>
      </trkpt>
      <trkpt lat="36.885435" lon="-4.974503">
        <ele>519.986327</ele>
        <time>2026-05-18T08:01:26.000Z</time>
      </trkpt>
      <trkpt lat="36.885415" lon="-4.974437">
        <ele>520.291660</ele>
        <time>2026-05-18T08:01:30.000Z</time>
      </trkpt>
      <trkpt lat="36.885405" lon="-4.974358">
        <ele>520.637682</ele>
        <time>2026-05-18T08:01:37.000Z</time>
      </trkpt>
      <trkpt lat="36.885379" lon="-4.974257">
        <ele>521.096700</ele>
        <time>2026-05-18T08:01:43.000Z</time>
      </trkpt>
      <trkpt lat="36.885376" lon="-4.974243">
        <ele>521.159402</ele>
        <time>2026-05-18T08:01:44.000Z</time>
      </trkpt>
      <trkpt lat="36.885352" lon="-4.974133">
        <ele>521.652670</ele>
        <time>2026-05-18T08:01:52.000Z</time>
      </trkpt>
      <trkpt lat="36.885344" lon="-4.974091">
        <ele>521.839451</ele>
        <time>2026-05-18T08:01:55.000Z</time>
      </trkpt>
      <trkpt lat="36.885335" lon="-4.974054">
        <ele>522.006758</ele>
        <time>2026-05-18T08:01:58.000Z</time>
      </trkpt>
      <trkpt lat="36.885325" lon="-4.974034">
        <ele>522.108797</ele>
        <time>2026-05-18T08:02:00.000Z</time>
      </trkpt>
      <trkpt lat="36.885306" lon="-4.973977">
        <ele>522.375947</ele>
        <time>2026-05-18T08:02:06.000Z</time>
      </trkpt>
      <trkpt lat="36.885287" lon="-4.973870">
        <ele>522.850120</ele>
        <time>2026-05-18T08:02:14.000Z</time>
      </trkpt>
      <trkpt lat="36.885280" lon="-4.973781">
        <ele>523.223214</ele>
        <time>2026-05-18T08:02:20.000Z</time>
      </trkpt>
      <trkpt lat="36.885265" lon="-4.973727">
        <ele>523.340034</ele>
        <time>2026-05-18T08:02:28.000Z</time>
      </trkpt>
      <trkpt lat="36.885289" lon="-4.973732">
        <ele>523.402201</ele>
        <time>2026-05-18T08:02:36.000Z</time>
      </trkpt>
      <trkpt lat="36.885296" lon="-4.973724">
        <ele>523.426432</ele>
        <time>2026-05-18T08:02:40.000Z</time>
      </trkpt>
      <trkpt lat="36.885302" lon="-4.973733">
        <ele>523.450376</ele>
        <time>2026-05-18T08:02:45.000Z</time>
      </trkpt>
      <trkpt lat="36.885298" lon="-4.973732">
        <ele>523.460798</ele>
        <time>2026-05-18T08:02:46.000Z</time>
      </trkpt>
      <trkpt lat="36.885299" lon="-4.973738">
        <ele>523.473323</ele>
        <time>2026-05-18T08:02:52.000Z</time>
      </trkpt>
      <trkpt lat="36.885295" lon="-4.973739">
        <ele>523.483746</ele>
        <time>2026-05-18T08:02:54.000Z</time>
      </trkpt>
      <trkpt lat="36.885291" lon="-4.973729">
        <ele>523.506595</ele>
        <time>2026-05-18T08:03:01.000Z</time>
      </trkpt>
      <trkpt lat="36.885292" lon="-4.973727">
        <ele>523.511415</ele>
        <time>2026-05-18T08:03:03.000Z</time>
      </trkpt>
      <trkpt lat="36.885289" lon="-4.973746">
        <ele>523.550993</ele>
        <time>2026-05-18T08:03:09.000Z</time>
      </trkpt>
      <trkpt lat="36.885297" lon="-4.973744">
        <ele>523.571838</ele>
        <time>2026-05-18T08:03:13.000Z</time>
      </trkpt>
      <trkpt lat="36.885298" lon="-4.973742">
        <ele>523.576658</ele>
        <time>2026-05-18T08:03:14.000Z</time>
      </trkpt>
      <trkpt lat="36.885297" lon="-4.973747">
        <ele>523.587191</ele>
        <time>2026-05-18T08:03:25.000Z</time>
      </trkpt>
      <trkpt lat="36.885303" lon="-4.973748">
        <ele>523.602657</ele>
        <time>2026-05-18T08:03:35.000Z</time>
      </trkpt>
      <trkpt lat="36.885285" lon="-4.973739">
        <ele>523.652189</ele>
        <time>2026-05-18T08:03:44.000Z</time>
      </trkpt>
      <trkpt lat="36.885286" lon="-4.973746">
        <ele>523.666720</ele>
        <time>2026-05-18T08:03:53.000Z</time>
      </trkpt>
      <trkpt lat="36.885294" lon="-4.973735">
        <ele>523.697103</ele>
        <time>2026-05-18T08:04:01.000Z</time>
      </trkpt>
      <trkpt lat="36.885285" lon="-4.973732">
        <ele>523.720902</ele>
        <time>2026-05-18T08:04:05.000Z</time>
      </trkpt>
      <trkpt lat="36.885297" lon="-4.973755">
        <ele>523.777021</ele>
        <time>2026-05-18T08:04:12.000Z</time>
      </trkpt>
      <trkpt lat="36.885295" lon="-4.973764">
        <ele>523.796110</ele>
        <time>2026-05-18T08:04:15.000Z</time>
      </trkpt>
      <trkpt lat="36.885288" lon="-4.973752">
        <ele>523.826463</ele>
        <time>2026-05-18T08:04:19.000Z</time>
      </trkpt>
      <trkpt lat="36.885293" lon="-4.973733">
        <ele>523.867339</ele>
        <time>2026-05-18T08:04:23.000Z</time>
      </trkpt>
      <trkpt lat="36.885295" lon="-4.973733">
        <ele>523.872449</ele>
        <time>2026-05-18T08:04:24.000Z</time>
      </trkpt>
      <trkpt lat="36.885302" lon="-4.973747">
        <ele>523.906190</ele>
        <time>2026-05-18T08:04:30.000Z</time>
      </trkpt>
      <trkpt lat="36.885301" lon="-4.973741">
        <ele>523.918715</ele>
        <time>2026-05-18T08:04:34.000Z</time>
      </trkpt>
      <trkpt lat="36.885323" lon="-4.973668">
        <ele>524.078137</ele>
        <time>2026-05-18T08:04:44.000Z</time>
      </trkpt>
      <trkpt lat="36.885319" lon="-4.973710">
        <ele>524.164575</ele>
        <time>2026-05-18T08:04:55.000Z</time>
      </trkpt>
      <trkpt lat="36.885310" lon="-4.973736">
        <ele>524.222471</ele>
        <time>2026-05-18T08:04:59.000Z</time>
      </trkpt>
      <trkpt lat="36.885276" lon="-4.973742">
        <ele>524.310204</ele>
        <time>2026-05-18T08:05:04.000Z</time>
      </trkpt>
      <trkpt lat="36.885230" lon="-4.973717">
        <ele>524.438359</ele>
        <time>2026-05-18T08:05:11.000Z</time>
      </trkpt>
      <trkpt lat="36.885224" lon="-4.973706">
        <ele>524.465569</ele>
        <time>2026-05-18T08:05:16.000Z</time>
      </trkpt>
      <trkpt lat="36.885236" lon="-4.973694">
        <ele>524.504830</ele>
        <time>2026-05-18T08:05:23.000Z</time>
      </trkpt>
      <trkpt lat="36.885237" lon="-4.973709">
        <ele>524.535590</ele>
        <time>2026-05-18T08:05:31.000Z</time>
      </trkpt>
      <trkpt lat="36.885242" lon="-4.973727">
        <ele>524.574531</ele>
        <time>2026-05-18T08:05:39.000Z</time>
      </trkpt>
      <trkpt lat="36.885239" lon="-4.973742">
        <ele>524.606129</ele>
        <time>2026-05-18T08:05:49.000Z</time>
      </trkpt>
      <trkpt lat="36.885211" lon="-4.973718">
        <ele>524.692868</ele>
        <time>2026-05-18T08:05:56.000Z</time>
      </trkpt>
      <trkpt lat="36.885209" lon="-4.973716">
        <ele>524.699411</ele>
        <time>2026-05-18T08:05:59.000Z</time>
      </trkpt>
      <trkpt lat="36.885202" lon="-4.973714">
        <ele>524.717758</ele>
        <time>2026-05-18T08:06:04.000Z</time>
      </trkpt>
      <trkpt lat="36.885214" lon="-4.973712">
        <ele>524.748689</ele>
        <time>2026-05-18T08:06:09.000Z</time>
      </trkpt>
      <trkpt lat="36.885217" lon="-4.973712">
        <ele>524.756354</ele>
        <time>2026-05-18T08:06:10.000Z</time>
      </trkpt>
      <trkpt lat="36.885228" lon="-4.973716">
        <ele>524.785624</ele>
        <time>2026-05-18T08:06:19.000Z</time>
      </trkpt>
      <trkpt lat="36.885234" lon="-4.973721">
        <ele>524.804048</ele>
        <time>2026-05-18T08:06:21.000Z</time>
      </trkpt>
      <trkpt lat="36.885238" lon="-4.973729">
        <ele>524.823328</ele>
        <time>2026-05-18T08:06:25.000Z</time>
      </trkpt>
      <trkpt lat="36.885237" lon="-4.973730">
        <ele>524.826600</ele>
        <time>2026-05-18T08:06:30.000Z</time>
      </trkpt>
      <trkpt lat="36.885231" lon="-4.973717">
        <ele>524.857273</ele>
        <time>2026-05-18T08:06:34.000Z</time>
      </trkpt>
      <trkpt lat="36.885229" lon="-4.973716">
        <ele>524.862776</ele>
        <time>2026-05-18T08:06:35.000Z</time>
      </trkpt>
      <trkpt lat="36.885230" lon="-4.973709">
        <ele>524.877308</ele>
        <time>2026-05-18T08:06:36.000Z</time>
      </trkpt>
      <trkpt lat="36.885237" lon="-4.973691">
        <ele>524.918211</ele>
        <time>2026-05-18T08:06:39.000Z</time>
      </trkpt>
      <trkpt lat="36.885239" lon="-4.973686">
        <ele>524.929635</ele>
        <time>2026-05-18T08:06:40.000Z</time>
      </trkpt>
      <trkpt lat="36.885265" lon="-4.973640">
        <ele>525.044745</ele>
        <time>2026-05-18T08:06:45.000Z</time>
      </trkpt>
      <trkpt lat="36.885285" lon="-4.973593">
        <ele>525.153542</ele>
        <time>2026-05-18T08:06:49.000Z</time>
      </trkpt>
      <trkpt lat="36.885279" lon="-4.973476">
        <ele>525.393136</ele>
        <time>2026-05-18T08:06:56.000Z</time>
      </trkpt>
      <trkpt lat="36.885276" lon="-4.973461">
        <ele>525.424734</ele>
        <time>2026-05-18T08:06:57.000Z</time>
      </trkpt>
      <trkpt lat="36.885261" lon="-4.973360">
        <ele>525.634667</ele>
        <time>2026-05-18T08:07:03.000Z</time>
      </trkpt>
      <trkpt lat="36.885262" lon="-4.973333">
        <ele>525.689903</ele>
        <time>2026-05-18T08:07:05.000Z</time>
      </trkpt>
      <trkpt lat="36.885274" lon="-4.973288">
        <ele>525.786842</ele>
        <time>2026-05-18T08:07:09.000Z</time>
      </trkpt>
      <trkpt lat="36.885279" lon="-4.973242">
        <ele>525.881713</ele>
        <time>2026-05-18T08:07:12.000Z</time>
      </trkpt>
      <trkpt lat="36.885290" lon="-4.973148">
        <ele>526.075857</ele>
        <time>2026-05-18T08:07:18.000Z</time>
      </trkpt>
      <trkpt lat="36.885295" lon="-4.973110">
        <ele>526.154558</ele>
        <time>2026-05-18T08:07:20.000Z</time>
      </trkpt>
      <trkpt lat="36.885303" lon="-4.972968">
        <ele>526.445470</ele>
        <time>2026-05-18T08:07:28.000Z</time>
      </trkpt>
      <trkpt lat="36.885300" lon="-4.972919">
        <ele>526.545900</ele>
        <time>2026-05-18T08:07:31.000Z</time>
      </trkpt>
      <trkpt lat="36.885304" lon="-4.972778">
        <ele>526.834231</ele>
        <time>2026-05-18T08:07:39.000Z</time>
      </trkpt>
      <trkpt lat="36.885311" lon="-4.972740">
        <ele>526.913921</ele>
        <time>2026-05-18T08:07:41.000Z</time>
      </trkpt>
      <trkpt lat="36.885317" lon="-4.972719">
        <ele>526.959493</ele>
        <time>2026-05-18T08:07:48.000Z</time>
      </trkpt>
      <trkpt lat="36.885318" lon="-4.972730">
        <ele>526.982117</ele>
        <time>2026-05-18T08:07:50.000Z</time>
      </trkpt>
      <trkpt lat="36.885318" lon="-4.972715">
        <ele>527.012771</ele>
        <time>2026-05-18T08:07:52.000Z</time>
      </trkpt>
      <trkpt lat="36.885306" lon="-4.972660">
        <ele>527.129277</ele>
        <time>2026-05-18T08:07:56.000Z</time>
      </trkpt>
      <trkpt lat="36.885303" lon="-4.972561">
        <ele>527.331739</ele>
        <time>2026-05-18T08:08:03.000Z</time>
      </trkpt>
      <trkpt lat="36.885315" lon="-4.972449">
        <ele>527.562668</ele>
        <time>2026-05-18T08:08:10.000Z</time>
      </trkpt>
      <trkpt lat="36.885321" lon="-4.972408">
        <ele>527.647847</ele>
        <time>2026-05-18T08:08:13.000Z</time>
      </trkpt>
      <trkpt lat="36.885319" lon="-4.972380">
        <ele>527.705296</ele>
        <time>2026-05-18T08:08:15.000Z</time>
      </trkpt>
      <trkpt lat="36.885312" lon="-4.972323">
        <ele>527.844293</ele>
        <time>2026-05-18T08:08:20.000Z</time>
      </trkpt>
      <trkpt lat="36.885311" lon="-4.972249">
        <ele>528.187113</ele>
        <time>2026-05-18T08:08:26.000Z</time>
      </trkpt>
      <trkpt lat="36.885319" lon="-4.972219">
        <ele>528.333594</ele>
        <time>2026-05-18T08:08:29.000Z</time>
      </trkpt>
      <trkpt lat="36.885333" lon="-4.972200">
        <ele>528.453256</ele>
        <time>2026-05-18T08:08:37.000Z</time>
      </trkpt>
      <trkpt lat="36.885334" lon="-4.972197">
        <ele>528.468311</ele>
        <time>2026-05-18T08:08:38.000Z</time>
      </trkpt>
      <trkpt lat="36.885306" lon="-4.972176">
        <ele>528.657403</ele>
        <time>2026-05-18T08:08:49.000Z</time>
      </trkpt>
      <trkpt lat="36.885323" lon="-4.972163">
        <ele>528.772809</ele>
        <time>2026-05-18T08:08:58.000Z</time>
      </trkpt>
      <trkpt lat="36.885330" lon="-4.972158">
        <ele>528.819497</ele>
        <time>2026-05-18T08:08:59.000Z</time>
      </trkpt>
      <trkpt lat="36.885341" lon="-4.972059">
        <ele>529.282473</ele>
        <time>2026-05-18T08:09:05.000Z</time>
      </trkpt>
      <trkpt lat="36.885347" lon="-4.971993">
        <ele>529.590156</ele>
        <time>2026-05-18T08:09:09.000Z</time>
      </trkpt>
      <trkpt lat="36.885346" lon="-4.971949">
        <ele>529.794048</ele>
        <time>2026-05-18T08:09:12.000Z</time>
      </trkpt>
      <trkpt lat="36.885347" lon="-4.971781">
        <ele>530.572252</ele>
        <time>2026-05-18T08:09:22.000Z</time>
      </trkpt>
      <trkpt lat="36.885347" lon="-4.971727">
        <ele>530.822382</ele>
        <time>2026-05-18T08:09:26.000Z</time>
      </trkpt>
      <trkpt lat="36.885346" lon="-4.971690">
        <ele>530.993865</ele>
        <time>2026-05-18T08:09:28.000Z</time>
      </trkpt>
      <trkpt lat="36.885347" lon="-4.971659">
        <ele>531.137575</ele>
        <time>2026-05-18T08:09:30.000Z</time>
      </trkpt>
      <trkpt lat="36.885358" lon="-4.971606">
        <ele>531.391204</ele>
        <time>2026-05-18T08:09:35.000Z</time>
      </trkpt>
      <trkpt lat="36.885366" lon="-4.971570">
        <ele>531.564273</ele>
        <time>2026-05-18T08:09:38.000Z</time>
      </trkpt>
      <trkpt lat="36.885364" lon="-4.971489">
        <ele>531.939647</ele>
        <time>2026-05-18T08:09:42.000Z</time>
      </trkpt>
      <trkpt lat="36.885369" lon="-4.971440">
        <ele>532.168457</ele>
        <time>2026-05-18T08:09:45.000Z</time>
      </trkpt>
      <trkpt lat="36.885384" lon="-4.971351">
        <ele>532.589761</ele>
        <time>2026-05-18T08:09:52.000Z</time>
      </trkpt>
      <trkpt lat="36.885379" lon="-4.971234">
        <ele>533.132482</ele>
        <time>2026-05-18T08:09:58.000Z</time>
      </trkpt>
      <trkpt lat="36.885380" lon="-4.971209">
        <ele>533.248428</ele>
        <time>2026-05-18T08:09:59.000Z</time>
      </trkpt>
      <trkpt lat="36.885383" lon="-4.971095">
        <ele>533.776766</ele>
        <time>2026-05-18T08:10:07.000Z</time>
      </trkpt>
      <trkpt lat="36.885383" lon="-4.971007">
        <ele>534.184385</ele>
        <time>2026-05-18T08:10:14.000Z</time>
      </trkpt>
      <trkpt lat="36.885381" lon="-4.970995">
        <ele>534.241163</ele>
        <time>2026-05-18T08:10:15.000Z</time>
      </trkpt>
      <trkpt lat="36.885379" lon="-4.970891">
        <ele>534.723034</ele>
        <time>2026-05-18T08:10:22.000Z</time>
      </trkpt>
      <trkpt lat="36.885360" lon="-4.970779">
        <ele>535.253363</ele>
        <time>2026-05-18T08:10:30.000Z</time>
      </trkpt>
      <trkpt lat="36.885359" lon="-4.970770">
        <ele>535.295452</ele>
        <time>2026-05-18T08:10:31.000Z</time>
      </trkpt>
      <trkpt lat="36.885328" lon="-4.970668">
        <ele>535.800878</ele>
        <time>2026-05-18T08:10:37.000Z</time>
      </trkpt>
      <trkpt lat="36.885316" lon="-4.970608">
        <ele>536.087358</ele>
        <time>2026-05-18T08:10:43.000Z</time>
      </trkpt>
      <trkpt lat="36.885313" lon="-4.970593">
        <ele>536.158978</ele>
        <time>2026-05-18T08:10:44.000Z</time>
      </trkpt>
      <trkpt lat="36.885305" lon="-4.970509">
        <ele>536.550818</ele>
        <time>2026-05-18T08:10:49.000Z</time>
      </trkpt>
      <trkpt lat="36.885302" lon="-4.970478">
        <ele>536.695458</ele>
        <time>2026-05-18T08:10:52.000Z</time>
      </trkpt>
      <trkpt lat="36.885297" lon="-4.970449">
        <ele>536.832873</ele>
        <time>2026-05-18T08:10:54.000Z</time>
      </trkpt>
      <trkpt lat="36.885292" lon="-4.970388">
        <ele>537.116907</ele>
        <time>2026-05-18T08:10:57.000Z</time>
      </trkpt>
      <trkpt lat="36.885271" lon="-4.970308">
        <ele>537.506917</ele>
        <time>2026-05-18T08:11:03.000Z</time>
      </trkpt>
      <trkpt lat="36.885261" lon="-4.970274">
        <ele>537.674717</ele>
        <time>2026-05-18T08:11:05.000Z</time>
      </trkpt>
      <trkpt lat="36.885248" lon="-4.970212">
        <ele>537.971608</ele>
        <time>2026-05-18T08:11:09.000Z</time>
      </trkpt>
      <trkpt lat="36.885241" lon="-4.970176">
        <ele>538.143218</ele>
        <time>2026-05-18T08:11:12.000Z</time>
      </trkpt>
      <trkpt lat="36.885223" lon="-4.970102">
        <ele>538.723902</ele>
        <time>2026-05-18T08:11:17.000Z</time>
      </trkpt>
      <trkpt lat="36.885221" lon="-4.970074">
        <ele>538.958031</ele>
        <time>2026-05-18T08:11:20.000Z</time>
      </trkpt>
      <trkpt lat="36.885223" lon="-4.970067">
        <ele>539.019939</ele>
        <time>2026-05-18T08:11:21.000Z</time>
      </trkpt>
      <trkpt lat="36.885224" lon="-4.970049">
        <ele>539.170215</ele>
        <time>2026-05-18T08:11:23.000Z</time>
      </trkpt>
      <trkpt lat="36.885194" lon="-4.969938">
        <ele>540.146042</ele>
        <time>2026-05-18T08:11:29.000Z</time>
      </trkpt>
      <trkpt lat="36.885191" lon="-4.969923">
        <ele>540.274818</ele>
        <time>2026-05-18T08:11:30.000Z</time>
      </trkpt>
      <trkpt lat="36.885166" lon="-4.969836">
        <ele>541.044750</ele>
        <time>2026-05-18T08:11:36.000Z</time>
      </trkpt>
      <trkpt lat="36.885160" lon="-4.969800">
        <ele>541.351020</ele>
        <time>2026-05-18T08:11:41.000Z</time>
      </trkpt>
      <trkpt lat="36.885154" lon="-4.969725">
        <ele>541.978782</ele>
        <time>2026-05-18T08:11:47.000Z</time>
      </trkpt>
      <trkpt lat="36.885130" lon="-4.969631">
        <ele>542.800591</ele>
        <time>2026-05-18T08:11:53.000Z</time>
      </trkpt>
      <trkpt lat="36.885121" lon="-4.969608">
        <ele>543.013844</ele>
        <time>2026-05-18T08:11:56.000Z</time>
      </trkpt>
      <trkpt lat="36.885112" lon="-4.969546">
        <ele>543.538653</ele>
        <time>2026-05-18T08:12:00.000Z</time>
      </trkpt>
      <trkpt lat="36.885108" lon="-4.969460">
        <ele>544.256124</ele>
        <time>2026-05-18T08:12:07.000Z</time>
      </trkpt>
      <trkpt lat="36.885108" lon="-4.969446">
        <ele>544.372725</ele>
        <time>2026-05-18T08:12:08.000Z</time>
      </trkpt>
      <trkpt lat="36.885088" lon="-4.969386">
        <ele>544.914100</ele>
        <time>2026-05-18T08:12:13.000Z</time>
      </trkpt>
      <trkpt lat="36.885068" lon="-4.969313">
        <ele>545.556768</ele>
        <time>2026-05-18T08:12:19.000Z</time>
      </trkpt>
      <trkpt lat="36.885065" lon="-4.969300">
        <ele>545.669456</ele>
        <time>2026-05-18T08:12:20.000Z</time>
      </trkpt>
      <trkpt lat="36.885046" lon="-4.969200">
        <ele>546.525494</ele>
        <time>2026-05-18T08:12:26.000Z</time>
      </trkpt>
      <trkpt lat="36.885045" lon="-4.969195">
        <ele>546.568419</ele>
        <time>2026-05-18T08:12:27.000Z</time>
      </trkpt>
      <trkpt lat="36.885043" lon="-4.969181">
        <ele>546.686865</ele>
        <time>2026-05-18T08:12:29.000Z</time>
      </trkpt>
      <trkpt lat="36.885023" lon="-4.969109">
        <ele>547.321660</ele>
        <time>2026-05-18T08:12:33.000Z</time>
      </trkpt>
      <trkpt lat="36.885020" lon="-4.969071">
        <ele>547.639685</ele>
        <time>2026-05-18T08:12:36.000Z</time>
      </trkpt>
      <trkpt lat="36.885018" lon="-4.969018">
        <ele>548.081593</ele>
        <time>2026-05-18T08:12:40.000Z</time>
      </trkpt>
      <trkpt lat="36.885017" lon="-4.968975">
        <ele>548.439875</ele>
        <time>2026-05-18T08:12:42.000Z</time>
      </trkpt>
      <trkpt lat="36.885009" lon="-4.968966">
        <ele>548.551938</ele>
        <time>2026-05-18T08:12:43.000Z</time>
      </trkpt>
      <trkpt lat="36.885005" lon="-4.968954">
        <ele>548.660213</ele>
        <time>2026-05-18T08:12:44.000Z</time>
      </trkpt>
      <trkpt lat="36.885002" lon="-4.968935">
        <ele>548.821511</ele>
        <time>2026-05-18T08:12:46.000Z</time>
      </trkpt>
      <trkpt lat="36.884976" lon="-4.968873">
        <ele>549.404554</ele>
        <time>2026-05-18T08:12:51.000Z</time>
      </trkpt>
      <trkpt lat="36.884972" lon="-4.968843">
        <ele>549.657861</ele>
        <time>2026-05-18T08:12:54.000Z</time>
      </trkpt>
      <trkpt lat="36.884959" lon="-4.968784">
        <ele>550.167554</ele>
        <time>2026-05-18T08:12:58.000Z</time>
      </trkpt>
      <trkpt lat="36.884952" lon="-4.968731">
        <ele>550.614949</ele>
        <time>2026-05-18T08:13:03.000Z</time>
      </trkpt>
      <trkpt lat="36.884942" lon="-4.968706">
        <ele>550.847750</ele>
        <time>2026-05-18T08:13:05.000Z</time>
      </trkpt>
      <trkpt lat="36.884920" lon="-4.968627">
        <ele>551.544452</ele>
        <time>2026-05-18T08:13:10.000Z</time>
      </trkpt>
      <trkpt lat="36.884916" lon="-4.968620">
        <ele>551.616102</ele>
        <time>2026-05-18T08:13:11.000Z</time>
      </trkpt>
      <trkpt lat="36.884911" lon="-4.968609">
        <ele>551.721477</ele>
        <time>2026-05-18T08:13:12.000Z</time>
      </trkpt>
      <trkpt lat="36.884879" lon="-4.968538">
        <ele>552.400229</ele>
        <time>2026-05-18T08:13:17.000Z</time>
      </trkpt>
      <trkpt lat="36.884867" lon="-4.968517">
        <ele>552.615181</ele>
        <time>2026-05-18T08:13:19.000Z</time>
      </trkpt>
      <trkpt lat="36.884856" lon="-4.968512">
        <ele>552.737057</ele>
        <time>2026-05-18T08:13:24.000Z</time>
      </trkpt>
      <trkpt lat="36.884851" lon="-4.968487">
        <ele>552.951684</ele>
        <time>2026-05-18T08:13:32.000Z</time>
      </trkpt>
      <trkpt lat="36.884860" lon="-4.968489">
        <ele>553.046868</ele>
        <time>2026-05-18T08:13:33.000Z</time>
      </trkpt>
      <trkpt lat="36.884869" lon="-4.968480">
        <ele>553.166873</ele>
        <time>2026-05-18T08:13:38.000Z</time>
      </trkpt>
      <trkpt lat="36.884870" lon="-4.968500">
        <ele>553.333771</ele>
        <time>2026-05-18T08:13:45.000Z</time>
      </trkpt>
      <trkpt lat="36.884863" lon="-4.968505">
        <ele>553.417718</ele>
        <time>2026-05-18T08:13:47.000Z</time>
      </trkpt>
      <trkpt lat="36.884865" lon="-4.968505">
        <ele>553.438544</ele>
        <time>2026-05-18T08:13:58.000Z</time>
      </trkpt>
      <trkpt lat="36.884876" lon="-4.968498">
        <ele>553.567069</ele>
        <time>2026-05-18T08:14:03.000Z</time>
      </trkpt>
      <trkpt lat="36.884878" lon="-4.968476">
        <ele>553.751478</ele>
        <time>2026-05-18T08:14:07.000Z</time>
      </trkpt>
      <trkpt lat="36.884877" lon="-4.968467">
        <ele>553.827156</ele>
        <time>2026-05-18T08:14:08.000Z</time>
      </trkpt>
      <trkpt lat="36.884882" lon="-4.968472">
        <ele>553.893825</ele>
        <time>2026-05-18T08:14:16.000Z</time>
      </trkpt>
      <trkpt lat="36.884880" lon="-4.968483">
        <ele>553.987778</ele>
        <time>2026-05-18T08:14:19.000Z</time>
      </trkpt>
      <trkpt lat="36.884881" lon="-4.968484">
        <ele>554.001112</ele>
        <time>2026-05-18T08:14:20.000Z</time>
      </trkpt>
      <trkpt lat="36.884881" lon="-4.968486">
        <ele>554.017769</ele>
        <time>2026-05-18T08:14:22.000Z</time>
      </trkpt>
      <trkpt lat="36.884870" lon="-4.968485">
        <ele>554.132613</ele>
        <time>2026-05-18T08:14:26.000Z</time>
      </trkpt>
      <trkpt lat="36.884853" lon="-4.968488">
        <ele>554.311385</ele>
        <time>2026-05-18T08:14:37.000Z</time>
      </trkpt>
      <trkpt lat="36.884851" lon="-4.968509">
        <ele>554.487522</ele>
        <time>2026-05-18T08:14:47.000Z</time>
      </trkpt>
      <trkpt lat="36.884851" lon="-4.968514">
        <ele>554.529166</ele>
        <time>2026-05-18T08:14:49.000Z</time>
      </trkpt>
      <trkpt lat="36.884851" lon="-4.968474">
        <ele>554.862311</ele>
        <time>2026-05-18T08:14:55.000Z</time>
      </trkpt>
      <trkpt lat="36.884850" lon="-4.968459">
        <ele>554.987674</ele>
        <time>2026-05-18T08:14:57.000Z</time>
      </trkpt>
      <trkpt lat="36.884848" lon="-4.968438">
        <ele>555.163811</ele>
        <time>2026-05-18T08:15:05.000Z</time>
      </trkpt>
      <trkpt lat="36.884851" lon="-4.968440">
        <ele>555.199213</ele>
        <time>2026-05-18T08:15:07.000Z</time>
      </trkpt>
      <trkpt lat="36.884848" lon="-4.968447">
        <ele>555.265355</ele>
        <time>2026-05-18T08:15:09.000Z</time>
      </trkpt>
      <trkpt lat="36.884848" lon="-4.968450">
        <ele>555.290341</ele>
        <time>2026-05-18T08:15:10.000Z</time>
      </trkpt>
      <trkpt lat="36.884854" lon="-4.968454">
        <ele>555.361145</ele>
        <time>2026-05-18T08:15:11.000Z</time>
      </trkpt>
      <trkpt lat="36.884846" lon="-4.968454">
        <ele>555.444448</ele>
        <time>2026-05-18T08:15:14.000Z</time>
      </trkpt>
      <trkpt lat="36.884836" lon="-4.968455">
        <ele>555.548909</ele>
        <time>2026-05-18T08:15:22.000Z</time>
      </trkpt>
      <trkpt lat="36.884838" lon="-4.968455">
        <ele>555.569735</ele>
        <time>2026-05-18T08:15:23.000Z</time>
      </trkpt>
      <trkpt lat="36.884841" lon="-4.968456">
        <ele>555.602064</ele>
        <time>2026-05-18T08:15:24.000Z</time>
      </trkpt>
      <trkpt lat="36.884848" lon="-4.968457">
        <ele>555.675429</ele>
        <time>2026-05-18T08:15:25.000Z</time>
      </trkpt>
      <trkpt lat="36.884853" lon="-4.968462">
        <ele>555.742098</ele>
        <time>2026-05-18T08:15:28.000Z</time>
      </trkpt>
      <trkpt lat="36.884848" lon="-4.968450">
        <ele>555.854790</ele>
        <time>2026-05-18T08:15:33.000Z</time>
      </trkpt>
      <trkpt lat="36.884837" lon="-4.968415">
        <ele>556.167989</ele>
        <time>2026-05-18T08:15:35.000Z</time>
      </trkpt>
      <trkpt lat="36.884829" lon="-4.968381">
        <ele>556.463161</ele>
        <time>2026-05-18T08:15:38.000Z</time>
      </trkpt>
      <trkpt lat="36.884819" lon="-4.968353">
        <ele>556.718555</ele>
        <time>2026-05-18T08:15:40.000Z</time>
      </trkpt>
      <trkpt lat="36.884797" lon="-4.968291">
        <ele>557.302638</ele>
        <time>2026-05-18T08:15:44.000Z</time>
      </trkpt>
      <trkpt lat="36.884791" lon="-4.968269">
        <ele>557.507418</ele>
        <time>2026-05-18T08:15:47.000Z</time>
      </trkpt>
      <trkpt lat="36.884787" lon="-4.968257">
        <ele>557.621952</ele>
        <time>2026-05-18T08:15:48.000Z</time>
      </trkpt>
      <trkpt lat="36.884783" lon="-4.968239">
        <ele>557.786540</ele>
        <time>2026-05-18T08:15:49.000Z</time>
      </trkpt>
      <trkpt lat="36.884762" lon="-4.968163">
        <ele>558.494936</ele>
        <time>2026-05-18T08:15:53.000Z</time>
      </trkpt>
      <trkpt lat="36.884758" lon="-4.968137">
        <ele>558.728197</ele>
        <time>2026-05-18T08:15:55.000Z</time>
      </trkpt>
      <trkpt lat="36.884739" lon="-4.968092">
        <ele>559.176499</ele>
        <time>2026-05-18T08:15:59.000Z</time>
      </trkpt>
      <trkpt lat="36.884719" lon="-4.968050">
        <ele>559.607136</ele>
        <time>2026-05-18T08:16:03.000Z</time>
      </trkpt>
      <trkpt lat="36.884713" lon="-4.968036">
        <ele>559.747067</ele>
        <time>2026-05-18T08:16:04.000Z</time>
      </trkpt>
      <trkpt lat="36.884697" lon="-4.967992">
        <ele>560.172893</ele>
        <time>2026-05-18T08:16:06.000Z</time>
      </trkpt>
      <trkpt lat="36.884671" lon="-4.967935">
        <ele>560.750990</ele>
        <time>2026-05-18T08:16:08.000Z</time>
      </trkpt>
      <trkpt lat="36.884660" lon="-4.967923">
        <ele>560.911792</ele>
        <time>2026-05-18T08:16:11.000Z</time>
      </trkpt>
      <trkpt lat="36.884657" lon="-4.967915">
        <ele>560.989635</ele>
        <time>2026-05-18T08:16:12.000Z</time>
      </trkpt>
      <trkpt lat="36.884623" lon="-4.967829">
        <ele>561.834806</ele>
        <time>2026-05-18T08:16:18.000Z</time>
      </trkpt>
      <trkpt lat="36.884595" lon="-4.967784">
        <ele>562.337096</ele>
        <time>2026-05-18T08:16:24.000Z</time>
      </trkpt>
      <trkpt lat="36.884574" lon="-4.967694">
        <ele>563.163057</ele>
        <time>2026-05-18T08:16:29.000Z</time>
      </trkpt>
      <trkpt lat="36.884571" lon="-4.967683">
        <ele>563.265447</ele>
        <time>2026-05-18T08:16:30.000Z</time>
      </trkpt>
      <trkpt lat="36.884551" lon="-4.967645">
        <ele>563.666210</ele>
        <time>2026-05-18T08:16:35.000Z</time>
      </trkpt>
      <trkpt lat="36.884538" lon="-4.967603">
        <ele>564.062975</ele>
        <time>2026-05-18T08:16:37.000Z</time>
      </trkpt>
      <trkpt lat="36.884529" lon="-4.967571">
        <ele>564.361820</ele>
        <time>2026-05-18T08:16:39.000Z</time>
      </trkpt>
      <trkpt lat="36.884526" lon="-4.967562">
        <ele>564.447721</ele>
        <time>2026-05-18T08:16:40.000Z</time>
      </trkpt>
      <trkpt lat="36.884507" lon="-4.967535">
        <ele>564.764552</ele>
        <time>2026-05-18T08:16:43.000Z</time>
      </trkpt>
      <trkpt lat="36.884502" lon="-4.967526">
        <ele>564.861093</ele>
        <time>2026-05-18T08:16:44.000Z</time>
      </trkpt>
      <trkpt lat="36.884487" lon="-4.967494">
        <ele>565.187864</ele>
        <time>2026-05-18T08:16:46.000Z</time>
      </trkpt>
      <trkpt lat="36.884460" lon="-4.967422">
        <ele>565.888449</ele>
        <time>2026-05-18T08:16:51.000Z</time>
      </trkpt>
      <trkpt lat="36.884455" lon="-4.967408">
        <ele>566.023528</ele>
        <time>2026-05-18T08:16:53.000Z</time>
      </trkpt>
      <trkpt lat="36.884424" lon="-4.967304">
        <ele>567.001339</ele>
        <time>2026-05-18T08:16:59.000Z</time>
      </trkpt>
      <trkpt lat="36.884406" lon="-4.967242">
        <ele>567.582437</ele>
        <time>2026-05-18T08:17:04.000Z</time>
      </trkpt>
      <trkpt lat="36.884390" lon="-4.967179">
        <ele>568.164783</ele>
        <time>2026-05-18T08:17:09.000Z</time>
      </trkpt>
      <trkpt lat="36.884388" lon="-4.967170">
        <ele>568.247078</ele>
        <time>2026-05-18T08:17:10.000Z</time>
      </trkpt>
      <trkpt lat="36.884384" lon="-4.967184">
        <ele>568.378053</ele>
        <time>2026-05-18T08:17:18.000Z</time>
      </trkpt>
      <trkpt lat="36.884384" lon="-4.967184">
        <ele>568.378053</ele>
        <time>2026-05-18T08:17:19.000Z</time>
      </trkpt>
      <trkpt lat="36.884382" lon="-4.967192">
        <ele>568.451897</ele>
        <time>2026-05-18T08:17:24.000Z</time>
      </trkpt>
      <trkpt lat="36.884380" lon="-4.967195">
        <ele>568.486304</ele>
        <time>2026-05-18T08:17:25.000Z</time>
      </trkpt>
      <trkpt lat="36.884379" lon="-4.967199">
        <ele>568.523226</ele>
        <time>2026-05-18T08:17:27.000Z</time>
      </trkpt>
      <trkpt lat="36.884378" lon="-4.967200">
        <ele>568.537330</ele>
        <time>2026-05-18T08:17:30.000Z</time>
      </trkpt>
      <trkpt lat="36.884376" lon="-4.967201">
        <ele>568.561056</ele>
        <time>2026-05-18T08:17:31.000Z</time>
      </trkpt>
      <trkpt lat="36.884383" lon="-4.967181">
        <ele>568.753390</ele>
        <time>2026-05-18T08:17:42.000Z</time>
      </trkpt>
      <trkpt lat="36.884387" lon="-4.967175">
        <ele>568.822205</ele>
        <time>2026-05-18T08:17:49.000Z</time>
      </trkpt>
      <trkpt lat="36.884372" lon="-4.967149">
        <ele>569.104638</ele>
        <time>2026-05-18T08:17:52.000Z</time>
      </trkpt>
      <trkpt lat="36.884364" lon="-4.967141">
        <ele>569.217476</ele>
        <time>2026-05-18T08:17:53.000Z</time>
      </trkpt>
      <trkpt lat="36.884357" lon="-4.967129">
        <ele>569.348327</ele>
        <time>2026-05-18T08:17:54.000Z</time>
      </trkpt>
      <trkpt lat="36.884343" lon="-4.967101">
        <ele>569.639244</ele>
        <time>2026-05-18T08:17:56.000Z</time>
      </trkpt>
      <trkpt lat="36.884328" lon="-4.967065">
        <ele>569.996863</ele>
        <time>2026-05-18T08:17:58.000Z</time>
      </trkpt>
      <trkpt lat="36.884322" lon="-4.967045">
        <ele>570.185053</ele>
        <time>2026-05-18T08:17:59.000Z</time>
      </trkpt>
      <trkpt lat="36.884293" lon="-4.966940">
        <ele>571.163715</ele>
        <time>2026-05-18T08:18:05.000Z</time>
      </trkpt>
      <trkpt lat="36.884288" lon="-4.966925">
        <ele>571.306884</ele>
        <time>2026-05-18T08:18:06.000Z</time>
      </trkpt>
      <trkpt lat="36.884272" lon="-4.966857">
        <ele>571.931359</ele>
        <time>2026-05-18T08:18:10.000Z</time>
      </trkpt>
      <trkpt lat="36.884269" lon="-4.966829">
        <ele>572.180246</ele>
        <time>2026-05-18T08:18:12.000Z</time>
      </trkpt>
      <trkpt lat="36.884266" lon="-4.966803">
        <ele>572.411681</ele>
        <time>2026-05-18T08:18:14.000Z</time>
      </trkpt>
      <trkpt lat="36.884256" lon="-4.966749">
        <ele>572.900014</ele>
        <time>2026-05-18T08:18:17.000Z</time>
      </trkpt>
      <trkpt lat="36.884247" lon="-4.966700">
        <ele>573.342948</ele>
        <time>2026-05-18T08:18:20.000Z</time>
      </trkpt>
      <trkpt lat="36.884239" lon="-4.966628">
        <ele>573.983370</ele>
        <time>2026-05-18T08:18:24.000Z</time>
      </trkpt>
      <trkpt lat="36.884231" lon="-4.966550">
        <ele>574.676189</ele>
        <time>2026-05-18T08:18:29.000Z</time>
      </trkpt>
      <trkpt lat="36.884225" lon="-4.966506">
        <ele>575.069429</ele>
        <time>2026-05-18T08:18:32.000Z</time>
      </trkpt>
      <trkpt lat="36.884219" lon="-4.966461">
        <ele>575.471357</ele>
        <time>2026-05-18T08:18:36.000Z</time>
      </trkpt>
      <trkpt lat="36.884209" lon="-4.966391">
        <ele>576.097827</ele>
        <time>2026-05-18T08:18:42.000Z</time>
      </trkpt>
      <trkpt lat="36.884205" lon="-4.966373">
        <ele>576.262417</ele>
        <time>2026-05-18T08:18:43.000Z</time>
      </trkpt>
      <trkpt lat="36.884182" lon="-4.966270">
        <ele>577.100194</ele>
        <time>2026-05-18T08:18:49.000Z</time>
      </trkpt>
      <trkpt lat="36.884179" lon="-4.966236">
        <ele>577.330261</ele>
        <time>2026-05-18T08:18:51.000Z</time>
      </trkpt>
      <trkpt lat="36.884169" lon="-4.966163">
        <ele>577.828398</ele>
        <time>2026-05-18T08:18:56.000Z</time>
      </trkpt>
      <trkpt lat="36.884158" lon="-4.966042">
        <ele>578.647469</ele>
        <time>2026-05-18T08:19:03.000Z</time>
      </trkpt>
      <trkpt lat="36.884158" lon="-4.966011">
        <ele>578.855971</ele>
        <time>2026-05-18T08:19:05.000Z</time>
      </trkpt>
      <trkpt lat="36.884150" lon="-4.965906">
        <ele>579.565385</ele>
        <time>2026-05-18T08:19:11.000Z</time>
      </trkpt>
      <trkpt lat="36.884136" lon="-4.965824">
        <ele>580.129332</ele>
        <time>2026-05-18T08:19:16.000Z</time>
      </trkpt>
      <trkpt lat="36.884122" lon="-4.965773">
        <ele>580.491991</ele>
        <time>2026-05-18T08:19:19.000Z</time>
      </trkpt>
      <trkpt lat="36.884109" lon="-4.965711">
        <ele>580.923086</ele>
        <time>2026-05-18T08:19:25.000Z</time>
      </trkpt>
      <trkpt lat="36.884106" lon="-4.965710">
        <ele>580.949194</ele>
        <time>2026-05-18T08:19:26.000Z</time>
      </trkpt>
      <trkpt lat="36.884105" lon="-4.965704">
        <ele>580.990416</ele>
        <time>2026-05-18T08:19:27.000Z</time>
      </trkpt>
      <trkpt lat="36.884104" lon="-4.965662">
        <ele>581.273028</ele>
        <time>2026-05-18T08:19:32.000Z</time>
      </trkpt>
      <trkpt lat="36.884101" lon="-4.965641">
        <ele>581.416507</ele>
        <time>2026-05-18T08:19:34.000Z</time>
      </trkpt>
      <trkpt lat="36.884094" lon="-4.965584">
        <ele>581.804375</ele>
        <time>2026-05-18T08:19:39.000Z</time>
      </trkpt>
      <trkpt lat="36.884095" lon="-4.965576">
        <ele>581.858835</ele>
        <time>2026-05-18T08:19:40.000Z</time>
      </trkpt>
      <trkpt lat="36.884093" lon="-4.965554">
        <ele>582.007757</ele>
        <time>2026-05-18T08:19:42.000Z</time>
      </trkpt>
      <trkpt lat="36.884090" lon="-4.965530">
        <ele>582.171138</ele>
        <time>2026-05-18T08:19:44.000Z</time>
      </trkpt>
      <trkpt lat="36.884072" lon="-4.965445">
        <ele>582.762535</ele>
        <time>2026-05-18T08:19:51.000Z</time>
      </trkpt>
      <trkpt lat="36.884070" lon="-4.965435">
        <ele>582.831865</ele>
        <time>2026-05-18T08:19:52.000Z</time>
      </trkpt>
      <trkpt lat="36.884060" lon="-4.965327">
        <ele>583.563111</ele>
        <time>2026-05-18T08:19:58.000Z</time>
      </trkpt>
      <trkpt lat="36.884059" lon="-4.965309">
        <ele>583.684469</ele>
        <time>2026-05-18T08:20:00.000Z</time>
      </trkpt>
      <trkpt lat="36.884051" lon="-4.965265">
        <ele>583.987958</ele>
        <time>2026-05-18T08:20:03.000Z</time>
      </trkpt>
      <trkpt lat="36.884050" lon="-4.965246">
        <ele>584.116026</ele>
        <time>2026-05-18T08:20:04.000Z</time>
      </trkpt>
      <trkpt lat="36.884032" lon="-4.965173">
        <ele>584.629817</ele>
        <time>2026-05-18T08:20:10.000Z</time>
      </trkpt>
      <trkpt lat="36.884029" lon="-4.965157">
        <ele>584.740348</ele>
        <time>2026-05-18T08:20:11.000Z</time>
      </trkpt>
      <trkpt lat="36.884031" lon="-4.965083">
        <ele>585.238348</ele>
        <time>2026-05-18T08:20:17.000Z</time>
      </trkpt>
      <trkpt lat="36.884014" lon="-4.965032">
        <ele>585.609963</ele>
        <time>2026-05-18T08:20:22.000Z</time>
      </trkpt>
      <trkpt lat="36.884004" lon="-4.964997">
        <ele>585.859937</ele>
        <time>2026-05-18T08:20:24.000Z</time>
      </trkpt>
      <trkpt lat="36.883997" lon="-4.964930">
        <ele>586.314400</ele>
        <time>2026-05-18T08:20:28.000Z</time>
      </trkpt>
      <trkpt lat="36.883991" lon="-4.964853">
        <ele>586.834746</ele>
        <time>2026-05-18T08:20:33.000Z</time>
      </trkpt>
      <trkpt lat="36.883991" lon="-4.964842">
        <ele>586.908731</ele>
        <time>2026-05-18T08:20:34.000Z</time>
      </trkpt>
      <trkpt lat="36.883986" lon="-4.964769">
        <ele>587.401518</ele>
        <time>2026-05-18T08:20:40.000Z</time>
      </trkpt>
      <trkpt lat="36.883983" lon="-4.964766">
        <ele>587.433821</ele>
        <time>2026-05-18T08:20:41.000Z</time>
      </trkpt>
      <trkpt lat="36.883965" lon="-4.964706">
        <ele>587.864827</ele>
        <time>2026-05-18T08:20:45.000Z</time>
      </trkpt>
      <trkpt lat="36.883957" lon="-4.964671">
        <ele>588.109656</ele>
        <time>2026-05-18T08:20:48.000Z</time>
      </trkpt>
      <trkpt lat="36.883951" lon="-4.964631">
        <ele>588.383382</ele>
        <time>2026-05-18T08:20:51.000Z</time>
      </trkpt>
      <trkpt lat="36.883950" lon="-4.964558">
        <ele>588.874444</ele>
        <time>2026-05-18T08:20:56.000Z</time>
      </trkpt>
      <trkpt lat="36.883943" lon="-4.964515">
        <ele>589.169587</ele>
        <time>2026-05-18T08:20:59.000Z</time>
      </trkpt>
      <trkpt lat="36.883927" lon="-4.964434">
        <ele>589.730752</ele>
        <time>2026-05-18T08:21:04.000Z</time>
      </trkpt>
      <trkpt lat="36.883923" lon="-4.964409">
        <ele>589.902231</ele>
        <time>2026-05-18T08:21:06.000Z</time>
      </trkpt>
      <trkpt lat="36.883918" lon="-4.964329">
        <ele>590.441943</ele>
        <time>2026-05-18T08:21:11.000Z</time>
      </trkpt>
      <trkpt lat="36.883918" lon="-4.964315">
        <ele>590.536105</ele>
        <time>2026-05-18T08:21:12.000Z</time>
      </trkpt>
      <trkpt lat="36.883924" lon="-4.964306">
        <ele>590.614908</ele>
        <time>2026-05-18T08:21:17.000Z</time>
      </trkpt>
      <trkpt lat="36.883921" lon="-4.964310">
        <ele>590.651789</ele>
        <time>2026-05-18T08:21:29.000Z</time>
      </trkpt>
      <trkpt lat="36.883896" lon="-4.964296">
        <ele>590.882137</ele>
        <time>2026-05-18T08:21:37.000Z</time>
      </trkpt>
      <trkpt lat="36.883894" lon="-4.964274">
        <ele>591.031059</ele>
        <time>2026-05-18T08:21:38.000Z</time>
      </trkpt>
      <trkpt lat="36.883892" lon="-4.964192">
        <ele>591.582839</ele>
        <time>2026-05-18T08:21:44.000Z</time>
      </trkpt>
      <trkpt lat="36.883888" lon="-4.964137">
        <ele>591.951600</ele>
        <time>2026-05-18T08:21:48.000Z</time>
      </trkpt>
      <trkpt lat="36.883888" lon="-4.964142">
        <ele>591.983864</ele>
        <time>2026-05-18T08:21:50.000Z</time>
      </trkpt>
      <trkpt lat="36.883893" lon="-4.964113">
        <ele>592.175293</ele>
        <time>2026-05-18T08:21:56.000Z</time>
      </trkpt>
      <trkpt lat="36.883894" lon="-4.964101">
        <ele>592.253145</ele>
        <time>2026-05-18T08:21:58.000Z</time>
      </trkpt>
      <trkpt lat="36.883894" lon="-4.964097">
        <ele>592.278957</ele>
        <time>2026-05-18T08:21:59.000Z</time>
      </trkpt>
      <trkpt lat="36.883892" lon="-4.964087">
        <ele>592.345471</ele>
        <time>2026-05-18T08:22:06.000Z</time>
      </trkpt>
      <trkpt lat="36.883894" lon="-4.964091">
        <ele>592.375911</ele>
        <time>2026-05-18T08:22:08.000Z</time>
      </trkpt>
      <trkpt lat="36.883892" lon="-4.964114">
        <ele>592.525199</ele>
        <time>2026-05-18T08:22:14.000Z</time>
      </trkpt>
      <trkpt lat="36.883892" lon="-4.964116">
        <ele>592.538105</ele>
        <time>2026-05-18T08:22:17.000Z</time>
      </trkpt>
      <trkpt lat="36.883894" lon="-4.964117">
        <ele>592.555482</ele>
        <time>2026-05-18T08:22:18.000Z</time>
      </trkpt>
      <trkpt lat="36.883896" lon="-4.964116">
        <ele>592.572860</ele>
        <time>2026-05-18T08:22:20.000Z</time>
      </trkpt>
      <trkpt lat="36.883898" lon="-4.964113">
        <ele>592.598060</ele>
        <time>2026-05-18T08:22:23.000Z</time>
      </trkpt>
      <trkpt lat="36.883899" lon="-4.964109">
        <ele>592.625103</ele>
        <time>2026-05-18T08:22:25.000Z</time>
      </trkpt>
      <trkpt lat="36.883899" lon="-4.964111">
        <ele>592.638009</ele>
        <time>2026-05-18T08:22:30.000Z</time>
      </trkpt>
      <trkpt lat="36.883897" lon="-4.964107">
        <ele>592.668448</ele>
        <time>2026-05-18T08:22:31.000Z</time>
      </trkpt>
      <trkpt lat="36.883881" lon="-4.964101">
        <ele>592.803209</ele>
        <time>2026-05-18T08:22:38.000Z</time>
      </trkpt>
      <trkpt lat="36.883860" lon="-4.964044">
        <ele>593.208160</ele>
        <time>2026-05-18T08:22:45.000Z</time>
      </trkpt>
      <trkpt lat="36.883860" lon="-4.964037">
        <ele>593.253330</ele>
        <time>2026-05-18T08:22:46.000Z</time>
      </trkpt>
      <trkpt lat="36.883878" lon="-4.964029">
        <ele>593.407447</ele>
        <time>2026-05-18T08:22:53.000Z</time>
      </trkpt>
      <trkpt lat="36.883864" lon="-4.964036">
        <ele>593.529089</ele>
        <time>2026-05-18T08:23:00.000Z</time>
      </trkpt>
      <trkpt lat="36.883864" lon="-4.964022">
        <ele>593.619428</ele>
        <time>2026-05-18T08:23:11.000Z</time>
      </trkpt>
      <trkpt lat="36.883889" lon="-4.964027">
        <ele>593.823679</ele>
        <time>2026-05-18T08:23:19.000Z</time>
      </trkpt>
      <trkpt lat="36.883889" lon="-4.964029">
        <ele>593.836584</ele>
        <time>2026-05-18T08:23:21.000Z</time>
      </trkpt>
      <trkpt lat="36.883877" lon="-4.964038">
        <ele>593.949477</ele>
        <time>2026-05-18T08:23:27.000Z</time>
      </trkpt>
      <trkpt lat="36.883884" lon="-4.964037">
        <ele>594.006317</ele>
        <time>2026-05-18T08:23:31.000Z</time>
      </trkpt>
      <trkpt lat="36.883879" lon="-4.964043">
        <ele>594.062228</ele>
        <time>2026-05-18T08:23:36.000Z</time>
      </trkpt>
      <trkpt lat="36.883888" lon="-4.964054">
        <ele>594.163767</ele>
        <time>2026-05-18T08:23:41.000Z</time>
      </trkpt>
      <trkpt lat="36.883892" lon="-4.964071">
        <ele>594.278112</ele>
        <time>2026-05-18T08:23:50.000Z</time>
      </trkpt>
      <trkpt lat="36.883879" lon="-4.964018">
        <ele>594.635830</ele>
        <time>2026-05-18T08:23:58.000Z</time>
      </trkpt>
      <trkpt lat="36.883876" lon="-4.963981">
        <ele>594.875807</ele>
        <time>2026-05-18T08:24:02.000Z</time>
      </trkpt>
      <trkpt lat="36.883871" lon="-4.963950">
        <ele>595.079870</ele>
        <time>2026-05-18T08:24:05.000Z</time>
      </trkpt>
      <trkpt lat="36.883870" lon="-4.963909">
        <ele>595.344557</ele>
        <time>2026-05-18T08:24:08.000Z</time>
      </trkpt>
      <trkpt lat="36.883864" lon="-4.963860">
        <ele>595.664428</ele>
        <time>2026-05-18T08:24:12.000Z</time>
      </trkpt>
      <trkpt lat="36.883854" lon="-4.963820">
        <ele>595.934853</ele>
        <time>2026-05-18T08:24:21.000Z</time>
      </trkpt>
      <trkpt lat="36.883856" lon="-4.963750">
        <ele>596.386837</ele>
        <time>2026-05-18T08:24:27.000Z</time>
      </trkpt>
      <trkpt lat="36.883857" lon="-4.963734">
        <ele>596.490396</ele>
        <time>2026-05-18T08:24:28.000Z</time>
      </trkpt>
      <trkpt lat="36.883841" lon="-4.963633">
        <ele>597.154788</ele>
        <time>2026-05-18T08:24:33.000Z</time>
      </trkpt>
      <trkpt lat="36.883837" lon="-4.963615">
        <ele>597.275338</ele>
        <time>2026-05-18T08:24:34.000Z</time>
      </trkpt>
      <trkpt lat="36.883829" lon="-4.963582">
        <ele>597.497846</ele>
        <time>2026-05-18T08:24:36.000Z</time>
      </trkpt>
      <trkpt lat="36.883820" lon="-4.963527">
        <ele>597.860100</ele>
        <time>2026-05-18T08:24:39.000Z</time>
      </trkpt>
      <trkpt lat="36.883814" lon="-4.963492">
        <ele>598.091077</ele>
        <time>2026-05-18T08:24:41.000Z</time>
      </trkpt>
      <trkpt lat="36.883811" lon="-4.963475">
        <ele>598.203413</ele>
        <time>2026-05-18T08:24:42.000Z</time>
      </trkpt>
      <trkpt lat="36.883804" lon="-4.963422">
        <ele>598.550042</ele>
        <time>2026-05-18T08:24:45.000Z</time>
      </trkpt>
      <trkpt lat="36.883800" lon="-4.963395">
        <ele>598.727231</ele>
        <time>2026-05-18T08:24:47.000Z</time>
      </trkpt>
      <trkpt lat="36.883797" lon="-4.963390">
        <ele>598.767564</ele>
        <time>2026-05-18T08:24:49.000Z</time>
      </trkpt>
      <trkpt lat="36.883796" lon="-4.963378">
        <ele>598.845416</ele>
        <time>2026-05-18T08:24:50.000Z</time>
      </trkpt>
      <trkpt lat="36.883797" lon="-4.963364">
        <ele>598.936115</ele>
        <time>2026-05-18T08:24:51.000Z</time>
      </trkpt>
      <trkpt lat="36.883797" lon="-4.963344">
        <ele>599.065171</ele>
        <time>2026-05-18T08:24:52.000Z</time>
      </trkpt>
      <trkpt lat="36.883792" lon="-4.963307">
        <ele>599.307308</ele>
        <time>2026-05-18T08:24:54.000Z</time>
      </trkpt>
      <trkpt lat="36.883793" lon="-4.963267">
        <ele>599.565546</ele>
        <time>2026-05-18T08:24:57.000Z</time>
      </trkpt>
      <trkpt lat="36.883795" lon="-4.963259">
        <ele>599.619631</ele>
        <time>2026-05-18T08:24:58.000Z</time>
      </trkpt>
      <trkpt lat="36.883779" lon="-4.963242">
        <ele>599.789027</ele>
        <time>2026-05-18T08:25:07.000Z</time>
      </trkpt>
      <trkpt lat="36.883774" lon="-4.963244">
        <ele>599.831379</ele>
        <time>2026-05-18T08:25:09.000Z</time>
      </trkpt>
      <trkpt lat="36.883769" lon="-4.963245">
        <ele>599.872229</ele>
        <time>2026-05-18T08:25:12.000Z</time>
      </trkpt>
      <trkpt lat="36.883763" lon="-4.963246">
        <ele>599.921062</ele>
        <time>2026-05-18T08:25:15.000Z</time>
      </trkpt>
      <trkpt lat="36.883751" lon="-4.963249">
        <ele>600.019788</ele>
        <time>2026-05-18T08:25:18.000Z</time>
      </trkpt>
      <trkpt lat="36.883746" lon="-4.963249">
        <ele>600.060126</ele>
        <time>2026-05-18T08:25:20.000Z</time>
      </trkpt>
      <trkpt lat="36.883749" lon="-4.963245">
        <ele>600.095509</ele>
        <time>2026-05-18T08:25:24.000Z</time>
      </trkpt>
      <trkpt lat="36.883772" lon="-4.963238">
        <ele>600.286479</ele>
        <time>2026-05-18T08:25:31.000Z</time>
      </trkpt>
      <trkpt lat="36.883789" lon="-4.963234">
        <ele>600.426034</ele>
        <time>2026-05-18T08:25:34.000Z</time>
      </trkpt>
      <trkpt lat="36.883799" lon="-4.963231">
        <ele>600.508999</ele>
        <time>2026-05-18T08:25:37.000Z</time>
      </trkpt>
      <trkpt lat="36.883791" lon="-4.963231">
        <ele>600.573539</ele>
        <time>2026-05-18T08:25:42.000Z</time>
      </trkpt>
      <trkpt lat="36.883785" lon="-4.963231">
        <ele>600.621943</ele>
        <time>2026-05-18T08:25:47.000Z</time>
      </trkpt>
      <trkpt lat="36.883789" lon="-4.963230">
        <ele>600.654852</ele>
        <time>2026-05-18T08:25:49.000Z</time>
      </trkpt>
      <trkpt lat="36.883772" lon="-4.963236">
        <ele>600.797359</ele>
        <time>2026-05-18T08:25:52.000Z</time>
      </trkpt>
      <trkpt lat="36.883768" lon="-4.963234">
        <ele>600.832114</ele>
        <time>2026-05-18T08:25:54.000Z</time>
      </trkpt>
      <trkpt lat="36.883776" lon="-4.963224">
        <ele>600.923379</ele>
        <time>2026-05-18T08:25:58.000Z</time>
      </trkpt>
      <trkpt lat="36.883776" lon="-4.963240">
        <ele>601.026623</ele>
        <time>2026-05-18T08:26:05.000Z</time>
      </trkpt>
      <trkpt lat="36.883782" lon="-4.963244">
        <ele>601.081480</ele>
        <time>2026-05-18T08:26:12.000Z</time>
      </trkpt>
      <trkpt lat="36.883794" lon="-4.963239">
        <ele>601.183524</ele>
        <time>2026-05-18T08:26:13.000Z</time>
      </trkpt>
      <trkpt lat="36.883797" lon="-4.963234">
        <ele>601.223857</ele>
        <time>2026-05-18T08:26:14.000Z</time>
      </trkpt>
      <trkpt lat="36.883803" lon="-4.963233">
        <ele>601.272690</ele>
        <time>2026-05-18T08:26:15.000Z</time>
      </trkpt>
      <trkpt lat="36.883793" lon="-4.963218">
        <ele>601.398694</ele>
        <time>2026-05-18T08:26:22.000Z</time>
      </trkpt>
      <trkpt lat="36.883781" lon="-4.963221">
        <ele>601.497420</ele>
        <time>2026-05-18T08:26:25.000Z</time>
      </trkpt>
      <trkpt lat="36.883778" lon="-4.963220">
        <ele>601.522468</ele>
        <time>2026-05-18T08:26:31.000Z</time>
      </trkpt>
      <trkpt lat="36.883801" lon="-4.963222">
        <ele>601.708468</ele>
        <time>2026-05-18T08:26:39.000Z</time>
      </trkpt>
      <trkpt lat="36.883812" lon="-4.963225">
        <ele>601.799297</ele>
        <time>2026-05-18T08:26:48.000Z</time>
      </trkpt>
      <trkpt lat="36.883793" lon="-4.963220">
        <ele>601.955938</ele>
        <time>2026-05-18T08:26:53.000Z</time>
      </trkpt>
      <trkpt lat="36.883785" lon="-4.963221">
        <ele>602.020799</ele>
        <time>2026-05-18T08:26:58.000Z</time>
      </trkpt>
      <trkpt lat="36.883773" lon="-4.963223">
        <ele>602.118465</ele>
        <time>2026-05-18T08:27:03.000Z</time>
      </trkpt>
      <trkpt lat="36.883781" lon="-4.963209">
        <ele>602.229490</ele>
        <time>2026-05-18T08:27:08.000Z</time>
      </trkpt>
      <trkpt lat="36.883785" lon="-4.963199">
        <ele>602.301638</ele>
        <time>2026-05-18T08:27:14.000Z</time>
      </trkpt>
      <trkpt lat="36.883786" lon="-4.963202">
        <ele>602.322610</ele>
        <time>2026-05-18T08:27:16.000Z</time>
      </trkpt>
      <trkpt lat="36.883787" lon="-4.963204">
        <ele>602.337829</ele>
        <time>2026-05-18T08:27:17.000Z</time>
      </trkpt>
      <trkpt lat="36.883800" lon="-4.963209">
        <ele>602.447557</ele>
        <time>2026-05-18T08:27:20.000Z</time>
      </trkpt>
      <trkpt lat="36.883799" lon="-4.963220">
        <ele>602.518995</ele>
        <time>2026-05-18T08:27:28.000Z</time>
      </trkpt>
      <trkpt lat="36.883802" lon="-4.963222">
        <ele>602.546423</ele>
        <time>2026-05-18T08:27:32.000Z</time>
      </trkpt>
      <trkpt lat="36.883804" lon="-4.963221">
        <ele>602.563801</ele>
        <time>2026-05-18T08:27:33.000Z</time>
      </trkpt>
      <trkpt lat="36.883793" lon="-4.963236">
        <ele>602.695116</ele>
        <time>2026-05-18T08:27:40.000Z</time>
      </trkpt>
      <trkpt lat="36.883791" lon="-4.963235">
        <ele>602.712494</ele>
        <time>2026-05-18T08:27:41.000Z</time>
      </trkpt>
      <trkpt lat="36.883791" lon="-4.963235">
        <ele>602.712494</ele>
        <time>2026-05-18T08:27:42.000Z</time>
      </trkpt>
      <trkpt lat="36.883790" lon="-4.963190">
        <ele>603.002982</ele>
        <time>2026-05-18T08:27:49.000Z</time>
      </trkpt>
      <trkpt lat="36.883789" lon="-4.963193">
        <ele>603.023954</ele>
        <time>2026-05-18T08:27:57.000Z</time>
      </trkpt>
      <trkpt lat="36.883771" lon="-4.963183">
        <ele>603.182860</ele>
        <time>2026-05-18T08:28:00.000Z</time>
      </trkpt>
      <trkpt lat="36.883749" lon="-4.963151">
        <ele>603.455144</ele>
        <time>2026-05-18T08:28:03.000Z</time>
      </trkpt>
      <trkpt lat="36.883741" lon="-4.963139">
        <ele>603.555947</ele>
        <time>2026-05-18T08:28:04.000Z</time>
      </trkpt>
      <trkpt lat="36.883721" lon="-4.963058">
        <ele>604.102962</ele>
        <time>2026-05-18T08:28:10.000Z</time>
      </trkpt>
      <trkpt lat="36.883716" lon="-4.963045">
        <ele>604.196043</ele>
        <time>2026-05-18T08:28:11.000Z</time>
      </trkpt>
      <trkpt lat="36.883702" lon="-4.962979">
        <ele>604.636650</ele>
        <time>2026-05-18T08:28:16.000Z</time>
      </trkpt>
      <trkpt lat="36.883702" lon="-4.962966">
        <ele>604.720536</ele>
        <time>2026-05-18T08:28:17.000Z</time>
      </trkpt>
      <trkpt lat="36.883699" lon="-4.962922">
        <ele>605.005490</ele>
        <time>2026-05-18T08:28:20.000Z</time>
      </trkpt>
      <trkpt lat="36.883702" lon="-4.962866">
        <ele>605.367656</ele>
        <time>2026-05-18T08:28:25.000Z</time>
      </trkpt>
      <trkpt lat="36.883702" lon="-4.962799">
        <ele>605.799994</ele>
        <time>2026-05-18T08:28:30.000Z</time>
      </trkpt>
      <trkpt lat="36.883698" lon="-4.962771">
        <ele>605.983532</ele>
        <time>2026-05-18T08:28:32.000Z</time>
      </trkpt>
      <trkpt lat="36.883688" lon="-4.962729">
        <ele>606.266303</ele>
        <time>2026-05-18T08:28:35.000Z</time>
      </trkpt>
      <trkpt lat="36.883666" lon="-4.962659">
        <ele>606.965601</ele>
        <time>2026-05-18T08:28:41.000Z</time>
      </trkpt>
      <trkpt lat="36.883653" lon="-4.962614">
        <ele>607.461444</ele>
        <time>2026-05-18T08:28:44.000Z</time>
      </trkpt>
      <trkpt lat="36.883650" lon="-4.962582">
        <ele>607.795346</ele>
        <time>2026-05-18T08:28:46.000Z</time>
      </trkpt>
      <trkpt lat="36.883650" lon="-4.962522">
        <ele>608.417155</ele>
        <time>2026-05-18T08:28:50.000Z</time>
      </trkpt>
      <trkpt lat="36.883639" lon="-4.962403">
        <ele>609.658619</ele>
        <time>2026-05-18T08:28:58.000Z</time>
      </trkpt>
      <trkpt lat="36.883627" lon="-4.962331">
        <ele>610.420817</ele>
        <time>2026-05-18T08:29:05.000Z</time>
      </trkpt>
      <trkpt lat="36.883627" lon="-4.962314">
        <ele>610.596997</ele>
        <time>2026-05-18T08:29:08.000Z</time>
      </trkpt>
      <trkpt lat="36.883623" lon="-4.962248">
        <ele>611.282948</ele>
        <time>2026-05-18T08:29:13.000Z</time>
      </trkpt>
      <trkpt lat="36.883606" lon="-4.962201">
        <ele>611.817520</ele>
        <time>2026-05-18T08:29:18.000Z</time>
      </trkpt>
      <trkpt lat="36.883601" lon="-4.962158">
        <ele>612.267835</ele>
        <time>2026-05-18T08:29:21.000Z</time>
      </trkpt>
      <trkpt lat="36.883596" lon="-4.962090">
        <ele>612.975524</ele>
        <time>2026-05-18T08:29:27.000Z</time>
      </trkpt>
      <trkpt lat="36.883595" lon="-4.962091">
        <ele>612.992116</ele>
        <time>2026-05-18T08:29:29.000Z</time>
      </trkpt>
      <trkpt lat="36.883587" lon="-4.962086">
        <ele>613.108000</ele>
        <time>2026-05-18T08:29:36.000Z</time>
      </trkpt>
      <trkpt lat="36.883586" lon="-4.962046">
        <ele>613.522742</ele>
        <time>2026-05-18T08:29:40.000Z</time>
      </trkpt>
      <trkpt lat="36.883582" lon="-4.962010">
        <ele>613.899411</ele>
        <time>2026-05-18T08:29:42.000Z</time>
      </trkpt>
      <trkpt lat="36.883582" lon="-4.961965">
        <ele>614.365768</ele>
        <time>2026-05-18T08:29:46.000Z</time>
      </trkpt>
      <trkpt lat="36.883572" lon="-4.961937">
        <ele>614.683559</ele>
        <time>2026-05-18T08:29:48.000Z</time>
      </trkpt>
      <trkpt lat="36.883567" lon="-4.961905">
        <ele>615.021460</ele>
        <time>2026-05-18T08:29:50.000Z</time>
      </trkpt>
      <trkpt lat="36.883558" lon="-4.961860">
        <ele>615.502175</ele>
        <time>2026-05-18T08:29:53.000Z</time>
      </trkpt>
      <trkpt lat="36.883551" lon="-4.961816">
        <ele>615.967102</ele>
        <time>2026-05-18T08:29:56.000Z</time>
      </trkpt>
      <trkpt lat="36.883542" lon="-4.961777">
        <ele>616.387764</ele>
        <time>2026-05-18T08:29:58.000Z</time>
      </trkpt>
      <trkpt lat="36.883534" lon="-4.961726">
        <ele>616.926371</ele>
        <time>2026-05-18T08:30:02.000Z</time>
      </trkpt>
      <trkpt lat="36.883531" lon="-4.961696">
        <ele>617.239696</ele>
        <time>2026-05-18T08:30:04.000Z</time>
      </trkpt>
      <trkpt lat="36.883530" lon="-4.961683">
        <ele>617.375044</ele>
        <time>2026-05-18T08:30:05.000Z</time>
      </trkpt>
      <trkpt lat="36.883526" lon="-4.961663">
        <ele>617.588695</ele>
        <time>2026-05-18T08:30:06.000Z</time>
      </trkpt>
      <trkpt lat="36.883525" lon="-4.961646">
        <ele>617.765350</ele>
        <time>2026-05-18T08:30:07.000Z</time>
      </trkpt>
      <trkpt lat="36.883517" lon="-4.961641">
        <ele>617.881234</ele>
        <time>2026-05-18T08:30:08.000Z</time>
      </trkpt>
      <trkpt lat="36.883517" lon="-4.961630">
        <ele>617.995233</ele>
        <time>2026-05-18T08:30:09.000Z</time>
      </trkpt>
      <trkpt lat="36.883512" lon="-4.961553">
        <ele>618.795849</ele>
        <time>2026-05-18T08:30:15.000Z</time>
      </trkpt>
      <trkpt lat="36.883509" lon="-4.961516">
        <ele>619.181264</ele>
        <time>2026-05-18T08:30:19.000Z</time>
      </trkpt>
      <trkpt lat="36.883507" lon="-4.961502">
        <ele>619.328649</ele>
        <time>2026-05-18T08:30:20.000Z</time>
      </trkpt>
      <trkpt lat="36.883502" lon="-4.961485">
        <ele>619.516362</ele>
        <time>2026-05-18T08:30:21.000Z</time>
      </trkpt>
      <trkpt lat="36.883502" lon="-4.961479">
        <ele>619.578543</ele>
        <time>2026-05-18T08:30:22.000Z</time>
      </trkpt>
      <trkpt lat="36.883495" lon="-4.961424">
        <ele>620.155707</ele>
        <time>2026-05-18T08:30:26.000Z</time>
      </trkpt>
      <trkpt lat="36.883491" lon="-4.961377">
        <ele>620.645541</ele>
        <time>2026-05-18T08:30:29.000Z</time>
      </trkpt>
      <trkpt lat="36.883492" lon="-4.961340">
        <ele>621.029210</ele>
        <time>2026-05-18T08:30:32.000Z</time>
      </trkpt>
      <trkpt lat="36.883485" lon="-4.961303">
        <ele>621.423240</ele>
        <time>2026-05-18T08:30:36.000Z</time>
      </trkpt>
      <trkpt lat="36.883477" lon="-4.961256">
        <ele>621.921232</ele>
        <time>2026-05-18T08:30:39.000Z</time>
      </trkpt>
      <trkpt lat="36.883470" lon="-4.961217">
        <ele>622.335461</ele>
        <time>2026-05-18T08:30:42.000Z</time>
      </trkpt>
      <trkpt lat="36.883460" lon="-4.961173">
        <ele>622.809506</ele>
        <time>2026-05-18T08:30:46.000Z</time>
      </trkpt>
      <trkpt lat="36.883451" lon="-4.961122">
        <ele>623.350756</ele>
        <time>2026-05-18T08:30:49.000Z</time>
      </trkpt>
      <trkpt lat="36.883448" lon="-4.961078">
        <ele>623.808404</ele>
        <time>2026-05-18T08:30:53.000Z</time>
      </trkpt>
      <trkpt lat="36.883439" lon="-4.961037">
        <ele>624.249020</ele>
        <time>2026-05-18T08:30:55.000Z</time>
      </trkpt>
      <trkpt lat="36.883436" lon="-4.961021">
        <ele>624.419331</ele>
        <time>2026-05-18T08:30:56.000Z</time>
      </trkpt>
      <trkpt lat="36.883410" lon="-4.960981">
        <ele>624.953492</ele>
        <time>2026-05-18T08:31:01.000Z</time>
      </trkpt>
      <trkpt lat="36.883399" lon="-4.960956">
        <ele>625.249194</ele>
        <time>2026-05-18T08:31:03.000Z</time>
      </trkpt>
      <trkpt lat="36.883381" lon="-4.960901">
        <ele>625.865055</ele>
        <time>2026-05-18T08:31:08.000Z</time>
      </trkpt>
      <trkpt lat="36.883377" lon="-4.960888">
        <ele>626.009406</ele>
        <time>2026-05-18T08:31:09.000Z</time>
      </trkpt>
      <trkpt lat="36.883365" lon="-4.960866">
        <ele>626.285371</ele>
        <time>2026-05-18T08:31:11.000Z</time>
      </trkpt>
      <trkpt lat="36.883335" lon="-4.960782">
        <ele>627.238746</ele>
        <time>2026-05-18T08:31:17.000Z</time>
      </trkpt>
      <trkpt lat="36.883325" lon="-4.960760">
        <ele>627.500987</ele>
        <time>2026-05-18T08:31:19.000Z</time>
      </trkpt>
      <trkpt lat="36.883304" lon="-4.960693">
        <ele>628.246752</ele>
        <time>2026-05-18T08:31:24.000Z</time>
      </trkpt>
      <trkpt lat="36.883291" lon="-4.960651">
        <ele>628.713474</ele>
        <time>2026-05-18T08:31:27.000Z</time>
      </trkpt>
      <trkpt lat="36.883271" lon="-4.960577">
        <ele>629.522974</ele>
        <time>2026-05-18T08:31:31.000Z</time>
      </trkpt>
      <trkpt lat="36.883257" lon="-4.960529">
        <ele>629.944413</ele>
        <time>2026-05-18T08:31:35.000Z</time>
      </trkpt>
      <trkpt lat="36.883246" lon="-4.960500">
        <ele>630.174191</ele>
        <time>2026-05-18T08:31:37.000Z</time>
      </trkpt>
      <trkpt lat="36.883236" lon="-4.960428">
        <ele>630.697364</ele>
        <time>2026-05-18T08:31:42.000Z</time>
      </trkpt>
      <trkpt lat="36.883235" lon="-4.960419">
        <ele>630.762415</ele>
        <time>2026-05-18T08:31:43.000Z</time>
      </trkpt>
      <trkpt lat="36.883196" lon="-4.960273">
        <ele>631.864401</ele>
        <time>2026-05-18T08:31:54.000Z</time>
      </trkpt>
      <trkpt lat="36.883195" lon="-4.960263">
        <ele>631.936549</ele>
        <time>2026-05-18T08:31:55.000Z</time>
      </trkpt>
      <trkpt lat="36.883184" lon="-4.960213">
        <ele>632.307801</ele>
        <time>2026-05-18T08:32:03.000Z</time>
      </trkpt>
      <trkpt lat="36.883182" lon="-4.960186">
        <ele>632.501926</ele>
        <time>2026-05-18T08:32:13.000Z</time>
      </trkpt>
      <trkpt lat="36.883190" lon="-4.960087">
        <ele>633.214291</ele>
        <time>2026-05-18T08:32:19.000Z</time>
      </trkpt>
      <trkpt lat="36.883200" lon="-4.960065">
        <ele>633.395448</ele>
        <time>2026-05-18T08:32:21.000Z</time>
      </trkpt>
      <trkpt lat="36.883208" lon="-4.960022">
        <ele>633.711510</ele>
        <time>2026-05-18T08:32:25.000Z</time>
      </trkpt>
      <trkpt lat="36.883211" lon="-4.959991">
        <ele>633.935063</ele>
        <time>2026-05-18T08:32:27.000Z</time>
      </trkpt>
      <trkpt lat="36.883209" lon="-4.959921">
        <ele>634.436524</ele>
        <time>2026-05-18T08:32:32.000Z</time>
      </trkpt>
      <trkpt lat="36.883208" lon="-4.959900">
        <ele>634.587132</ele>
        <time>2026-05-18T08:32:33.000Z</time>
      </trkpt>
      <trkpt lat="36.883216" lon="-4.959832">
        <ele>635.079193</ele>
        <time>2026-05-18T08:32:37.000Z</time>
      </trkpt>
      <trkpt lat="36.883218" lon="-4.959822">
        <ele>635.152989</ele>
        <time>2026-05-18T08:32:38.000Z</time>
      </trkpt>
      <trkpt lat="36.883227" lon="-4.959755">
        <ele>635.639370</ele>
        <time>2026-05-18T08:32:42.000Z</time>
      </trkpt>
      <trkpt lat="36.883231" lon="-4.959732">
        <ele>635.807878</ele>
        <time>2026-05-18T08:32:44.000Z</time>
      </trkpt>
      <trkpt lat="36.883230" lon="-4.959698">
        <ele>636.051454</ele>
        <time>2026-05-18T08:32:48.000Z</time>
      </trkpt>
      <trkpt lat="36.883230" lon="-4.959682">
        <ele>636.166001</ele>
        <time>2026-05-18T08:32:52.000Z</time>
      </trkpt>
      <trkpt lat="36.883234" lon="-4.959646">
        <ele>636.426205</ele>
        <time>2026-05-18T08:33:02.000Z</time>
      </trkpt>
      <trkpt lat="36.883254" lon="-4.959547">
        <ele>637.157219</ele>
        <time>2026-05-18T08:33:09.000Z</time>
      </trkpt>
      <trkpt lat="36.883259" lon="-4.959515">
        <ele>637.390642</ele>
        <time>2026-05-18T08:33:11.000Z</time>
      </trkpt>
      <trkpt lat="36.883262" lon="-4.959481">
        <ele>637.635530</ele>
        <time>2026-05-18T08:33:14.000Z</time>
      </trkpt>
      <trkpt lat="36.883262" lon="-4.959448">
        <ele>637.871782</ele>
        <time>2026-05-18T08:33:16.000Z</time>
      </trkpt>
      <trkpt lat="36.883260" lon="-4.959413">
        <ele>638.122992</ele>
        <time>2026-05-18T08:33:18.000Z</time>
      </trkpt>
      <trkpt lat="36.883264" lon="-4.959370">
        <ele>638.432910</ele>
        <time>2026-05-18T08:33:22.000Z</time>
      </trkpt>
      <trkpt lat="36.883266" lon="-4.959352">
        <ele>638.563013</ele>
        <time>2026-05-18T08:33:23.000Z</time>
      </trkpt>
      <trkpt lat="36.883278" lon="-4.959286">
        <ele>639.047571</ele>
        <time>2026-05-18T08:33:27.000Z</time>
      </trkpt>
      <trkpt lat="36.883279" lon="-4.959269">
        <ele>639.169605</ele>
        <time>2026-05-18T08:33:28.000Z</time>
      </trkpt>
      <trkpt lat="36.883283" lon="-4.959249">
        <ele>639.317196</ele>
        <time>2026-05-18T08:33:29.000Z</time>
      </trkpt>
      <trkpt lat="36.883298" lon="-4.959164">
        <ele>639.940359</ele>
        <time>2026-05-18T08:33:35.000Z</time>
      </trkpt>
      <trkpt lat="36.883299" lon="-4.959150">
        <ele>640.040986</ele>
        <time>2026-05-18T08:33:36.000Z</time>
      </trkpt>
      <trkpt lat="36.883308" lon="-4.959051">
        <ele>640.754306</ele>
        <time>2026-05-18T08:33:42.000Z</time>
      </trkpt>
      <trkpt lat="36.883322" lon="-4.959000">
        <ele>641.140327</ele>
        <time>2026-05-18T08:33:46.000Z</time>
      </trkpt>
      <trkpt lat="36.883330" lon="-4.958944">
        <ele>641.547583</ele>
        <time>2026-05-18T08:33:50.000Z</time>
      </trkpt>
      <trkpt lat="36.883340" lon="-4.958856">
        <ele>642.183915</ele>
        <time>2026-05-18T08:33:56.000Z</time>
      </trkpt>
      <trkpt lat="36.883341" lon="-4.958842">
        <ele>642.284542</ele>
        <time>2026-05-18T08:33:57.000Z</time>
      </trkpt>
      <trkpt lat="36.883356" lon="-4.958752">
        <ele>642.942705</ele>
        <time>2026-05-18T08:34:04.000Z</time>
      </trkpt>
      <trkpt lat="36.883346" lon="-4.958660">
        <ele>643.607400</ele>
        <time>2026-05-18T08:34:10.000Z</time>
      </trkpt>
      <trkpt lat="36.883335" lon="-4.958638">
        <ele>643.793143</ele>
        <time>2026-05-18T08:34:12.000Z</time>
      </trkpt>
      <trkpt lat="36.883321" lon="-4.958560">
        <ele>644.365443</ele>
        <time>2026-05-18T08:34:17.000Z</time>
      </trkpt>
      <trkpt lat="36.883303" lon="-4.958481">
        <ele>644.953516</ele>
        <time>2026-05-18T08:34:26.000Z</time>
      </trkpt>
      <trkpt lat="36.883302" lon="-4.958470">
        <ele>645.032773</ele>
        <time>2026-05-18T08:34:30.000Z</time>
      </trkpt>
      <trkpt lat="36.883307" lon="-4.958468">
        <ele>645.079761</ele>
        <time>2026-05-18T08:34:34.000Z</time>
      </trkpt>
      <trkpt lat="36.883305" lon="-4.958460">
        <ele>645.139766</ele>
        <time>2026-05-18T08:34:37.000Z</time>
      </trkpt>
      <trkpt lat="36.883296" lon="-4.958457">
        <ele>645.223135</ele>
        <time>2026-05-18T08:34:45.000Z</time>
      </trkpt>
      <trkpt lat="36.883297" lon="-4.958453">
        <ele>645.253138</ele>
        <time>2026-05-18T08:34:46.000Z</time>
      </trkpt>
      <trkpt lat="36.883297" lon="-4.958445">
        <ele>645.310411</ele>
        <time>2026-05-18T08:34:47.000Z</time>
      </trkpt>
      <trkpt lat="36.883298" lon="-4.958442">
        <ele>645.333679</ele>
        <time>2026-05-18T08:34:48.000Z</time>
      </trkpt>
      <trkpt lat="36.883298" lon="-4.958433">
        <ele>645.398111</ele>
        <time>2026-05-18T08:34:49.000Z</time>
      </trkpt>
      <trkpt lat="36.883296" lon="-4.958420">
        <ele>645.492886</ele>
        <time>2026-05-18T08:34:50.000Z</time>
      </trkpt>
      <trkpt lat="36.883289" lon="-4.958397">
        <ele>645.669064</ele>
        <time>2026-05-18T08:34:53.000Z</time>
      </trkpt>
      <trkpt lat="36.883279" lon="-4.958365">
        <ele>645.778000</ele>
        <time>2026-05-18T08:34:57.000Z</time>
      </trkpt>
      <trkpt lat="36.883271" lon="-4.958354">
        <ele>645.755636</ele>
        <time>2026-05-18T08:34:59.000Z</time>
      </trkpt>
      <trkpt lat="36.883272" lon="-4.958351">
        <ele>645.750747</ele>
        <time>2026-05-18T08:35:00.000Z</time>
      </trkpt>
      <trkpt lat="36.883271" lon="-4.958349">
        <ele>645.747199</ele>
        <time>2026-05-18T08:35:02.000Z</time>
      </trkpt>
      <trkpt lat="36.883264" lon="-4.958341">
        <ele>645.729362</ele>
        <time>2026-05-18T08:35:04.000Z</time>
      </trkpt>
      <trkpt lat="36.883263" lon="-4.958339">
        <ele>645.725814</ele>
        <time>2026-05-18T08:35:09.000Z</time>
      </trkpt>
      <trkpt lat="36.883260" lon="-4.958311">
        <ele>645.683318</ele>
        <time>2026-05-18T08:35:11.000Z</time>
      </trkpt>
      <trkpt lat="36.883275" lon="-4.958314">
        <ele>645.654750</ele>
        <time>2026-05-18T08:35:18.000Z</time>
      </trkpt>
      <trkpt lat="36.883206" lon="-4.958291">
        <ele>645.520450</ele>
        <time>2026-05-18T08:35:27.000Z</time>
      </trkpt>
      <trkpt lat="36.883170" lon="-4.958250">
        <ele>645.428866</ele>
        <time>2026-05-18T08:35:31.000Z</time>
      </trkpt>
      <trkpt lat="36.883162" lon="-4.958232">
        <ele>645.397889</ele>
        <time>2026-05-18T08:35:33.000Z</time>
      </trkpt>
      <trkpt lat="36.883124" lon="-4.958183">
        <ele>645.295223</ele>
        <time>2026-05-18T08:35:39.000Z</time>
      </trkpt>
      <trkpt lat="36.883130" lon="-4.958180">
        <ele>645.283070</ele>
        <time>2026-05-18T08:35:47.000Z</time>
      </trkpt>
      <trkpt lat="36.883130" lon="-4.958173">
        <ele>645.272540</ele>
        <time>2026-05-18T08:35:48.000Z</time>
      </trkpt>
      <trkpt lat="36.883122" lon="-4.958119">
        <ele>645.189927</ele>
        <time>2026-05-18T08:35:54.000Z</time>
      </trkpt>
      <trkpt lat="36.883117" lon="-4.958041">
        <ele>645.072217</ele>
        <time>2026-05-18T08:36:03.000Z</time>
      </trkpt>
      <trkpt lat="36.883118" lon="-4.958030">
        <ele>645.055564</ele>
        <time>2026-05-18T08:36:06.000Z</time>
      </trkpt>
      <trkpt lat="36.883120" lon="-4.958026">
        <ele>645.048468</ele>
        <time>2026-05-18T08:36:10.000Z</time>
      </trkpt>
      <trkpt lat="36.883109" lon="-4.958025">
        <ele>645.027726</ele>
        <time>2026-05-18T08:36:17.000Z</time>
      </trkpt>
      <trkpt lat="36.883104" lon="-4.958013">
        <ele>645.007372</ele>
        <time>2026-05-18T08:36:20.000Z</time>
      </trkpt>
      <trkpt lat="36.883081" lon="-4.957984">
        <ele>644.945938</ele>
        <time>2026-05-18T08:36:26.000Z</time>
      </trkpt>
      <trkpt lat="36.883032" lon="-4.957910">
        <ele>644.801427</ele>
        <time>2026-05-18T08:36:34.000Z</time>
      </trkpt>
      <trkpt lat="36.883016" lon="-4.957882">
        <ele>644.749663</ele>
        <time>2026-05-18T08:36:40.000Z</time>
      </trkpt>
      <trkpt lat="36.883011" lon="-4.957869">
        <ele>644.727964</ele>
        <time>2026-05-18T08:36:42.000Z</time>
      </trkpt>
      <trkpt lat="36.883020" lon="-4.957877">
        <ele>644.707196</ele>
        <time>2026-05-18T08:36:44.000Z</time>
      </trkpt>
      <trkpt lat="36.883037" lon="-4.957893">
        <ele>644.667177</ele>
        <time>2026-05-18T08:36:46.000Z</time>
      </trkpt>
      <trkpt lat="36.883031" lon="-4.957875">
        <ele>644.637843</ele>
        <time>2026-05-18T08:36:52.000Z</time>
      </trkpt>
      <trkpt lat="36.883019" lon="-4.957848">
        <ele>644.591379</ele>
        <time>2026-05-18T08:36:55.000Z</time>
      </trkpt>
      <trkpt lat="36.882978" lon="-4.957748">
        <ele>644.422340</ele>
        <time>2026-05-18T08:37:03.000Z</time>
      </trkpt>
      <trkpt lat="36.882960" lon="-4.957719">
        <ele>644.367122</ele>
        <time>2026-05-18T08:37:05.000Z</time>
      </trkpt>
      <trkpt lat="36.882931" lon="-4.957667">
        <ele>644.271763</ele>
        <time>2026-05-18T08:37:11.000Z</time>
      </trkpt>
      <trkpt lat="36.882910" lon="-4.957619">
        <ele>644.189462</ele>
        <time>2026-05-18T08:37:15.000Z</time>
      </trkpt>
      <trkpt lat="36.882899" lon="-4.957595">
        <ele>644.147852</ele>
        <time>2026-05-18T08:37:17.000Z</time>
      </trkpt>
      <trkpt lat="36.882896" lon="-4.957589">
        <ele>644.137208</ele>
        <time>2026-05-18T08:37:18.000Z</time>
      </trkpt>
      <trkpt lat="36.882873" lon="-4.957520">
        <ele>644.024760</ele>
        <time>2026-05-18T08:37:24.000Z</time>
      </trkpt>
      <trkpt lat="36.882854" lon="-4.957449">
        <ele>643.912137</ele>
        <time>2026-05-18T08:37:30.000Z</time>
      </trkpt>
      <trkpt lat="36.882849" lon="-4.957384">
        <ele>643.813907</ele>
        <time>2026-05-18T08:37:35.000Z</time>
      </trkpt>
      <trkpt lat="36.882850" lon="-4.957370">
        <ele>643.792764</ele>
        <time>2026-05-18T08:37:36.000Z</time>
      </trkpt>
      <trkpt lat="36.882848" lon="-4.957287">
        <ele>643.667851</ele>
        <time>2026-05-18T08:37:42.000Z</time>
      </trkpt>
      <trkpt lat="36.882832" lon="-4.957256">
        <ele>643.612353</ele>
        <time>2026-05-18T08:37:51.000Z</time>
      </trkpt>
      <trkpt lat="36.882821" lon="-4.957246">
        <ele>643.586775</ele>
        <time>2026-05-18T08:38:01.000Z</time>
      </trkpt>
      <trkpt lat="36.882821" lon="-4.957252">
        <ele>643.577749</ele>
        <time>2026-05-18T08:38:08.000Z</time>
      </trkpt>
      <trkpt lat="36.882829" lon="-4.957240">
        <ele>643.554250</ele>
        <time>2026-05-18T08:38:13.000Z</time>
      </trkpt>
      <trkpt lat="36.882827" lon="-4.957230">
        <ele>643.538744</ele>
        <time>2026-05-18T08:38:14.000Z</time>
      </trkpt>
      <trkpt lat="36.882835" lon="-4.957223">
        <ele>643.520380</ele>
        <time>2026-05-18T08:38:19.000Z</time>
      </trkpt>
      <trkpt lat="36.882838" lon="-4.957230">
        <ele>643.508433</ele>
        <time>2026-05-18T08:38:21.000Z</time>
      </trkpt>
      <trkpt lat="36.882854" lon="-4.957205">
        <ele>643.460270</ele>
        <time>2026-05-18T08:38:31.000Z</time>
      </trkpt>
      <trkpt lat="36.882854" lon="-4.957203">
        <ele>643.457261</ele>
        <time>2026-05-18T08:38:38.000Z</time>
      </trkpt>
      <trkpt lat="36.882822" lon="-4.957167">
        <ele>643.376301</ele>
        <time>2026-05-18T08:38:46.000Z</time>
      </trkpt>
      <trkpt lat="36.882833" lon="-4.957177">
        <ele>643.350723</ele>
        <time>2026-05-18T08:38:55.000Z</time>
      </trkpt>
      <trkpt lat="36.882834" lon="-4.957126">
        <ele>643.273981</ele>
        <time>2026-05-18T08:39:02.000Z</time>
      </trkpt>
      <trkpt lat="36.882819" lon="-4.957094">
        <ele>643.218187</ele>
        <time>2026-05-18T08:39:10.000Z</time>
      </trkpt>
      <trkpt lat="36.882821" lon="-4.957105">
        <ele>643.201218</ele>
        <time>2026-05-18T08:39:12.000Z</time>
      </trkpt>
      <trkpt lat="36.882834" lon="-4.957066">
        <ele>643.137660</ele>
        <time>2026-05-18T08:39:19.000Z</time>
      </trkpt>
      <trkpt lat="36.882838" lon="-4.957047">
        <ele>643.108105</ele>
        <time>2026-05-18T08:39:21.000Z</time>
      </trkpt>
      <trkpt lat="36.882877" lon="-4.956943">
        <ele>642.935320</ele>
        <time>2026-05-18T08:39:30.000Z</time>
      </trkpt>
      <trkpt lat="36.882894" lon="-4.956831">
        <ele>642.763833</ele>
        <time>2026-05-18T08:39:39.000Z</time>
      </trkpt>
      <trkpt lat="36.882894" lon="-4.956745">
        <ele>642.634465</ele>
        <time>2026-05-18T08:39:47.000Z</time>
      </trkpt>
      <trkpt lat="36.882895" lon="-4.956735">
        <ele>642.619305</ele>
        <time>2026-05-18T08:39:48.000Z</time>
      </trkpt>
      <trkpt lat="36.882907" lon="-4.956690">
        <ele>642.547950</ele>
        <time>2026-05-18T08:39:53.000Z</time>
      </trkpt>
      <trkpt lat="36.882912" lon="-4.956666">
        <ele>642.510642</ele>
        <time>2026-05-18T08:39:55.000Z</time>
      </trkpt>
      <trkpt lat="36.882921" lon="-4.956590">
        <ele>642.364058</ele>
        <time>2026-05-18T08:39:59.000Z</time>
      </trkpt>
      <trkpt lat="36.882924" lon="-4.956570">
        <ele>642.293995</ele>
        <time>2026-05-18T08:40:01.000Z</time>
      </trkpt>
      <trkpt lat="36.882907" lon="-4.956454">
        <ele>641.887940</ele>
        <time>2026-05-18T08:40:09.000Z</time>
      </trkpt>
      <trkpt lat="36.882887" lon="-4.956361">
        <ele>641.556354</ele>
        <time>2026-05-18T08:40:16.000Z</time>
      </trkpt>
      <trkpt lat="36.882860" lon="-4.956231">
        <ele>641.093900</ele>
        <time>2026-05-18T08:40:24.000Z</time>
      </trkpt>
      <trkpt lat="36.882860" lon="-4.956206">
        <ele>641.007821</ele>
        <time>2026-05-18T08:40:27.000Z</time>
      </trkpt>
      <trkpt lat="36.882864" lon="-4.956197">
        <ele>640.972370</ele>
        <time>2026-05-18T08:40:28.000Z</time>
      </trkpt>
      <trkpt lat="36.882850" lon="-4.956133">
        <ele>640.743915</ele>
        <time>2026-05-18T08:40:32.000Z</time>
      </trkpt>
      <trkpt lat="36.882832" lon="-4.956027">
        <ele>640.370806</ele>
        <time>2026-05-18T08:40:40.000Z</time>
      </trkpt>
      <trkpt lat="36.882829" lon="-4.956013">
        <ele>640.320902</ele>
        <time>2026-05-18T08:40:41.000Z</time>
      </trkpt>
      <trkpt lat="36.882807" lon="-4.955932">
        <ele>640.026365</ele>
        <time>2026-05-18T08:40:47.000Z</time>
      </trkpt>
      <trkpt lat="36.882803" lon="-4.955906">
        <ele>639.935202</ele>
        <time>2026-05-18T08:40:49.000Z</time>
      </trkpt>
      <trkpt lat="36.882802" lon="-4.955893">
        <ele>639.890234</ele>
        <time>2026-05-18T08:40:50.000Z</time>
      </trkpt>
      <trkpt lat="36.882798" lon="-4.955881">
        <ele>639.845472</ele>
        <time>2026-05-18T08:40:51.000Z</time>
      </trkpt>
      <trkpt lat="36.882781" lon="-4.955750">
        <ele>639.388520</ele>
        <time>2026-05-18T08:41:01.000Z</time>
      </trkpt>
      <trkpt lat="36.882760" lon="-4.955627">
        <ele>638.955470</ele>
        <time>2026-05-18T08:41:09.000Z</time>
      </trkpt>
      <trkpt lat="36.882757" lon="-4.955614">
        <ele>638.908883</ele>
        <time>2026-05-18T08:41:10.000Z</time>
      </trkpt>
      <trkpt lat="36.882719" lon="-4.955510">
        <ele>638.515201</ele>
        <time>2026-05-18T08:41:18.000Z</time>
      </trkpt>
      <trkpt lat="36.882715" lon="-4.955498">
        <ele>638.470439</ele>
        <time>2026-05-18T08:41:19.000Z</time>
      </trkpt>
      <trkpt lat="36.882689" lon="-4.955373">
        <ele>638.025729</ele>
        <time>2026-05-18T08:41:28.000Z</time>
      </trkpt>
      <trkpt lat="36.882661" lon="-4.955268">
        <ele>637.644633</ele>
        <time>2026-05-18T08:41:36.000Z</time>
      </trkpt>
      <trkpt lat="36.882628" lon="-4.955181">
        <ele>637.313102</ele>
        <time>2026-05-18T08:41:42.000Z</time>
      </trkpt>
      <trkpt lat="36.882616" lon="-4.955144">
        <ele>637.175630</ele>
        <time>2026-05-18T08:41:45.000Z</time>
      </trkpt>
      <trkpt lat="36.882569" lon="-4.955043">
        <ele>636.773298</ele>
        <time>2026-05-18T08:41:53.000Z</time>
      </trkpt>
      <trkpt lat="36.882563" lon="-4.955031">
        <ele>636.724572</ele>
        <time>2026-05-18T08:41:54.000Z</time>
      </trkpt>
      <trkpt lat="36.882525" lon="-4.954927">
        <ele>636.330889</ele>
        <time>2026-05-18T08:42:03.000Z</time>
      </trkpt>
      <trkpt lat="36.882531" lon="-4.954875">
        <ele>636.149990</ele>
        <time>2026-05-18T08:42:08.000Z</time>
      </trkpt>
      <trkpt lat="36.882531" lon="-4.954794">
        <ele>635.871093</ele>
        <time>2026-05-18T08:42:12.000Z</time>
      </trkpt>
      <trkpt lat="36.882518" lon="-4.954719">
        <ele>635.606861</ele>
        <time>2026-05-18T08:42:18.000Z</time>
      </trkpt>
      <trkpt lat="36.882514" lon="-4.954704">
        <ele>635.552419</ele>
        <time>2026-05-18T08:42:19.000Z</time>
      </trkpt>
      <trkpt lat="36.882503" lon="-4.954640">
        <ele>635.327025</ele>
        <time>2026-05-18T08:42:23.000Z</time>
      </trkpt>
      <trkpt lat="36.882502" lon="-4.954628">
        <ele>635.285484</ele>
        <time>2026-05-18T08:42:24.000Z</time>
      </trkpt>
      <trkpt lat="36.882503" lon="-4.954553">
        <ele>635.027209</ele>
        <time>2026-05-18T08:42:30.000Z</time>
      </trkpt>
      <trkpt lat="36.882489" lon="-4.954454">
        <ele>634.681048</ele>
        <time>2026-05-18T08:42:35.000Z</time>
      </trkpt>
      <trkpt lat="36.882498" lon="-4.954345">
        <ele>634.156327</ele>
        <time>2026-05-18T08:42:43.000Z</time>
      </trkpt>
      <trkpt lat="36.882486" lon="-4.954300">
        <ele>633.928414</ele>
        <time>2026-05-18T08:42:46.000Z</time>
      </trkpt>
      <trkpt lat="36.882482" lon="-4.954285">
        <ele>633.852443</ele>
        <time>2026-05-18T08:42:47.000Z</time>
      </trkpt>
      <trkpt lat="36.882478" lon="-4.954259">
        <ele>633.725229</ele>
        <time>2026-05-18T08:42:49.000Z</time>
      </trkpt>
      <trkpt lat="36.882470" lon="-4.954161">
        <ele>633.251917</ele>
        <time>2026-05-18T08:42:55.000Z</time>
      </trkpt>
      <trkpt lat="36.882468" lon="-4.954126">
        <ele>633.083322</ele>
        <time>2026-05-18T08:42:57.000Z</time>
      </trkpt>
      <trkpt lat="36.882473" lon="-4.954090">
        <ele>632.907762</ele>
        <time>2026-05-18T08:43:03.000Z</time>
      </trkpt>
      <trkpt lat="36.882473" lon="-4.954100">
        <ele>632.859714</ele>
        <time>2026-05-18T08:43:13.000Z</time>
      </trkpt>
      <trkpt lat="36.882458" lon="-4.954106">
        <ele>632.765111</ele>
        <time>2026-05-18T08:43:23.000Z</time>
      </trkpt>
      <trkpt lat="36.882455" lon="-4.954117">
        <ele>632.709271</ele>
        <time>2026-05-18T08:43:24.000Z</time>
      </trkpt>
      <trkpt lat="36.882457" lon="-4.954147">
        <ele>632.564628</ele>
        <time>2026-05-18T08:43:29.000Z</time>
      </trkpt>
      <trkpt lat="36.882455" lon="-4.954134">
        <ele>632.501021</ele>
        <time>2026-05-18T08:43:37.000Z</time>
      </trkpt>
      <trkpt lat="36.882436" lon="-4.954133">
        <ele>632.386788</ele>
        <time>2026-05-18T08:43:47.000Z</time>
      </trkpt>
      <trkpt lat="36.882437" lon="-4.954165">
        <ele>632.232919</ele>
        <time>2026-05-18T08:43:55.000Z</time>
      </trkpt>
      <trkpt lat="36.882450" lon="-4.954130">
        <ele>632.047505</ele>
        <time>2026-05-18T08:44:04.000Z</time>
      </trkpt>
      <trkpt lat="36.882458" lon="-4.954121">
        <ele>631.982858</ele>
        <time>2026-05-18T08:44:08.000Z</time>
      </trkpt>
      <trkpt lat="36.882461" lon="-4.954117">
        <ele>631.956512</ele>
        <time>2026-05-18T08:44:09.000Z</time>
      </trkpt>
      <trkpt lat="36.882468" lon="-4.954112">
        <ele>631.908084</ele>
        <time>2026-05-18T08:44:13.000Z</time>
      </trkpt>
      <trkpt lat="36.882458" lon="-4.954124">
        <ele>631.824821</ele>
        <time>2026-05-18T08:44:18.000Z</time>
      </trkpt>
      <trkpt lat="36.882455" lon="-4.954047">
        <ele>631.454416</ele>
        <time>2026-05-18T08:44:26.000Z</time>
      </trkpt>
      <trkpt lat="36.882457" lon="-4.953894">
        <ele>630.719189</ele>
        <time>2026-05-18T08:44:36.000Z</time>
      </trkpt>
      <trkpt lat="36.882482" lon="-4.953792">
        <ele>630.206612</ele>
        <time>2026-05-18T08:44:44.000Z</time>
      </trkpt>
      <trkpt lat="36.882482" lon="-4.953773">
        <ele>630.115321</ele>
        <time>2026-05-18T08:44:45.000Z</time>
      </trkpt>
      <trkpt lat="36.882484" lon="-4.953760">
        <ele>630.051714</ele>
        <time>2026-05-18T08:44:46.000Z</time>
      </trkpt>
      <trkpt lat="36.882478" lon="-4.953726">
        <ele>629.884424</ele>
        <time>2026-05-18T08:44:49.000Z</time>
      </trkpt>
      <trkpt lat="36.882478" lon="-4.953705">
        <ele>629.783524</ele>
        <time>2026-05-18T08:44:52.000Z</time>
      </trkpt>
      <trkpt lat="36.882476" lon="-4.953683">
        <ele>629.677139</ele>
        <time>2026-05-18T08:44:54.000Z</time>
      </trkpt>
      <trkpt lat="36.882488" lon="-4.953620">
        <ele>629.365975</ele>
        <time>2026-05-18T08:44:59.000Z</time>
      </trkpt>
      <trkpt lat="36.882532" lon="-4.953542">
        <ele>628.907378</ele>
        <time>2026-05-18T08:45:06.000Z</time>
      </trkpt>
      <trkpt lat="36.882552" lon="-4.953519">
        <ele>628.744143</ele>
        <time>2026-05-18T08:45:09.000Z</time>
      </trkpt>
      <trkpt lat="36.882576" lon="-4.953463">
        <ele>628.438888</ele>
        <time>2026-05-18T08:45:13.000Z</time>
      </trkpt>
      <trkpt lat="36.882594" lon="-4.953383">
        <ele>628.039590</ele>
        <time>2026-05-18T08:45:20.000Z</time>
      </trkpt>
      <trkpt lat="36.882612" lon="-4.953334">
        <ele>627.780515</ele>
        <time>2026-05-18T08:45:23.000Z</time>
      </trkpt>
      <trkpt lat="36.882645" lon="-4.953279">
        <ele>627.450169</ele>
        <time>2026-05-18T08:45:27.000Z</time>
      </trkpt>
      <trkpt lat="36.882665" lon="-4.953277">
        <ele>627.329646</ele>
        <time>2026-05-18T08:45:31.000Z</time>
      </trkpt>
      <trkpt lat="36.882670" lon="-4.953278">
        <ele>627.299230</ele>
        <time>2026-05-18T08:45:32.000Z</time>
      </trkpt>
      <trkpt lat="36.882674" lon="-4.953279">
        <ele>627.274726</ele>
        <time>2026-05-18T08:45:33.000Z</time>
      </trkpt>
      <trkpt lat="36.882675" lon="-4.953285">
        <ele>627.245278</ele>
        <time>2026-05-18T08:45:38.000Z</time>
      </trkpt>
      <trkpt lat="36.882668" lon="-4.953283">
        <ele>627.202146</ele>
        <time>2026-05-18T08:45:41.000Z</time>
      </trkpt>
      <trkpt lat="36.882663" lon="-4.953283">
        <ele>627.172111</ele>
        <time>2026-05-18T08:45:43.000Z</time>
      </trkpt>
      <trkpt lat="36.882663" lon="-4.953281">
        <ele>627.162502</ele>
        <time>2026-05-18T08:45:44.000Z</time>
      </trkpt>
      <trkpt lat="36.882676" lon="-4.953235">
        <ele>626.928093</ele>
        <time>2026-05-18T08:45:51.000Z</time>
      </trkpt>
      <trkpt lat="36.882672" lon="-4.953221">
        <ele>626.856664</ele>
        <time>2026-05-18T08:45:52.000Z</time>
      </trkpt>
      <trkpt lat="36.882669" lon="-4.953151">
        <ele>626.519849</ele>
        <time>2026-05-18T08:45:58.000Z</time>
      </trkpt>
      <trkpt lat="36.882669" lon="-4.953143">
        <ele>626.481411</ele>
        <time>2026-05-18T08:45:59.000Z</time>
      </trkpt>
      <trkpt lat="36.882689" lon="-4.953067">
        <ele>626.096995</ele>
        <time>2026-05-18T08:46:05.000Z</time>
      </trkpt>
      <trkpt lat="36.882695" lon="-4.953050">
        <ele>626.007716</ele>
        <time>2026-05-18T08:46:06.000Z</time>
      </trkpt>
      <trkpt lat="36.882712" lon="-4.952981">
        <ele>625.660818</ele>
        <time>2026-05-18T08:46:13.000Z</time>
      </trkpt>
      <trkpt lat="36.882707" lon="-4.952950">
        <ele>625.508873</ele>
        <time>2026-05-18T08:46:16.000Z</time>
      </trkpt>
      <trkpt lat="36.882705" lon="-4.952932">
        <ele>625.421557</ele>
        <time>2026-05-18T08:46:18.000Z</time>
      </trkpt>
      <trkpt lat="36.882705" lon="-4.952912">
        <ele>625.325462</ele>
        <time>2026-05-18T08:46:20.000Z</time>
      </trkpt>
      <trkpt lat="36.882701" lon="-4.952811">
        <ele>624.839588</ele>
        <time>2026-05-18T08:46:27.000Z</time>
      </trkpt>
      <trkpt lat="36.882699" lon="-4.952796">
        <ele>624.766522</ele>
        <time>2026-05-18T08:46:28.000Z</time>
      </trkpt>
      <trkpt lat="36.882683" lon="-4.952705">
        <ele>624.318852</ele>
        <time>2026-05-18T08:46:36.000Z</time>
      </trkpt>
      <trkpt lat="36.882653" lon="-4.952602">
        <ele>623.778131</ele>
        <time>2026-05-18T08:46:45.000Z</time>
      </trkpt>
      <trkpt lat="36.882643" lon="-4.952569">
        <ele>623.578826</ele>
        <time>2026-05-18T08:46:48.000Z</time>
      </trkpt>
      <trkpt lat="36.882612" lon="-4.952503">
        <ele>623.146554</ele>
        <time>2026-05-18T08:46:54.000Z</time>
      </trkpt>
      <trkpt lat="36.882578" lon="-4.952437">
        <ele>622.703178</ele>
        <time>2026-05-18T08:47:00.000Z</time>
      </trkpt>
      <trkpt lat="36.882573" lon="-4.952423">
        <ele>622.616585</ele>
        <time>2026-05-18T08:47:01.000Z</time>
      </trkpt>
      <trkpt lat="36.882538" lon="-4.952311">
        <ele>621.937467</ele>
        <time>2026-05-18T08:47:07.000Z</time>
      </trkpt>
      <trkpt lat="36.882525" lon="-4.952268">
        <ele>621.677842</ele>
        <time>2026-05-18T08:47:10.000Z</time>
      </trkpt>
      <trkpt lat="36.882521" lon="-4.952238">
        <ele>621.506069</ele>
        <time>2026-05-18T08:47:13.000Z</time>
      </trkpt>
      <trkpt lat="36.882514" lon="-4.952213">
        <ele>621.356473</ele>
        <time>2026-05-18T08:47:15.000Z</time>
      </trkpt>
      <trkpt lat="36.882506" lon="-4.952139">
        <ele>620.934734</ele>
        <time>2026-05-18T08:47:19.000Z</time>
      </trkpt>
      <trkpt lat="36.882497" lon="-4.952098">
        <ele>620.694611</ele>
        <time>2026-05-18T08:47:22.000Z</time>
      </trkpt>
      <trkpt lat="36.882449" lon="-4.951989">
        <ele>619.991867</ele>
        <time>2026-05-18T08:47:29.000Z</time>
      </trkpt>
      <trkpt lat="36.882422" lon="-4.951918">
        <ele>619.547858</ele>
        <time>2026-05-18T08:47:35.000Z</time>
      </trkpt>
      <trkpt lat="36.882415" lon="-4.951907">
        <ele>619.468469</ele>
        <time>2026-05-18T08:47:37.000Z</time>
      </trkpt>
      <trkpt lat="36.882413" lon="-4.951899">
        <ele>619.421131</ele>
        <time>2026-05-18T08:47:38.000Z</time>
      </trkpt>
      <trkpt lat="36.882377" lon="-4.951819">
        <ele>618.902709</ele>
        <time>2026-05-18T08:47:46.000Z</time>
      </trkpt>
      <trkpt lat="36.882336" lon="-4.951723">
        <ele>618.288069</ele>
        <time>2026-05-18T08:47:53.000Z</time>
      </trkpt>
      <trkpt lat="36.882327" lon="-4.951699">
        <ele>618.138364</ele>
        <time>2026-05-18T08:47:56.000Z</time>
      </trkpt>
      <trkpt lat="36.882290" lon="-4.951599">
        <ele>617.516082</ele>
        <time>2026-05-18T08:48:02.000Z</time>
      </trkpt>
      <trkpt lat="36.882273" lon="-4.951531">
        <ele>617.113707</ele>
        <time>2026-05-18T08:48:08.000Z</time>
      </trkpt>
      <trkpt lat="36.882254" lon="-4.951485">
        <ele>616.821312</ele>
        <time>2026-05-18T08:48:11.000Z</time>
      </trkpt>
      <trkpt lat="36.882246" lon="-4.951425">
        <ele>616.477766</ele>
        <time>2026-05-18T08:48:16.000Z</time>
      </trkpt>
      <trkpt lat="36.882224" lon="-4.951340">
        <ele>615.973192</ele>
        <time>2026-05-18T08:48:22.000Z</time>
      </trkpt>
      <trkpt lat="36.882212" lon="-4.951321">
        <ele>615.836463</ele>
        <time>2026-05-18T08:48:25.000Z</time>
      </trkpt>
      <trkpt lat="36.882193" lon="-4.951293">
        <ele>615.629083</ele>
        <time>2026-05-18T08:48:27.000Z</time>
      </trkpt>
      <trkpt lat="36.882132" lon="-4.951209">
        <ele>614.988309</ele>
        <time>2026-05-18T08:48:33.000Z</time>
      </trkpt>
      <trkpt lat="36.882063" lon="-4.951140">
        <ele>614.364421</ele>
        <time>2026-05-18T08:48:40.000Z</time>
      </trkpt>
      <trkpt lat="36.882043" lon="-4.951113">
        <ele>614.156583</ele>
        <time>2026-05-18T08:48:44.000Z</time>
      </trkpt>
      <trkpt lat="36.882039" lon="-4.951106">
        <ele>614.107996</ele>
        <time>2026-05-18T08:48:45.000Z</time>
      </trkpt>
      <trkpt lat="36.882009" lon="-4.951027">
        <ele>613.614084</ele>
        <time>2026-05-18T08:48:50.000Z</time>
      </trkpt>
      <trkpt lat="36.882004" lon="-4.950999">
        <ele>613.452051</ele>
        <time>2026-05-18T08:48:52.000Z</time>
      </trkpt>
      <trkpt lat="36.882011" lon="-4.950978">
        <ele>613.323559</ele>
        <time>2026-05-18T08:48:54.000Z</time>
      </trkpt>
      <trkpt lat="36.882011" lon="-4.950963">
        <ele>613.238841</ele>
        <time>2026-05-18T08:48:55.000Z</time>
      </trkpt>
      <trkpt lat="36.882013" lon="-4.950905">
        <ele>612.910961</ele>
        <time>2026-05-18T08:48:59.000Z</time>
      </trkpt>
      <trkpt lat="36.882015" lon="-4.950874">
        <ele>612.735309</ele>
        <time>2026-05-18T08:49:01.000Z</time>
      </trkpt>
      <trkpt lat="36.882016" lon="-4.950861">
        <ele>612.661548</ele>
        <time>2026-05-18T08:49:02.000Z</time>
      </trkpt>
      <trkpt lat="36.882019" lon="-4.950805">
        <ele>612.344559</ele>
        <time>2026-05-18T08:49:07.000Z</time>
      </trkpt>
      <trkpt lat="36.882017" lon="-4.950803">
        <ele>612.326476</ele>
        <time>2026-05-18T08:49:08.000Z</time>
      </trkpt>
      <trkpt lat="36.882005" lon="-4.950804">
        <ele>612.241556</ele>
        <time>2026-05-18T08:49:11.000Z</time>
      </trkpt>
      <trkpt lat="36.882002" lon="-4.950798">
        <ele>612.201593</ele>
        <time>2026-05-18T08:49:15.000Z</time>
      </trkpt>
      <trkpt lat="36.881999" lon="-4.950786">
        <ele>612.130586</ele>
        <time>2026-05-18T08:49:18.000Z</time>
      </trkpt>
      <trkpt lat="36.882010" lon="-4.950791">
        <ele>612.047941</ele>
        <time>2026-05-18T08:49:25.000Z</time>
      </trkpt>
      <trkpt lat="36.882014" lon="-4.950733">
        <ele>611.719150</ele>
        <time>2026-05-18T08:49:36.000Z</time>
      </trkpt>
      <trkpt lat="36.882011" lon="-4.950720">
        <ele>611.642733</ele>
        <time>2026-05-18T08:49:37.000Z</time>
      </trkpt>
      <trkpt lat="36.881997" lon="-4.950637">
        <ele>611.162863</ele>
        <time>2026-05-18T08:49:43.000Z</time>
      </trkpt>
      <trkpt lat="36.881986" lon="-4.950567">
        <ele>610.722333</ele>
        <time>2026-05-18T08:49:49.000Z</time>
      </trkpt>
      <trkpt lat="36.881979" lon="-4.950543">
        <ele>610.564581</ele>
        <time>2026-05-18T08:49:51.000Z</time>
      </trkpt>
      <trkpt lat="36.881981" lon="-4.950507">
        <ele>610.341737</ele>
        <time>2026-05-18T08:49:55.000Z</time>
      </trkpt>
      <trkpt lat="36.881982" lon="-4.950504">
        <ele>610.321667</ele>
        <time>2026-05-18T08:49:56.000Z</time>
      </trkpt>
      <trkpt lat="36.881948" lon="-4.950399">
        <ele>609.622149</ele>
        <time>2026-05-18T08:50:02.000Z</time>
      </trkpt>
      <trkpt lat="36.881934" lon="-4.950343">
        <ele>609.259837</ele>
        <time>2026-05-18T08:50:08.000Z</time>
      </trkpt>
      <trkpt lat="36.881928" lon="-4.950375">
        <ele>609.056873</ele>
        <time>2026-05-18T08:50:15.000Z</time>
      </trkpt>
      <trkpt lat="36.881929" lon="-4.950379">
        <ele>609.030993</ele>
        <time>2026-05-18T08:50:24.000Z</time>
      </trkpt>
      <trkpt lat="36.881926" lon="-4.950371">
        <ele>608.976431</ele>
        <time>2026-05-18T08:50:25.000Z</time>
      </trkpt>
      <trkpt lat="36.881908" lon="-4.950321">
        <ele>608.637838</ele>
        <time>2026-05-18T08:50:28.000Z</time>
      </trkpt>
      <trkpt lat="36.881893" lon="-4.950283">
        <ele>608.376159</ele>
        <time>2026-05-18T08:50:30.000Z</time>
      </trkpt>
      <trkpt lat="36.881860" lon="-4.950245">
        <ele>608.029788</ele>
        <time>2026-05-18T08:50:37.000Z</time>
      </trkpt>
      <trkpt lat="36.881826" lon="-4.950215">
        <ele>607.708507</ele>
        <time>2026-05-18T08:50:41.000Z</time>
      </trkpt>
      <trkpt lat="36.881789" lon="-4.950180">
        <ele>607.350303</ele>
        <time>2026-05-18T08:50:45.000Z</time>
      </trkpt>
      <trkpt lat="36.881709" lon="-4.950137">
        <ele>606.678018</ele>
        <time>2026-05-18T08:50:53.000Z</time>
      </trkpt>
      <trkpt lat="36.881701" lon="-4.950129">
        <ele>606.598928</ele>
        <time>2026-05-18T08:50:54.000Z</time>
      </trkpt>
      <trkpt lat="36.881621" lon="-4.950080">
        <ele>605.911165</ele>
        <time>2026-05-18T08:51:03.000Z</time>
      </trkpt>
      <trkpt lat="36.881616" lon="-4.950078">
        <ele>605.870636</ele>
        <time>2026-05-18T08:51:04.000Z</time>
      </trkpt>
      <trkpt lat="36.881609" lon="-4.950062">
        <ele>605.758018</ele>
        <time>2026-05-18T08:51:11.000Z</time>
      </trkpt>
      <trkpt lat="36.881611" lon="-4.950057">
        <ele>605.723496</ele>
        <time>2026-05-18T08:51:12.000Z</time>
      </trkpt>
      <trkpt lat="36.881594" lon="-4.950032">
        <ele>605.520866</ele>
        <time>2026-05-18T08:51:17.000Z</time>
      </trkpt>
      <trkpt lat="36.881579" lon="-4.950014">
        <ele>605.360348</ele>
        <time>2026-05-18T08:51:21.000Z</time>
      </trkpt>
      <trkpt lat="36.881568" lon="-4.950037">
        <ele>605.194864</ele>
        <time>2026-05-18T08:51:28.000Z</time>
      </trkpt>
      <trkpt lat="36.881567" lon="-4.950045">
        <ele>605.144862</ele>
        <time>2026-05-18T08:51:29.000Z</time>
      </trkpt>
      <trkpt lat="36.881572" lon="-4.950056">
        <ele>605.066732</ele>
        <time>2026-05-18T08:51:32.000Z</time>
      </trkpt>
      <trkpt lat="36.881584" lon="-4.950059">
        <ele>604.972254</ele>
        <time>2026-05-18T08:51:36.000Z</time>
      </trkpt>
      <trkpt lat="36.881605" lon="-4.950068">
        <ele>604.800867</ele>
        <time>2026-05-18T08:51:41.000Z</time>
      </trkpt>
      <trkpt lat="36.881640" lon="-4.950110">
        <ele>604.426324</ele>
        <time>2026-05-18T08:51:51.000Z</time>
      </trkpt>
      <trkpt lat="36.881636" lon="-4.950085">
        <ele>604.268884</ele>
        <time>2026-05-18T08:51:58.000Z</time>
      </trkpt>
      <trkpt lat="36.881634" lon="-4.950085">
        <ele>604.253444</ele>
        <time>2026-05-18T08:52:00.000Z</time>
      </trkpt>
      <trkpt lat="36.881564" lon="-4.950061">
        <ele>603.693070</ele>
        <time>2026-05-18T08:52:08.000Z</time>
      </trkpt>
      <trkpt lat="36.881549" lon="-4.950058">
        <ele>603.575793</ele>
        <time>2026-05-18T08:52:09.000Z</time>
      </trkpt>
      <trkpt lat="36.881463" lon="-4.950060">
        <ele>602.911734</ele>
        <time>2026-05-18T08:52:16.000Z</time>
      </trkpt>
      <trkpt lat="36.881427" lon="-4.950051">
        <ele>602.628301</ele>
        <time>2026-05-18T08:52:20.000Z</time>
      </trkpt>
      <trkpt lat="36.881400" lon="-4.950020">
        <ele>602.345286</ele>
        <time>2026-05-18T08:52:24.000Z</time>
      </trkpt>
      <trkpt lat="36.881347" lon="-4.949910">
        <ele>601.552286</ele>
        <time>2026-05-18T08:52:30.000Z</time>
      </trkpt>
      <trkpt lat="36.881340" lon="-4.949848">
        <ele>601.165622</ele>
        <time>2026-05-18T08:52:34.000Z</time>
      </trkpt>
      <trkpt lat="36.881335" lon="-4.949799">
        <ele>600.860580</ele>
        <time>2026-05-18T08:52:37.000Z</time>
      </trkpt>
      <trkpt lat="36.881325" lon="-4.949701">
        <ele>600.250495</ele>
        <time>2026-05-18T08:52:43.000Z</time>
      </trkpt>
      <trkpt lat="36.881324" lon="-4.949667">
        <ele>600.040393</ele>
        <time>2026-05-18T08:52:45.000Z</time>
      </trkpt>
      <trkpt lat="36.881320" lon="-4.949608">
        <ele>599.674744</ele>
        <time>2026-05-18T08:52:49.000Z</time>
      </trkpt>
      <trkpt lat="36.881320" lon="-4.949581">
        <ele>599.508011</ele>
        <time>2026-05-18T08:52:51.000Z</time>
      </trkpt>
      <trkpt lat="36.881322" lon="-4.949566">
        <ele>599.414103</ele>
        <time>2026-05-18T08:52:52.000Z</time>
      </trkpt>
      <trkpt lat="36.881327" lon="-4.949525">
        <ele>599.157990</ele>
        <time>2026-05-18T08:52:55.000Z</time>
      </trkpt>
      <trkpt lat="36.881344" lon="-4.949490">
        <ele>598.905126</ele>
        <time>2026-05-18T08:52:58.000Z</time>
      </trkpt>
      <trkpt lat="36.881381" lon="-4.949446">
        <ele>598.510888</ele>
        <time>2026-05-18T08:53:03.000Z</time>
      </trkpt>
      <trkpt lat="36.881411" lon="-4.949416">
        <ele>598.214301</ele>
        <time>2026-05-18T08:53:06.000Z</time>
      </trkpt>
      <trkpt lat="36.881449" lon="-4.949368">
        <ele>597.797255</ele>
        <time>2026-05-18T08:53:10.000Z</time>
      </trkpt>
      <trkpt lat="36.881544" lon="-4.949295">
        <ele>597.345454</ele>
        <time>2026-05-18T08:53:19.000Z</time>
      </trkpt>
      <trkpt lat="36.881554" lon="-4.949284">
        <ele>597.362924</ele>
        <time>2026-05-18T08:53:20.000Z</time>
      </trkpt>
      <trkpt lat="36.881587" lon="-4.949213">
        <ele>597.449075</ele>
        <time>2026-05-18T08:53:27.000Z</time>
      </trkpt>
      <trkpt lat="36.881568" lon="-4.949141">
        <ele>597.528618</ele>
        <time>2026-05-18T08:53:32.000Z</time>
      </trkpt>
      <trkpt lat="36.881547" lon="-4.949107">
        <ele>597.573685</ele>
        <time>2026-05-18T08:53:35.000Z</time>
      </trkpt>
      <trkpt lat="36.881498" lon="-4.949055">
        <ele>597.657987</ele>
        <time>2026-05-18T08:53:42.000Z</time>
      </trkpt>
      <trkpt lat="36.881497" lon="-4.949050">
        <ele>597.663394</ele>
        <time>2026-05-18T08:53:43.000Z</time>
      </trkpt>
      <trkpt lat="36.881514" lon="-4.949047">
        <ele>597.685913</ele>
        <time>2026-05-18T08:53:48.000Z</time>
      </trkpt>
      <trkpt lat="36.881512" lon="-4.949049">
        <ele>597.689272</ele>
        <time>2026-05-18T08:53:49.000Z</time>
      </trkpt>
      <trkpt lat="36.881506" lon="-4.949058">
        <ele>597.701564</ele>
        <time>2026-05-18T08:53:52.000Z</time>
      </trkpt>
      <trkpt lat="36.881496" lon="-4.949047">
        <ele>597.719035</ele>
        <time>2026-05-18T08:53:57.000Z</time>
      </trkpt>
      <trkpt lat="36.881493" lon="-4.949037">
        <ele>597.730240</ele>
        <time>2026-05-18T08:53:59.000Z</time>
      </trkpt>
      <trkpt lat="36.881499" lon="-4.949031">
        <ele>597.740317</ele>
        <time>2026-05-18T08:54:06.000Z</time>
      </trkpt>
      <trkpt lat="36.881564" lon="-4.949043">
        <ele>597.826497</ele>
        <time>2026-05-18T08:54:15.000Z</time>
      </trkpt>
      <trkpt lat="36.881540" lon="-4.949042">
        <ele>597.857993</ele>
        <time>2026-05-18T08:54:24.000Z</time>
      </trkpt>
      <trkpt lat="36.881538" lon="-4.949031">
        <ele>597.869828</ele>
        <time>2026-05-18T08:54:33.000Z</time>
      </trkpt>
      <trkpt lat="36.881494" lon="-4.949063">
        <ele>597.936594</ele>
        <time>2026-05-18T08:54:42.000Z</time>
      </trkpt>
      <trkpt lat="36.881491" lon="-4.949069">
        <ele>597.944018</ele>
        <time>2026-05-18T08:54:45.000Z</time>
      </trkpt>
      <trkpt lat="36.881503" lon="-4.949077">
        <ele>597.961855</ele>
        <time>2026-05-18T08:54:51.000Z</time>
      </trkpt>
      <trkpt lat="36.881499" lon="-4.949080">
        <ele>597.967973</ele>
        <time>2026-05-18T08:54:53.000Z</time>
      </trkpt>
      <trkpt lat="36.881484" lon="-4.949078">
        <ele>597.987759</ele>
        <time>2026-05-18T08:54:59.000Z</time>
      </trkpt>
      <trkpt lat="36.881458" lon="-4.949030">
        <ele>598.048578</ele>
        <time>2026-05-18T08:55:08.000Z</time>
      </trkpt>
      <trkpt lat="36.881396" lon="-4.948993">
        <ele>598.138689</ele>
        <time>2026-05-18T08:55:17.000Z</time>
      </trkpt>
      <trkpt lat="36.881389" lon="-4.948993">
        <ele>598.147870</ele>
        <time>2026-05-18T08:55:18.000Z</time>
      </trkpt>
      <trkpt lat="36.881366" lon="-4.948986">
        <ele>598.178918</ele>
        <time>2026-05-18T08:55:27.000Z</time>
      </trkpt>
      <trkpt lat="36.881375" lon="-4.948987">
        <ele>598.190770</ele>
        <time>2026-05-18T08:55:35.000Z</time>
      </trkpt>
      <trkpt lat="36.881394" lon="-4.948983">
        <ele>598.216041</ele>
        <time>2026-05-18T08:55:45.000Z</time>
      </trkpt>
      <trkpt lat="36.881411" lon="-4.948998">
        <ele>598.243333</ele>
        <time>2026-05-18T08:55:53.000Z</time>
      </trkpt>
      <trkpt lat="36.881410" lon="-4.948999">
        <ele>598.245012</ele>
        <time>2026-05-18T08:55:55.000Z</time>
      </trkpt>
      <trkpt lat="36.881406" lon="-4.948998">
        <ele>598.250363</ele>
        <time>2026-05-18T08:55:57.000Z</time>
      </trkpt>
      <trkpt lat="36.881389" lon="-4.949000">
        <ele>598.272759</ele>
        <time>2026-05-18T08:56:02.000Z</time>
      </trkpt>
      <trkpt lat="36.881382" lon="-4.948998">
        <ele>598.282177</ele>
        <time>2026-05-18T08:56:04.000Z</time>
      </trkpt>
      <trkpt lat="36.881380" lon="-4.948999">
        <ele>598.285002</ele>
        <time>2026-05-18T08:56:05.000Z</time>
      </trkpt>
      <trkpt lat="36.881354" lon="-4.948975">
        <ele>598.327393</ele>
        <time>2026-05-18T08:56:12.000Z</time>
      </trkpt>
      <trkpt lat="36.881342" lon="-4.948960">
        <ele>598.349650</ele>
        <time>2026-05-18T08:56:23.000Z</time>
      </trkpt>
      <trkpt lat="36.881343" lon="-4.948957">
        <ele>598.353060</ele>
        <time>2026-05-18T08:56:24.000Z</time>
      </trkpt>
      <trkpt lat="36.881340" lon="-4.948944">
        <ele>598.367255</ele>
        <time>2026-05-18T08:56:34.000Z</time>
      </trkpt>
      <trkpt lat="36.881340" lon="-4.948945">
        <ele>598.368304</ele>
        <time>2026-05-18T08:56:35.000Z</time>
      </trkpt>
      <trkpt lat="36.881358" lon="-4.948946">
        <ele>598.391937</ele>
        <time>2026-05-18T08:56:42.000Z</time>
      </trkpt>
      <trkpt lat="36.881383" lon="-4.948951">
        <ele>598.425144</ele>
        <time>2026-05-18T08:56:46.000Z</time>
      </trkpt>
      <trkpt lat="36.881374" lon="-4.948961">
        <ele>598.440937</ele>
        <time>2026-05-18T08:56:51.000Z</time>
      </trkpt>
      <trkpt lat="36.881354" lon="-4.948963">
        <ele>598.467253</ele>
        <time>2026-05-18T08:56:55.000Z</time>
      </trkpt>
      <trkpt lat="36.881296" lon="-4.948923">
        <ele>598.554135</ele>
        <time>2026-05-18T08:57:00.000Z</time>
      </trkpt>
      <trkpt lat="36.881289" lon="-4.948909">
        <ele>598.571456</ele>
        <time>2026-05-18T08:57:01.000Z</time>
      </trkpt>
      <trkpt lat="36.881281" lon="-4.948890">
        <ele>598.593983</ele>
        <time>2026-05-18T08:57:02.000Z</time>
      </trkpt>
      <trkpt lat="36.881258" lon="-4.948844">
        <ele>598.650896</ele>
        <time>2026-05-18T08:57:04.000Z</time>
      </trkpt>
      <trkpt lat="36.881251" lon="-4.948796">
        <ele>598.702085</ele>
        <time>2026-05-18T08:57:07.000Z</time>
      </trkpt>
      <trkpt lat="36.881256" lon="-4.948791">
        <ele>598.710483</ele>
        <time>2026-05-18T08:57:08.000Z</time>
      </trkpt>
      <trkpt lat="36.881274" lon="-4.948729">
        <ele>598.779682</ele>
        <time>2026-05-18T08:57:13.000Z</time>
      </trkpt>
      <trkpt lat="36.881280" lon="-4.948721">
        <ele>598.791187</ele>
        <time>2026-05-18T08:57:14.000Z</time>
      </trkpt>
      <trkpt lat="36.881346" lon="-4.948674">
        <ele>598.890813</ele>
        <time>2026-05-18T08:57:21.000Z</time>
      </trkpt>
      <trkpt lat="36.881356" lon="-4.948671">
        <ele>598.904302</ele>
        <time>2026-05-18T08:57:22.000Z</time>
      </trkpt>
      <trkpt lat="36.881378" lon="-4.948665">
        <ele>598.933836</ele>
        <time>2026-05-18T08:57:24.000Z</time>
      </trkpt>
      <trkpt lat="36.881420" lon="-4.948616">
        <ele>599.009185</ele>
        <time>2026-05-18T08:57:29.000Z</time>
      </trkpt>
      <trkpt lat="36.881449" lon="-4.948582">
        <ele>599.061331</ele>
        <time>2026-05-18T08:57:32.000Z</time>
      </trkpt>
      <trkpt lat="36.881457" lon="-4.948543">
        <ele>599.103571</ele>
        <time>2026-05-18T08:57:35.000Z</time>
      </trkpt>
      <trkpt lat="36.881456" lon="-4.948502">
        <ele>599.146606</ele>
        <time>2026-05-18T08:57:38.000Z</time>
      </trkpt>
      <trkpt lat="36.881438" lon="-4.948468">
        <ele>599.189382</ele>
        <time>2026-05-18T08:57:41.000Z</time>
      </trkpt>
      <trkpt lat="36.881418" lon="-4.948414">
        <ele>599.251814</ele>
        <time>2026-05-18T08:57:44.000Z</time>
      </trkpt>
      <trkpt lat="36.881414" lon="-4.948389">
        <ele>599.278562</ele>
        <time>2026-05-18T08:57:46.000Z</time>
      </trkpt>
      <trkpt lat="36.881405" lon="-4.948363">
        <ele>599.308285</ele>
        <time>2026-05-18T08:57:48.000Z</time>
      </trkpt>
      <trkpt lat="36.881393" lon="-4.948298">
        <ele>599.378271</ele>
        <time>2026-05-18T08:57:54.000Z</time>
      </trkpt>
      <trkpt lat="36.881377" lon="-4.948263">
        <ele>599.420565</ele>
        <time>2026-05-18T08:57:57.000Z</time>
      </trkpt>
      <trkpt lat="36.881349" lon="-4.948224">
        <ele>599.475546</ele>
        <time>2026-05-18T08:58:01.000Z</time>
      </trkpt>
      <trkpt lat="36.881336" lon="-4.948185">
        <ele>599.519873</ele>
        <time>2026-05-18T08:58:04.000Z</time>
      </trkpt>
      <trkpt lat="36.881320" lon="-4.948157">
        <ele>599.555975</ele>
        <time>2026-05-18T08:58:07.000Z</time>
      </trkpt>
      <trkpt lat="36.881293" lon="-4.948101">
        <ele>599.624575</ele>
        <time>2026-05-18T08:58:12.000Z</time>
      </trkpt>
      <trkpt lat="36.881287" lon="-4.948086">
        <ele>599.642170</ele>
        <time>2026-05-18T08:58:13.000Z</time>
      </trkpt>
      <trkpt lat="36.881276" lon="-4.948063">
        <ele>599.961092</ele>
        <time>2026-05-18T08:58:15.000Z</time>
      </trkpt>
      <trkpt lat="36.881260" lon="-4.948027">
        <ele>600.504892</ele>
        <time>2026-05-18T08:58:19.000Z</time>
      </trkpt>
      <trkpt lat="36.881258" lon="-4.948013">
        <ele>600.692675</ele>
        <time>2026-05-18T08:58:22.000Z</time>
      </trkpt>
      <trkpt lat="36.881251" lon="-4.947982">
        <ele>601.118003</ele>
        <time>2026-05-18T08:58:25.000Z</time>
      </trkpt>
      <trkpt lat="36.881248" lon="-4.947956">
        <ele>601.464865</ele>
        <time>2026-05-18T08:58:27.000Z</time>
      </trkpt>
      <trkpt lat="36.881231" lon="-4.947904">
        <ele>602.206617</ele>
        <time>2026-05-18T08:58:31.000Z</time>
      </trkpt>
      <trkpt lat="36.881218" lon="-4.947879">
        <ele>602.600346</ele>
        <time>2026-05-18T08:58:33.000Z</time>
      </trkpt>
      <trkpt lat="36.881189" lon="-4.947849">
        <ele>603.221708</ele>
        <time>2026-05-18T08:58:38.000Z</time>
      </trkpt>
      <trkpt lat="36.881181" lon="-4.947830">
        <ele>603.505223</ele>
        <time>2026-05-18T08:58:40.000Z</time>
      </trkpt>
      <trkpt lat="36.881171" lon="-4.947804">
        <ele>603.886158</ele>
        <time>2026-05-18T08:58:42.000Z</time>
      </trkpt>
      <trkpt lat="36.881145" lon="-4.947758">
        <ele>604.629890</ele>
        <time>2026-05-18T08:58:46.000Z</time>
      </trkpt>
      <trkpt lat="36.881138" lon="-4.947746">
        <ele>604.826000</ele>
        <time>2026-05-18T08:58:47.000Z</time>
      </trkpt>
      <trkpt lat="36.881112" lon="-4.947713">
        <ele>605.437621</ele>
        <time>2026-05-18T08:58:50.000Z</time>
      </trkpt>
      <trkpt lat="36.881101" lon="-4.947730">
        <ele>605.726343</ele>
        <time>2026-05-18T08:58:55.000Z</time>
      </trkpt>
      <trkpt lat="36.881106" lon="-4.947735">
        <ele>605.832038</ele>
        <time>2026-05-18T08:58:56.000Z</time>
      </trkpt>
      <trkpt lat="36.881099" lon="-4.947706">
        <ele>606.232015</ele>
        <time>2026-05-18T08:59:00.000Z</time>
      </trkpt>
      <trkpt lat="36.881087" lon="-4.947674">
        <ele>606.698680</ele>
        <time>2026-05-18T08:59:03.000Z</time>
      </trkpt>
      <trkpt lat="36.881053" lon="-4.947576">
        <ele>608.109170</ele>
        <time>2026-05-18T08:59:10.000Z</time>
      </trkpt>
      <trkpt lat="36.881019" lon="-4.947500">
        <ele>609.258981</ele>
        <time>2026-05-18T08:59:17.000Z</time>
      </trkpt>
      <trkpt lat="36.881011" lon="-4.947490">
        <ele>609.445731</ele>
        <time>2026-05-18T08:59:18.000Z</time>
      </trkpt>
      <trkpt lat="36.880991" lon="-4.947455">
        <ele>610.013694</ele>
        <time>2026-05-18T08:59:21.000Z</time>
      </trkpt>
      <trkpt lat="36.880987" lon="-4.947446">
        <ele>610.149644</ele>
        <time>2026-05-18T08:59:22.000Z</time>
      </trkpt>
      <trkpt lat="36.880981" lon="-4.947436">
        <ele>610.314705</ele>
        <time>2026-05-18T08:59:23.000Z</time>
      </trkpt>
      <trkpt lat="36.880975" lon="-4.947423">
        <ele>610.512886</ele>
        <time>2026-05-18T08:59:24.000Z</time>
      </trkpt>
      <trkpt lat="36.880970" lon="-4.947411">
        <ele>610.691545</ele>
        <time>2026-05-18T08:59:26.000Z</time>
      </trkpt>
      <trkpt lat="36.880947" lon="-4.947342">
        <ele>611.678583</ele>
        <time>2026-05-18T08:59:33.000Z</time>
      </trkpt>
      <trkpt lat="36.880925" lon="-4.947283">
        <ele>612.538123</ele>
        <time>2026-05-18T08:59:40.000Z</time>
      </trkpt>
      <trkpt lat="36.880917" lon="-4.947235">
        <ele>613.185539</ele>
        <time>2026-05-18T08:59:45.000Z</time>
      </trkpt>
      <trkpt lat="36.880911" lon="-4.947213">
        <ele>613.492453</ele>
        <time>2026-05-18T08:59:48.000Z</time>
      </trkpt>
      <trkpt lat="36.880902" lon="-4.947189">
        <ele>613.842452</ele>
        <time>2026-05-18T08:59:50.000Z</time>
      </trkpt>
      <trkpt lat="36.880891" lon="-4.947136">
        <ele>614.565451</ele>
        <time>2026-05-18T08:59:55.000Z</time>
      </trkpt>
      <trkpt lat="36.880871" lon="-4.947068">
        <ele>615.522114</ele>
        <time>2026-05-18T09:00:02.000Z</time>
      </trkpt>
      <trkpt lat="36.880858" lon="-4.947000">
        <ele>616.445292</ele>
        <time>2026-05-18T09:00:08.000Z</time>
      </trkpt>
      <trkpt lat="36.880857" lon="-4.946987">
        <ele>616.617739</ele>
        <time>2026-05-18T09:00:09.000Z</time>
      </trkpt>
      <trkpt lat="36.880856" lon="-4.946927">
        <ele>617.410166</ele>
        <time>2026-05-18T09:00:15.000Z</time>
      </trkpt>
      <trkpt lat="36.880839" lon="-4.946882">
        <ele>618.067293</ele>
        <time>2026-05-18T09:00:22.000Z</time>
      </trkpt>
      <trkpt lat="36.880831" lon="-4.946888">
        <ele>618.221296</ele>
        <time>2026-05-18T09:00:28.000Z</time>
      </trkpt>
      <trkpt lat="36.880834" lon="-4.946896">
        <ele>618.337962</ele>
        <time>2026-05-18T09:00:30.000Z</time>
      </trkpt>
      <trkpt lat="36.880842" lon="-4.946878">
        <ele>618.609864</ele>
        <time>2026-05-18T09:00:34.000Z</time>
      </trkpt>
      <trkpt lat="36.880831" lon="-4.946840">
        <ele>619.143472</ele>
        <time>2026-05-18T09:00:38.000Z</time>
      </trkpt>
      <trkpt lat="36.880825" lon="-4.946839">
        <ele>619.243394</ele>
        <time>2026-05-18T09:00:40.000Z</time>
      </trkpt>
      <trkpt lat="36.880820" lon="-4.946832">
        <ele>619.367313</ele>
        <time>2026-05-18T09:00:43.000Z</time>
      </trkpt>
      <trkpt lat="36.880816" lon="-4.946823">
        <ele>619.503263</ele>
        <time>2026-05-18T09:00:45.000Z</time>
      </trkpt>
      <trkpt lat="36.880806" lon="-4.946831">
        <ele>619.699245</ele>
        <time>2026-05-18T09:00:53.000Z</time>
      </trkpt>
      <trkpt lat="36.880802" lon="-4.946816">
        <ele>619.908026</ele>
        <time>2026-05-18T09:00:55.000Z</time>
      </trkpt>
      <trkpt lat="36.880795" lon="-4.946800">
        <ele>620.148830</ele>
        <time>2026-05-18T09:00:56.000Z</time>
      </trkpt>
      <trkpt lat="36.880788" lon="-4.946782">
        <ele>620.413108</ele>
        <time>2026-05-18T09:00:58.000Z</time>
      </trkpt>
      <trkpt lat="36.880764" lon="-4.946704">
        <ele>621.516613</ele>
        <time>2026-05-18T09:01:05.000Z</time>
      </trkpt>
      <trkpt lat="36.880761" lon="-4.946698">
        <ele>621.610043</ele>
        <time>2026-05-18T09:01:06.000Z</time>
      </trkpt>
      <trkpt lat="36.880745" lon="-4.946665">
        <ele>622.119583</ele>
        <time>2026-05-18T09:01:10.000Z</time>
      </trkpt>
      <trkpt lat="36.880742" lon="-4.946655">
        <ele>622.260607</ele>
        <time>2026-05-18T09:01:11.000Z</time>
      </trkpt>
      <trkpt lat="36.880736" lon="-4.946648">
        <ele>622.396082</ele>
        <time>2026-05-18T09:01:12.000Z</time>
      </trkpt>
      <trkpt lat="36.880721" lon="-4.946605">
        <ele>623.015510</ele>
        <time>2026-05-18T09:01:17.000Z</time>
      </trkpt>
      <trkpt lat="36.880716" lon="-4.946582">
        <ele>623.330224</ele>
        <time>2026-05-18T09:01:20.000Z</time>
      </trkpt>
      <trkpt lat="36.880696" lon="-4.946543">
        <ele>623.941937</ele>
        <time>2026-05-18T09:01:23.000Z</time>
      </trkpt>
      <trkpt lat="36.880688" lon="-4.946524">
        <ele>624.225453</ele>
        <time>2026-05-18T09:01:25.000Z</time>
      </trkpt>
      <trkpt lat="36.880671" lon="-4.946480">
        <ele>624.870667</ele>
        <time>2026-05-18T09:01:28.000Z</time>
      </trkpt>
      <trkpt lat="36.880651" lon="-4.946425">
        <ele>625.668425</ele>
        <time>2026-05-18T09:01:33.000Z</time>
      </trkpt>
      <trkpt lat="36.880635" lon="-4.946404">
        <ele>626.051375</ele>
        <time>2026-05-18T09:01:35.000Z</time>
      </trkpt>
      <trkpt lat="36.880600" lon="-4.946391">
        <ele>626.654104</ele>
        <time>2026-05-18T09:01:39.000Z</time>
      </trkpt>
      <trkpt lat="36.880580" lon="-4.946379">
        <ele>627.020312</ele>
        <time>2026-05-18T09:01:41.000Z</time>
      </trkpt>
      <trkpt lat="36.880573" lon="-4.946375">
        <ele>627.147365</ele>
        <time>2026-05-18T09:01:43.000Z</time>
      </trkpt>
      <trkpt lat="36.880570" lon="-4.946372">
        <ele>627.210781</ele>
        <time>2026-05-18T09:01:45.000Z</time>
      </trkpt>
      <trkpt lat="36.880583" lon="-4.946380">
        <ele>627.449971</ele>
        <time>2026-05-18T09:01:50.000Z</time>
      </trkpt>
      <trkpt lat="36.880575" lon="-4.946369">
        <ele>627.646279</ele>
        <time>2026-05-18T09:01:53.000Z</time>
      </trkpt>
      <trkpt lat="36.880500" lon="-4.946305">
        <ele>629.145274</ele>
        <time>2026-05-18T09:02:00.000Z</time>
      </trkpt>
      <trkpt lat="36.880474" lon="-4.946298">
        <ele>629.542332</ele>
        <time>2026-05-18T09:02:02.000Z</time>
      </trkpt>
      <trkpt lat="36.880459" lon="-4.946293">
        <ele>629.755167</ele>
        <time>2026-05-18T09:02:03.000Z</time>
      </trkpt>
      <trkpt lat="36.880436" lon="-4.946290">
        <ele>630.072209</ele>
        <time>2026-05-18T09:02:06.000Z</time>
      </trkpt>
      <trkpt lat="36.880432" lon="-4.946288">
        <ele>630.131273</ele>
        <time>2026-05-18T09:02:07.000Z</time>
      </trkpt>
      <trkpt lat="36.880406" lon="-4.946286">
        <ele>630.488408</ele>
        <time>2026-05-18T09:02:11.000Z</time>
      </trkpt>
      <trkpt lat="36.880396" lon="-4.946281">
        <ele>630.636067</ele>
        <time>2026-05-18T09:02:13.000Z</time>
      </trkpt>
      <trkpt lat="36.880382" lon="-4.946278">
        <ele>630.830806</ele>
        <time>2026-05-18T09:02:15.000Z</time>
      </trkpt>
      <trkpt lat="36.880372" lon="-4.946276">
        <ele>630.969650</ele>
        <time>2026-05-18T09:02:16.000Z</time>
      </trkpt>
      <trkpt lat="36.880329" lon="-4.946259">
        <ele>631.587957</ele>
        <time>2026-05-18T09:02:20.000Z</time>
      </trkpt>
      <trkpt lat="36.880285" lon="-4.946246">
        <ele>632.207816</ele>
        <time>2026-05-18T09:02:23.000Z</time>
      </trkpt>
      <trkpt lat="36.880244" lon="-4.946224">
        <ele>632.819517</ele>
        <time>2026-05-18T09:02:27.000Z</time>
      </trkpt>
      <trkpt lat="36.880223" lon="-4.946216">
        <ele>633.120498</ele>
        <time>2026-05-18T09:02:29.000Z</time>
      </trkpt>
      <trkpt lat="36.880186" lon="-4.946202">
        <ele>633.650494</ele>
        <time>2026-05-18T09:02:35.000Z</time>
      </trkpt>
      <trkpt lat="36.880177" lon="-4.946200">
        <ele>633.775819</ele>
        <time>2026-05-18T09:02:36.000Z</time>
      </trkpt>
      <trkpt lat="36.880120" lon="-4.946178">
        <ele>634.593686</ele>
        <time>2026-05-18T09:02:42.000Z</time>
      </trkpt>
      <trkpt lat="36.880119" lon="-4.946173">
        <ele>634.650207</ele>
        <time>2026-05-18T09:02:43.000Z</time>
      </trkpt>
      <trkpt lat="36.880083" lon="-4.946136">
        <ele>635.289148</ele>
        <time>2026-05-18T09:02:48.000Z</time>
      </trkpt>
      <trkpt lat="36.880082" lon="-4.946131">
        <ele>635.345669</ele>
        <time>2026-05-18T09:02:50.000Z</time>
      </trkpt>
      <trkpt lat="36.880071" lon="-4.946130">
        <ele>635.496878</ele>
        <time>2026-05-18T09:02:55.000Z</time>
      </trkpt>
      <trkpt lat="36.880074" lon="-4.946139">
        <ele>635.603804</ele>
        <time>2026-05-18T09:03:02.000Z</time>
      </trkpt>
      <trkpt lat="36.880068" lon="-4.946134">
        <ele>635.702664</ele>
        <time>2026-05-18T09:03:05.000Z</time>
      </trkpt>
      <trkpt lat="36.880068" lon="-4.946135">
        <ele>635.713631</ele>
        <time>2026-05-18T09:03:06.000Z</time>
      </trkpt>
      <trkpt lat="36.880071" lon="-4.946151">
        <ele>635.893852</ele>
        <time>2026-05-18T09:03:11.000Z</time>
      </trkpt>
      <trkpt lat="36.880037" lon="-4.946125">
        <ele>636.440283</ele>
        <time>2026-05-18T09:03:14.000Z</time>
      </trkpt>
      <trkpt lat="36.880033" lon="-4.946121">
        <ele>636.510509</ele>
        <time>2026-05-18T09:03:15.000Z</time>
      </trkpt>
      <trkpt lat="36.880036" lon="-4.946121">
        <ele>636.551639</ele>
        <time>2026-05-18T09:03:23.000Z</time>
      </trkpt>
      <trkpt lat="36.880038" lon="-4.946121">
        <ele>636.579060</ele>
        <time>2026-05-18T09:03:24.000Z</time>
      </trkpt>
      <trkpt lat="36.880015" lon="-4.946076">
        <ele>637.164697</ele>
        <time>2026-05-18T09:03:30.000Z</time>
      </trkpt>
      <trkpt lat="36.879992" lon="-4.946035">
        <ele>637.713879</ele>
        <time>2026-05-18T09:03:35.000Z</time>
      </trkpt>
      <trkpt lat="36.879993" lon="-4.946037">
        <ele>637.739744</ele>
        <time>2026-05-18T09:03:37.000Z</time>
      </trkpt>
      <trkpt lat="36.879998" lon="-4.946066">
        <ele>638.065079</ele>
        <time>2026-05-18T09:03:48.000Z</time>
      </trkpt>
      <trkpt lat="36.879980" lon="-4.946052">
        <ele>638.355721</ele>
        <time>2026-05-18T09:03:50.000Z</time>
      </trkpt>
      <trkpt lat="36.879971" lon="-4.946042">
        <ele>638.520802</ele>
        <time>2026-05-18T09:03:51.000Z</time>
      </trkpt>
      <trkpt lat="36.879926" lon="-4.945962">
        <ele>639.593337</ele>
        <time>2026-05-18T09:03:58.000Z</time>
      </trkpt>
      <trkpt lat="36.879924" lon="-4.945956">
        <ele>639.664622</ele>
        <time>2026-05-18T09:03:59.000Z</time>
      </trkpt>
      <trkpt lat="36.879910" lon="-4.945908">
        <ele>640.224920</ele>
        <time>2026-05-18T09:04:05.000Z</time>
      </trkpt>
      <trkpt lat="36.879902" lon="-4.945881">
        <ele>640.540679</ele>
        <time>2026-05-18T09:04:07.000Z</time>
      </trkpt>
      <trkpt lat="36.879877" lon="-4.945818">
        <ele>641.311921</ele>
        <time>2026-05-18T09:04:12.000Z</time>
      </trkpt>
      <trkpt lat="36.879863" lon="-4.945785">
        <ele>641.721569</ele>
        <time>2026-05-18T09:04:14.000Z</time>
      </trkpt>
      <trkpt lat="36.879862" lon="-4.945776">
        <ele>641.821216</ele>
        <time>2026-05-18T09:04:15.000Z</time>
      </trkpt>
      <trkpt lat="36.879858" lon="-4.945764">
        <ele>641.963784</ele>
        <time>2026-05-18T09:04:17.000Z</time>
      </trkpt>
      <trkpt lat="36.879844" lon="-4.945719">
        <ele>642.493294</ele>
        <time>2026-05-18T09:04:21.000Z</time>
      </trkpt>
      <trkpt lat="36.879843" lon="-4.945708">
        <ele>642.614703</ele>
        <time>2026-05-18T09:04:22.000Z</time>
      </trkpt>
      <trkpt lat="36.879838" lon="-4.945691">
        <ele>642.813339</ele>
        <time>2026-05-18T09:04:23.000Z</time>
      </trkpt>
      <trkpt lat="36.879834" lon="-4.945676">
        <ele>642.986738</ele>
        <time>2026-05-18T09:04:24.000Z</time>
      </trkpt>
      <trkpt lat="36.879833" lon="-4.945617">
        <ele>643.633913</ele>
        <time>2026-05-18T09:04:30.000Z</time>
      </trkpt>
      <trkpt lat="36.879840" lon="-4.945598">
        <ele>643.863317</ele>
        <time>2026-05-18T09:04:32.000Z</time>
      </trkpt>
      <trkpt lat="36.879851" lon="-4.945523">
        <ele>644.699524</ele>
        <time>2026-05-18T09:04:37.000Z</time>
      </trkpt>
      <trkpt lat="36.879852" lon="-4.945510">
        <ele>644.842748</ele>
        <time>2026-05-18T09:04:38.000Z</time>
      </trkpt>
      <trkpt lat="36.879839" lon="-4.945446">
        <ele>645.566886</ele>
        <time>2026-05-18T09:04:43.000Z</time>
      </trkpt>
      <trkpt lat="36.879837" lon="-4.945438">
        <ele>645.658804</ele>
        <time>2026-05-18T09:04:44.000Z</time>
      </trkpt>
      <trkpt lat="36.879834" lon="-4.945369">
        <ele>646.416617</ele>
        <time>2026-05-18T09:04:50.000Z</time>
      </trkpt>
      <trkpt lat="36.879837" lon="-4.945360">
        <ele>646.523543</ele>
        <time>2026-05-18T09:04:51.000Z</time>
      </trkpt>
      <trkpt lat="36.879837" lon="-4.945305">
        <ele>647.126706</ele>
        <time>2026-05-18T09:04:56.000Z</time>
      </trkpt>
      <trkpt lat="36.879837" lon="-4.945279">
        <ele>647.411838</ele>
        <time>2026-05-18T09:04:59.000Z</time>
      </trkpt>
      <trkpt lat="36.879834" lon="-4.945244">
        <ele>647.797866</ele>
        <time>2026-05-18T09:05:03.000Z</time>
      </trkpt>
      <trkpt lat="36.879829" lon="-4.945195">
        <ele>648.339585</ele>
        <time>2026-05-18T09:05:06.000Z</time>
      </trkpt>
      <trkpt lat="36.879824" lon="-4.945159">
        <ele>648.740289</ele>
        <time>2026-05-18T09:05:09.000Z</time>
      </trkpt>
      <trkpt lat="36.879810" lon="-4.945123">
        <ele>649.179273</ele>
        <time>2026-05-18T09:05:12.000Z</time>
      </trkpt>
      <trkpt lat="36.879791" lon="-4.945091">
        <ele>649.616318</ele>
        <time>2026-05-18T09:05:16.000Z</time>
      </trkpt>
      <trkpt lat="36.879785" lon="-4.945081">
        <ele>649.753407</ele>
        <time>2026-05-18T09:05:17.000Z</time>
      </trkpt>
      <trkpt lat="36.879740" lon="-4.944996">
        <ele>650.871242</ele>
        <time>2026-05-18T09:05:24.000Z</time>
      </trkpt>
      <trkpt lat="36.879707" lon="-4.944948">
        <ele>651.565352</ele>
        <time>2026-05-18T09:05:31.000Z</time>
      </trkpt>
      <trkpt lat="36.879705" lon="-4.944939">
        <ele>651.667789</ele>
        <time>2026-05-18T09:05:32.000Z</time>
      </trkpt>
      <trkpt lat="36.879683" lon="-4.944885">
        <ele>652.332374</ele>
        <time>2026-05-18T09:05:38.000Z</time>
      </trkpt>
      <trkpt lat="36.879661" lon="-4.944851">
        <ele>652.811961</ele>
        <time>2026-05-18T09:05:41.000Z</time>
      </trkpt>
      <trkpt lat="36.879647" lon="-4.944827">
        <ele>653.137714</ele>
        <time>2026-05-18T09:05:44.000Z</time>
      </trkpt>
      <trkpt lat="36.879632" lon="-4.944796">
        <ele>653.535041</ele>
        <time>2026-05-18T09:05:47.000Z</time>
      </trkpt>
      <trkpt lat="36.879627" lon="-4.944771">
        <ele>653.817647</ele>
        <time>2026-05-18T09:05:50.000Z</time>
      </trkpt>
      <trkpt lat="36.879620" lon="-4.944752">
        <ele>654.025265</ele>
        <time>2026-05-18T09:05:52.000Z</time>
      </trkpt>
      <trkpt lat="36.879610" lon="-4.944731">
        <ele>654.178767</ele>
        <time>2026-05-18T09:05:56.000Z</time>
      </trkpt>
      <trkpt lat="36.879605" lon="-4.944723">
        <ele>654.242533</ele>
        <time>2026-05-18T09:05:58.000Z</time>
      </trkpt>
      <trkpt lat="36.879572" lon="-4.944694">
        <ele>654.559265</ele>
        <time>2026-05-18T09:06:03.000Z</time>
      </trkpt>
      <trkpt lat="36.879558" lon="-4.944681">
        <ele>654.696201</ele>
        <time>2026-05-18T09:06:05.000Z</time>
      </trkpt>
      <trkpt lat="36.879519" lon="-4.944643">
        <ele>655.084456</ele>
        <time>2026-05-18T09:06:11.000Z</time>
      </trkpt>
      <trkpt lat="36.879491" lon="-4.944594">
        <ele>655.462683</ele>
        <time>2026-05-18T09:06:15.000Z</time>
      </trkpt>
      <trkpt lat="36.879481" lon="-4.944577">
        <ele>655.595221</ele>
        <time>2026-05-18T09:06:17.000Z</time>
      </trkpt>
      <trkpt lat="36.879466" lon="-4.944555">
        <ele>655.776787</ele>
        <time>2026-05-18T09:06:19.000Z</time>
      </trkpt>
      <trkpt lat="36.879472" lon="-4.944560">
        <ele>655.833407</ele>
        <time>2026-05-18T09:06:20.000Z</time>
      </trkpt>
      <trkpt lat="36.879455" lon="-4.944537">
        <ele>656.030097</ele>
        <time>2026-05-18T09:06:23.000Z</time>
      </trkpt>
      <trkpt lat="36.879428" lon="-4.944476">
        <ele>656.467976</ele>
        <time>2026-05-18T09:06:30.000Z</time>
      </trkpt>
      <trkpt lat="36.879419" lon="-4.944455">
        <ele>656.617613</ele>
        <time>2026-05-18T09:06:32.000Z</time>
      </trkpt>
      <trkpt lat="36.879415" lon="-4.944418">
        <ele>656.852118</ele>
        <time>2026-05-18T09:06:36.000Z</time>
      </trkpt>
      <trkpt lat="36.879375" lon="-4.944348">
        <ele>657.392443</ele>
        <time>2026-05-18T09:06:43.000Z</time>
      </trkpt>
      <trkpt lat="36.879345" lon="-4.944282">
        <ele>657.869236</ele>
        <time>2026-05-18T09:06:49.000Z</time>
      </trkpt>
      <trkpt lat="36.879328" lon="-4.944239">
        <ele>658.170501</ele>
        <time>2026-05-18T09:06:52.000Z</time>
      </trkpt>
      <trkpt lat="36.879317" lon="-4.944215">
        <ele>658.344234</ele>
        <time>2026-05-18T09:06:54.000Z</time>
      </trkpt>
      <trkpt lat="36.879290" lon="-4.944152">
        <ele>658.793147</ele>
        <time>2026-05-18T09:06:59.000Z</time>
      </trkpt>
      <trkpt lat="36.879279" lon="-4.944136">
        <ele>658.925658</ele>
        <time>2026-05-18T09:07:01.000Z</time>
      </trkpt>
      <trkpt lat="36.879230" lon="-4.944070">
        <ele>659.491235</ele>
        <time>2026-05-18T09:07:11.000Z</time>
      </trkpt>
      <trkpt lat="36.879223" lon="-4.944050">
        <ele>659.628351</ele>
        <time>2026-05-18T09:07:13.000Z</time>
      </trkpt>
      <trkpt lat="36.879214" lon="-4.944025">
        <ele>659.800543</ele>
        <time>2026-05-18T09:07:15.000Z</time>
      </trkpt>
      <trkpt lat="36.879197" lon="-4.943988">
        <ele>660.068545</ele>
        <time>2026-05-18T09:07:17.000Z</time>
      </trkpt>
      <trkpt lat="36.879194" lon="-4.943970">
        <ele>660.184029</ele>
        <time>2026-05-18T09:07:19.000Z</time>
      </trkpt>
      <trkpt lat="36.879170" lon="-4.943918">
        <ele>660.561104</ele>
        <time>2026-05-18T09:07:24.000Z</time>
      </trkpt>
      <trkpt lat="36.879134" lon="-4.943845">
        <ele>661.099744</ele>
        <time>2026-05-18T09:07:29.000Z</time>
      </trkpt>
      <trkpt lat="36.879076" lon="-4.943750">
        <ele>661.850372</ele>
        <time>2026-05-18T09:07:38.000Z</time>
      </trkpt>
      <trkpt lat="36.879042" lon="-4.943696">
        <ele>662.282007</ele>
        <time>2026-05-18T09:07:43.000Z</time>
      </trkpt>
      <trkpt lat="36.879009" lon="-4.943635">
        <ele>662.744539</ele>
        <time>2026-05-18T09:07:48.000Z</time>
      </trkpt>
      <trkpt lat="36.878964" lon="-4.943513">
        <ele>663.588354</ele>
        <time>2026-05-18T09:07:55.000Z</time>
      </trkpt>
      <trkpt lat="36.878952" lon="-4.943470">
        <ele>663.874398</ele>
        <time>2026-05-18T09:08:00.000Z</time>
      </trkpt>
      <trkpt lat="36.878945" lon="-4.943443">
        <ele>664.052668</ele>
        <time>2026-05-18T09:08:02.000Z</time>
      </trkpt>
      <trkpt lat="36.878911" lon="-4.943372">
        <ele>664.572419</ele>
        <time>2026-05-18T09:08:07.000Z</time>
      </trkpt>
      <trkpt lat="36.878908" lon="-4.943362">
        <ele>664.639500</ele>
        <time>2026-05-18T09:08:08.000Z</time>
      </trkpt>
      <trkpt lat="36.878881" lon="-4.943291">
        <ele>665.133275</ele>
        <time>2026-05-18T09:08:14.000Z</time>
      </trkpt>
      <trkpt lat="36.878857" lon="-4.943245">
        <ele>665.478224</ele>
        <time>2026-05-18T09:08:19.000Z</time>
      </trkpt>
      <trkpt lat="36.878851" lon="-4.943255">
        <ele>665.556739</ele>
        <time>2026-05-18T09:08:21.000Z</time>
      </trkpt>
      <trkpt lat="36.878849" lon="-4.943259">
        <ele>665.586367</ele>
        <time>2026-05-18T09:08:22.000Z</time>
      </trkpt>
      <trkpt lat="36.878850" lon="-4.943243">
        <ele>665.687168</ele>
        <time>2026-05-18T09:08:27.000Z</time>
      </trkpt>
      <trkpt lat="36.878857" lon="-4.943241">
        <ele>665.743550</ele>
        <time>2026-05-18T09:08:29.000Z</time>
      </trkpt>
      <trkpt lat="36.878906" lon="-4.943256">
        <ele>666.139669</ele>
        <time>2026-05-18T09:08:39.000Z</time>
      </trkpt>
      <trkpt lat="36.878905" lon="-4.943254">
        <ele>666.154483</ele>
        <time>2026-05-18T09:08:41.000Z</time>
      </trkpt>
      <trkpt lat="36.878889" lon="-4.943237">
        <ele>666.319361</ele>
        <time>2026-05-18T09:08:48.000Z</time>
      </trkpt>
      <trkpt lat="36.878892" lon="-4.943235">
        <ele>666.346057</ele>
        <time>2026-05-18T09:08:51.000Z</time>
      </trkpt>
      <trkpt lat="36.878879" lon="-4.943236">
        <ele>666.448328</ele>
        <time>2026-05-18T09:08:55.000Z</time>
      </trkpt>
      <trkpt lat="36.878870" lon="-4.943234">
        <ele>666.520104</ele>
        <time>2026-05-18T09:08:56.000Z</time>
      </trkpt>
      <trkpt lat="36.878863" lon="-4.943233">
        <ele>666.575426</ele>
        <time>2026-05-18T09:08:57.000Z</time>
      </trkpt>
      <trkpt lat="36.878860" lon="-4.943235">
        <ele>666.602123</ele>
        <time>2026-05-18T09:08:58.000Z</time>
      </trkpt>
      <trkpt lat="36.878857" lon="-4.943236">
        <ele>666.626502</ele>
        <time>2026-05-18T09:08:59.000Z</time>
      </trkpt>
      <trkpt lat="36.878843" lon="-4.943237">
        <ele>666.736610</ele>
        <time>2026-05-18T09:09:04.000Z</time>
      </trkpt>
      <trkpt lat="36.878837" lon="-4.943230">
        <ele>666.801051</ele>
        <time>2026-05-18T09:09:08.000Z</time>
      </trkpt>
      <trkpt lat="36.878846" lon="-4.943213">
        <ele>666.929095</ele>
        <time>2026-05-18T09:09:18.000Z</time>
      </trkpt>
      <trkpt lat="36.878822" lon="-4.943142">
        <ele>667.413224</ele>
        <time>2026-05-18T09:09:25.000Z</time>
      </trkpt>
      <trkpt lat="36.878817" lon="-4.943127">
        <ele>667.515291</ele>
        <time>2026-05-18T09:09:26.000Z</time>
      </trkpt>
      <trkpt lat="36.878813" lon="-4.943112">
        <ele>667.614602</ele>
        <time>2026-05-18T09:09:27.000Z</time>
      </trkpt>
      <trkpt lat="36.878808" lon="-4.943098">
        <ele>667.710902</ele>
        <time>2026-05-18T09:09:28.000Z</time>
      </trkpt>
      <trkpt lat="36.878807" lon="-4.943088">
        <ele>667.774200</ele>
        <time>2026-05-18T09:09:29.000Z</time>
      </trkpt>
      <trkpt lat="36.878803" lon="-4.943060">
        <ele>667.952849</ele>
        <time>2026-05-18T09:09:32.000Z</time>
      </trkpt>
      <trkpt lat="36.878796" lon="-4.943023">
        <ele>668.164122</ele>
        <time>2026-05-18T09:09:35.000Z</time>
      </trkpt>
      <trkpt lat="36.878786" lon="-4.942952">
        <ele>668.444971</ele>
        <time>2026-05-18T09:09:40.000Z</time>
      </trkpt>
      <trkpt lat="36.878786" lon="-4.942897">
        <ele>668.659235</ele>
        <time>2026-05-18T09:09:44.000Z</time>
      </trkpt>
      <trkpt lat="36.878786" lon="-4.942885">
        <ele>668.705983</ele>
        <time>2026-05-18T09:09:45.000Z</time>
      </trkpt>
      <trkpt lat="36.878783" lon="-4.942854">
        <ele>668.827631</ele>
        <time>2026-05-18T09:09:48.000Z</time>
      </trkpt>
      <trkpt lat="36.878775" lon="-4.942814">
        <ele>668.988256</ele>
        <time>2026-05-18T09:09:52.000Z</time>
      </trkpt>
      <trkpt lat="36.878774" lon="-4.942813">
        <ele>668.994492</ele>
        <time>2026-05-18T09:09:53.000Z</time>
      </trkpt>
      <trkpt lat="36.878775" lon="-4.942808">
        <ele>669.014570</ele>
        <time>2026-05-18T09:09:55.000Z</time>
      </trkpt>
      <trkpt lat="36.878768" lon="-4.942786">
        <ele>669.106807</ele>
        <time>2026-05-18T09:09:58.000Z</time>
      </trkpt>
      <trkpt lat="36.878745" lon="-4.942736">
        <ele>669.331503</ele>
        <time>2026-05-18T09:10:02.000Z</time>
      </trkpt>
      <trkpt lat="36.878711" lon="-4.942697">
        <ele>669.556231</ele>
        <time>2026-05-18T09:10:08.000Z</time>
      </trkpt>
      <trkpt lat="36.878639" lon="-4.942653">
        <ele>669.946538</ele>
        <time>2026-05-18T09:10:14.000Z</time>
      </trkpt>
      <trkpt lat="36.878634" lon="-4.942646">
        <ele>669.983098</ele>
        <time>2026-05-18T09:10:15.000Z</time>
      </trkpt>
      <trkpt lat="36.878626" lon="-4.942628">
        <ele>670.063318</ele>
        <time>2026-05-18T09:10:18.000Z</time>
      </trkpt>
      <trkpt lat="36.878621" lon="-4.942610">
        <ele>670.137548</ele>
        <time>2026-05-18T09:10:21.000Z</time>
      </trkpt>
      <trkpt lat="36.878616" lon="-4.942593">
        <ele>670.208110</ele>
        <time>2026-05-18T09:10:23.000Z</time>
      </trkpt>
      <trkpt lat="36.878616" lon="-4.942590">
        <ele>670.219797</ele>
        <time>2026-05-18T09:10:29.000Z</time>
      </trkpt>
      <trkpt lat="36.878636" lon="-4.942635">
        <ele>670.420346</ele>
        <time>2026-05-18T09:10:36.000Z</time>
      </trkpt>
      <trkpt lat="36.878641" lon="-4.942644">
        <ele>670.463034</ele>
        <time>2026-05-18T09:10:37.000Z</time>
      </trkpt>
      <trkpt lat="36.878651" lon="-4.942662">
        <ele>670.548411</ele>
        <time>2026-05-18T09:10:39.000Z</time>
      </trkpt>
      <trkpt lat="36.878669" lon="-4.942676">
        <ele>670.651655</ele>
        <time>2026-05-18T09:10:43.000Z</time>
      </trkpt>
      <trkpt lat="36.878670" lon="-4.942674">
        <ele>670.660844</ele>
        <time>2026-05-18T09:10:45.000Z</time>
      </trkpt>
      <trkpt lat="36.878668" lon="-4.942653">
        <ele>670.743231</ele>
        <time>2026-05-18T09:10:50.000Z</time>
      </trkpt>
      <trkpt lat="36.878687" lon="-4.942685">
        <ele>670.898483</ele>
        <time>2026-05-18T09:10:53.000Z</time>
      </trkpt>
      <trkpt lat="36.878702" lon="-4.942708">
        <ele>671.014091</ele>
        <time>2026-05-18T09:10:55.000Z</time>
      </trkpt>
      <trkpt lat="36.878717" lon="-4.942720">
        <ele>671.100821</ele>
        <time>2026-05-18T09:11:00.000Z</time>
      </trkpt>
      <trkpt lat="36.878682" lon="-4.942674">
        <ele>671.348145</ele>
        <time>2026-05-18T09:11:06.000Z</time>
      </trkpt>
      <trkpt lat="36.878641" lon="-4.942607">
        <ele>671.676776</ele>
        <time>2026-05-18T09:11:13.000Z</time>
      </trkpt>
      <trkpt lat="36.878623" lon="-4.942568">
        <ele>671.852186</ele>
        <time>2026-05-18T09:11:17.000Z</time>
      </trkpt>
      <trkpt lat="36.878610" lon="-4.942550">
        <ele>671.946661</ele>
        <time>2026-05-18T09:11:19.000Z</time>
      </trkpt>
      <trkpt lat="36.878597" lon="-4.942531">
        <ele>672.044064</ele>
        <time>2026-05-18T09:11:22.000Z</time>
      </trkpt>
      <trkpt lat="36.878544" lon="-4.942438">
        <ele>672.488910</ele>
        <time>2026-05-18T09:11:32.000Z</time>
      </trkpt>
      <trkpt lat="36.878520" lon="-4.942417">
        <ele>672.631580</ele>
        <time>2026-05-18T09:11:38.000Z</time>
      </trkpt>
      <trkpt lat="36.878513" lon="-4.942410">
        <ele>672.675237</ele>
        <time>2026-05-18T09:11:48.000Z</time>
      </trkpt>
      <trkpt lat="36.878506" lon="-4.942375">
        <ele>672.815784</ele>
        <time>2026-05-18T09:11:57.000Z</time>
      </trkpt>
      <trkpt lat="36.878480" lon="-4.942283">
        <ele>673.195900</ele>
        <time>2026-05-18T09:12:06.000Z</time>
      </trkpt>
      <trkpt lat="36.878481" lon="-4.942270">
        <ele>673.246778</ele>
        <time>2026-05-18T09:12:14.000Z</time>
      </trkpt>
      <trkpt lat="36.878478" lon="-4.942270">
        <ele>673.261389</ele>
        <time>2026-05-18T09:12:19.000Z</time>
      </trkpt>
      <trkpt lat="36.878469" lon="-4.942247">
        <ele>673.361137</ele>
        <time>2026-05-18T09:12:21.000Z</time>
      </trkpt>
      <trkpt lat="36.878418" lon="-4.942139">
        <ele>673.849719</ele>
        <time>2026-05-18T09:12:29.000Z</time>
      </trkpt>
      <trkpt lat="36.878401" lon="-4.942065">
        <ele>674.149656</ele>
        <time>2026-05-18T09:12:35.000Z</time>
      </trkpt>
      <trkpt lat="36.878380" lon="-4.941996">
        <ele>674.437259</ele>
        <time>2026-05-18T09:12:41.000Z</time>
      </trkpt>
      <trkpt lat="36.878360" lon="-4.941931">
        <ele>674.708569</ele>
        <time>2026-05-18T09:12:47.000Z</time>
      </trkpt>
      <trkpt lat="36.878357" lon="-4.941861">
        <ele>674.981660</ele>
        <time>2026-05-18T09:12:54.000Z</time>
      </trkpt>
      <trkpt lat="36.878361" lon="-4.941853">
        <ele>675.018414</ele>
        <time>2026-05-18T09:12:57.000Z</time>
      </trkpt>
      <trkpt lat="36.878353" lon="-4.941863">
        <ele>675.073511</ele>
        <time>2026-05-18T09:13:05.000Z</time>
      </trkpt>
      <trkpt lat="36.878347" lon="-4.941841">
        <ele>675.164061</ele>
        <time>2026-05-18T09:13:07.000Z</time>
      </trkpt>
      <trkpt lat="36.878324" lon="-4.941791">
        <ele>675.388758</ele>
        <time>2026-05-18T09:13:13.000Z</time>
      </trkpt>
      <trkpt lat="36.878310" lon="-4.941724">
        <ele>675.658530</ele>
        <time>2026-05-18T09:13:18.000Z</time>
      </trkpt>
      <trkpt lat="36.878307" lon="-4.941716">
        <ele>675.692951</ele>
        <time>2026-05-18T09:13:19.000Z</time>
      </trkpt>
      <trkpt lat="36.878284" lon="-4.941649">
        <ele>675.976985</ele>
        <time>2026-05-18T09:13:25.000Z</time>
      </trkpt>
      <trkpt lat="36.878249" lon="-4.941569">
        <ele>676.332212</ele>
        <time>2026-05-18T09:13:31.000Z</time>
      </trkpt>
      <trkpt lat="36.878246" lon="-4.941554">
        <ele>676.392447</ele>
        <time>2026-05-18T09:13:33.000Z</time>
      </trkpt>
      <trkpt lat="36.878230" lon="-4.941497">
        <ele>676.627779</ele>
        <time>2026-05-18T09:13:37.000Z</time>
      </trkpt>
      <trkpt lat="36.878220" lon="-4.941438">
        <ele>676.862730</ele>
        <time>2026-05-18T09:13:42.000Z</time>
      </trkpt>
      <trkpt lat="36.878214" lon="-4.941423">
        <ele>676.952496</ele>
        <time>2026-05-18T09:13:43.000Z</time>
      </trkpt>
      <trkpt lat="36.878192" lon="-4.941341">
        <ele>677.456844</ele>
        <time>2026-05-18T09:13:49.000Z</time>
      </trkpt>
      <trkpt lat="36.878162" lon="-4.941285">
        <ele>677.849866</ele>
        <time>2026-05-18T09:13:55.000Z</time>
      </trkpt>
      <trkpt lat="36.878150" lon="-4.941274">
        <ele>677.958343</ele>
        <time>2026-05-18T09:14:00.000Z</time>
      </trkpt>
      <trkpt lat="36.878152" lon="-4.941275">
        <ele>677.974046</ele>
        <time>2026-05-18T09:14:02.000Z</time>
      </trkpt>
      <trkpt lat="36.878154" lon="-4.941274">
        <ele>677.989749</ele>
        <time>2026-05-18T09:14:04.000Z</time>
      </trkpt>
      <trkpt lat="36.878154" lon="-4.941268">
        <ele>678.024737</ele>
        <time>2026-05-18T09:14:05.000Z</time>
      </trkpt>
      <trkpt lat="36.878120" lon="-4.941168">
        <ele>678.658359</ele>
        <time>2026-05-18T09:14:13.000Z</time>
      </trkpt>
      <trkpt lat="36.878085" lon="-4.941044">
        <ele>679.425140</ele>
        <time>2026-05-18T09:14:22.000Z</time>
      </trkpt>
      <trkpt lat="36.878078" lon="-4.941011">
        <ele>679.624225</ele>
        <time>2026-05-18T09:14:25.000Z</time>
      </trkpt>
      <trkpt lat="36.878062" lon="-4.940933">
        <ele>680.093786</ele>
        <time>2026-05-18T09:14:32.000Z</time>
      </trkpt>
      <trkpt lat="36.878047" lon="-4.940866">
        <ele>680.499499</ele>
        <time>2026-05-18T09:14:39.000Z</time>
      </trkpt>
      <trkpt lat="36.878046" lon="-4.940869">
        <ele>680.518451</ele>
        <time>2026-05-18T09:14:40.000Z</time>
      </trkpt>
      <trkpt lat="36.878043" lon="-4.940884">
        <ele>680.608614</ele>
        <time>2026-05-18T09:14:48.000Z</time>
      </trkpt>
      <trkpt lat="36.878044" lon="-4.940855">
        <ele>680.777880</ele>
        <time>2026-05-18T09:14:56.000Z</time>
      </trkpt>
      <trkpt lat="36.878048" lon="-4.940817">
        <ele>681.001381</ele>
        <time>2026-05-18T09:15:00.000Z</time>
      </trkpt>
      <trkpt lat="36.878044" lon="-4.940783">
        <ele>681.201779</ele>
        <time>2026-05-18T09:15:03.000Z</time>
      </trkpt>
      <trkpt lat="36.878038" lon="-4.940758">
        <ele>681.353983</ele>
        <time>2026-05-18T09:15:05.000Z</time>
      </trkpt>
      <trkpt lat="36.878027" lon="-4.940722">
        <ele>681.578705</ele>
        <time>2026-05-18T09:15:08.000Z</time>
      </trkpt>
      <trkpt lat="36.878005" lon="-4.940665">
        <ele>681.947760</ele>
        <time>2026-05-18T09:15:13.000Z</time>
      </trkpt>
      <trkpt lat="36.877976" lon="-4.940564">
        <ele>682.573519</ele>
        <time>2026-05-18T09:15:22.000Z</time>
      </trkpt>
      <trkpt lat="36.877972" lon="-4.940553">
        <ele>682.643980</ele>
        <time>2026-05-18T09:15:23.000Z</time>
      </trkpt>
      <trkpt lat="36.877947" lon="-4.940443">
        <ele>683.310816</ele>
        <time>2026-05-18T09:15:33.000Z</time>
      </trkpt>
      <trkpt lat="36.877920" lon="-4.940367">
        <ele>683.795740</ele>
        <time>2026-05-18T09:15:41.000Z</time>
      </trkpt>
      <trkpt lat="36.877906" lon="-4.940330">
        <ele>684.034421</ele>
        <time>2026-05-18T09:15:44.000Z</time>
      </trkpt>
      <trkpt lat="36.877895" lon="-4.940274">
        <ele>684.370678</ele>
        <time>2026-05-18T09:15:49.000Z</time>
      </trkpt>
      <trkpt lat="36.877892" lon="-4.940252">
        <ele>684.500818</ele>
        <time>2026-05-18T09:15:53.000Z</time>
      </trkpt>
      <trkpt lat="36.877888" lon="-4.940252">
        <ele>684.529978</ele>
        <time>2026-05-18T09:16:02.000Z</time>
      </trkpt>
      <trkpt lat="36.877874" lon="-4.940265">
        <ele>684.657111</ele>
        <time>2026-05-18T09:16:12.000Z</time>
      </trkpt>
      <trkpt lat="36.877900" lon="-4.940274">
        <ele>684.853782</ele>
        <time>2026-05-18T09:16:21.000Z</time>
      </trkpt>
      <trkpt lat="36.877890" lon="-4.940275">
        <ele>684.926914</ele>
        <time>2026-05-18T09:16:26.000Z</time>
      </trkpt>
      <trkpt lat="36.877888" lon="-4.940276">
        <ele>684.942617</ele>
        <time>2026-05-18T09:16:28.000Z</time>
      </trkpt>
      <trkpt lat="36.877887" lon="-4.940281">
        <ele>684.972671</ele>
        <time>2026-05-18T09:16:31.000Z</time>
      </trkpt>
      <trkpt lat="36.877890" lon="-4.940270">
        <ele>685.040442</ele>
        <time>2026-05-18T09:16:41.000Z</time>
      </trkpt>
      <trkpt lat="36.877892" lon="-4.940273">
        <ele>685.063215</ele>
        <time>2026-05-18T09:16:46.000Z</time>
      </trkpt>
      <trkpt lat="36.877879" lon="-4.940241">
        <ele>685.272504</ele>
        <time>2026-05-18T09:16:51.000Z</time>
      </trkpt>
      <trkpt lat="36.877901" lon="-4.940171">
        <ele>685.711074</ele>
        <time>2026-05-18T09:16:56.000Z</time>
      </trkpt>
      <trkpt lat="36.877909" lon="-4.940161">
        <ele>685.793546</ele>
        <time>2026-05-18T09:16:58.000Z</time>
      </trkpt>
      <trkpt lat="36.877885" lon="-4.940141">
        <ele>686.003814</ele>
        <time>2026-05-18T09:17:04.000Z</time>
      </trkpt>
      <trkpt lat="36.877875" lon="-4.940138">
        <ele>686.078783</ele>
        <time>2026-05-18T09:17:08.000Z</time>
      </trkpt>
      <trkpt lat="36.877874" lon="-4.940099">
        <ele>686.306322</ele>
        <time>2026-05-18T09:17:12.000Z</time>
      </trkpt>
      <trkpt lat="36.877864" lon="-4.940000">
        <ele>686.888210</ele>
        <time>2026-05-18T09:17:20.000Z</time>
      </trkpt>
      <trkpt lat="36.877851" lon="-4.939896">
        <ele>687.502030</ele>
        <time>2026-05-18T09:17:27.000Z</time>
      </trkpt>
      <trkpt lat="36.877854" lon="-4.939868">
        <ele>687.666766</ele>
        <time>2026-05-18T09:17:29.000Z</time>
      </trkpt>
      <trkpt lat="36.877851" lon="-4.939796">
        <ele>688.087193</ele>
        <time>2026-05-18T09:17:33.000Z</time>
      </trkpt>
      <trkpt lat="36.877849" lon="-4.939777">
        <ele>688.198943</ele>
        <time>2026-05-18T09:17:34.000Z</time>
      </trkpt>
      <trkpt lat="36.877853" lon="-4.939744">
        <ele>688.393575</ele>
        <time>2026-05-18T09:17:36.000Z</time>
      </trkpt>
      <trkpt lat="36.877854" lon="-4.939699">
        <ele>688.656087</ele>
        <time>2026-05-18T09:17:39.000Z</time>
      </trkpt>
      <trkpt lat="36.877858" lon="-4.939681">
        <ele>688.765026</ele>
        <time>2026-05-18T09:17:40.000Z</time>
      </trkpt>
      <trkpt lat="36.877849" lon="-4.939610">
        <ele>689.184218</ele>
        <time>2026-05-18T09:17:45.000Z</time>
      </trkpt>
      <trkpt lat="36.877845" lon="-4.939580">
        <ele>689.361572</ele>
        <time>2026-05-18T09:17:47.000Z</time>
      </trkpt>
      <trkpt lat="36.877841" lon="-4.939557">
        <ele>689.498827</ele>
        <time>2026-05-18T09:17:49.000Z</time>
      </trkpt>
      <trkpt lat="36.877830" lon="-4.939500">
        <ele>689.840750</ele>
        <time>2026-05-18T09:17:53.000Z</time>
      </trkpt>
      <trkpt lat="36.877831" lon="-4.939484">
        <ele>689.934336</ele>
        <time>2026-05-18T09:17:55.000Z</time>
      </trkpt>
      <trkpt lat="36.877825" lon="-4.939404">
        <ele>690.651257</ele>
        <time>2026-05-18T09:18:00.000Z</time>
      </trkpt>
      <trkpt lat="36.877824" lon="-4.939373">
        <ele>690.941242</ele>
        <time>2026-05-18T09:18:02.000Z</time>
      </trkpt>
      <trkpt lat="36.877818" lon="-4.939296">
        <ele>691.664351</ele>
        <time>2026-05-18T09:18:08.000Z</time>
      </trkpt>
      <trkpt lat="36.877816" lon="-4.939284">
        <ele>691.778921</ele>
        <time>2026-05-18T09:18:09.000Z</time>
      </trkpt>
      <trkpt lat="36.877807" lon="-4.939194">
        <ele>692.626679</ele>
        <time>2026-05-18T09:18:16.000Z</time>
      </trkpt>
      <trkpt lat="36.877806" lon="-4.939175">
        <ele>692.804652</ele>
        <time>2026-05-18T09:18:17.000Z</time>
      </trkpt>
      <trkpt lat="36.877808" lon="-4.939108">
        <ele>693.431322</ele>
        <time>2026-05-18T09:18:22.000Z</time>
      </trkpt>
      <trkpt lat="36.877809" lon="-4.939059">
        <ele>693.889464</ele>
        <time>2026-05-18T09:18:25.000Z</time>
      </trkpt>
      <trkpt lat="36.877812" lon="-4.939024">
        <ele>694.218474</ele>
        <time>2026-05-18T09:18:28.000Z</time>
      </trkpt>
      <trkpt lat="36.877810" lon="-4.938981">
        <ele>694.621064</ele>
        <time>2026-05-18T09:18:31.000Z</time>
      </trkpt>
      <trkpt lat="36.877805" lon="-4.938952">
        <ele>694.898346</ele>
        <time>2026-05-18T09:18:34.000Z</time>
      </trkpt>
      <trkpt lat="36.877800" lon="-4.938913">
        <ele>695.267522</ele>
        <time>2026-05-18T09:18:37.000Z</time>
      </trkpt>
      <trkpt lat="36.877804" lon="-4.938885">
        <ele>695.533373</ele>
        <time>2026-05-18T09:18:40.000Z</time>
      </trkpt>
      <trkpt lat="36.877805" lon="-4.938835">
        <ele>696.000858</ele>
        <time>2026-05-18T09:18:43.000Z</time>
      </trkpt>
      <trkpt lat="36.877809" lon="-4.938801">
        <ele>696.322067</ele>
        <time>2026-05-18T09:18:46.000Z</time>
      </trkpt>
      <trkpt lat="36.877804" lon="-4.938746">
        <ele>696.839450</ele>
        <time>2026-05-18T09:18:51.000Z</time>
      </trkpt>
      <trkpt lat="36.877806" lon="-4.938741">
        <ele>696.891701</ele>
        <time>2026-05-18T09:18:52.000Z</time>
      </trkpt>
      <trkpt lat="36.877806" lon="-4.938733">
        <ele>696.966475</ele>
        <time>2026-05-18T09:18:53.000Z</time>
      </trkpt>
      <trkpt lat="36.877809" lon="-4.938657">
        <ele>697.677695</ele>
        <time>2026-05-18T09:19:00.000Z</time>
      </trkpt>
      <trkpt lat="36.877813" lon="-4.938601">
        <ele>698.203197</ele>
        <time>2026-05-18T09:19:04.000Z</time>
      </trkpt>
      <trkpt lat="36.877815" lon="-4.938576">
        <ele>698.438033</ele>
        <time>2026-05-18T09:19:06.000Z</time>
      </trkpt>
      <trkpt lat="36.877813" lon="-4.938526">
        <ele>698.905956</ele>
        <time>2026-05-18T09:19:10.000Z</time>
      </trkpt>
      <trkpt lat="36.877813" lon="-4.938503">
        <ele>699.120932</ele>
        <time>2026-05-18T09:19:12.000Z</time>
      </trkpt>
      <trkpt lat="36.877815" lon="-4.938419">
        <ele>699.906409</ele>
        <time>2026-05-18T09:19:18.000Z</time>
      </trkpt>
      <trkpt lat="36.877800" lon="-4.938349">
        <ele>700.583753</ele>
        <time>2026-05-18T09:19:24.000Z</time>
      </trkpt>
      <trkpt lat="36.877794" lon="-4.938335">
        <ele>700.732206</ele>
        <time>2026-05-18T09:19:25.000Z</time>
      </trkpt>
      <trkpt lat="36.877788" lon="-4.938317">
        <ele>700.914471</ele>
        <time>2026-05-18T09:19:26.000Z</time>
      </trkpt>
      <trkpt lat="36.877784" lon="-4.938304">
        <ele>701.044658</ele>
        <time>2026-05-18T09:19:27.000Z</time>
      </trkpt>
      <trkpt lat="36.877763" lon="-4.938241">
        <ele>701.682586</ele>
        <time>2026-05-18T09:19:33.000Z</time>
      </trkpt>
      <trkpt lat="36.877749" lon="-4.938191">
        <ele>702.177729</ele>
        <time>2026-05-18T09:19:39.000Z</time>
      </trkpt>
      <trkpt lat="36.877746" lon="-4.938180">
        <ele>702.286355</ele>
        <time>2026-05-18T09:19:40.000Z</time>
      </trkpt>
      <trkpt lat="36.877716" lon="-4.938136">
        <ele>702.826737</ele>
        <time>2026-05-18T09:19:45.000Z</time>
      </trkpt>
      <trkpt lat="36.877703" lon="-4.938138">
        <ele>702.979784</ele>
        <time>2026-05-18T09:19:49.000Z</time>
      </trkpt>
      <trkpt lat="36.877684" lon="-4.938128">
        <ele>703.220666</ele>
        <time>2026-05-18T09:19:54.000Z</time>
      </trkpt>
      <trkpt lat="36.877700" lon="-4.938135">
        <ele>703.418739</ele>
        <time>2026-05-18T09:20:02.000Z</time>
      </trkpt>
      <trkpt lat="36.877708" lon="-4.938098">
        <ele>703.776981</ele>
        <time>2026-05-18T09:20:07.000Z</time>
      </trkpt>
      <trkpt lat="36.877707" lon="-4.938090">
        <ele>703.852663</ele>
        <time>2026-05-18T09:20:09.000Z</time>
      </trkpt>
      <trkpt lat="36.877708" lon="-4.938092">
        <ele>703.874708</ele>
        <time>2026-05-18T09:20:12.000Z</time>
      </trkpt>
      <trkpt lat="36.877706" lon="-4.938100">
        <ele>703.953049</ele>
        <time>2026-05-18T09:20:14.000Z</time>
      </trkpt>
      <trkpt lat="36.877715" lon="-4.938085">
        <ele>704.128308</ele>
        <time>2026-05-18T09:20:20.000Z</time>
      </trkpt>
      <trkpt lat="36.877698" lon="-4.938020">
        <ele>704.767498</ele>
        <time>2026-05-18T09:20:25.000Z</time>
      </trkpt>
      <trkpt lat="36.877693" lon="-4.938002">
        <ele>704.945596</ele>
        <time>2026-05-18T09:20:26.000Z</time>
      </trkpt>
      <trkpt lat="36.877679" lon="-4.937965">
        <ele>705.328166</ele>
        <time>2026-05-18T09:20:29.000Z</time>
      </trkpt>
      <trkpt lat="36.877649" lon="-4.937891">
        <ele>706.103586</ele>
        <time>2026-05-18T09:20:34.000Z</time>
      </trkpt>
      <trkpt lat="36.877634" lon="-4.937841">
        <ele>706.602712</ele>
        <time>2026-05-18T09:20:39.000Z</time>
      </trkpt>
      <trkpt lat="36.877630" lon="-4.937824">
        <ele>706.768339</ele>
        <time>2026-05-18T09:20:41.000Z</time>
      </trkpt>
      <trkpt lat="36.877622" lon="-4.937775">
        <ele>707.235775</ele>
        <time>2026-05-18T09:20:45.000Z</time>
      </trkpt>
      <trkpt lat="36.877618" lon="-4.937741">
        <ele>707.556985</ele>
        <time>2026-05-18T09:20:48.000Z</time>
      </trkpt>
      <trkpt lat="36.877601" lon="-4.937687">
        <ele>708.099394</ele>
        <time>2026-05-18T09:20:52.000Z</time>
      </trkpt>
      <trkpt lat="36.877572" lon="-4.937627">
        <ele>708.754626</ele>
        <time>2026-05-18T09:20:57.000Z</time>
      </trkpt>
      <trkpt lat="36.877562" lon="-4.937607">
        <ele>708.975076</ele>
        <time>2026-05-18T09:20:59.000Z</time>
      </trkpt>
      <trkpt lat="36.877552" lon="-4.937578">
        <ele>709.270247</ele>
        <time>2026-05-18T09:21:02.000Z</time>
      </trkpt>
      <trkpt lat="36.877547" lon="-4.937545">
        <ele>709.584176</ele>
        <time>2026-05-18T09:21:05.000Z</time>
      </trkpt>
      <trkpt lat="36.877548" lon="-4.937539">
        <ele>709.641461</ele>
        <time>2026-05-18T09:21:06.000Z</time>
      </trkpt>
      <trkpt lat="36.877549" lon="-4.937526">
        <ele>709.763530</ele>
        <time>2026-05-18T09:21:07.000Z</time>
      </trkpt>
      <trkpt lat="36.877552" lon="-4.937465">
        <ele>710.334762</ele>
        <time>2026-05-18T09:21:12.000Z</time>
      </trkpt>
      <trkpt lat="36.877548" lon="-4.937433">
        <ele>710.637490</ele>
        <time>2026-05-18T09:21:14.000Z</time>
      </trkpt>
      <trkpt lat="36.877541" lon="-4.937353">
        <ele>711.226622</ele>
        <time>2026-05-18T09:21:20.000Z</time>
      </trkpt>
      <trkpt lat="36.877543" lon="-4.937329">
        <ele>711.355932</ele>
        <time>2026-05-18T09:21:22.000Z</time>
      </trkpt>
      <trkpt lat="36.877545" lon="-4.937281">
        <ele>711.613508</ele>
        <time>2026-05-18T09:21:26.000Z</time>
      </trkpt>
      <trkpt lat="36.877551" lon="-4.937253">
        <ele>711.768848</ele>
        <time>2026-05-18T09:21:29.000Z</time>
      </trkpt>
      <trkpt lat="36.877556" lon="-4.937152">
        <ele>712.311134</ele>
        <time>2026-05-18T09:21:36.000Z</time>
      </trkpt>
      <trkpt lat="36.877546" lon="-4.937060">
        <ele>712.808684</ele>
        <time>2026-05-18T09:21:43.000Z</time>
      </trkpt>
      <trkpt lat="36.877542" lon="-4.937042">
        <ele>712.908797</ele>
        <time>2026-05-18T09:21:45.000Z</time>
      </trkpt>
      <trkpt lat="36.877546" lon="-4.936973">
        <ele>713.279532</ele>
        <time>2026-05-18T09:21:51.000Z</time>
      </trkpt>
      <trkpt lat="36.877560" lon="-4.936933">
        <ele>713.513509</ele>
        <time>2026-05-18T09:21:58.000Z</time>
      </trkpt>
      <trkpt lat="36.877556" lon="-4.936928">
        <ele>713.551404</ele>
        <time>2026-05-18T09:22:02.000Z</time>
      </trkpt>
      <trkpt lat="36.877552" lon="-4.936911">
        <ele>713.646365</ele>
        <time>2026-05-18T09:22:05.000Z</time>
      </trkpt>
      <trkpt lat="36.877536" lon="-4.936851">
        <ele>713.985295</ele>
        <time>2026-05-18T09:22:10.000Z</time>
      </trkpt>
      <trkpt lat="36.877535" lon="-4.936845">
        <ele>714.018139</ele>
        <time>2026-05-18T09:22:11.000Z</time>
      </trkpt>
      <trkpt lat="36.877533" lon="-4.936839">
        <ele>714.052973</ele>
        <time>2026-05-18T09:22:12.000Z</time>
      </trkpt>
      <trkpt lat="36.877528" lon="-4.936807">
        <ele>714.227699</ele>
        <time>2026-05-18T09:22:15.000Z</time>
      </trkpt>
      <trkpt lat="36.877526" lon="-4.936794">
        <ele>714.298641</ele>
        <time>2026-05-18T09:22:16.000Z</time>
      </trkpt>
      <trkpt lat="36.877528" lon="-4.936753">
        <ele>714.518765</ele>
        <time>2026-05-18T09:22:20.000Z</time>
      </trkpt>
      <trkpt lat="36.877531" lon="-4.936695">
        <ele>714.830231</ele>
        <time>2026-05-18T09:22:28.000Z</time>
      </trkpt>
      <trkpt lat="36.877537" lon="-4.936676">
        <ele>714.939697</ele>
        <time>2026-05-18T09:22:37.000Z</time>
      </trkpt>
      <trkpt lat="36.877538" lon="-4.936653">
        <ele>715.063134</ele>
        <time>2026-05-18T09:22:40.000Z</time>
      </trkpt>
      <trkpt lat="36.877539" lon="-4.936579">
        <ele>715.459750</ele>
        <time>2026-05-18T09:22:44.000Z</time>
      </trkpt>
      <trkpt lat="36.877522" lon="-4.936505">
        <ele>715.872339</ele>
        <time>2026-05-18T09:22:50.000Z</time>
      </trkpt>
      <trkpt lat="36.877501" lon="-4.936414">
        <ele>716.379887</ele>
        <time>2026-05-18T09:22:58.000Z</time>
      </trkpt>
      <trkpt lat="36.877503" lon="-4.936408">
        <ele>716.414721</ele>
        <time>2026-05-18T09:23:05.000Z</time>
      </trkpt>
      <trkpt lat="36.877515" lon="-4.936422">
        <ele>716.524682</ele>
        <time>2026-05-18T09:23:14.000Z</time>
      </trkpt>
      <trkpt lat="36.877509" lon="-4.936426">
        <ele>716.570237</ele>
        <time>2026-05-18T09:23:16.000Z</time>
      </trkpt>
      <trkpt lat="36.877497" lon="-4.936433">
        <ele>716.658950</ele>
        <time>2026-05-18T09:23:24.000Z</time>
      </trkpt>
      <trkpt lat="36.877506" lon="-4.936458">
        <ele>716.805865</ele>
        <time>2026-05-18T09:23:32.000Z</time>
      </trkpt>
      <trkpt lat="36.877516" lon="-4.936459">
        <ele>716.873072</ele>
        <time>2026-05-18T09:23:42.000Z</time>
      </trkpt>
      <trkpt lat="36.877512" lon="-4.936443">
        <ele>716.962904</ele>
        <time>2026-05-18T09:23:45.000Z</time>
      </trkpt>
      <trkpt lat="36.877510" lon="-4.936445">
        <ele>716.980062</ele>
        <time>2026-05-18T09:23:46.000Z</time>
      </trkpt>
      <trkpt lat="36.877510" lon="-4.936450">
        <ele>717.006857</ele>
        <time>2026-05-18T09:23:47.000Z</time>
      </trkpt>
      <trkpt lat="36.877506" lon="-4.936456">
        <ele>717.048713</ele>
        <time>2026-05-18T09:23:49.000Z</time>
      </trkpt>
      <trkpt lat="36.877503" lon="-4.936455">
        <ele>717.069513</ele>
        <time>2026-05-18T09:23:50.000Z</time>
      </trkpt>
      <trkpt lat="36.877499" lon="-4.936461">
        <ele>717.111369</ele>
        <time>2026-05-18T09:23:52.000Z</time>
      </trkpt>
      <trkpt lat="36.877489" lon="-4.936459">
        <ele>717.179214</ele>
        <time>2026-05-18T09:23:55.000Z</time>
      </trkpt>
      <trkpt lat="36.877477" lon="-4.936416">
        <ele>717.423268</ele>
        <time>2026-05-18T09:24:01.000Z</time>
      </trkpt>
      <trkpt lat="36.877472" lon="-4.936410">
        <ele>717.469699</ele>
        <time>2026-05-18T09:24:03.000Z</time>
      </trkpt>
      <trkpt lat="36.877462" lon="-4.936407">
        <ele>717.538594</ele>
        <time>2026-05-18T09:24:06.000Z</time>
      </trkpt>
      <trkpt lat="36.877467" lon="-4.936398">
        <ele>717.597316</ele>
        <time>2026-05-18T09:24:13.000Z</time>
      </trkpt>
      <trkpt lat="36.877497" lon="-4.936403">
        <ele>717.800073</ele>
        <time>2026-05-18T09:24:21.000Z</time>
      </trkpt>
      <trkpt lat="36.877502" lon="-4.936405">
        <ele>717.835242</ele>
        <time>2026-05-18T09:24:22.000Z</time>
      </trkpt>
      <trkpt lat="36.877503" lon="-4.936410">
        <ele>717.862862</ele>
        <time>2026-05-18T09:24:23.000Z</time>
      </trkpt>
      <trkpt lat="36.877488" lon="-4.936406">
        <ele>717.965612</ele>
        <time>2026-05-18T09:24:26.000Z</time>
      </trkpt>
      <trkpt lat="36.877466" lon="-4.936404">
        <ele>718.113386</ele>
        <time>2026-05-18T09:24:30.000Z</time>
      </trkpt>
      <trkpt lat="36.877466" lon="-4.936401">
        <ele>718.129463</ele>
        <time>2026-05-18T09:24:33.000Z</time>
      </trkpt>
      <trkpt lat="36.877473" lon="-4.936388">
        <ele>718.213442</ele>
        <time>2026-05-18T09:24:37.000Z</time>
      </trkpt>
      <trkpt lat="36.877471" lon="-4.936383">
        <ele>718.243400</ele>
        <time>2026-05-18T09:24:39.000Z</time>
      </trkpt>
      <trkpt lat="36.877471" lon="-4.936405">
        <ele>718.361296</ele>
        <time>2026-05-18T09:24:49.000Z</time>
      </trkpt>
      <trkpt lat="36.877464" lon="-4.936415">
        <ele>718.432507</ele>
        <time>2026-05-18T09:24:53.000Z</time>
      </trkpt>
      <trkpt lat="36.877457" lon="-4.936418">
        <ele>718.482081</ele>
        <time>2026-05-18T09:24:55.000Z</time>
      </trkpt>
      <trkpt lat="36.877456" lon="-4.936421">
        <ele>718.499498</ele>
        <time>2026-05-18T09:24:57.000Z</time>
      </trkpt>
      <trkpt lat="36.877459" lon="-4.936422">
        <ele>718.520298</ele>
        <time>2026-05-18T09:25:01.000Z</time>
      </trkpt>
      <trkpt lat="36.877460" lon="-4.936418">
        <ele>718.542756</ele>
        <time>2026-05-18T09:25:06.000Z</time>
      </trkpt>
      <trkpt lat="36.877462" lon="-4.936416">
        <ele>718.559914</ele>
        <time>2026-05-18T09:25:08.000Z</time>
      </trkpt>
      <trkpt lat="36.877471" lon="-4.936412">
        <ele>718.623905</ele>
        <time>2026-05-18T09:25:13.000Z</time>
      </trkpt>
      <trkpt lat="36.877477" lon="-4.936412">
        <ele>718.664100</ele>
        <time>2026-05-18T09:25:15.000Z</time>
      </trkpt>
      <trkpt lat="36.877478" lon="-4.936405">
        <ele>718.702206</ele>
        <time>2026-05-18T09:25:16.000Z</time>
      </trkpt>
      <trkpt lat="36.877489" lon="-4.936333">
        <ele>719.095022</ele>
        <time>2026-05-18T09:25:20.000Z</time>
      </trkpt>
      <trkpt lat="36.877472" lon="-4.936242">
        <ele>719.595806</ele>
        <time>2026-05-18T09:25:27.000Z</time>
      </trkpt>
      <trkpt lat="36.877468" lon="-4.936229">
        <ele>719.670448</ele>
        <time>2026-05-18T09:25:28.000Z</time>
      </trkpt>
      <trkpt lat="36.877452" lon="-4.936165">
        <ele>720.029778</ele>
        <time>2026-05-18T09:25:32.000Z</time>
      </trkpt>
      <trkpt lat="36.877451" lon="-4.936117">
        <ele>720.287093</ele>
        <time>2026-05-18T09:25:35.000Z</time>
      </trkpt>
      <trkpt lat="36.877445" lon="-4.936033">
        <ele>720.739033</ele>
        <time>2026-05-18T09:25:41.000Z</time>
      </trkpt>
      <trkpt lat="36.877443" lon="-4.936011">
        <ele>720.857688</ele>
        <time>2026-05-18T09:25:43.000Z</time>
      </trkpt>
      <trkpt lat="36.877430" lon="-4.935970">
        <ele>721.094035</ele>
        <time>2026-05-18T09:25:47.000Z</time>
      </trkpt>
      <trkpt lat="36.877417" lon="-4.935919">
        <ele>721.380880</ele>
        <time>2026-05-18T09:25:51.000Z</time>
      </trkpt>
      <trkpt lat="36.877413" lon="-4.935909">
        <ele>721.440796</ele>
        <time>2026-05-18T09:25:52.000Z</time>
      </trkpt>
      <trkpt lat="36.877399" lon="-4.935871">
        <ele>721.664995</ele>
        <time>2026-05-18T09:25:55.000Z</time>
      </trkpt>
      <trkpt lat="36.877394" lon="-4.935828">
        <ele>721.897851</ele>
        <time>2026-05-18T09:25:59.000Z</time>
      </trkpt>
      <trkpt lat="36.877391" lon="-4.935816">
        <ele>721.965225</ele>
        <time>2026-05-18T09:26:00.000Z</time>
      </trkpt>
      <trkpt lat="36.877390" lon="-4.935801">
        <ele>722.045888</ele>
        <time>2026-05-18T09:26:01.000Z</time>
      </trkpt>
      <trkpt lat="36.877385" lon="-4.935730">
        <ele>722.427843</ele>
        <time>2026-05-18T09:26:07.000Z</time>
      </trkpt>
      <trkpt lat="36.877383" lon="-4.935720">
        <ele>722.483082</ele>
        <time>2026-05-18T09:26:08.000Z</time>
      </trkpt>
      <trkpt lat="36.877388" lon="-4.935715">
        <ele>722.525976</ele>
        <time>2026-05-18T09:26:11.000Z</time>
      </trkpt>
      <trkpt lat="36.877388" lon="-4.935715">
        <ele>722.525976</ele>
        <time>2026-05-18T09:26:12.000Z</time>
      </trkpt>
      <trkpt lat="36.877389" lon="-4.935721">
        <ele>722.558820</ele>
        <time>2026-05-18T09:26:14.000Z</time>
      </trkpt>
      <trkpt lat="36.877391" lon="-4.935713">
        <ele>722.603737</ele>
        <time>2026-05-18T09:26:19.000Z</time>
      </trkpt>
      <trkpt lat="36.877385" lon="-4.935715">
        <ele>722.645337</ele>
        <time>2026-05-18T09:26:24.000Z</time>
      </trkpt>
      <trkpt lat="36.877363" lon="-4.935679">
        <ele>722.888114</ele>
        <time>2026-05-18T09:26:29.000Z</time>
      </trkpt>
      <trkpt lat="36.877353" lon="-4.935661">
        <ele>723.005557</ele>
        <time>2026-05-18T09:26:30.000Z</time>
      </trkpt>
      <trkpt lat="36.877341" lon="-4.935630">
        <ele>723.195612</ele>
        <time>2026-05-18T09:26:32.000Z</time>
      </trkpt>
      <trkpt lat="36.877331" lon="-4.935611">
        <ele>723.322535</ele>
        <time>2026-05-18T09:26:34.000Z</time>
      </trkpt>
      <trkpt lat="36.877318" lon="-4.935577">
        <ele>723.532835</ele>
        <time>2026-05-18T09:26:38.000Z</time>
      </trkpt>
      <trkpt lat="36.877303" lon="-4.935487">
        <ele>724.045872</ele>
        <time>2026-05-18T09:26:45.000Z</time>
      </trkpt>
      <trkpt lat="36.877293" lon="-4.935453">
        <ele>724.248030</ele>
        <time>2026-05-18T09:26:47.000Z</time>
      </trkpt>
      <trkpt lat="36.877278" lon="-4.935406">
        <ele>724.530422</ele>
        <time>2026-05-18T09:26:52.000Z</time>
      </trkpt>
      <trkpt lat="36.877275" lon="-4.935399">
        <ele>724.574739</ele>
        <time>2026-05-18T09:26:53.000Z</time>
      </trkpt>
      <trkpt lat="36.877272" lon="-4.935393">
        <ele>724.614226</ele>
        <time>2026-05-18T09:26:55.000Z</time>
      </trkpt>
      <trkpt lat="36.877265" lon="-4.935386">
        <ele>724.676762</ele>
        <time>2026-05-18T09:26:56.000Z</time>
      </trkpt>
      <trkpt lat="36.877238" lon="-4.935364">
        <ele>724.901603</ele>
        <time>2026-05-18T09:26:59.000Z</time>
      </trkpt>
      <trkpt lat="36.877159" lon="-4.935349">
        <ele>725.459058</ele>
        <time>2026-05-18T09:27:06.000Z</time>
      </trkpt>
      <trkpt lat="36.877145" lon="-4.935354">
        <ele>725.560635</ele>
        <time>2026-05-18T09:27:07.000Z</time>
      </trkpt>
      <trkpt lat="36.877088" lon="-4.935405">
        <ele>726.049646</ele>
        <time>2026-05-18T09:27:13.000Z</time>
      </trkpt>
      <trkpt lat="36.877076" lon="-4.935437">
        <ele>726.246873</ele>
        <time>2026-05-18T09:27:17.000Z</time>
      </trkpt>
      <trkpt lat="36.877069" lon="-4.935463">
        <ele>726.399966</ele>
        <time>2026-05-18T09:27:19.000Z</time>
      </trkpt>
      <trkpt lat="36.877039" lon="-4.935531">
        <ele>726.833334</ele>
        <time>2026-05-18T09:27:26.000Z</time>
      </trkpt>
      <trkpt lat="36.877036" lon="-4.935543">
        <ele>726.903496</ele>
        <time>2026-05-18T09:27:27.000Z</time>
      </trkpt>
      <trkpt lat="36.877001" lon="-4.935612">
        <ele>727.359448</ele>
        <time>2026-05-18T09:27:33.000Z</time>
      </trkpt>
      <trkpt lat="36.876969" lon="-4.935678">
        <ele>727.790141</ele>
        <time>2026-05-18T09:27:39.000Z</time>
      </trkpt>
      <trkpt lat="36.876955" lon="-4.935695">
        <ele>727.926301</ele>
        <time>2026-05-18T09:27:41.000Z</time>
      </trkpt>
      <trkpt lat="36.876915" lon="-4.935714">
        <ele>728.224822</ele>
        <time>2026-05-18T09:27:48.000Z</time>
      </trkpt>
      <trkpt lat="36.876923" lon="-4.935711">
        <ele>728.283090</ele>
        <time>2026-05-18T09:27:51.000Z</time>
      </trkpt>
      <trkpt lat="36.876920" lon="-4.935714">
        <ele>728.309891</ele>
        <time>2026-05-18T09:27:55.000Z</time>
      </trkpt>
      <trkpt lat="36.876920" lon="-4.935715">
        <ele>728.315472</ele>
        <time>2026-05-18T09:27:56.000Z</time>
      </trkpt>
      <trkpt lat="36.876907" lon="-4.935725">
        <ele>728.421959</ele>
        <time>2026-05-18T09:28:03.000Z</time>
      </trkpt>
      <trkpt lat="36.876893" lon="-4.935751">
        <ele>728.596865</ele>
        <time>2026-05-18T09:28:10.000Z</time>
      </trkpt>
      <trkpt lat="36.876877" lon="-4.935763">
        <ele>728.727034</ele>
        <time>2026-05-18T09:28:12.000Z</time>
      </trkpt>
      <trkpt lat="36.876843" lon="-4.935793">
        <ele>729.017364</ele>
        <time>2026-05-18T09:28:16.000Z</time>
      </trkpt>
      <trkpt lat="36.876829" lon="-4.935803">
        <ele>729.129852</ele>
        <time>2026-05-18T09:28:18.000Z</time>
      </trkpt>
      <trkpt lat="36.876812" lon="-4.935811">
        <ele>729.256575</ele>
        <time>2026-05-18T09:28:20.000Z</time>
      </trkpt>
      <trkpt lat="36.876794" lon="-4.935821">
        <ele>729.393992</ele>
        <time>2026-05-18T09:28:22.000Z</time>
      </trkpt>
      <trkpt lat="36.876744" lon="-4.935853">
        <ele>729.785866</ele>
        <time>2026-05-18T09:28:26.000Z</time>
      </trkpt>
      <trkpt lat="36.876737" lon="-4.935856">
        <ele>729.837491</ele>
        <time>2026-05-18T09:28:27.000Z</time>
      </trkpt>
      <trkpt lat="36.876674" lon="-4.935924">
        <ele>730.418161</ele>
        <time>2026-05-18T09:28:34.000Z</time>
      </trkpt>
      <trkpt lat="36.876656" lon="-4.935946">
        <ele>730.593781</ele>
        <time>2026-05-18T09:28:38.000Z</time>
      </trkpt>
      <trkpt lat="36.876656" lon="-4.935955">
        <ele>730.644006</ele>
        <time>2026-05-18T09:28:42.000Z</time>
      </trkpt>
      <trkpt lat="36.876629" lon="-4.935973">
        <ele>730.857479</ele>
        <time>2026-05-18T09:28:49.000Z</time>
      </trkpt>
      <trkpt lat="36.876618" lon="-4.935984">
        <ele>730.955751</ele>
        <time>2026-05-18T09:28:50.000Z</time>
      </trkpt>
      <trkpt lat="36.876565" lon="-4.936026">
        <ele>731.393531</ele>
        <time>2026-05-18T09:28:57.000Z</time>
      </trkpt>
      <trkpt lat="36.876555" lon="-4.936035">
        <ele>731.479493</ele>
        <time>2026-05-18T09:28:58.000Z</time>
      </trkpt>
      <trkpt lat="36.876493" lon="-4.936089">
        <ele>732.006657</ele>
        <time>2026-05-18T09:29:05.000Z</time>
      </trkpt>
      <trkpt lat="36.876486" lon="-4.936100">
        <ele>732.085099</ele>
        <time>2026-05-18T09:29:06.000Z</time>
      </trkpt>
      <trkpt lat="36.876446" lon="-4.936151">
        <ele>732.483691</ele>
        <time>2026-05-18T09:29:10.000Z</time>
      </trkpt>
      <trkpt lat="36.876425" lon="-4.936166">
        <ele>732.652424</ele>
        <time>2026-05-18T09:29:12.000Z</time>
      </trkpt>
      <trkpt lat="36.876403" lon="-4.936209">
        <ele>732.937276</ele>
        <time>2026-05-18T09:29:16.000Z</time>
      </trkpt>
      <trkpt lat="36.876349" lon="-4.936271">
        <ele>733.448780</ele>
        <time>2026-05-18T09:29:22.000Z</time>
      </trkpt>
      <trkpt lat="36.876284" lon="-4.936338">
        <ele>734.036516</ele>
        <time>2026-05-18T09:29:29.000Z</time>
      </trkpt>
      <trkpt lat="36.876249" lon="-4.936380">
        <ele>734.374980</ele>
        <time>2026-05-18T09:29:35.000Z</time>
      </trkpt>
      <trkpt lat="36.876242" lon="-4.936392">
        <ele>734.457863</ele>
        <time>2026-05-18T09:29:37.000Z</time>
      </trkpt>
      <trkpt lat="36.876232" lon="-4.936415">
        <ele>734.603952</ele>
        <time>2026-05-18T09:29:39.000Z</time>
      </trkpt>
      <trkpt lat="36.876229" lon="-4.936429">
        <ele>734.684835</ele>
        <time>2026-05-18T09:29:40.000Z</time>
      </trkpt>
      <trkpt lat="36.876206" lon="-4.936471">
        <ele>734.968884</ele>
        <time>2026-05-18T09:29:47.000Z</time>
      </trkpt>
      <trkpt lat="36.876171" lon="-4.936521">
        <ele>735.339667</ele>
        <time>2026-05-18T09:29:55.000Z</time>
      </trkpt>
      <trkpt lat="36.876105" lon="-4.936527">
        <ele>735.687989</ele>
        <time>2026-05-18T09:30:03.000Z</time>
      </trkpt>
      <trkpt lat="36.876077" lon="-4.936497">
        <ele>735.796607</ele>
        <time>2026-05-18T09:30:06.000Z</time>
      </trkpt>
      <trkpt lat="36.876064" lon="-4.936484">
        <ele>735.845642</ele>
        <time>2026-05-18T09:30:07.000Z</time>
      </trkpt>
      <trkpt lat="36.876055" lon="-4.936476">
        <ele>735.878169</ele>
        <time>2026-05-18T09:30:08.000Z</time>
      </trkpt>
      <trkpt lat="36.876020" lon="-4.936439">
        <ele>736.013179</ele>
        <time>2026-05-18T09:30:12.000Z</time>
      </trkpt>
      <trkpt lat="36.875995" lon="-4.936409">
        <ele>736.115250</ele>
        <time>2026-05-18T09:30:15.000Z</time>
      </trkpt>
      <trkpt lat="36.875968" lon="-4.936311">
        <ele>736.359465</ele>
        <time>2026-05-18T09:30:23.000Z</time>
      </trkpt>
      <trkpt lat="36.875965" lon="-4.936277">
        <ele>736.440061</ele>
        <time>2026-05-18T09:30:25.000Z</time>
      </trkpt>
      <trkpt lat="36.875970" lon="-4.936223">
        <ele>736.568143</ele>
        <time>2026-05-18T09:30:29.000Z</time>
      </trkpt>
      <trkpt lat="36.875975" lon="-4.936202">
        <ele>736.619768</ele>
        <time>2026-05-18T09:30:31.000Z</time>
      </trkpt>
      <trkpt lat="36.875974" lon="-4.936156">
        <ele>736.728191</ele>
        <time>2026-05-18T09:30:36.000Z</time>
      </trkpt>
      <trkpt lat="36.875964" lon="-4.936102">
        <ele>736.858789</ele>
        <time>2026-05-18T09:30:42.000Z</time>
      </trkpt>
      <trkpt lat="36.875944" lon="-4.935986">
        <ele>737.138380</ele>
        <time>2026-05-18T09:30:51.000Z</time>
      </trkpt>
      <trkpt lat="36.875939" lon="-4.935901">
        <ele>737.339195</ele>
        <time>2026-05-18T09:30:59.000Z</time>
      </trkpt>
      <trkpt lat="36.875917" lon="-4.935753">
        <ele>737.693877</ele>
        <time>2026-05-18T09:31:09.000Z</time>
      </trkpt>
      <trkpt lat="36.875901" lon="-4.935651">
        <ele>737.938783</ele>
        <time>2026-05-18T09:31:17.000Z</time>
      </trkpt>
      <trkpt lat="36.875881" lon="-4.935579">
        <ele>738.118364</ele>
        <time>2026-05-18T09:31:24.000Z</time>
      </trkpt>
      <trkpt lat="36.875852" lon="-4.935495">
        <ele>738.333927</ele>
        <time>2026-05-18T09:31:33.000Z</time>
      </trkpt>
      <trkpt lat="36.875845" lon="-4.935420">
        <ele>738.511839</ele>
        <time>2026-05-18T09:31:39.000Z</time>
      </trkpt>
      <trkpt lat="36.875843" lon="-4.935410">
        <ele>738.536126</ele>
        <time>2026-05-18T09:31:40.000Z</time>
      </trkpt>
      <trkpt lat="36.875835" lon="-4.935341">
        <ele>738.700400</ele>
        <time>2026-05-18T09:31:46.000Z</time>
      </trkpt>
      <trkpt lat="36.875834" lon="-4.935330">
        <ele>738.726485</ele>
        <time>2026-05-18T09:31:47.000Z</time>
      </trkpt>
      <trkpt lat="36.875829" lon="-4.935299">
        <ele>738.800996</ele>
        <time>2026-05-18T09:31:50.000Z</time>
      </trkpt>
      <trkpt lat="36.875816" lon="-4.935241">
        <ele>738.942916</ele>
        <time>2026-05-18T09:31:55.000Z</time>
      </trkpt>
      <trkpt lat="36.875815" lon="-4.935229">
        <ele>738.971343</ele>
        <time>2026-05-18T09:31:56.000Z</time>
      </trkpt>
      <trkpt lat="36.875764" lon="-4.935156">
        <ele>739.199706</ele>
        <time>2026-05-18T09:32:02.000Z</time>
      </trkpt>
      <trkpt lat="36.875715" lon="-4.935120">
        <ele>739.367112</ele>
        <time>2026-05-18T09:32:08.000Z</time>
      </trkpt>
      <trkpt lat="36.875676" lon="-4.935086">
        <ele>739.507159</ele>
        <time>2026-05-18T09:32:13.000Z</time>
      </trkpt>
      <trkpt lat="36.875648" lon="-4.935056">
        <ele>739.615778</ele>
        <time>2026-05-18T09:32:16.000Z</time>
      </trkpt>
      <trkpt lat="36.875641" lon="-4.935046">
        <ele>739.647087</ele>
        <time>2026-05-18T09:32:18.000Z</time>
      </trkpt>
      <trkpt lat="36.875632" lon="-4.935034">
        <ele>739.685845</ele>
        <time>2026-05-18T09:32:19.000Z</time>
      </trkpt>
      <trkpt lat="36.875611" lon="-4.935005">
        <ele>739.778012</ele>
        <time>2026-05-18T09:32:23.000Z</time>
      </trkpt>
      <trkpt lat="36.875573" lon="-4.934912">
        <ele>740.024067</ele>
        <time>2026-05-18T09:32:30.000Z</time>
      </trkpt>
      <trkpt lat="36.875555" lon="-4.934843">
        <ele>740.195070</ele>
        <time>2026-05-18T09:32:37.000Z</time>
      </trkpt>
      <trkpt lat="36.875557" lon="-4.934833">
        <ele>740.219357</ele>
        <time>2026-05-18T09:32:38.000Z</time>
      </trkpt>
      <trkpt lat="36.875536" lon="-4.934795">
        <ele>740.328179</ele>
        <time>2026-05-18T09:32:43.000Z</time>
      </trkpt>
      <trkpt lat="36.875524" lon="-4.934798">
        <ele>740.364224</ele>
        <time>2026-05-18T09:32:45.000Z</time>
      </trkpt>
      <trkpt lat="36.875521" lon="-4.934797">
        <ele>740.373370</ele>
        <time>2026-05-18T09:32:46.000Z</time>
      </trkpt>
      <trkpt lat="36.875511" lon="-4.934790">
        <ele>740.407127</ele>
        <time>2026-05-18T09:32:47.000Z</time>
      </trkpt>
      <trkpt lat="36.875494" lon="-4.934777">
        <ele>740.465825</ele>
        <time>2026-05-18T09:32:51.000Z</time>
      </trkpt>
      <trkpt lat="36.875493" lon="-4.934776">
        <ele>740.469597</ele>
        <time>2026-05-18T09:32:53.000Z</time>
      </trkpt>
      <trkpt lat="36.875489" lon="-4.934704">
        <ele>740.639651</ele>
        <time>2026-05-18T09:33:00.000Z</time>
      </trkpt>
      <trkpt lat="36.875482" lon="-4.934668">
        <ele>740.726943</ele>
        <time>2026-05-18T09:33:03.000Z</time>
      </trkpt>
      <trkpt lat="36.875473" lon="-4.934621">
        <ele>740.840812</ele>
        <time>2026-05-18T09:33:07.000Z</time>
      </trkpt>
      <trkpt lat="36.875484" lon="-4.934543">
        <ele>741.392905</ele>
        <time>2026-05-18T09:33:13.000Z</time>
      </trkpt>
      <trkpt lat="36.875490" lon="-4.934512">
        <ele>741.688726</ele>
        <time>2026-05-18T09:33:15.000Z</time>
      </trkpt>
      <trkpt lat="36.875495" lon="-4.934472">
        <ele>742.064226</ele>
        <time>2026-05-18T09:33:18.000Z</time>
      </trkpt>
      <trkpt lat="36.875489" lon="-4.934464">
        <ele>742.165937</ele>
        <time>2026-05-18T09:33:19.000Z</time>
      </trkpt>
      <trkpt lat="36.875480" lon="-4.934381">
        <ele>742.942800</ele>
        <time>2026-05-18T09:33:27.000Z</time>
      </trkpt>
      <trkpt lat="36.875476" lon="-4.934344">
        <ele>743.289093</ele>
        <time>2026-05-18T09:33:30.000Z</time>
      </trkpt>
      <trkpt lat="36.875475" lon="-4.934293">
        <ele>743.762258</ele>
        <time>2026-05-18T09:33:34.000Z</time>
      </trkpt>
      <trkpt lat="36.875472" lon="-4.934224">
        <ele>744.403175</ele>
        <time>2026-05-18T09:33:39.000Z</time>
      </trkpt>
      <trkpt lat="36.875472" lon="-4.934213">
        <ele>744.505200</ele>
        <time>2026-05-18T09:33:40.000Z</time>
      </trkpt>
      <trkpt lat="36.875454" lon="-4.934110">
        <ele>745.483052</ele>
        <time>2026-05-18T09:33:49.000Z</time>
      </trkpt>
      <trkpt lat="36.875443" lon="-4.934083">
        <ele>745.764083</ele>
        <time>2026-05-18T09:33:52.000Z</time>
      </trkpt>
      <trkpt lat="36.875440" lon="-4.934034">
        <ele>746.219886</ele>
        <time>2026-05-18T09:33:57.000Z</time>
      </trkpt>
      <trkpt lat="36.875425" lon="-4.933964">
        <ele>746.892024</ele>
        <time>2026-05-18T09:34:03.000Z</time>
      </trkpt>
      <trkpt lat="36.875422" lon="-4.933949">
        <ele>747.035431</ele>
        <time>2026-05-18T09:34:04.000Z</time>
      </trkpt>
      <trkpt lat="36.875409" lon="-4.933895">
        <ele>747.558469</ele>
        <time>2026-05-18T09:34:10.000Z</time>
      </trkpt>
      <trkpt lat="36.875406" lon="-4.933891">
        <ele>747.609325</ele>
        <time>2026-05-18T09:34:12.000Z</time>
      </trkpt>
      <trkpt lat="36.875407" lon="-4.933910">
        <ele>747.785930</ele>
        <time>2026-05-18T09:34:17.000Z</time>
      </trkpt>
      <trkpt lat="36.875418" lon="-4.933923">
        <ele>747.961443</ele>
        <time>2026-05-18T09:34:21.000Z</time>
      </trkpt>
      <trkpt lat="36.875441" lon="-4.933908">
        <ele>748.262227</ele>
        <time>2026-05-18T09:34:28.000Z</time>
      </trkpt>
      <trkpt lat="36.875432" lon="-4.933899">
        <ele>748.395857</ele>
        <time>2026-05-18T09:34:29.000Z</time>
      </trkpt>
      <trkpt lat="36.875421" lon="-4.933900">
        <ele>748.523734</ele>
        <time>2026-05-18T09:34:34.000Z</time>
      </trkpt>
      <trkpt lat="36.875421" lon="-4.933907">
        <ele>748.588659</ele>
        <time>2026-05-18T09:34:37.000Z</time>
      </trkpt>
      <trkpt lat="36.875421" lon="-4.933904">
        <ele>748.616484</ele>
        <time>2026-05-18T09:34:39.000Z</time>
      </trkpt>
      <trkpt lat="36.875413" lon="-4.933886">
        <ele>748.807471</ele>
        <time>2026-05-18T09:34:46.000Z</time>
      </trkpt>
      <trkpt lat="36.875407" lon="-4.933885">
        <ele>748.877653</ele>
        <time>2026-05-18T09:34:50.000Z</time>
      </trkpt>
      <trkpt lat="36.875421" lon="-4.933900">
        <ele>749.091440</ele>
        <time>2026-05-18T09:34:59.000Z</time>
      </trkpt>
      <trkpt lat="36.875417" lon="-4.933874">
        <ele>749.337008</ele>
        <time>2026-05-18T09:35:08.000Z</time>
      </trkpt>
      <trkpt lat="36.875428" lon="-4.933872">
        <ele>749.465890</ele>
        <time>2026-05-18T09:35:11.000Z</time>
      </trkpt>
      <trkpt lat="36.875419" lon="-4.933878">
        <ele>749.584153</ele>
        <time>2026-05-18T09:35:14.000Z</time>
      </trkpt>
      <trkpt lat="36.875415" lon="-4.933881">
        <ele>749.638238</ele>
        <time>2026-05-18T09:35:15.000Z</time>
      </trkpt>
      <trkpt lat="36.875394" lon="-4.933888">
        <ele>749.890230</ele>
        <time>2026-05-18T09:35:25.000Z</time>
      </trkpt>
      <trkpt lat="36.875394" lon="-4.933922">
        <ele>750.205580</ele>
        <time>2026-05-18T09:35:32.000Z</time>
      </trkpt>
      <trkpt lat="36.875407" lon="-4.933926">
        <ele>750.360807</ele>
        <time>2026-05-18T09:35:34.000Z</time>
      </trkpt>
      <trkpt lat="36.875416" lon="-4.933906">
        <ele>750.573643</ele>
        <time>2026-05-18T09:35:40.000Z</time>
      </trkpt>
      <trkpt lat="36.875417" lon="-4.933900">
        <ele>750.630488</ele>
        <time>2026-05-18T09:35:41.000Z</time>
      </trkpt>
      <trkpt lat="36.875418" lon="-4.933899">
        <ele>750.645336</ele>
        <time>2026-05-18T09:35:44.000Z</time>
      </trkpt>
      <trkpt lat="36.875418" lon="-4.933874">
        <ele>750.877210</ele>
        <time>2026-05-18T09:35:48.000Z</time>
      </trkpt>
      <trkpt lat="36.875418" lon="-4.933855">
        <ele>751.053435</ele>
        <time>2026-05-18T09:35:49.000Z</time>
      </trkpt>
      <trkpt lat="36.875421" lon="-4.933846">
        <ele>751.143867</ele>
        <time>2026-05-18T09:35:50.000Z</time>
      </trkpt>
      <trkpt lat="36.875424" lon="-4.933823">
        <ele>751.360008</ele>
        <time>2026-05-18T09:35:54.000Z</time>
      </trkpt>
      <trkpt lat="36.875437" lon="-4.933773">
        <ele>751.847637</ele>
        <time>2026-05-18T09:36:00.000Z</time>
      </trkpt>
      <trkpt lat="36.875445" lon="-4.933727">
        <ele>752.284252</ele>
        <time>2026-05-18T09:36:03.000Z</time>
      </trkpt>
      <trkpt lat="36.875457" lon="-4.933663">
        <ele>752.893938</ele>
        <time>2026-05-18T09:36:07.000Z</time>
      </trkpt>
      <trkpt lat="36.875459" lon="-4.933653">
        <ele>752.989542</ele>
        <time>2026-05-18T09:36:08.000Z</time>
      </trkpt>
      <trkpt lat="36.875472" lon="-4.933602">
        <ele>753.486000</ele>
        <time>2026-05-18T09:36:14.000Z</time>
      </trkpt>
      <trkpt lat="36.875475" lon="-4.933595">
        <ele>753.559655</ele>
        <time>2026-05-18T09:36:15.000Z</time>
      </trkpt>
      <trkpt lat="36.875478" lon="-4.933583">
        <ele>753.676264</ele>
        <time>2026-05-18T09:36:16.000Z</time>
      </trkpt>
      <trkpt lat="36.875483" lon="-4.933561">
        <ele>753.888388</ele>
        <time>2026-05-18T09:36:18.000Z</time>
      </trkpt>
      <trkpt lat="36.875485" lon="-4.933553">
        <ele>753.966127</ele>
        <time>2026-05-18T09:36:19.000Z</time>
      </trkpt>
      <trkpt lat="36.875489" lon="-4.933542">
        <ele>754.078198</ele>
        <time>2026-05-18T09:36:20.000Z</time>
      </trkpt>
      <trkpt lat="36.875514" lon="-4.933498">
        <ele>754.578763</ele>
        <time>2026-05-18T09:36:24.000Z</time>
      </trkpt>
      <trkpt lat="36.875519" lon="-4.933490">
        <ele>754.672925</ele>
        <time>2026-05-18T09:36:25.000Z</time>
      </trkpt>
      <trkpt lat="36.875535" lon="-4.933466">
        <ele>754.962693</ele>
        <time>2026-05-18T09:36:27.000Z</time>
      </trkpt>
      <trkpt lat="36.875548" lon="-4.933445">
        <ele>755.208977</ele>
        <time>2026-05-18T09:36:30.000Z</time>
      </trkpt>
      <trkpt lat="36.875570" lon="-4.933396">
        <ele>755.730141</ele>
        <time>2026-05-18T09:36:33.000Z</time>
      </trkpt>
      <trkpt lat="36.875599" lon="-4.933336">
        <ele>756.380331</ele>
        <time>2026-05-18T09:36:39.000Z</time>
      </trkpt>
      <trkpt lat="36.875600" lon="-4.933335">
        <ele>756.395179</ele>
        <time>2026-05-18T09:36:40.000Z</time>
      </trkpt>
      <trkpt lat="36.875614" lon="-4.933282">
        <ele>756.912859</ele>
        <time>2026-05-18T09:36:46.000Z</time>
      </trkpt>
      <trkpt lat="36.875617" lon="-4.933273">
        <ele>757.003290</ele>
        <time>2026-05-18T09:36:47.000Z</time>
      </trkpt>
      <trkpt lat="36.875637" lon="-4.933192">
        <ele>757.789535</ele>
        <time>2026-05-18T09:36:53.000Z</time>
      </trkpt>
      <trkpt lat="36.875640" lon="-4.933176">
        <ele>757.941956</ele>
        <time>2026-05-18T09:36:54.000Z</time>
      </trkpt>
      <trkpt lat="36.875651" lon="-4.933126">
        <ele>758.422922</ele>
        <time>2026-05-18T09:37:01.000Z</time>
      </trkpt>
      <trkpt lat="36.875658" lon="-4.933099">
        <ele>758.686169</ele>
        <time>2026-05-18T09:37:03.000Z</time>
      </trkpt>
      <trkpt lat="36.875681" lon="-4.933029">
        <ele>759.388049</ele>
        <time>2026-05-18T09:37:10.000Z</time>
      </trkpt>
      <trkpt lat="36.875686" lon="-4.933010">
        <ele>759.573563</ele>
        <time>2026-05-18T09:37:12.000Z</time>
      </trkpt>
      <trkpt lat="36.875696" lon="-4.932976">
        <ele>759.909551</ele>
        <time>2026-05-18T09:37:16.000Z</time>
      </trkpt>
      <trkpt lat="36.875707" lon="-4.932938">
        <ele>760.284365</ele>
        <time>2026-05-18T09:37:20.000Z</time>
      </trkpt>
      <trkpt lat="36.875713" lon="-4.932923">
        <ele>760.439913</ele>
        <time>2026-05-18T09:37:22.000Z</time>
      </trkpt>
      <trkpt lat="36.875718" lon="-4.932905">
        <ele>760.616641</ele>
        <time>2026-05-18T09:37:24.000Z</time>
      </trkpt>
      <trkpt lat="36.875734" lon="-4.932863">
        <ele>761.048106</ele>
        <time>2026-05-18T09:37:27.000Z</time>
      </trkpt>
      <trkpt lat="36.875741" lon="-4.932850">
        <ele>761.193451</ele>
        <time>2026-05-18T09:37:28.000Z</time>
      </trkpt>
      <trkpt lat="36.875757" lon="-4.932838">
        <ele>761.409790</ele>
        <time>2026-05-18T09:37:30.000Z</time>
      </trkpt>
      <trkpt lat="36.875789" lon="-4.932802">
        <ele>761.983587</ele>
        <time>2026-05-18T09:37:35.000Z</time>
      </trkpt>
      <trkpt lat="36.875810" lon="-4.932768">
        <ele>762.578291</ele>
        <time>2026-05-18T09:37:37.000Z</time>
      </trkpt>
      <trkpt lat="36.875816" lon="-4.932712">
        <ele>763.360516</ele>
        <time>2026-05-18T09:37:42.000Z</time>
      </trkpt>
      <trkpt lat="36.875814" lon="-4.932704">
        <ele>763.476556</ele>
        <time>2026-05-18T09:37:44.000Z</time>
      </trkpt>
      <trkpt lat="36.875813" lon="-4.932712">
        <ele>763.588658</ele>
        <time>2026-05-18T09:37:47.000Z</time>
      </trkpt>
      <trkpt lat="36.875813" lon="-4.932712">
        <ele>763.588658</ele>
        <time>2026-05-18T10:20:07.000Z</time>
      </trkpt>
      <trkpt lat="36.875813" lon="-4.932712">
        <ele>763.588658</ele>
        <time>2026-05-18T10:20:08.000Z</time>
      </trkpt>
      <trkpt lat="36.875775" lon="-4.932689">
        <ele>764.319362</ele>
        <time>2026-05-18T10:20:11.000Z</time>
      </trkpt>
      <trkpt lat="36.875810" lon="-4.932622">
        <ele>765.427227</ele>
        <time>2026-05-18T10:20:18.000Z</time>
      </trkpt>
      <trkpt lat="36.875853" lon="-4.932617">
        <ele>766.174648</ele>
        <time>2026-05-18T10:20:26.000Z</time>
      </trkpt>
      <trkpt lat="36.875859" lon="-4.932603">
        <ele>766.394538</ele>
        <time>2026-05-18T10:20:36.000Z</time>
      </trkpt>
      <trkpt lat="36.875880" lon="-4.932583">
        <ele>766.851447</ele>
        <time>2026-05-18T10:20:41.000Z</time>
      </trkpt>
      <trkpt lat="36.875915" lon="-4.932560">
        <ele>767.535794</ele>
        <time>2026-05-18T10:20:45.000Z</time>
      </trkpt>
      <trkpt lat="36.875941" lon="-4.932516">
        <ele>768.293138</ele>
        <time>2026-05-18T10:20:50.000Z</time>
      </trkpt>
      <trkpt lat="36.875946" lon="-4.932504">
        <ele>768.480460</ele>
        <time>2026-05-18T10:20:51.000Z</time>
      </trkpt>
      <trkpt lat="36.875979" lon="-4.932448">
        <ele>769.443417</ele>
        <time>2026-05-18T10:20:58.000Z</time>
      </trkpt>
      <trkpt lat="36.875992" lon="-4.932429">
        <ele>769.789562</ele>
        <time>2026-05-18T10:21:00.000Z</time>
      </trkpt>
      <trkpt lat="36.876007" lon="-4.932408">
        <ele>770.179337</ele>
        <time>2026-05-18T10:21:02.000Z</time>
      </trkpt>
      <trkpt lat="36.876015" lon="-4.932399">
        <ele>770.365606</ele>
        <time>2026-05-18T10:21:03.000Z</time>
      </trkpt>
      <trkpt lat="36.876024" lon="-4.932389">
        <ele>770.574004</ele>
        <time>2026-05-18T10:21:04.000Z</time>
      </trkpt>
      <trkpt lat="36.876032" lon="-4.932378">
        <ele>770.779827</ele>
        <time>2026-05-18T10:21:05.000Z</time>
      </trkpt>
      <trkpt lat="36.876052" lon="-4.932353">
        <ele>771.269328</ele>
        <time>2026-05-18T10:21:08.000Z</time>
      </trkpt>
      <trkpt lat="36.876087" lon="-4.932318">
        <ele>772.045044</ele>
        <time>2026-05-18T10:21:13.000Z</time>
      </trkpt>
      <trkpt lat="36.876109" lon="-4.932296">
        <ele>772.532636</ele>
        <time>2026-05-18T10:21:16.000Z</time>
      </trkpt>
      <trkpt lat="36.876112" lon="-4.932291">
        <ele>772.619168</ele>
        <time>2026-05-18T10:21:17.000Z</time>
      </trkpt>
      <trkpt lat="36.876142" lon="-4.932249">
        <ele>773.398716</ele>
        <time>2026-05-18T10:21:20.000Z</time>
      </trkpt>
      <trkpt lat="36.876154" lon="-4.932231">
        <ele>773.723117</ele>
        <time>2026-05-18T10:21:22.000Z</time>
      </trkpt>
      <trkpt lat="36.876163" lon="-4.932212">
        <ele>774.028824</ele>
        <time>2026-05-18T10:21:25.000Z</time>
      </trkpt>
      <trkpt lat="36.876194" lon="-4.932175">
        <ele>774.770616</ele>
        <time>2026-05-18T10:21:29.000Z</time>
      </trkpt>
      <trkpt lat="36.876202" lon="-4.932169">
        <ele>774.932081</ele>
        <time>2026-05-18T10:21:30.000Z</time>
      </trkpt>
      <trkpt lat="36.876249" lon="-4.932126">
        <ele>775.940090</ele>
        <time>2026-05-18T10:21:35.000Z</time>
      </trkpt>
      <trkpt lat="36.876263" lon="-4.932123">
        <ele>776.185925</ele>
        <time>2026-05-18T10:21:36.000Z</time>
      </trkpt>
      <trkpt lat="36.876322" lon="-4.932077">
        <ele>777.389366</ele>
        <time>2026-05-18T10:21:42.000Z</time>
      </trkpt>
      <trkpt lat="36.876327" lon="-4.932072">
        <ele>777.500183</ele>
        <time>2026-05-18T10:21:43.000Z</time>
      </trkpt>
      <trkpt lat="36.876367" lon="-4.932026">
        <ele>778.440842</ele>
        <time>2026-05-18T10:21:49.000Z</time>
      </trkpt>
      <trkpt lat="36.876375" lon="-4.932017">
        <ele>778.627110</ele>
        <time>2026-05-18T10:21:50.000Z</time>
      </trkpt>
      <trkpt lat="36.876435" lon="-4.931993">
        <ele>779.717404</ele>
        <time>2026-05-18T10:21:56.000Z</time>
      </trkpt>
      <trkpt lat="36.876465" lon="-4.931985">
        <ele>780.248301</ele>
        <time>2026-05-18T10:22:00.000Z</time>
      </trkpt>
      <trkpt lat="36.876488" lon="-4.931978">
        <ele>780.657993</ele>
        <time>2026-05-18T10:22:03.000Z</time>
      </trkpt>
      <trkpt lat="36.876490" lon="-4.931965">
        <ele>780.841271</ele>
        <time>2026-05-18T10:22:06.000Z</time>
      </trkpt>
      <trkpt lat="36.876483" lon="-4.931951">
        <ele>781.069843</ele>
        <time>2026-05-18T10:22:09.000Z</time>
      </trkpt>
      <trkpt lat="36.876521" lon="-4.931912">
        <ele>781.920763</ele>
        <time>2026-05-18T10:22:17.000Z</time>
      </trkpt>
      <trkpt lat="36.876542" lon="-4.931889">
        <ele>782.403972</ele>
        <time>2026-05-18T10:22:19.000Z</time>
      </trkpt>
      <trkpt lat="36.876582" lon="-4.931858">
        <ele>783.218500</ele>
        <time>2026-05-18T10:22:23.000Z</time>
      </trkpt>
      <trkpt lat="36.876589" lon="-4.931859">
        <ele>783.340439</ele>
        <time>2026-05-18T10:22:24.000Z</time>
      </trkpt>
      <trkpt lat="36.876647" lon="-4.931814">
        <ele>784.521871</ele>
        <time>2026-05-18T10:22:30.000Z</time>
      </trkpt>
      <trkpt lat="36.876661" lon="-4.931799">
        <ele>784.840987</ele>
        <time>2026-05-18T10:22:31.000Z</time>
      </trkpt>
      <trkpt lat="36.876703" lon="-4.931742">
        <ele>785.913891</ele>
        <time>2026-05-18T10:22:36.000Z</time>
      </trkpt>
      <trkpt lat="36.876720" lon="-4.931721">
        <ele>786.327526</ele>
        <time>2026-05-18T10:22:38.000Z</time>
      </trkpt>
      <trkpt lat="36.876750" lon="-4.931669">
        <ele>787.215141</ele>
        <time>2026-05-18T10:22:44.000Z</time>
      </trkpt>
      <trkpt lat="36.876760" lon="-4.931645">
        <ele>787.589782</ele>
        <time>2026-05-18T10:22:46.000Z</time>
      </trkpt>
      <trkpt lat="36.876776" lon="-4.931619">
        <ele>788.043930</ele>
        <time>2026-05-18T10:22:50.000Z</time>
      </trkpt>
      <trkpt lat="36.876778" lon="-4.931633">
        <ele>788.240820</ele>
        <time>2026-05-18T10:22:52.000Z</time>
      </trkpt>
      <trkpt lat="36.876768" lon="-4.931599">
        <ele>788.742342</ele>
        <time>2026-05-18T10:22:55.000Z</time>
      </trkpt>
      <trkpt lat="36.876787" lon="-4.931546">
        <ele>789.546415</ele>
        <time>2026-05-18T10:22:58.000Z</time>
      </trkpt>
      <trkpt lat="36.876799" lon="-4.931524">
        <ele>789.915064</ele>
        <time>2026-05-18T10:23:01.000Z</time>
      </trkpt>
      <trkpt lat="36.876802" lon="-4.931516">
        <ele>790.037386</ele>
        <time>2026-05-18T10:23:02.000Z</time>
      </trkpt>
      <trkpt lat="36.876818" lon="-4.931483">
        <ele>790.571624</ele>
        <time>2026-05-18T10:23:05.000Z</time>
      </trkpt>
      <trkpt lat="36.876832" lon="-4.931448">
        <ele>791.113385</ele>
        <time>2026-05-18T10:23:07.000Z</time>
      </trkpt>
      <trkpt lat="36.876874" lon="-4.931381">
        <ele>792.291855</ele>
        <time>2026-05-18T10:23:12.000Z</time>
      </trkpt>
      <trkpt lat="36.876889" lon="-4.931357">
        <ele>792.713516</ele>
        <time>2026-05-18T10:23:14.000Z</time>
      </trkpt>
      <trkpt lat="36.876927" lon="-4.931301">
        <ele>792.955483</ele>
        <time>2026-05-18T10:23:19.000Z</time>
      </trkpt>
      <trkpt lat="36.876968" lon="-4.931251">
        <ele>793.036150</ele>
        <time>2026-05-18T10:23:24.000Z</time>
      </trkpt>
      <trkpt lat="36.876982" lon="-4.931233">
        <ele>793.064433</ele>
        <time>2026-05-18T10:23:26.000Z</time>
      </trkpt>
      <trkpt lat="36.877010" lon="-4.931195">
        <ele>793.122637</ele>
        <time>2026-05-18T10:23:30.000Z</time>
      </trkpt>
      <trkpt lat="36.877037" lon="-4.931161">
        <ele>793.176610</ele>
        <time>2026-05-18T10:23:34.000Z</time>
      </trkpt>
      <trkpt lat="36.877062" lon="-4.931127">
        <ele>793.228636</ele>
        <time>2026-05-18T10:23:37.000Z</time>
      </trkpt>
      <trkpt lat="36.877099" lon="-4.931094">
        <ele>793.292647</ele>
        <time>2026-05-18T10:23:41.000Z</time>
      </trkpt>
      <trkpt lat="36.877123" lon="-4.931091">
        <ele>793.326616</ele>
        <time>2026-05-18T10:23:45.000Z</time>
      </trkpt>
      <trkpt lat="36.877131" lon="-4.931088">
        <ele>793.338379</ele>
        <time>2026-05-18T10:23:46.000Z</time>
      </trkpt>
      <trkpt lat="36.877172" lon="-4.931057">
        <ele>793.405861</ele>
        <time>2026-05-18T10:23:51.000Z</time>
      </trkpt>
      <trkpt lat="36.877194" lon="-4.931027">
        <ele>793.451711</ele>
        <time>2026-05-18T10:23:54.000Z</time>
      </trkpt>
      <trkpt lat="36.877229" lon="-4.930970">
        <ele>793.532662</ele>
        <time>2026-05-18T10:23:58.000Z</time>
      </trkpt>
      <trkpt lat="36.877243" lon="-4.930933">
        <ele>793.578773</ele>
        <time>2026-05-18T10:24:01.000Z</time>
      </trkpt>
      <trkpt lat="36.877248" lon="-4.930915">
        <ele>793.600239</ele>
        <time>2026-05-18T10:24:04.000Z</time>
      </trkpt>
      <trkpt lat="36.877261" lon="-4.930876">
        <ele>793.647837</ele>
        <time>2026-05-18T10:24:07.000Z</time>
      </trkpt>
      <trkpt lat="36.877275" lon="-4.930840">
        <ele>793.692932</ele>
        <time>2026-05-18T10:24:10.000Z</time>
      </trkpt>
      <trkpt lat="36.877293" lon="-4.930790">
        <ele>793.754702</ele>
        <time>2026-05-18T10:24:14.000Z</time>
      </trkpt>
      <trkpt lat="36.877301" lon="-4.930769">
        <ele>793.780906</ele>
        <time>2026-05-18T10:24:16.000Z</time>
      </trkpt>
      <trkpt lat="36.877315" lon="-4.930700">
        <ele>793.861100</ele>
        <time>2026-05-18T10:24:24.000Z</time>
      </trkpt>
      <trkpt lat="36.877332" lon="-4.930601">
        <ele>793.975171</ele>
        <time>2026-05-18T10:24:30.000Z</time>
      </trkpt>
      <trkpt lat="36.877334" lon="-4.930595">
        <ele>793.982494</ele>
        <time>2026-05-18T10:24:31.000Z</time>
      </trkpt>
      <trkpt lat="36.877351" lon="-4.930527">
        <ele>794.062754</ele>
        <time>2026-05-18T10:24:36.000Z</time>
      </trkpt>
      <trkpt lat="36.877356" lon="-4.930513">
        <ele>794.080026</ele>
        <time>2026-05-18T10:24:37.000Z</time>
      </trkpt>
      <trkpt lat="36.877384" lon="-4.930444">
        <ele>794.167189</ele>
        <time>2026-05-18T10:24:44.000Z</time>
      </trkpt>
      <trkpt lat="36.877391" lon="-4.930435">
        <ele>794.181331</ele>
        <time>2026-05-18T10:24:45.000Z</time>
      </trkpt>
      <trkpt lat="36.877433" lon="-4.930373">
        <ele>794.272859</ele>
        <time>2026-05-18T10:24:50.000Z</time>
      </trkpt>
      <trkpt lat="36.877449" lon="-4.930350">
        <ele>794.307198</ele>
        <time>2026-05-18T10:24:56.000Z</time>
      </trkpt>
      <trkpt lat="36.877460" lon="-4.930332">
        <ele>794.332716</ele>
        <time>2026-05-18T10:24:59.000Z</time>
      </trkpt>
      <trkpt lat="36.877475" lon="-4.930305">
        <ele>794.369750</ele>
        <time>2026-05-18T10:25:01.000Z</time>
      </trkpt>
      <trkpt lat="36.877484" lon="-4.930286">
        <ele>794.394626</ele>
        <time>2026-05-18T10:25:03.000Z</time>
      </trkpt>
      <trkpt lat="36.877500" lon="-4.930256">
        <ele>794.435246</ele>
        <time>2026-05-18T10:25:06.000Z</time>
      </trkpt>
      <trkpt lat="36.877517" lon="-4.930188">
        <ele>794.515506</ele>
        <time>2026-05-18T10:25:12.000Z</time>
      </trkpt>
      <trkpt lat="36.877537" lon="-4.930161">
        <ele>794.556962</ele>
        <time>2026-05-18T10:25:15.000Z</time>
      </trkpt>
      <trkpt lat="36.877561" lon="-4.930112">
        <ele>794.621689</ele>
        <time>2026-05-18T10:25:19.000Z</time>
      </trkpt>
      <trkpt lat="36.877564" lon="-4.930099">
        <ele>794.636932</ele>
        <time>2026-05-18T10:25:20.000Z</time>
      </trkpt>
      <trkpt lat="36.877579" lon="-4.930072">
        <ele>794.673965</ele>
        <time>2026-05-18T10:25:22.000Z</time>
      </trkpt>
      <trkpt lat="36.877600" lon="-4.930029">
        <ele>794.730722</ele>
        <time>2026-05-18T10:25:26.000Z</time>
      </trkpt>
      <trkpt lat="36.877608" lon="-4.930019">
        <ele>794.746654</ele>
        <time>2026-05-18T10:25:28.000Z</time>
      </trkpt>
      <trkpt lat="36.877607" lon="-4.930013">
        <ele>794.753559</ele>
        <time>2026-05-18T10:25:29.000Z</time>
      </trkpt>
      <trkpt lat="36.877634" lon="-4.929967">
        <ele>794.817835</ele>
        <time>2026-05-18T10:25:34.000Z</time>
      </trkpt>
      <trkpt lat="36.877655" lon="-4.929944">
        <ele>794.857155</ele>
        <time>2026-05-18T10:25:37.000Z</time>
      </trkpt>
      <trkpt lat="36.877670" lon="-4.929933">
        <ele>794.881647</ele>
        <time>2026-05-18T10:25:38.000Z</time>
      </trkpt>
      <trkpt lat="36.877687" lon="-4.929916">
        <ele>794.912306</ele>
        <time>2026-05-18T10:25:40.000Z</time>
      </trkpt>
      <trkpt lat="36.877731" lon="-4.929854">
        <ele>795.005679</ele>
        <time>2026-05-18T10:25:46.000Z</time>
      </trkpt>
      <trkpt lat="36.877740" lon="-4.929845">
        <ele>795.021910</ele>
        <time>2026-05-18T10:25:47.000Z</time>
      </trkpt>
      <trkpt lat="36.877771" lon="-4.929803">
        <ele>795.086290</ele>
        <time>2026-05-18T10:25:52.000Z</time>
      </trkpt>
      <trkpt lat="36.877797" lon="-4.929769">
        <ele>795.139280</ele>
        <time>2026-05-18T10:25:56.000Z</time>
      </trkpt>
      <trkpt lat="36.877828" lon="-4.929724">
        <ele>795.206183</ele>
        <time>2026-05-18T10:26:03.000Z</time>
      </trkpt>
      <trkpt lat="36.877849" lon="-4.929690">
        <ele>795.254575</ele>
        <time>2026-05-18T10:26:09.000Z</time>
      </trkpt>
      <trkpt lat="36.877860" lon="-4.929671">
        <ele>795.280998</ele>
        <time>2026-05-18T10:26:11.000Z</time>
      </trkpt>
      <trkpt lat="36.877893" lon="-4.929615">
        <ele>795.359356</ele>
        <time>2026-05-18T10:26:17.000Z</time>
      </trkpt>
      <trkpt lat="36.877919" lon="-4.929578">
        <ele>795.414838</ele>
        <time>2026-05-18T10:26:21.000Z</time>
      </trkpt>
      <trkpt lat="36.877933" lon="-4.929557">
        <ele>795.288266</ele>
        <time>2026-05-18T10:26:24.000Z</time>
      </trkpt>
      <trkpt lat="36.877939" lon="-4.929549">
        <ele>795.224885</ele>
        <time>2026-05-18T10:26:25.000Z</time>
      </trkpt>
      <trkpt lat="36.877959" lon="-4.929518">
        <ele>794.994707</ele>
        <time>2026-05-18T10:26:29.000Z</time>
      </trkpt>
      <trkpt lat="36.877981" lon="-4.929470">
        <ele>794.674977</ele>
        <time>2026-05-18T10:26:33.000Z</time>
      </trkpt>
      <trkpt lat="36.877984" lon="-4.929457">
        <ele>794.596779</ele>
        <time>2026-05-18T10:26:34.000Z</time>
      </trkpt>
      <trkpt lat="36.878017" lon="-4.929374">
        <ele>794.061090</ele>
        <time>2026-05-18T10:26:40.000Z</time>
      </trkpt>
      <trkpt lat="36.878025" lon="-4.929364">
        <ele>793.979351</ele>
        <time>2026-05-18T10:26:41.000Z</time>
      </trkpt>
      <trkpt lat="36.878055" lon="-4.929315">
        <ele>793.622722</ele>
        <time>2026-05-18T10:26:46.000Z</time>
      </trkpt>
      <trkpt lat="36.878072" lon="-4.929289">
        <ele>793.428642</ele>
        <time>2026-05-18T10:26:48.000Z</time>
      </trkpt>
      <trkpt lat="36.878096" lon="-4.929250">
        <ele>793.144257</ele>
        <time>2026-05-18T10:26:52.000Z</time>
      </trkpt>
      <trkpt lat="36.878114" lon="-4.929232">
        <ele>792.977714</ele>
        <time>2026-05-18T10:26:55.000Z</time>
      </trkpt>
      <trkpt lat="36.878134" lon="-4.929215">
        <ele>792.802972</ele>
        <time>2026-05-18T10:26:57.000Z</time>
      </trkpt>
      <trkpt lat="36.878155" lon="-4.929201">
        <ele>792.631016</ele>
        <time>2026-05-18T10:26:59.000Z</time>
      </trkpt>
      <trkpt lat="36.878231" lon="-4.929153">
        <ele>792.015804</ele>
        <time>2026-05-18T10:27:05.000Z</time>
      </trkpt>
      <trkpt lat="36.878263" lon="-4.929133">
        <ele>791.757313</ele>
        <time>2026-05-18T10:27:08.000Z</time>
      </trkpt>
      <trkpt lat="36.878318" lon="-4.929097">
        <ele>791.308754</ele>
        <time>2026-05-18T10:27:12.000Z</time>
      </trkpt>
      <trkpt lat="36.878373" lon="-4.929035">
        <ele>790.773670</ele>
        <time>2026-05-18T10:27:18.000Z</time>
      </trkpt>
      <trkpt lat="36.878378" lon="-4.929024">
        <ele>790.700548</ele>
        <time>2026-05-18T10:27:19.000Z</time>
      </trkpt>
      <trkpt lat="36.878399" lon="-4.928905">
        <ele>789.996248</ele>
        <time>2026-05-18T10:27:27.000Z</time>
      </trkpt>
      <trkpt lat="36.878413" lon="-4.928770">
        <ele>789.209485</ele>
        <time>2026-05-18T10:27:35.000Z</time>
      </trkpt>
      <trkpt lat="36.878441" lon="-4.928676">
        <ele>788.629767</ele>
        <time>2026-05-18T10:27:42.000Z</time>
      </trkpt>
      <trkpt lat="36.878449" lon="-4.928641">
        <ele>788.419388</ele>
        <time>2026-05-18T10:27:44.000Z</time>
      </trkpt>
      <trkpt lat="36.878454" lon="-4.928622">
        <ele>788.303787</ele>
        <time>2026-05-18T10:27:45.000Z</time>
      </trkpt>
      <trkpt lat="36.878470" lon="-4.928564">
        <ele>787.949202</ele>
        <time>2026-05-18T10:27:49.000Z</time>
      </trkpt>
      <trkpt lat="36.878476" lon="-4.928539">
        <ele>787.798351</ele>
        <time>2026-05-18T10:27:51.000Z</time>
      </trkpt>
      <trkpt lat="36.878507" lon="-4.928440">
        <ele>787.183903</ele>
        <time>2026-05-18T10:27:58.000Z</time>
      </trkpt>
      <trkpt lat="36.878516" lon="-4.928382">
        <ele>786.842443</ele>
        <time>2026-05-18T10:28:06.000Z</time>
      </trkpt>
      <trkpt lat="36.878515" lon="-4.928376">
        <ele>786.807022</ele>
        <time>2026-05-18T10:28:07.000Z</time>
      </trkpt>
      <trkpt lat="36.878511" lon="-4.928277">
        <ele>786.234122</ele>
        <time>2026-05-18T10:28:15.000Z</time>
      </trkpt>
      <trkpt lat="36.878524" lon="-4.928128">
        <ele>785.367869</ele>
        <time>2026-05-18T10:28:26.000Z</time>
      </trkpt>
      <trkpt lat="36.878520" lon="-4.928082">
        <ele>785.100446</ele>
        <time>2026-05-18T10:28:35.000Z</time>
      </trkpt>
      <trkpt lat="36.878517" lon="-4.928083">
        <ele>785.078013</ele>
        <time>2026-05-18T10:28:45.000Z</time>
      </trkpt>
      <trkpt lat="36.878512" lon="-4.928096">
        <ele>784.994646</ele>
        <time>2026-05-18T10:28:54.000Z</time>
      </trkpt>
      <trkpt lat="36.878510" lon="-4.928095">
        <ele>784.979082</ele>
        <time>2026-05-18T10:28:56.000Z</time>
      </trkpt>
      <trkpt lat="36.878506" lon="-4.928077">
        <ele>784.871112</ele>
        <time>2026-05-18T10:28:59.000Z</time>
      </trkpt>
      <trkpt lat="36.878520" lon="-4.928063">
        <ele>784.741579</ele>
        <time>2026-05-18T10:29:05.000Z</time>
      </trkpt>
      <trkpt lat="36.878526" lon="-4.928057">
        <ele>784.686065</ele>
        <time>2026-05-18T10:29:09.000Z</time>
      </trkpt>
      <trkpt lat="36.878525" lon="-4.928064">
        <ele>784.644968</ele>
        <time>2026-05-18T10:29:11.000Z</time>
      </trkpt>
      <trkpt lat="36.878527" lon="-4.928080">
        <ele>784.551374</ele>
        <time>2026-05-18T10:29:15.000Z</time>
      </trkpt>
      <trkpt lat="36.878526" lon="-4.928086">
        <ele>784.515952</ele>
        <time>2026-05-18T10:29:17.000Z</time>
      </trkpt>
      <trkpt lat="36.878529" lon="-4.928089">
        <ele>784.488195</ele>
        <time>2026-05-18T10:29:20.000Z</time>
      </trkpt>
      <trkpt lat="36.878535" lon="-4.928064">
        <ele>784.337344</ele>
        <time>2026-05-18T10:29:28.000Z</time>
      </trkpt>
      <trkpt lat="36.878506" lon="-4.928060">
        <ele>784.126542</ele>
        <time>2026-05-18T10:29:37.000Z</time>
      </trkpt>
      <trkpt lat="36.878519" lon="-4.928049">
        <ele>784.013122</ele>
        <time>2026-05-18T10:29:43.000Z</time>
      </trkpt>
      <trkpt lat="36.878542" lon="-4.928061">
        <ele>783.833052</ele>
        <time>2026-05-18T10:29:48.000Z</time>
      </trkpt>
      <trkpt lat="36.878541" lon="-4.928078">
        <ele>783.734535</ele>
        <time>2026-05-18T10:29:54.000Z</time>
      </trkpt>
      <trkpt lat="36.878540" lon="-4.928092">
        <ele>783.653300</ele>
        <time>2026-05-18T10:29:58.000Z</time>
      </trkpt>
      <trkpt lat="36.878544" lon="-4.928085">
        <ele>783.603581</ele>
        <time>2026-05-18T10:30:05.000Z</time>
      </trkpt>
      <trkpt lat="36.878534" lon="-4.928068">
        <ele>783.481623</ele>
        <time>2026-05-18T10:30:07.000Z</time>
      </trkpt>
      <trkpt lat="36.878501" lon="-4.928060">
        <ele>783.238750</ele>
        <time>2026-05-18T10:30:15.000Z</time>
      </trkpt>
      <trkpt lat="36.878476" lon="-4.928063">
        <ele>783.057290</ele>
        <time>2026-05-18T10:30:20.000Z</time>
      </trkpt>
      <trkpt lat="36.878472" lon="-4.928067">
        <ele>783.020281</ele>
        <time>2026-05-18T10:30:23.000Z</time>
      </trkpt>
      <trkpt lat="36.878511" lon="-4.928070">
        <ele>782.737966</ele>
        <time>2026-05-18T10:30:28.000Z</time>
      </trkpt>
      <trkpt lat="36.878525" lon="-4.928070">
        <ele>782.636813</ele>
        <time>2026-05-18T10:30:30.000Z</time>
      </trkpt>
      <trkpt lat="36.878537" lon="-4.928082">
        <ele>782.525785</ele>
        <time>2026-05-18T10:30:33.000Z</time>
      </trkpt>
      <trkpt lat="36.878537" lon="-4.928086">
        <ele>782.502667</ele>
        <time>2026-05-18T10:30:36.000Z</time>
      </trkpt>
      <trkpt lat="36.878549" lon="-4.928082">
        <ele>782.405780</ele>
        <time>2026-05-18T10:30:42.000Z</time>
      </trkpt>
      <trkpt lat="36.878531" lon="-4.928056">
        <ele>782.083300</ele>
        <time>2026-05-18T10:30:49.000Z</time>
      </trkpt>
      <trkpt lat="36.878549" lon="-4.928006">
        <ele>781.569081</ele>
        <time>2026-05-18T10:30:55.000Z</time>
      </trkpt>
      <trkpt lat="36.878567" lon="-4.927996">
        <ele>781.338144</ele>
        <time>2026-05-18T10:30:58.000Z</time>
      </trkpt>
      <trkpt lat="36.878566" lon="-4.927993">
        <ele>781.307664</ele>
        <time>2026-05-18T10:31:00.000Z</time>
      </trkpt>
      <trkpt lat="36.878574" lon="-4.927995">
        <ele>781.212013</ele>
        <time>2026-05-18T10:31:04.000Z</time>
      </trkpt>
      <trkpt lat="36.878598" lon="-4.927947">
        <ele>780.681144</ele>
        <time>2026-05-18T10:31:13.000Z</time>
      </trkpt>
      <trkpt lat="36.878594" lon="-4.927961">
        <ele>780.541723</ele>
        <time>2026-05-18T10:31:19.000Z</time>
      </trkpt>
      <trkpt lat="36.878605" lon="-4.927963">
        <ele>780.411399</ele>
        <time>2026-05-18T10:31:23.000Z</time>
      </trkpt>
      <trkpt lat="36.878637" lon="-4.927881">
        <ele>779.555738</ele>
        <time>2026-05-18T10:31:29.000Z</time>
      </trkpt>
      <trkpt lat="36.878651" lon="-4.927799">
        <ele>778.769391</ele>
        <time>2026-05-18T10:31:37.000Z</time>
      </trkpt>
      <trkpt lat="36.878698" lon="-4.927727">
        <ele>777.897843</ele>
        <time>2026-05-18T10:31:44.000Z</time>
      </trkpt>
      <trkpt lat="36.878708" lon="-4.927702">
        <ele>777.635704</ele>
        <time>2026-05-18T10:31:46.000Z</time>
      </trkpt>
      <trkpt lat="36.878713" lon="-4.927680">
        <ele>777.421214</ele>
        <time>2026-05-18T10:31:48.000Z</time>
      </trkpt>
      <trkpt lat="36.878716" lon="-4.927653">
        <ele>777.165568</ele>
        <time>2026-05-18T10:31:51.000Z</time>
      </trkpt>
      <trkpt lat="36.878723" lon="-4.927632">
        <ele>776.952207</ele>
        <time>2026-05-18T10:31:53.000Z</time>
      </trkpt>
      <trkpt lat="36.878729" lon="-4.927591">
        <ele>776.561314</ele>
        <time>2026-05-18T10:31:57.000Z</time>
      </trkpt>
      <trkpt lat="36.878741" lon="-4.927541">
        <ele>776.071745</ele>
        <time>2026-05-18T10:32:01.000Z</time>
      </trkpt>
      <trkpt lat="36.878752" lon="-4.927491">
        <ele>775.585417</ele>
        <time>2026-05-18T10:32:05.000Z</time>
      </trkpt>
      <trkpt lat="36.878764" lon="-4.927438">
        <ele>775.068837</ele>
        <time>2026-05-18T10:32:09.000Z</time>
      </trkpt>
      <trkpt lat="36.878777" lon="-4.927368">
        <ele>774.394893</ele>
        <time>2026-05-18T10:32:13.000Z</time>
      </trkpt>
      <trkpt lat="36.878780" lon="-4.927361">
        <ele>774.320416</ele>
        <time>2026-05-18T10:32:14.000Z</time>
      </trkpt>
      <trkpt lat="36.878785" lon="-4.927355">
        <ele>774.239158</ele>
        <time>2026-05-18T10:32:15.000Z</time>
      </trkpt>
      <trkpt lat="36.878820" lon="-4.927329">
        <ele>773.761829</ele>
        <time>2026-05-18T10:32:21.000Z</time>
      </trkpt>
      <trkpt lat="36.878825" lon="-4.927323">
        <ele>773.680572</ele>
        <time>2026-05-18T10:32:22.000Z</time>
      </trkpt>
      <trkpt lat="36.878862" lon="-4.927270">
        <ele>773.020844</ele>
        <time>2026-05-18T10:32:28.000Z</time>
      </trkpt>
      <trkpt lat="36.878875" lon="-4.927247">
        <ele>772.756727</ele>
        <time>2026-05-18T10:32:30.000Z</time>
      </trkpt>
      <trkpt lat="36.878914" lon="-4.927163">
        <ele>771.845865</ele>
        <time>2026-05-18T10:32:38.000Z</time>
      </trkpt>
      <trkpt lat="36.878935" lon="-4.927117">
        <ele>771.349148</ele>
        <time>2026-05-18T10:32:42.000Z</time>
      </trkpt>
      <trkpt lat="36.878951" lon="-4.927081">
        <ele>770.962915</ele>
        <time>2026-05-18T10:32:45.000Z</time>
      </trkpt>
      <trkpt lat="36.878975" lon="-4.927035">
        <ele>770.447857</ele>
        <time>2026-05-18T10:32:49.000Z</time>
      </trkpt>
      <trkpt lat="36.878995" lon="-4.926983">
        <ele>769.906741</ele>
        <time>2026-05-18T10:32:53.000Z</time>
      </trkpt>
      <trkpt lat="36.879003" lon="-4.926893">
        <ele>769.057498</ele>
        <time>2026-05-18T10:33:00.000Z</time>
      </trkpt>
      <trkpt lat="36.879029" lon="-4.926780">
        <ele>767.954779</ele>
        <time>2026-05-18T10:33:08.000Z</time>
      </trkpt>
      <trkpt lat="36.879039" lon="-4.926741">
        <ele>767.570694</ele>
        <time>2026-05-18T10:33:16.000Z</time>
      </trkpt>
      <trkpt lat="36.879037" lon="-4.926711">
        <ele>767.288369</ele>
        <time>2026-05-18T10:33:18.000Z</time>
      </trkpt>
      <trkpt lat="36.879019" lon="-4.926678">
        <ele>766.913780</ele>
        <time>2026-05-18T10:33:22.000Z</time>
      </trkpt>
      <trkpt lat="36.879012" lon="-4.926644">
        <ele>766.584525</ele>
        <time>2026-05-18T10:33:30.000Z</time>
      </trkpt>
      <trkpt lat="36.879009" lon="-4.926634">
        <ele>766.484364</ele>
        <time>2026-05-18T10:33:31.000Z</time>
      </trkpt>
      <trkpt lat="36.879004" lon="-4.926617">
        <ele>766.314497</ele>
        <time>2026-05-18T10:33:34.000Z</time>
      </trkpt>
      <trkpt lat="36.878986" lon="-4.926542">
        <ele>765.580147</ele>
        <time>2026-05-18T10:33:40.000Z</time>
      </trkpt>
      <trkpt lat="36.878984" lon="-4.926531">
        <ele>765.474354</ele>
        <time>2026-05-18T10:33:41.000Z</time>
      </trkpt>
      <trkpt lat="36.878981" lon="-4.926470">
        <ele>764.901197</ele>
        <time>2026-05-18T10:33:48.000Z</time>
      </trkpt>
      <trkpt lat="36.878982" lon="-4.926456">
        <ele>764.769378</ele>
        <time>2026-05-18T10:33:49.000Z</time>
      </trkpt>
      <trkpt lat="36.878985" lon="-4.926395">
        <ele>764.196221</ele>
        <time>2026-05-18T10:33:53.000Z</time>
      </trkpt>
      <trkpt lat="36.878974" lon="-4.926322">
        <ele>763.499563</ele>
        <time>2026-05-18T10:33:59.000Z</time>
      </trkpt>
      <trkpt lat="36.878973" lon="-4.926295">
        <ele>763.246078</ele>
        <time>2026-05-18T10:34:01.000Z</time>
      </trkpt>
      <trkpt lat="36.878959" lon="-4.926225">
        <ele>762.569387</ele>
        <time>2026-05-18T10:34:07.000Z</time>
      </trkpt>
      <trkpt lat="36.878951" lon="-4.926197">
        <ele>762.290546</ele>
        <time>2026-05-18T10:34:09.000Z</time>
      </trkpt>
      <trkpt lat="36.878930" lon="-4.926110">
        <ele>761.438294</ele>
        <time>2026-05-18T10:34:15.000Z</time>
      </trkpt>
      <trkpt lat="36.878926" lon="-4.926098">
        <ele>761.311182</ele>
        <time>2026-05-18T10:34:16.000Z</time>
      </trkpt>
      <trkpt lat="36.878910" lon="-4.926052">
        <ele>760.720205</ele>
        <time>2026-05-18T10:34:21.000Z</time>
      </trkpt>
      <trkpt lat="36.878906" lon="-4.926042">
        <ele>760.588479</ele>
        <time>2026-05-18T10:34:22.000Z</time>
      </trkpt>
      <trkpt lat="36.878886" lon="-4.925970">
        <ele>759.690505</ele>
        <time>2026-05-18T10:34:27.000Z</time>
      </trkpt>
      <trkpt lat="36.878878" lon="-4.925934">
        <ele>759.250301</ele>
        <time>2026-05-18T10:34:30.000Z</time>
      </trkpt>
      <trkpt lat="36.878865" lon="-4.925890">
        <ele>758.697675</ele>
        <time>2026-05-18T10:34:34.000Z</time>
      </trkpt>
      <trkpt lat="36.878858" lon="-4.925844">
        <ele>758.145998</ele>
        <time>2026-05-18T10:34:37.000Z</time>
      </trkpt>
      <trkpt lat="36.878851" lon="-4.925791">
        <ele>757.513114</ele>
        <time>2026-05-18T10:34:42.000Z</time>
      </trkpt>
      <trkpt lat="36.878851" lon="-4.925772">
        <ele>757.289261</ele>
        <time>2026-05-18T10:34:43.000Z</time>
      </trkpt>
      <trkpt lat="36.878853" lon="-4.925688">
        <ele>756.299161</ele>
        <time>2026-05-18T10:34:50.000Z</time>
      </trkpt>
      <trkpt lat="36.878872" lon="-4.925633">
        <ele>755.593321</ele>
        <time>2026-05-18T10:34:58.000Z</time>
      </trkpt>
      <trkpt lat="36.878895" lon="-4.925592">
        <ele>755.003324</ele>
        <time>2026-05-18T10:35:06.000Z</time>
      </trkpt>
      <trkpt lat="36.878990" lon="-4.925569">
        <ele>753.578086</ele>
        <time>2026-05-18T10:35:16.000Z</time>
      </trkpt>
      <trkpt lat="36.878997" lon="-4.925553">
        <ele>753.363227</ele>
        <time>2026-05-18T10:35:18.000Z</time>
      </trkpt>
      <trkpt lat="36.879032" lon="-4.925498">
        <ele>752.535191</ele>
        <time>2026-05-18T10:35:24.000Z</time>
      </trkpt>
      <trkpt lat="36.879042" lon="-4.925471">
        <ele>752.184642</ele>
        <time>2026-05-18T10:35:26.000Z</time>
      </trkpt>
      <trkpt lat="36.879039" lon="-4.925428">
        <ele>751.676107</ele>
        <time>2026-05-18T10:35:30.000Z</time>
      </trkpt>
      <trkpt lat="36.879030" lon="-4.925418">
        <ele>751.498758</ele>
        <time>2026-05-18T10:35:31.000Z</time>
      </trkpt>
      <trkpt lat="36.879020" lon="-4.925394">
        <ele>751.179936</ele>
        <time>2026-05-18T10:35:33.000Z</time>
      </trkpt>
      <trkpt lat="36.879014" lon="-4.925343">
        <ele>750.572607</ele>
        <time>2026-05-18T10:35:37.000Z</time>
      </trkpt>
      <trkpt lat="36.879020" lon="-4.925310">
        <ele>750.173895</ele>
        <time>2026-05-18T10:35:40.000Z</time>
      </trkpt>
      <trkpt lat="36.879025" lon="-4.925261">
        <ele>749.591915</ele>
        <time>2026-05-18T10:35:44.000Z</time>
      </trkpt>
      <trkpt lat="36.879024" lon="-4.925247">
        <ele>749.426316</ele>
        <time>2026-05-18T10:35:47.000Z</time>
      </trkpt>
      <trkpt lat="36.879019" lon="-4.925192">
        <ele>748.774153</ele>
        <time>2026-05-18T10:35:52.000Z</time>
      </trkpt>
      <trkpt lat="36.879012" lon="-4.925172">
        <ele>748.516950</ele>
        <time>2026-05-18T10:35:54.000Z</time>
      </trkpt>
      <trkpt lat="36.878999" lon="-4.925109">
        <ele>747.750406</ele>
        <time>2026-05-18T10:36:01.000Z</time>
      </trkpt>
      <trkpt lat="36.879000" lon="-4.925091">
        <ele>747.537825</ele>
        <time>2026-05-18T10:36:03.000Z</time>
      </trkpt>
      <trkpt lat="36.879001" lon="-4.925035">
        <ele>746.877887</ele>
        <time>2026-05-18T10:36:09.000Z</time>
      </trkpt>
      <trkpt lat="36.879003" lon="-4.925008">
        <ele>746.558421</ele>
        <time>2026-05-18T10:36:11.000Z</time>
      </trkpt>
      <trkpt lat="36.879014" lon="-4.924967">
        <ele>746.048926</ele>
        <time>2026-05-18T10:36:17.000Z</time>
      </trkpt>
      <trkpt lat="36.879016" lon="-4.924960">
        <ele>745.961351</ele>
        <time>2026-05-18T10:36:18.000Z</time>
      </trkpt>
      <trkpt lat="36.879028" lon="-4.924903">
        <ele>745.266927</ele>
        <time>2026-05-18T10:36:24.000Z</time>
      </trkpt>
      <trkpt lat="36.879033" lon="-4.924873">
        <ele>744.905886</ele>
        <time>2026-05-18T10:36:26.000Z</time>
      </trkpt>
      <trkpt lat="36.879017" lon="-4.924837">
        <ele>744.420674</ele>
        <time>2026-05-18T10:36:29.000Z</time>
      </trkpt>
      <trkpt lat="36.879003" lon="-4.924799">
        <ele>743.927766</ele>
        <time>2026-05-18T10:36:33.000Z</time>
      </trkpt>
      <trkpt lat="36.879008" lon="-4.924768">
        <ele>743.555184</ele>
        <time>2026-05-18T10:36:37.000Z</time>
      </trkpt>
      <trkpt lat="36.879020" lon="-4.924746">
        <ele>743.241461</ele>
        <time>2026-05-18T10:36:40.000Z</time>
      </trkpt>
      <trkpt lat="36.879023" lon="-4.924734">
        <ele>743.093337</ele>
        <time>2026-05-18T10:36:41.000Z</time>
      </trkpt>
      <trkpt lat="36.879014" lon="-4.924646">
        <ele>742.048110</ele>
        <time>2026-05-18T10:36:48.000Z</time>
      </trkpt>
      <trkpt lat="36.879007" lon="-4.924633">
        <ele>741.863480</ele>
        <time>2026-05-18T10:36:49.000Z</time>
      </trkpt>
      <trkpt lat="36.878987" lon="-4.924586">
        <ele>741.236262</ele>
        <time>2026-05-18T10:36:57.000Z</time>
      </trkpt>
      <trkpt lat="36.878982" lon="-4.924549">
        <ele>740.794163</ele>
        <time>2026-05-18T10:37:02.000Z</time>
      </trkpt>
      <trkpt lat="36.878975" lon="-4.924522">
        <ele>740.459767</ele>
        <time>2026-05-18T10:37:05.000Z</time>
      </trkpt>
      <trkpt lat="36.878980" lon="-4.924464">
        <ele>739.772473</ele>
        <time>2026-05-18T10:37:10.000Z</time>
      </trkpt>
      <trkpt lat="36.878974" lon="-4.924412">
        <ele>739.153485</ele>
        <time>2026-05-18T10:37:14.000Z</time>
      </trkpt>
      <trkpt lat="36.878998" lon="-4.924332">
        <ele>738.146844</ele>
        <time>2026-05-18T10:37:21.000Z</time>
      </trkpt>
      <trkpt lat="36.879003" lon="-4.924326">
        <ele>738.044763</ele>
        <time>2026-05-18T10:37:22.000Z</time>
      </trkpt>
      <trkpt lat="36.879022" lon="-4.924282">
        <ele>737.455656</ele>
        <time>2026-05-18T10:37:27.000Z</time>
      </trkpt>
      <trkpt lat="36.879028" lon="-4.924268">
        <ele>737.268531</ele>
        <time>2026-05-18T10:37:28.000Z</time>
      </trkpt>
      <trkpt lat="36.879041" lon="-4.924232">
        <ele>736.803173</ele>
        <time>2026-05-18T10:37:31.000Z</time>
      </trkpt>
      <trkpt lat="36.879042" lon="-4.924224">
        <ele>736.707776</ele>
        <time>2026-05-18T10:37:34.000Z</time>
      </trkpt>
      <trkpt lat="36.879031" lon="-4.924257">
        <ele>736.286574</ele>
        <time>2026-05-18T10:37:40.000Z</time>
      </trkpt>
      <trkpt lat="36.879031" lon="-4.924255">
        <ele>736.263011</ele>
        <time>2026-05-18T10:37:42.000Z</time>
      </trkpt>
      <trkpt lat="36.879036" lon="-4.924227">
        <ele>735.925004</ele>
        <time>2026-05-18T10:37:50.000Z</time>
      </trkpt>
      <trkpt lat="36.879073" lon="-4.924164">
        <ele>735.004181</ele>
        <time>2026-05-18T10:37:57.000Z</time>
      </trkpt>
      <trkpt lat="36.879093" lon="-4.924145">
        <ele>734.693546</ele>
        <time>2026-05-18T10:38:00.000Z</time>
      </trkpt>
      <trkpt lat="36.879110" lon="-4.924132">
        <ele>734.482775</ele>
        <time>2026-05-18T10:38:02.000Z</time>
      </trkpt>
      <trkpt lat="36.879158" lon="-4.924074">
        <ele>733.776725</ele>
        <time>2026-05-18T10:38:07.000Z</time>
      </trkpt>
      <trkpt lat="36.879166" lon="-4.924062">
        <ele>733.644566</ele>
        <time>2026-05-18T10:38:08.000Z</time>
      </trkpt>
      <trkpt lat="36.879194" lon="-4.923962">
        <ele>732.748216</ele>
        <time>2026-05-18T10:38:16.000Z</time>
      </trkpt>
      <trkpt lat="36.879220" lon="-4.923876">
        <ele>731.970410</ele>
        <time>2026-05-18T10:38:23.000Z</time>
      </trkpt>
      <trkpt lat="36.879233" lon="-4.923833">
        <ele>731.581507</ele>
        <time>2026-05-18T10:38:26.000Z</time>
      </trkpt>
      <trkpt lat="36.879267" lon="-4.923784">
        <ele>731.032724</ele>
        <time>2026-05-18T10:38:31.000Z</time>
      </trkpt>
      <trkpt lat="36.879327" lon="-4.923728">
        <ele>730.240790</ele>
        <time>2026-05-18T10:38:37.000Z</time>
      </trkpt>
      <trkpt lat="36.879350" lon="-4.923713">
        <ele>729.966419</ele>
        <time>2026-05-18T10:38:39.000Z</time>
      </trkpt>
      <trkpt lat="36.879401" lon="-4.923677">
        <ele>729.346973</ele>
        <time>2026-05-18T10:38:44.000Z</time>
      </trkpt>
      <trkpt lat="36.879422" lon="-4.923659">
        <ele>729.077675</ele>
        <time>2026-05-18T10:38:46.000Z</time>
      </trkpt>
      <trkpt lat="36.879430" lon="-4.923649">
        <ele>728.958023</ele>
        <time>2026-05-18T10:38:49.000Z</time>
      </trkpt>
      <trkpt lat="36.879457" lon="-4.923608">
        <ele>728.508732</ele>
        <time>2026-05-18T10:38:55.000Z</time>
      </trkpt>
      <trkpt lat="36.879463" lon="-4.923600">
        <ele>728.415953</ele>
        <time>2026-05-18T10:38:56.000Z</time>
      </trkpt>
      <trkpt lat="36.879468" lon="-4.923592">
        <ele>728.330062</ele>
        <time>2026-05-18T10:38:57.000Z</time>
      </trkpt>
      <trkpt lat="36.879522" lon="-4.923552">
        <ele>727.666204</ele>
        <time>2026-05-18T10:39:03.000Z</time>
      </trkpt>
      <trkpt lat="36.879604" lon="-4.923511">
        <ele>726.732139</ele>
        <time>2026-05-18T10:39:09.000Z</time>
      </trkpt>
      <trkpt lat="36.879657" lon="-4.923487">
        <ele>726.135946</ele>
        <time>2026-05-18T10:39:13.000Z</time>
      </trkpt>
      <trkpt lat="36.879673" lon="-4.923479">
        <ele>725.953689</ele>
        <time>2026-05-18T10:39:15.000Z</time>
      </trkpt>
      <trkpt lat="36.879725" lon="-4.923418">
        <ele>725.199501</ele>
        <time>2026-05-18T10:39:22.000Z</time>
      </trkpt>
      <trkpt lat="36.879759" lon="-4.923386">
        <ele>724.749386</ele>
        <time>2026-05-18T10:39:27.000Z</time>
      </trkpt>
      <trkpt lat="36.879771" lon="-4.923379">
        <ele>724.609331</ele>
        <time>2026-05-18T10:39:29.000Z</time>
      </trkpt>
      <trkpt lat="36.879776" lon="-4.923376">
        <ele>724.550674</ele>
        <time>2026-05-18T10:39:30.000Z</time>
      </trkpt>
      <trkpt lat="36.879777" lon="-4.923379">
        <ele>724.523178</ele>
        <time>2026-05-18T10:39:32.000Z</time>
      </trkpt>
      <trkpt lat="36.879774" lon="-4.923390">
        <ele>724.424856</ele>
        <time>2026-05-18T10:39:36.000Z</time>
      </trkpt>
      <trkpt lat="36.879787" lon="-4.923390">
        <ele>724.287362</ele>
        <time>2026-05-18T10:39:38.000Z</time>
      </trkpt>
      <trkpt lat="36.879850" lon="-4.923326">
        <ele>723.428791</ele>
        <time>2026-05-18T10:39:46.000Z</time>
      </trkpt>
      <trkpt lat="36.879870" lon="-4.923303">
        <ele>723.141376</ele>
        <time>2026-05-18T10:39:48.000Z</time>
      </trkpt>
      <trkpt lat="36.879906" lon="-4.923247">
        <ele>722.533572</ele>
        <time>2026-05-18T10:39:53.000Z</time>
      </trkpt>
      <trkpt lat="36.879930" lon="-4.923220">
        <ele>722.192091</ele>
        <time>2026-05-18T10:39:56.000Z</time>
      </trkpt>
      <trkpt lat="36.879977" lon="-4.923194">
        <ele>721.648504</ele>
        <time>2026-05-18T10:40:01.000Z</time>
      </trkpt>
      <trkpt lat="36.880006" lon="-4.923177">
        <ele>721.309740</ele>
        <time>2026-05-18T10:40:04.000Z</time>
      </trkpt>
      <trkpt lat="36.880055" lon="-4.923147">
        <ele>720.732682</ele>
        <time>2026-05-18T10:40:11.000Z</time>
      </trkpt>
      <trkpt lat="36.880085" lon="-4.923150">
        <ele>720.414373</ele>
        <time>2026-05-18T10:40:21.000Z</time>
      </trkpt>
      <trkpt lat="36.880138" lon="-4.923078">
        <ele>719.586573</ele>
        <time>2026-05-18T10:40:27.000Z</time>
      </trkpt>
      <trkpt lat="36.880149" lon="-4.923063">
        <ele>719.414413</ele>
        <time>2026-05-18T10:40:28.000Z</time>
      </trkpt>
      <trkpt lat="36.880195" lon="-4.922973">
        <ele>718.510843</ele>
        <time>2026-05-18T10:40:35.000Z</time>
      </trkpt>
      <trkpt lat="36.880233" lon="-4.922869">
        <ele>717.543550</ele>
        <time>2026-05-18T10:40:43.000Z</time>
      </trkpt>
      <trkpt lat="36.880241" lon="-4.922849">
        <ele>717.354373</ele>
        <time>2026-05-18T10:40:45.000Z</time>
      </trkpt>
      <trkpt lat="36.880261" lon="-4.922767">
        <ele>716.629116</ele>
        <time>2026-05-18T10:40:51.000Z</time>
      </trkpt>
      <trkpt lat="36.880267" lon="-4.922734">
        <ele>716.342813</ele>
        <time>2026-05-18T10:40:53.000Z</time>
      </trkpt>
      <trkpt lat="36.880278" lon="-4.922671">
        <ele>715.792095</ele>
        <time>2026-05-18T10:40:57.000Z</time>
      </trkpt>
      <trkpt lat="36.880297" lon="-4.922578">
        <ele>714.805265</ele>
        <time>2026-05-18T10:41:03.000Z</time>
      </trkpt>
      <trkpt lat="36.880302" lon="-4.922568">
        <ele>714.684022</ele>
        <time>2026-05-18T10:41:04.000Z</time>
      </trkpt>
      <trkpt lat="36.880314" lon="-4.922580">
        <ele>714.486513</ele>
        <time>2026-05-18T10:41:10.000Z</time>
      </trkpt>
      <trkpt lat="36.880315" lon="-4.922571">
        <ele>714.393096</ele>
        <time>2026-05-18T10:41:11.000Z</time>
      </trkpt>
      <trkpt lat="36.880343" lon="-4.922510">
        <ele>713.670030</ele>
        <time>2026-05-18T10:41:15.000Z</time>
      </trkpt>
      <trkpt lat="36.880352" lon="-4.922493">
        <ele>713.460439</ele>
        <time>2026-05-18T10:41:16.000Z</time>
      </trkpt>
      <trkpt lat="36.880390" lon="-4.922429">
        <ele>712.640991</ele>
        <time>2026-05-18T10:41:21.000Z</time>
      </trkpt>
      <trkpt lat="36.880420" lon="-4.922379">
        <ele>711.998396</ele>
        <time>2026-05-18T10:41:26.000Z</time>
      </trkpt>
      <trkpt lat="36.880457" lon="-4.922271">
        <ele>710.790491</ele>
        <time>2026-05-18T10:41:34.000Z</time>
      </trkpt>
      <trkpt lat="36.880448" lon="-4.922261">
        <ele>710.635730</ele>
        <time>2026-05-18T10:41:36.000Z</time>
      </trkpt>
      <trkpt lat="36.880447" lon="-4.922257">
        <ele>710.592644</ele>
        <time>2026-05-18T10:41:37.000Z</time>
      </trkpt>
      <trkpt lat="36.880445" lon="-4.922240">
        <ele>710.415987</ele>
        <time>2026-05-18T10:41:40.000Z</time>
      </trkpt>
      <trkpt lat="36.880458" lon="-4.922180">
        <ele>709.776897</ele>
        <time>2026-05-18T10:41:45.000Z</time>
      </trkpt>
      <trkpt lat="36.880462" lon="-4.922164">
        <ele>709.604554</ele>
        <time>2026-05-18T10:41:46.000Z</time>
      </trkpt>
      <trkpt lat="36.880476" lon="-4.922096">
        <ele>708.882659</ele>
        <time>2026-05-18T10:41:52.000Z</time>
      </trkpt>
      <trkpt lat="36.880483" lon="-4.922062">
        <ele>708.521712</ele>
        <time>2026-05-18T10:41:54.000Z</time>
      </trkpt>
      <trkpt lat="36.880509" lon="-4.922002">
        <ele>707.820148</ele>
        <time>2026-05-18T10:41:58.000Z</time>
      </trkpt>
      <trkpt lat="36.880531" lon="-4.921957">
        <ele>707.277933</ele>
        <time>2026-05-18T10:42:02.000Z</time>
      </trkpt>
      <trkpt lat="36.880577" lon="-4.921908">
        <ele>706.501179</ele>
        <time>2026-05-18T10:42:08.000Z</time>
      </trkpt>
      <trkpt lat="36.880617" lon="-4.921875">
        <ele>705.885203</ele>
        <time>2026-05-18T10:42:11.000Z</time>
      </trkpt>
      <trkpt lat="36.880660" lon="-4.921852">
        <ele>705.284062</ele>
        <time>2026-05-18T10:42:14.000Z</time>
      </trkpt>
      <trkpt lat="36.880696" lon="-4.921840">
        <ele>704.805188</ele>
        <time>2026-05-18T10:42:17.000Z</time>
      </trkpt>
      <trkpt lat="36.880741" lon="-4.921831">
        <ele>704.219447</ele>
        <time>2026-05-18T10:42:21.000Z</time>
      </trkpt>
      <trkpt lat="36.880798" lon="-4.921805">
        <ele>703.439582</ele>
        <time>2026-05-18T10:42:26.000Z</time>
      </trkpt>
      <trkpt lat="36.880892" lon="-4.921777">
        <ele>702.197577</ele>
        <time>2026-05-18T10:42:32.000Z</time>
      </trkpt>
      <trkpt lat="36.880944" lon="-4.921761">
        <ele>701.509274</ele>
        <time>2026-05-18T10:42:37.000Z</time>
      </trkpt>
      <trkpt lat="36.880967" lon="-4.921750">
        <ele>701.192761</ele>
        <time>2026-05-18T10:42:39.000Z</time>
      </trkpt>
      <trkpt lat="36.881029" lon="-4.921700">
        <ele>700.244460</ele>
        <time>2026-05-18T10:42:45.000Z</time>
      </trkpt>
      <trkpt lat="36.881079" lon="-4.921621">
        <ele>699.208767</ele>
        <time>2026-05-18T10:42:52.000Z</time>
      </trkpt>
      <trkpt lat="36.881133" lon="-4.921547">
        <ele>698.178951</ele>
        <time>2026-05-18T10:42:59.000Z</time>
      </trkpt>
      <trkpt lat="36.881167" lon="-4.921517">
        <ele>697.644068</ele>
        <time>2026-05-18T10:43:06.000Z</time>
      </trkpt>
      <trkpt lat="36.881180" lon="-4.921499">
        <ele>697.394740</ele>
        <time>2026-05-18T10:43:11.000Z</time>
      </trkpt>
      <trkpt lat="36.881189" lon="-4.921468">
        <ele>697.055688</ele>
        <time>2026-05-18T10:43:15.000Z</time>
      </trkpt>
      <trkpt lat="36.881205" lon="-4.921445">
        <ele>696.742311</ele>
        <time>2026-05-18T10:43:19.000Z</time>
      </trkpt>
      <trkpt lat="36.881239" lon="-4.921385">
        <ele>695.986347</ele>
        <time>2026-05-18T10:43:25.000Z</time>
      </trkpt>
      <trkpt lat="36.881247" lon="-4.921369">
        <ele>695.792360</ele>
        <time>2026-05-18T10:43:27.000Z</time>
      </trkpt>
      <trkpt lat="36.881257" lon="-4.921352">
        <ele>695.575412</ele>
        <time>2026-05-18T10:43:29.000Z</time>
      </trkpt>
      <trkpt lat="36.881266" lon="-4.921334">
        <ele>695.357176</ele>
        <time>2026-05-18T10:43:31.000Z</time>
      </trkpt>
      <trkpt lat="36.881297" lon="-4.921281">
        <ele>694.682150</ele>
        <time>2026-05-18T10:43:36.000Z</time>
      </trkpt>
      <trkpt lat="36.881311" lon="-4.921253">
        <ele>694.342671</ele>
        <time>2026-05-18T10:43:38.000Z</time>
      </trkpt>
      <trkpt lat="36.881320" lon="-4.921239">
        <ele>694.158015</ele>
        <time>2026-05-18T10:43:39.000Z</time>
      </trkpt>
      <trkpt lat="36.881341" lon="-4.921180">
        <ele>693.494100</ele>
        <time>2026-05-18T10:43:43.000Z</time>
      </trkpt>
      <trkpt lat="36.881350" lon="-4.921132">
        <ele>692.987241</ele>
        <time>2026-05-18T10:43:46.000Z</time>
      </trkpt>
      <trkpt lat="36.881375" lon="-4.921071">
        <ele>692.613885</ele>
        <time>2026-05-18T10:43:53.000Z</time>
      </trkpt>
      <trkpt lat="36.881394" lon="-4.921049">
        <ele>692.543113</ele>
        <time>2026-05-18T10:43:56.000Z</time>
      </trkpt>
      <trkpt lat="36.881424" lon="-4.921022">
        <ele>692.442095</ele>
        <time>2026-05-18T10:43:59.000Z</time>
      </trkpt>
      <trkpt lat="36.881445" lon="-4.921014">
        <ele>692.382101</ele>
        <time>2026-05-18T10:44:02.000Z</time>
      </trkpt>
      <trkpt lat="36.881466" lon="-4.921000">
        <ele>692.317063</ele>
        <time>2026-05-18T10:44:05.000Z</time>
      </trkpt>
      <trkpt lat="36.881542" lon="-4.920947">
        <ele>692.079244</ele>
        <time>2026-05-18T10:44:13.000Z</time>
      </trkpt>
      <trkpt lat="36.881565" lon="-4.920939">
        <ele>692.014002</ele>
        <time>2026-05-18T10:44:16.000Z</time>
      </trkpt>
      <trkpt lat="36.881636" lon="-4.920907">
        <ele>691.807750</ele>
        <time>2026-05-18T10:44:20.000Z</time>
      </trkpt>
      <trkpt lat="36.881675" lon="-4.920898">
        <ele>691.699371</ele>
        <time>2026-05-18T10:44:25.000Z</time>
      </trkpt>
      <trkpt lat="36.881677" lon="-4.920892">
        <ele>691.685162</ele>
        <time>2026-05-18T10:44:35.000Z</time>
      </trkpt>
      <trkpt lat="36.881664" lon="-4.920860">
        <ele>691.606709</ele>
        <time>2026-05-18T10:44:44.000Z</time>
      </trkpt>
      <trkpt lat="36.881645" lon="-4.920882">
        <ele>691.535937</ele>
        <time>2026-05-18T10:44:53.000Z</time>
      </trkpt>
      <trkpt lat="36.881688" lon="-4.920879">
        <ele>691.418244</ele>
        <time>2026-05-18T10:44:59.000Z</time>
      </trkpt>
      <trkpt lat="36.881769" lon="-4.920836">
        <ele>691.177758</ele>
        <time>2026-05-18T10:45:06.000Z</time>
      </trkpt>
      <trkpt lat="36.881825" lon="-4.920780">
        <ele>690.981787</ele>
        <time>2026-05-18T10:45:13.000Z</time>
      </trkpt>
      <trkpt lat="36.881847" lon="-4.920780">
        <ele>690.921666</ele>
        <time>2026-05-18T10:45:15.000Z</time>
      </trkpt>
      <trkpt lat="36.881890" lon="-4.920760">
        <ele>690.796287</ele>
        <time>2026-05-18T10:45:19.000Z</time>
      </trkpt>
      <trkpt lat="36.881913" lon="-4.920752">
        <ele>690.731045</ele>
        <time>2026-05-18T10:45:25.000Z</time>
      </trkpt>
      <trkpt lat="36.881958" lon="-4.920723">
        <ele>690.592693</ele>
        <time>2026-05-18T10:45:30.000Z</time>
      </trkpt>
      <trkpt lat="36.881990" lon="-4.920695">
        <ele>690.485953</ele>
        <time>2026-05-18T10:45:34.000Z</time>
      </trkpt>
      <trkpt lat="36.882005" lon="-4.920684">
        <ele>690.438429</ele>
        <time>2026-05-18T10:45:35.000Z</time>
      </trkpt>
      <trkpt lat="36.882039" lon="-4.920654">
        <ele>690.324704</ele>
        <time>2026-05-18T10:45:38.000Z</time>
      </trkpt>
      <trkpt lat="36.882098" lon="-4.920611">
        <ele>690.138072</ele>
        <time>2026-05-18T10:45:44.000Z</time>
      </trkpt>
      <trkpt lat="36.882162" lon="-4.920568">
        <ele>689.939516</ele>
        <time>2026-05-18T10:45:49.000Z</time>
      </trkpt>
      <trkpt lat="36.882161" lon="-4.920563">
        <ele>689.928250</ele>
        <time>2026-05-18T10:45:51.000Z</time>
      </trkpt>
      <trkpt lat="36.882179" lon="-4.920544">
        <ele>689.863872</ele>
        <time>2026-05-18T10:45:59.000Z</time>
      </trkpt>
      <trkpt lat="36.882269" lon="-4.920481">
        <ele>689.581992</ele>
        <time>2026-05-18T10:46:06.000Z</time>
      </trkpt>
      <trkpt lat="36.882284" lon="-4.920474">
        <ele>689.538237</ele>
        <time>2026-05-18T10:46:07.000Z</time>
      </trkpt>
      <trkpt lat="36.882323" lon="-4.920459">
        <ele>689.426729</ele>
        <time>2026-05-18T10:46:11.000Z</time>
      </trkpt>
      <trkpt lat="36.882336" lon="-4.920455">
        <ele>689.390142</ele>
        <time>2026-05-18T10:46:12.000Z</time>
      </trkpt>
      <trkpt lat="36.882351" lon="-4.920449">
        <ele>689.347103</ele>
        <time>2026-05-18T10:46:13.000Z</time>
      </trkpt>
      <trkpt lat="36.882364" lon="-4.920443">
        <ele>689.309233</ele>
        <time>2026-05-18T10:46:14.000Z</time>
      </trkpt>
      <trkpt lat="36.882380" lon="-4.920435">
        <ele>689.262142</ele>
        <time>2026-05-18T10:46:15.000Z</time>
      </trkpt>
      <trkpt lat="36.882456" lon="-4.920418">
        <ele>689.051151</ele>
        <time>2026-05-18T10:46:21.000Z</time>
      </trkpt>
      <trkpt lat="36.882549" lon="-4.920391">
        <ele>688.790238</ele>
        <time>2026-05-18T10:46:28.000Z</time>
      </trkpt>
      <trkpt lat="36.882607" lon="-4.920358">
        <ele>688.616094</ele>
        <time>2026-05-18T10:46:34.000Z</time>
      </trkpt>
      <trkpt lat="36.882613" lon="-4.920351">
        <ele>688.593667</ele>
        <time>2026-05-18T10:46:35.000Z</time>
      </trkpt>
      <trkpt lat="36.882678" lon="-4.920282">
        <ele>688.360641</ele>
        <time>2026-05-18T10:46:41.000Z</time>
      </trkpt>
      <trkpt lat="36.882733" lon="-4.920240">
        <ele>688.184517</ele>
        <time>2026-05-18T10:46:47.000Z</time>
      </trkpt>
      <trkpt lat="36.882763" lon="-4.920213">
        <ele>688.083499</ele>
        <time>2026-05-18T10:46:50.000Z</time>
      </trkpt>
      <trkpt lat="36.882791" lon="-4.920187">
        <ele>687.988184</ele>
        <time>2026-05-18T10:46:53.000Z</time>
      </trkpt>
      <trkpt lat="36.882866" lon="-4.920093">
        <ele>687.824608</ele>
        <time>2026-05-18T10:47:00.000Z</time>
      </trkpt>
      <trkpt lat="36.882910" lon="-4.920013">
        <ele>687.910812</ele>
        <time>2026-05-18T10:47:07.000Z</time>
      </trkpt>
      <trkpt lat="36.882954" lon="-4.919941">
        <ele>687.991264</ele>
        <time>2026-05-18T10:47:13.000Z</time>
      </trkpt>
      <trkpt lat="36.882961" lon="-4.919932">
        <ele>688.002410</ele>
        <time>2026-05-18T10:47:14.000Z</time>
      </trkpt>
      <trkpt lat="36.882985" lon="-4.919899">
        <ele>688.042012</ele>
        <time>2026-05-18T10:47:17.000Z</time>
      </trkpt>
      <trkpt lat="36.882994" lon="-4.919888">
        <ele>688.055984</ele>
        <time>2026-05-18T10:47:18.000Z</time>
      </trkpt>
      <trkpt lat="36.883025" lon="-4.919860">
        <ele>688.098437</ele>
        <time>2026-05-18T10:47:22.000Z</time>
      </trkpt>
      <trkpt lat="36.883084" lon="-4.919808">
        <ele>688.178569</ele>
        <time>2026-05-18T10:47:27.000Z</time>
      </trkpt>
      <trkpt lat="36.883123" lon="-4.919774">
        <ele>688.231348</ele>
        <time>2026-05-18T10:47:33.000Z</time>
      </trkpt>
      <trkpt lat="36.883132" lon="-4.919756">
        <ele>688.250196</ele>
        <time>2026-05-18T10:47:35.000Z</time>
      </trkpt>
      <trkpt lat="36.883165" lon="-4.919721">
        <ele>688.298234</ele>
        <time>2026-05-18T10:47:39.000Z</time>
      </trkpt>
      <trkpt lat="36.883247" lon="-4.919665">
        <ele>688.401954</ele>
        <time>2026-05-18T10:47:46.000Z</time>
      </trkpt>
      <trkpt lat="36.883345" lon="-4.919588">
        <ele>688.530441</ele>
        <time>2026-05-18T10:47:54.000Z</time>
      </trkpt>
      <trkpt lat="36.883377" lon="-4.919558">
        <ele>688.574840</ele>
        <time>2026-05-18T10:47:57.000Z</time>
      </trkpt>
      <trkpt lat="36.883394" lon="-4.919539">
        <ele>688.600153</ele>
        <time>2026-05-18T10:47:59.000Z</time>
      </trkpt>
      <trkpt lat="36.883411" lon="-4.919505">
        <ele>688.635754</ele>
        <time>2026-05-18T10:48:02.000Z</time>
      </trkpt>
      <trkpt lat="36.883450" lon="-4.919407">
        <ele>688.732943</ele>
        <time>2026-05-18T10:48:10.000Z</time>
      </trkpt>
      <trkpt lat="36.883519" lon="-4.919345">
        <ele>688.827268</ele>
        <time>2026-05-18T10:48:16.000Z</time>
      </trkpt>
      <trkpt lat="36.883553" lon="-4.919330">
        <ele>688.867291</ele>
        <time>2026-05-18T10:48:19.000Z</time>
      </trkpt>
      <trkpt lat="36.883619" lon="-4.919291">
        <ele>688.948327</ele>
        <time>2026-05-18T10:48:25.000Z</time>
      </trkpt>
      <trkpt lat="36.883638" lon="-4.919273">
        <ele>688.974789</ele>
        <time>2026-05-18T10:48:27.000Z</time>
      </trkpt>
      <trkpt lat="36.883693" lon="-4.919187">
        <ele>689.072555</ele>
        <time>2026-05-18T10:48:34.000Z</time>
      </trkpt>
      <trkpt lat="36.883747" lon="-4.919131">
        <ele>689.150437</ele>
        <time>2026-05-18T10:48:39.000Z</time>
      </trkpt>
      <trkpt lat="36.883813" lon="-4.919082">
        <ele>689.235645</ele>
        <time>2026-05-18T10:48:46.000Z</time>
      </trkpt>
      <trkpt lat="36.883822" lon="-4.919072">
        <ele>689.249011</ele>
        <time>2026-05-18T10:48:47.000Z</time>
      </trkpt>
      <trkpt lat="36.883886" lon="-4.918999">
        <ele>689.345180</ele>
        <time>2026-05-18T10:48:54.000Z</time>
      </trkpt>
      <trkpt lat="36.883932" lon="-4.918937">
        <ele>689.420265</ele>
        <time>2026-05-18T10:49:00.000Z</time>
      </trkpt>
      <trkpt lat="36.883980" lon="-4.918868">
        <ele>689.501459</ele>
        <time>2026-05-18T10:49:05.000Z</time>
      </trkpt>
      <trkpt lat="36.883991" lon="-4.918849">
        <ele>689.522284</ele>
        <time>2026-05-18T10:49:06.000Z</time>
      </trkpt>
      <trkpt lat="36.884029" lon="-4.918790">
        <ele>689.589542</ele>
        <time>2026-05-18T10:49:12.000Z</time>
      </trkpt>
      <trkpt lat="36.884051" lon="-4.918759">
        <ele>689.626339</ele>
        <time>2026-05-18T10:49:17.000Z</time>
      </trkpt>
      <trkpt lat="36.884036" lon="-4.918740">
        <ele>689.650042</ele>
        <time>2026-05-18T10:49:28.000Z</time>
      </trkpt>
      <trkpt lat="36.884040" lon="-4.918758">
        <ele>689.666629</ele>
        <time>2026-05-18T10:49:30.000Z</time>
      </trkpt>
      <trkpt lat="36.884043" lon="-4.918754">
        <ele>689.671498</ele>
        <time>2026-05-18T10:49:31.000Z</time>
      </trkpt>
      <trkpt lat="36.884040" lon="-4.918766">
        <ele>689.682661</ele>
        <time>2026-05-18T10:49:36.000Z</time>
      </trkpt>
      <trkpt lat="36.884032" lon="-4.918786">
        <ele>689.702516</ele>
        <time>2026-05-18T10:49:42.000Z</time>
      </trkpt>
      <trkpt lat="36.884025" lon="-4.918785">
        <ele>689.710337</ele>
        <time>2026-05-18T10:49:46.000Z</time>
      </trkpt>
      <trkpt lat="36.884024" lon="-4.918782">
        <ele>689.713222</ele>
        <time>2026-05-18T10:49:47.000Z</time>
      </trkpt>
      <trkpt lat="36.884018" lon="-4.918777">
        <ele>689.721227</ele>
        <time>2026-05-18T10:49:50.000Z</time>
      </trkpt>
      <trkpt lat="36.884016" lon="-4.918777">
        <ele>689.723447</ele>
        <time>2026-05-18T10:49:51.000Z</time>
      </trkpt>
      <trkpt lat="36.884011" lon="-4.918768">
        <ele>689.733176</ele>
        <time>2026-05-18T10:49:52.000Z</time>
      </trkpt>
      <trkpt lat="36.884004" lon="-4.918768">
        <ele>689.740947</ele>
        <time>2026-05-18T10:49:54.000Z</time>
      </trkpt>
      <trkpt lat="36.883998" lon="-4.918771">
        <ele>689.748120</ele>
        <time>2026-05-18T10:49:56.000Z</time>
      </trkpt>
      <trkpt lat="36.884066" lon="-4.918732">
        <ele>689.790745</ele>
        <time>2026-05-18T10:50:02.000Z</time>
      </trkpt>
      <trkpt lat="36.884071" lon="-4.918724">
        <ele>689.791929</ele>
        <time>2026-05-18T10:50:03.000Z</time>
      </trkpt>
      <trkpt lat="36.884115" lon="-4.918632">
        <ele>689.804421</ele>
        <time>2026-05-18T10:50:10.000Z</time>
      </trkpt>
      <trkpt lat="36.884123" lon="-4.918621">
        <ele>689.806153</ele>
        <time>2026-05-18T10:50:11.000Z</time>
      </trkpt>
      <trkpt lat="36.884155" lon="-4.918570">
        <ele>689.813707</ele>
        <time>2026-05-18T10:50:14.000Z</time>
      </trkpt>
      <trkpt lat="36.884167" lon="-4.918558">
        <ele>689.815946</ele>
        <time>2026-05-18T10:50:15.000Z</time>
      </trkpt>
      <trkpt lat="36.884190" lon="-4.918496">
        <ele>689.823911</ele>
        <time>2026-05-18T10:50:19.000Z</time>
      </trkpt>
      <trkpt lat="36.884229" lon="-4.918394">
        <ele>689.837086</ele>
        <time>2026-05-18T10:50:27.000Z</time>
      </trkpt>
      <trkpt lat="36.884291" lon="-4.918292">
        <ele>689.852016</ele>
        <time>2026-05-18T10:50:35.000Z</time>
      </trkpt>
      <trkpt lat="36.884319" lon="-4.918178">
        <ele>689.865914</ele>
        <time>2026-05-18T10:50:43.000Z</time>
      </trkpt>
      <trkpt lat="36.884338" lon="-4.918084">
        <ele>689.877213</ele>
        <time>2026-05-18T10:50:49.000Z</time>
      </trkpt>
      <trkpt lat="36.884368" lon="-4.917993">
        <ele>689.888684</ele>
        <time>2026-05-18T10:50:57.000Z</time>
      </trkpt>
      <trkpt lat="36.884374" lon="-4.917957">
        <ele>689.892969</ele>
        <time>2026-05-18T10:50:59.000Z</time>
      </trkpt>
      <trkpt lat="36.884390" lon="-4.917870">
        <ele>689.903373</ele>
        <time>2026-05-18T10:51:05.000Z</time>
      </trkpt>
      <trkpt lat="36.884393" lon="-4.917857">
        <ele>689.904950</ele>
        <time>2026-05-18T10:51:07.000Z</time>
      </trkpt>
      <trkpt lat="36.884436" lon="-4.917722">
        <ele>689.921884</ele>
        <time>2026-05-18T10:51:16.000Z</time>
      </trkpt>
      <trkpt lat="36.884471" lon="-4.917615">
        <ele>689.935356</ele>
        <time>2026-05-18T10:51:23.000Z</time>
      </trkpt>
      <trkpt lat="36.884503" lon="-4.917522">
        <ele>689.947155</ele>
        <time>2026-05-18T10:51:31.000Z</time>
      </trkpt>
      <trkpt lat="36.884557" lon="-4.917463">
        <ele>689.957604</ele>
        <time>2026-05-18T10:51:37.000Z</time>
      </trkpt>
      <trkpt lat="36.884587" lon="-4.917415">
        <ele>689.964703</ele>
        <time>2026-05-18T10:51:40.000Z</time>
      </trkpt>
      <trkpt lat="36.884627" lon="-4.917344">
        <ele>689.974824</ele>
        <time>2026-05-18T10:51:46.000Z</time>
      </trkpt>
      <trkpt lat="36.884646" lon="-4.917314">
        <ele>689.979283</ele>
        <time>2026-05-18T10:51:48.000Z</time>
      </trkpt>
      <trkpt lat="36.884701" lon="-4.917236">
        <ele>689.991401</ele>
        <time>2026-05-18T10:51:55.000Z</time>
      </trkpt>
      <trkpt lat="36.884720" lon="-4.917198">
        <ele>689.996624</ele>
        <time>2026-05-18T10:51:58.000Z</time>
      </trkpt>
      <trkpt lat="36.884748" lon="-4.917152">
        <ele>690.003360</ele>
        <time>2026-05-18T10:52:02.000Z</time>
      </trkpt>
      <trkpt lat="36.884809" lon="-4.917099">
        <ele>690.014183</ele>
        <time>2026-05-18T10:52:07.000Z</time>
      </trkpt>
      <trkpt lat="36.884830" lon="-4.917086">
        <ele>690.017598</ele>
        <time>2026-05-18T10:52:09.000Z</time>
      </trkpt>
      <trkpt lat="36.884858" lon="-4.917059">
        <ele>690.022750</ele>
        <time>2026-05-18T10:52:12.000Z</time>
      </trkpt>
      <trkpt lat="36.884889" lon="-4.917038">
        <ele>690.027887</ele>
        <time>2026-05-18T10:52:15.000Z</time>
      </trkpt>
      <trkpt lat="36.884895" lon="-4.917027">
        <ele>690.029439</ele>
        <time>2026-05-18T10:52:18.000Z</time>
      </trkpt>
      <trkpt lat="36.884892" lon="-4.917013">
        <ele>690.031128</ele>
        <time>2026-05-18T10:52:22.000Z</time>
      </trkpt>
      <trkpt lat="36.884889" lon="-4.917009">
        <ele>690.031767</ele>
        <time>2026-05-18T10:52:24.000Z</time>
      </trkpt>
      <trkpt lat="36.884910" lon="-4.916986">
        <ele>690.035834</ele>
        <time>2026-05-18T10:52:29.000Z</time>
      </trkpt>
      <trkpt lat="36.884921" lon="-4.916985">
        <ele>690.037441</ele>
        <time>2026-05-18T10:52:31.000Z</time>
      </trkpt>
      <trkpt lat="36.884942" lon="-4.916998">
        <ele>690.040856</ele>
        <time>2026-05-18T10:52:34.000Z</time>
      </trkpt>
      <trkpt lat="36.884968" lon="-4.916971">
        <ele>690.045780</ele>
        <time>2026-05-18T10:52:38.000Z</time>
      </trkpt>
      <trkpt lat="36.884972" lon="-4.916924">
        <ele>689.885650</ele>
        <time>2026-05-18T10:52:41.000Z</time>
      </trkpt>
      <trkpt lat="36.884992" lon="-4.916886">
        <ele>689.699435</ele>
        <time>2026-05-18T10:52:44.000Z</time>
      </trkpt>
      <trkpt lat="36.885069" lon="-4.916796">
        <ele>689.159949</ele>
        <time>2026-05-18T10:52:54.000Z</time>
      </trkpt>
      <trkpt lat="36.885105" lon="-4.916744">
        <ele>688.878415</ele>
        <time>2026-05-18T10:52:58.000Z</time>
      </trkpt>
      <trkpt lat="36.885121" lon="-4.916720">
        <ele>688.750516</ele>
        <time>2026-05-18T10:53:00.000Z</time>
      </trkpt>
      <trkpt lat="36.885125" lon="-4.916699">
        <ele>688.662145</ele>
        <time>2026-05-18T10:53:02.000Z</time>
      </trkpt>
      <trkpt lat="36.885116" lon="-4.916656">
        <ele>688.480192</ele>
        <time>2026-05-18T10:53:06.000Z</time>
      </trkpt>
      <trkpt lat="36.885126" lon="-4.916627">
        <ele>688.350915</ele>
        <time>2026-05-18T10:53:08.000Z</time>
      </trkpt>
      <trkpt lat="36.885147" lon="-4.916573">
        <ele>688.105115</ele>
        <time>2026-05-18T10:53:12.000Z</time>
      </trkpt>
      <trkpt lat="36.885157" lon="-4.916552">
        <ele>688.005067</ele>
        <time>2026-05-18T10:53:14.000Z</time>
      </trkpt>
      <trkpt lat="36.885171" lon="-4.916509">
        <ele>687.815016</ele>
        <time>2026-05-18T10:53:17.000Z</time>
      </trkpt>
      <trkpt lat="36.885184" lon="-4.916455">
        <ele>687.584164</ele>
        <time>2026-05-18T10:53:21.000Z</time>
      </trkpt>
      <trkpt lat="36.885197" lon="-4.916358">
        <ele>687.181547</ele>
        <time>2026-05-18T10:53:28.000Z</time>
      </trkpt>
      <trkpt lat="36.885205" lon="-4.916281">
        <ele>686.863690</ele>
        <time>2026-05-18T10:53:34.000Z</time>
      </trkpt>
      <trkpt lat="36.885211" lon="-4.916251">
        <ele>686.737100</ele>
        <time>2026-05-18T10:53:37.000Z</time>
      </trkpt>
      <trkpt lat="36.885222" lon="-4.916198">
        <ele>686.512953</ele>
        <time>2026-05-18T10:53:40.000Z</time>
      </trkpt>
      <trkpt lat="36.885246" lon="-4.916140">
        <ele>686.245631</ele>
        <time>2026-05-18T10:53:46.000Z</time>
      </trkpt>
      <trkpt lat="36.885262" lon="-4.916086">
        <ele>686.009895</ele>
        <time>2026-05-18T10:53:49.000Z</time>
      </trkpt>
      <trkpt lat="36.885272" lon="-4.916061">
        <ele>685.895470</ele>
        <time>2026-05-18T10:53:51.000Z</time>
      </trkpt>
      <trkpt lat="36.885289" lon="-4.915953">
        <ele>685.444879</ele>
        <time>2026-05-18T10:53:59.000Z</time>
      </trkpt>
      <trkpt lat="36.885280" lon="-4.915931">
        <ele>685.343724</ele>
        <time>2026-05-18T10:54:04.000Z</time>
      </trkpt>
      <trkpt lat="36.885276" lon="-4.915920">
        <ele>685.294259</ele>
        <time>2026-05-18T10:54:09.000Z</time>
      </trkpt>
      <trkpt lat="36.885278" lon="-4.915870">
        <ele>685.089322</ele>
        <time>2026-05-18T10:54:13.000Z</time>
      </trkpt>
      <trkpt lat="36.885308" lon="-4.915773">
        <ele>684.663589</ele>
        <time>2026-05-18T10:54:20.000Z</time>
      </trkpt>
      <trkpt lat="36.885312" lon="-4.915740">
        <ele>684.526957</ele>
        <time>2026-05-18T10:54:22.000Z</time>
      </trkpt>
      <trkpt lat="36.885321" lon="-4.915680">
        <ele>684.277058</ele>
        <time>2026-05-18T10:54:26.000Z</time>
      </trkpt>
      <trkpt lat="36.885317" lon="-4.915673">
        <ele>684.241841</ele>
        <time>2026-05-18T10:54:28.000Z</time>
      </trkpt>
      <trkpt lat="36.885325" lon="-4.915606">
        <ele>683.964530</ele>
        <time>2026-05-18T10:54:35.000Z</time>
      </trkpt>
      <trkpt lat="36.885341" lon="-4.915566">
        <ele>683.781450</ele>
        <time>2026-05-18T10:54:38.000Z</time>
      </trkpt>
      <trkpt lat="36.885368" lon="-4.915506">
        <ele>683.499629</ele>
        <time>2026-05-18T10:54:42.000Z</time>
      </trkpt>
      <trkpt lat="36.885373" lon="-4.915495">
        <ele>683.447835</ele>
        <time>2026-05-18T10:54:43.000Z</time>
      </trkpt>
      <trkpt lat="36.885387" lon="-4.915462">
        <ele>683.294920</ele>
        <time>2026-05-18T10:54:45.000Z</time>
      </trkpt>
      <trkpt lat="36.885435" lon="-4.915338">
        <ele>682.730989</ele>
        <time>2026-05-18T10:54:52.000Z</time>
      </trkpt>
      <trkpt lat="36.885443" lon="-4.915289">
        <ele>682.526266</ele>
        <time>2026-05-18T10:54:56.000Z</time>
      </trkpt>
      <trkpt lat="36.885450" lon="-4.915277">
        <ele>682.465466</ele>
        <time>2026-05-18T10:54:58.000Z</time>
      </trkpt>
      <trkpt lat="36.885490" lon="-4.915218">
        <ele>682.148852</ele>
        <time>2026-05-18T10:55:03.000Z</time>
      </trkpt>
      <trkpt lat="36.885502" lon="-4.915191">
        <ele>682.022407</ele>
        <time>2026-05-18T10:55:05.000Z</time>
      </trkpt>
      <trkpt lat="36.885534" lon="-4.915088">
        <ele>681.570074</ele>
        <time>2026-05-18T10:55:13.000Z</time>
      </trkpt>
      <trkpt lat="36.885589" lon="-4.914965">
        <ele>680.993217</ele>
        <time>2026-05-18T10:55:22.000Z</time>
      </trkpt>
      <trkpt lat="36.885664" lon="-4.914854">
        <ele>679.880223</ele>
        <time>2026-05-18T10:55:32.000Z</time>
      </trkpt>
      <trkpt lat="36.885708" lon="-4.914807">
        <ele>679.237385</ele>
        <time>2026-05-18T10:55:37.000Z</time>
      </trkpt>
      <trkpt lat="36.885743" lon="-4.914764">
        <ele>678.692320</ele>
        <time>2026-05-18T10:55:41.000Z</time>
      </trkpt>
      <trkpt lat="36.885765" lon="-4.914732">
        <ele>678.317424</ele>
        <time>2026-05-18T10:55:44.000Z</time>
      </trkpt>
      <trkpt lat="36.885785" lon="-4.914705">
        <ele>677.990473</ele>
        <time>2026-05-18T10:55:47.000Z</time>
      </trkpt>
      <trkpt lat="36.885797" lon="-4.914691">
        <ele>677.808159</ele>
        <time>2026-05-18T10:55:49.000Z</time>
      </trkpt>
      <trkpt lat="36.885832" lon="-4.914640">
        <ele>677.211121</ele>
        <time>2026-05-18T10:55:56.000Z</time>
      </trkpt>
      <trkpt lat="36.885810" lon="-4.914633">
        <ele>676.958958</ele>
        <time>2026-05-18T10:55:59.000Z</time>
      </trkpt>
      <trkpt lat="36.885802" lon="-4.914615">
        <ele>676.776006</ele>
        <time>2026-05-18T10:56:04.000Z</time>
      </trkpt>
      <trkpt lat="36.885801" lon="-4.914611">
        <ele>676.738773</ele>
        <time>2026-05-18T10:56:06.000Z</time>
      </trkpt>
      <trkpt lat="36.885847" lon="-4.914541">
        <ele>675.933876</ele>
        <time>2026-05-18T10:56:13.000Z</time>
      </trkpt>
      <trkpt lat="36.885876" lon="-4.914513">
        <ele>675.526873</ele>
        <time>2026-05-18T10:56:16.000Z</time>
      </trkpt>
      <trkpt lat="36.885931" lon="-4.914464">
        <ele>674.776699</ele>
        <time>2026-05-18T10:56:22.000Z</time>
      </trkpt>
      <trkpt lat="36.885980" lon="-4.914364">
        <ele>673.734785</ele>
        <time>2026-05-18T10:56:29.000Z</time>
      </trkpt>
      <trkpt lat="36.885999" lon="-4.914342">
        <ele>673.447129</ele>
        <time>2026-05-18T10:56:31.000Z</time>
      </trkpt>
      <trkpt lat="36.886026" lon="-4.914289">
        <ele>672.888854</ele>
        <time>2026-05-18T10:56:35.000Z</time>
      </trkpt>
      <trkpt lat="36.886038" lon="-4.914267">
        <ele>672.652271</ele>
        <time>2026-05-18T10:56:37.000Z</time>
      </trkpt>
      <trkpt lat="36.886060" lon="-4.914216">
        <ele>672.137466</ele>
        <time>2026-05-18T10:56:41.000Z</time>
      </trkpt>
      <trkpt lat="36.886104" lon="-4.914119">
        <ele>671.146730</ele>
        <time>2026-05-18T10:56:47.000Z</time>
      </trkpt>
      <trkpt lat="36.886160" lon="-4.914050">
        <ele>670.273382</ele>
        <time>2026-05-18T10:56:54.000Z</time>
      </trkpt>
      <trkpt lat="36.886175" lon="-4.914026">
        <ele>670.002776</ele>
        <time>2026-05-18T10:56:56.000Z</time>
      </trkpt>
      <trkpt lat="36.886227" lon="-4.913952">
        <ele>669.127636</ele>
        <time>2026-05-18T10:57:03.000Z</time>
      </trkpt>
      <trkpt lat="36.886233" lon="-4.913939">
        <ele>668.994288</ele>
        <time>2026-05-18T10:57:04.000Z</time>
      </trkpt>
      <trkpt lat="36.886273" lon="-4.913850">
        <ele>668.087291</ele>
        <time>2026-05-18T10:57:10.000Z</time>
      </trkpt>
      <trkpt lat="36.886279" lon="-4.913835">
        <ele>667.938288</ele>
        <time>2026-05-18T10:57:11.000Z</time>
      </trkpt>
      <trkpt lat="36.886293" lon="-4.913802">
        <ele>667.606412</ele>
        <time>2026-05-18T10:57:13.000Z</time>
      </trkpt>
      <trkpt lat="36.886318" lon="-4.913710">
        <ele>666.743161</ele>
        <time>2026-05-18T10:57:19.000Z</time>
      </trkpt>
      <trkpt lat="36.886321" lon="-4.913677">
        <ele>666.448088</ele>
        <time>2026-05-18T10:57:21.000Z</time>
      </trkpt>
      <trkpt lat="36.886341" lon="-4.913569">
        <ele>665.463189</ele>
        <time>2026-05-18T10:57:27.000Z</time>
      </trkpt>
      <trkpt lat="36.886346" lon="-4.913555">
        <ele>665.326970</ele>
        <time>2026-05-18T10:57:28.000Z</time>
      </trkpt>
      <trkpt lat="36.886365" lon="-4.913489">
        <ele>664.703774</ele>
        <time>2026-05-18T10:57:33.000Z</time>
      </trkpt>
      <trkpt lat="36.886371" lon="-4.913458">
        <ele>664.420409</ele>
        <time>2026-05-18T10:57:35.000Z</time>
      </trkpt>
      <trkpt lat="36.886384" lon="-4.913415">
        <ele>664.011999</ele>
        <time>2026-05-18T10:57:38.000Z</time>
      </trkpt>
      <trkpt lat="36.886388" lon="-4.913400">
        <ele>663.871521</ele>
        <time>2026-05-18T10:57:39.000Z</time>
      </trkpt>
      <trkpt lat="36.886410" lon="-4.913299">
        <ele>662.941516</ele>
        <time>2026-05-18T10:57:46.000Z</time>
      </trkpt>
      <trkpt lat="36.886414" lon="-4.913282">
        <ele>662.784081</ele>
        <time>2026-05-18T10:57:47.000Z</time>
      </trkpt>
      <trkpt lat="36.886432" lon="-4.913194">
        <ele>661.977092</ele>
        <time>2026-05-18T10:57:52.000Z</time>
      </trkpt>
      <trkpt lat="36.886449" lon="-4.913151">
        <ele>661.550941</ele>
        <time>2026-05-18T10:57:56.000Z</time>
      </trkpt>
      <trkpt lat="36.886464" lon="-4.913109">
        <ele>661.142287</ele>
        <time>2026-05-18T10:57:59.000Z</time>
      </trkpt>
      <trkpt lat="36.886489" lon="-4.913029">
        <ele>660.415823</ele>
        <time>2026-05-18T10:58:04.000Z</time>
      </trkpt>
      <trkpt lat="36.886494" lon="-4.913009">
        <ele>660.243776</ele>
        <time>2026-05-18T10:58:05.000Z</time>
      </trkpt>
      <trkpt lat="36.886533" lon="-4.912917">
        <ele>659.388859</ele>
        <time>2026-05-18T10:58:12.000Z</time>
      </trkpt>
      <trkpt lat="36.886551" lon="-4.912833">
        <ele>658.674841</ele>
        <time>2026-05-18T10:58:18.000Z</time>
      </trkpt>
      <trkpt lat="36.886557" lon="-4.912809">
        <ele>658.468384</ele>
        <time>2026-05-18T10:58:20.000Z</time>
      </trkpt>
      <trkpt lat="36.886586" lon="-4.912751">
        <ele>657.906772</ele>
        <time>2026-05-18T10:58:24.000Z</time>
      </trkpt>
      <trkpt lat="36.886612" lon="-4.912718">
        <ele>657.526440</ele>
        <time>2026-05-18T10:58:27.000Z</time>
      </trkpt>
      <trkpt lat="36.886639" lon="-4.912667">
        <ele>657.024277</ele>
        <time>2026-05-18T10:58:31.000Z</time>
      </trkpt>
      <trkpt lat="36.886663" lon="-4.912586">
        <ele>656.315048</ele>
        <time>2026-05-18T10:58:36.000Z</time>
      </trkpt>
      <trkpt lat="36.886693" lon="-4.912511">
        <ele>655.626536</ele>
        <time>2026-05-18T10:58:41.000Z</time>
      </trkpt>
      <trkpt lat="36.886687" lon="-4.912500">
        <ele>655.517216</ele>
        <time>2026-05-18T10:58:43.000Z</time>
      </trkpt>
      <trkpt lat="36.886741" lon="-4.912403">
        <ele>654.546859</ele>
        <time>2026-05-18T10:58:52.000Z</time>
      </trkpt>
      <trkpt lat="36.886751" lon="-4.912387">
        <ele>654.380137</ele>
        <time>2026-05-18T10:58:55.000Z</time>
      </trkpt>
      <trkpt lat="36.886789" lon="-4.912337">
        <ele>653.813828</ele>
        <time>2026-05-18T10:58:59.000Z</time>
      </trkpt>
      <trkpt lat="36.886798" lon="-4.912324">
        <ele>653.672658</ele>
        <time>2026-05-18T10:59:00.000Z</time>
      </trkpt>
      <trkpt lat="36.886810" lon="-4.912249">
        <ele>653.044662</ele>
        <time>2026-05-18T10:59:05.000Z</time>
      </trkpt>
      <trkpt lat="36.886811" lon="-4.912238">
        <ele>652.953764</ele>
        <time>2026-05-18T10:59:06.000Z</time>
      </trkpt>
      <trkpt lat="36.886812" lon="-4.912231">
        <ele>652.895380</ele>
        <time>2026-05-18T10:59:07.000Z</time>
      </trkpt>
      <trkpt lat="36.886805" lon="-4.912197">
        <ele>652.607119</ele>
        <time>2026-05-18T10:59:12.000Z</time>
      </trkpt>
      <trkpt lat="36.886831" lon="-4.912129">
        <ele>651.988281</ele>
        <time>2026-05-18T10:59:20.000Z</time>
      </trkpt>
      <trkpt lat="36.886880" lon="-4.912036">
        <ele>651.073904</ele>
        <time>2026-05-18T10:59:28.000Z</time>
      </trkpt>
      <trkpt lat="36.886898" lon="-4.911962">
        <ele>650.438843</ele>
        <time>2026-05-18T10:59:33.000Z</time>
      </trkpt>
      <trkpt lat="36.886902" lon="-4.911929">
        <ele>650.164799</ele>
        <time>2026-05-18T10:59:35.000Z</time>
      </trkpt>
      <trkpt lat="36.886930" lon="-4.911858">
        <ele>649.514836</ele>
        <time>2026-05-18T10:59:41.000Z</time>
      </trkpt>
      <trkpt lat="36.886934" lon="-4.911845">
        <ele>649.400472</ele>
        <time>2026-05-18T10:59:42.000Z</time>
      </trkpt>
      <trkpt lat="36.886973" lon="-4.911729">
        <ele>648.367319</ele>
        <time>2026-05-18T10:59:50.000Z</time>
      </trkpt>
      <trkpt lat="36.886982" lon="-4.911655">
        <ele>647.752750</ele>
        <time>2026-05-18T10:59:55.000Z</time>
      </trkpt>
      <trkpt lat="36.886977" lon="-4.911610">
        <ele>647.379725</ele>
        <time>2026-05-18T10:59:58.000Z</time>
      </trkpt>
      <trkpt lat="36.886969" lon="-4.911553">
        <ele>646.904571</ele>
        <time>2026-05-18T11:00:02.000Z</time>
      </trkpt>
      <trkpt lat="36.886966" lon="-4.911469">
        <ele>646.214194</ele>
        <time>2026-05-18T11:00:07.000Z</time>
      </trkpt>
      <trkpt lat="36.886968" lon="-4.911449">
        <ele>646.048703</ele>
        <time>2026-05-18T11:00:08.000Z</time>
      </trkpt>
      <trkpt lat="36.886980" lon="-4.911371">
        <ele>645.396537</ele>
        <time>2026-05-18T11:00:14.000Z</time>
      </trkpt>
      <trkpt lat="36.886990" lon="-4.911320">
        <ele>644.965397</ele>
        <time>2026-05-18T11:00:17.000Z</time>
      </trkpt>
      <trkpt lat="36.887006" lon="-4.911257">
        <ele>644.422679</ele>
        <time>2026-05-18T11:00:21.000Z</time>
      </trkpt>
      <trkpt lat="36.887030" lon="-4.911192">
        <ele>643.834867</ele>
        <time>2026-05-18T11:00:25.000Z</time>
      </trkpt>
      <trkpt lat="36.887044" lon="-4.911165">
        <ele>643.570671</ele>
        <time>2026-05-18T11:00:27.000Z</time>
      </trkpt>
      <trkpt lat="36.887082" lon="-4.911043">
        <ele>642.495704</ele>
        <time>2026-05-18T11:00:35.000Z</time>
      </trkpt>
      <trkpt lat="36.887093" lon="-4.910942">
        <ele>642.026947</ele>
        <time>2026-05-18T11:00:41.000Z</time>
      </trkpt>
      <trkpt lat="36.887104" lon="-4.910890">
        <ele>641.805282</ele>
        <time>2026-05-18T11:00:44.000Z</time>
      </trkpt>
      <trkpt lat="36.887118" lon="-4.910806">
        <ele>641.451675</ele>
        <time>2026-05-18T11:00:50.000Z</time>
      </trkpt>
      <trkpt lat="36.887130" lon="-4.910762">
        <ele>641.260096</ele>
        <time>2026-05-18T11:00:54.000Z</time>
      </trkpt>
      <trkpt lat="36.887157" lon="-4.910699">
        <ele>640.965545</ele>
        <time>2026-05-18T11:00:58.000Z</time>
      </trkpt>
      <trkpt lat="36.887185" lon="-4.910635">
        <ele>640.664916</ele>
        <time>2026-05-18T11:01:02.000Z</time>
      </trkpt>
      <trkpt lat="36.887207" lon="-4.910602">
        <ele>640.487873</ele>
        <time>2026-05-18T11:01:05.000Z</time>
      </trkpt>
      <trkpt lat="36.887218" lon="-4.910595">
        <ele>640.424276</ele>
        <time>2026-05-18T11:01:06.000Z</time>
      </trkpt>
      <trkpt lat="36.887279" lon="-4.910515">
        <ele>639.968777</ele>
        <time>2026-05-18T11:01:13.000Z</time>
      </trkpt>
      <trkpt lat="36.887324" lon="-4.910444">
        <ele>639.595450</ele>
        <time>2026-05-18T11:01:17.000Z</time>
      </trkpt>
      <trkpt lat="36.887359" lon="-4.910391">
        <ele>639.312205</ele>
        <time>2026-05-18T11:01:21.000Z</time>
      </trkpt>
      <trkpt lat="36.887416" lon="-4.910263">
        <ele>638.708460</ele>
        <time>2026-05-18T11:01:29.000Z</time>
      </trkpt>
      <trkpt lat="36.887424" lon="-4.910247">
        <ele>638.630699</ele>
        <time>2026-05-18T11:01:30.000Z</time>
      </trkpt>
      <trkpt lat="36.887428" lon="-4.910131">
        <ele>638.152211</ele>
        <time>2026-05-18T11:01:37.000Z</time>
      </trkpt>
      <trkpt lat="36.887454" lon="-4.910049">
        <ele>637.788698</ele>
        <time>2026-05-18T11:01:45.000Z</time>
      </trkpt>
      <trkpt lat="36.887476" lon="-4.910001">
        <ele>637.560710</ele>
        <time>2026-05-18T11:01:48.000Z</time>
      </trkpt>
      <trkpt lat="36.887530" lon="-4.909908">
        <ele>637.087105</ele>
        <time>2026-05-18T11:01:55.000Z</time>
      </trkpt>
      <trkpt lat="36.887551" lon="-4.909888">
        <ele>636.951086</ele>
        <time>2026-05-18T11:01:57.000Z</time>
      </trkpt>
      <trkpt lat="36.887589" lon="-4.909831">
        <ele>636.645285</ele>
        <time>2026-05-18T11:02:01.000Z</time>
      </trkpt>
      <trkpt lat="36.887609" lon="-4.909802">
        <ele>636.487481</ele>
        <time>2026-05-18T11:02:03.000Z</time>
      </trkpt>
      <trkpt lat="36.887669" lon="-4.909723">
        <ele>636.038520</ele>
        <time>2026-05-18T11:02:10.000Z</time>
      </trkpt>
      <trkpt lat="36.887732" lon="-4.909625">
        <ele>635.520374</ele>
        <time>2026-05-18T11:02:18.000Z</time>
      </trkpt>
      <trkpt lat="36.887793" lon="-4.909506">
        <ele>634.937893</ele>
        <time>2026-05-18T11:02:26.000Z</time>
      </trkpt>
      <trkpt lat="36.887832" lon="-4.909387">
        <ele>634.407916</ele>
        <time>2026-05-18T11:02:34.000Z</time>
      </trkpt>
      <trkpt lat="36.887852" lon="-4.909348">
        <ele>634.216995</ele>
        <time>2026-05-18T11:02:37.000Z</time>
      </trkpt>
      <trkpt lat="36.887870" lon="-4.909313">
        <ele>634.045514</ele>
        <time>2026-05-18T11:02:40.000Z</time>
      </trkpt>
      <trkpt lat="36.887914" lon="-4.909227">
        <ele>633.624796</ele>
        <time>2026-05-18T11:02:46.000Z</time>
      </trkpt>
      <trkpt lat="36.887934" lon="-4.909185">
        <ele>633.423358</ele>
        <time>2026-05-18T11:02:49.000Z</time>
      </trkpt>
      <trkpt lat="36.887964" lon="-4.909124">
        <ele>633.129723</ele>
        <time>2026-05-18T11:02:55.000Z</time>
      </trkpt>
      <trkpt lat="36.887982" lon="-4.909045">
        <ele>633.020736</ele>
        <time>2026-05-18T11:03:01.000Z</time>
      </trkpt>
      <trkpt lat="36.887987" lon="-4.909032">
        <ele>633.001597</ele>
        <time>2026-05-18T11:03:02.000Z</time>
      </trkpt>
      <trkpt lat="36.888022" lon="-4.908941">
        <ele>632.867623</ele>
        <time>2026-05-18T11:03:08.000Z</time>
      </trkpt>
      <trkpt lat="36.888045" lon="-4.908900">
        <ele>632.801178</ele>
        <time>2026-05-18T11:03:12.000Z</time>
      </trkpt>
      <trkpt lat="36.888069" lon="-4.908837">
        <ele>632.708593</ele>
        <time>2026-05-18T11:03:19.000Z</time>
      </trkpt>
      <trkpt lat="36.888084" lon="-4.908810">
        <ele>632.664975</ele>
        <time>2026-05-18T11:03:22.000Z</time>
      </trkpt>
      <trkpt lat="36.888103" lon="-4.908768">
        <ele>632.600953</ele>
        <time>2026-05-18T11:03:26.000Z</time>
      </trkpt>
      <trkpt lat="36.888122" lon="-4.908681">
        <ele>632.481296</ele>
        <time>2026-05-18T11:03:33.000Z</time>
      </trkpt>
      <trkpt lat="36.888124" lon="-4.908646">
        <ele>632.434740</ele>
        <time>2026-05-18T11:03:35.000Z</time>
      </trkpt>
      <trkpt lat="36.888137" lon="-4.908580">
        <ele>632.344556</ele>
        <time>2026-05-18T11:03:39.000Z</time>
      </trkpt>
      <trkpt lat="36.888143" lon="-4.908509">
        <ele>632.249829</ele>
        <time>2026-05-18T11:03:45.000Z</time>
      </trkpt>
      <trkpt lat="36.888150" lon="-4.908479">
        <ele>632.208366</ele>
        <time>2026-05-18T11:03:47.000Z</time>
      </trkpt>
      <trkpt lat="36.888159" lon="-4.908449">
        <ele>632.165854</ele>
        <time>2026-05-18T11:03:49.000Z</time>
      </trkpt>
      <trkpt lat="36.888164" lon="-4.908428">
        <ele>632.136783</ele>
        <time>2026-05-18T11:03:52.000Z</time>
      </trkpt>
      <trkpt lat="36.888175" lon="-4.908448">
        <ele>632.104579</ele>
        <time>2026-05-18T11:04:02.000Z</time>
      </trkpt>
      <trkpt lat="36.888179" lon="-4.908453">
        <ele>632.095196</ele>
        <time>2026-05-18T11:04:03.000Z</time>
      </trkpt>
      <trkpt lat="36.888199" lon="-4.908467">
        <ele>632.057172</ele>
        <time>2026-05-18T11:04:07.000Z</time>
      </trkpt>
      <trkpt lat="36.888212" lon="-4.908472">
        <ele>632.034609</ele>
        <time>2026-05-18T11:04:13.000Z</time>
      </trkpt>
      <trkpt lat="36.888220" lon="-4.908463">
        <ele>632.016757</ele>
        <time>2026-05-18T11:04:18.000Z</time>
      </trkpt>
      <trkpt lat="36.888218" lon="-4.908459">
        <ele>632.010498</ele>
        <time>2026-05-18T11:04:19.000Z</time>
      </trkpt>
      <trkpt lat="36.888215" lon="-4.908454">
        <ele>632.002204</ele>
        <time>2026-05-18T11:04:20.000Z</time>
      </trkpt>
      <trkpt lat="36.888217" lon="-4.908448">
        <ele>631.993580</ele>
        <time>2026-05-18T11:04:22.000Z</time>
      </trkpt>
      <trkpt lat="36.888201" lon="-4.908455">
        <ele>631.965460</ele>
        <time>2026-05-18T11:04:29.000Z</time>
      </trkpt>
      <trkpt lat="36.888199" lon="-4.908449">
        <ele>631.956835</ele>
        <time>2026-05-18T11:04:41.000Z</time>
      </trkpt>
      <trkpt lat="36.888183" lon="-4.908426">
        <ele>631.916391</ele>
        <time>2026-05-18T11:04:43.000Z</time>
      </trkpt>
      <trkpt lat="36.888197" lon="-4.908368">
        <ele>631.836009</ele>
        <time>2026-05-18T11:04:47.000Z</time>
      </trkpt>
      <trkpt lat="36.888214" lon="-4.908330">
        <ele>631.778240</ele>
        <time>2026-05-18T11:04:51.000Z</time>
      </trkpt>
      <trkpt lat="36.888224" lon="-4.908299">
        <ele>631.733890</ele>
        <time>2026-05-18T11:04:54.000Z</time>
      </trkpt>
      <trkpt lat="36.888260" lon="-4.908179">
        <ele>631.563843</ele>
        <time>2026-05-18T11:05:02.000Z</time>
      </trkpt>
      <trkpt lat="36.888299" lon="-4.908067">
        <ele>631.401770</ele>
        <time>2026-05-18T11:05:09.000Z</time>
      </trkpt>
      <trkpt lat="36.888329" lon="-4.907955">
        <ele>631.245057</ele>
        <time>2026-05-18T11:05:16.000Z</time>
      </trkpt>
      <trkpt lat="36.888345" lon="-4.907892">
        <ele>631.157357</ele>
        <time>2026-05-18T11:05:22.000Z</time>
      </trkpt>
      <trkpt lat="36.888356" lon="-4.907816">
        <ele>631.054883</ele>
        <time>2026-05-18T11:05:28.000Z</time>
      </trkpt>
      <trkpt lat="36.888361" lon="-4.907775">
        <ele>630.999856</ele>
        <time>2026-05-18T11:05:31.000Z</time>
      </trkpt>
      <trkpt lat="36.888383" lon="-4.907671">
        <ele>630.857125</ele>
        <time>2026-05-18T11:05:37.000Z</time>
      </trkpt>
      <trkpt lat="36.888404" lon="-4.907592">
        <ele>630.746671</ele>
        <time>2026-05-18T11:05:43.000Z</time>
      </trkpt>
      <trkpt lat="36.888437" lon="-4.907483">
        <ele>630.592037</ele>
        <time>2026-05-18T11:05:51.000Z</time>
      </trkpt>
      <trkpt lat="36.888452" lon="-4.907429">
        <ele>630.516192</ele>
        <time>2026-05-18T11:05:56.000Z</time>
      </trkpt>
      <trkpt lat="36.888456" lon="-4.907413">
        <ele>630.493951</ele>
        <time>2026-05-18T11:05:58.000Z</time>
      </trkpt>
      <trkpt lat="36.888483" lon="-4.907316">
        <ele>630.357681</ele>
        <time>2026-05-18T11:06:04.000Z</time>
      </trkpt>
      <trkpt lat="36.888542" lon="-4.907200">
        <ele>630.175289</ele>
        <time>2026-05-18T11:06:12.000Z</time>
      </trkpt>
      <trkpt lat="36.888572" lon="-4.907128">
        <ele>630.036659</ele>
        <time>2026-05-18T11:06:18.000Z</time>
      </trkpt>
      <trkpt lat="36.888577" lon="-4.907087">
        <ele>629.960126</ele>
        <time>2026-05-18T11:06:21.000Z</time>
      </trkpt>
      <trkpt lat="36.888589" lon="-4.907023">
        <ele>629.838822</ele>
        <time>2026-05-18T11:06:25.000Z</time>
      </trkpt>
      <trkpt lat="36.888592" lon="-4.906932">
        <ele>629.670753</ele>
        <time>2026-05-18T11:06:31.000Z</time>
      </trkpt>
      <trkpt lat="36.888605" lon="-4.906822">
        <ele>629.465561</ele>
        <time>2026-05-18T11:06:37.000Z</time>
      </trkpt>
      <trkpt lat="36.888606" lon="-4.906808">
        <ele>629.439624</ele>
        <time>2026-05-18T11:06:38.000Z</time>
      </trkpt>
      <trkpt lat="36.888625" lon="-4.906768">
        <ele>629.353774</ele>
        <time>2026-05-18T11:06:42.000Z</time>
      </trkpt>
      <trkpt lat="36.888641" lon="-4.906733">
        <ele>629.279381</ele>
        <time>2026-05-18T11:06:45.000Z</time>
      </trkpt>
      <trkpt lat="36.888674" lon="-4.906622">
        <ele>629.060855</ele>
        <time>2026-05-18T11:06:52.000Z</time>
      </trkpt>
      <trkpt lat="36.888688" lon="-4.906559">
        <ele>628.940195</ele>
        <time>2026-05-18T11:06:57.000Z</time>
      </trkpt>
      <trkpt lat="36.888688" lon="-4.906511">
        <ele>628.851618</ele>
        <time>2026-05-18T11:07:00.000Z</time>
      </trkpt>
      <trkpt lat="36.888679" lon="-4.906365">
        <ele>628.581400</ele>
        <time>2026-05-18T11:07:08.000Z</time>
      </trkpt>
      <trkpt lat="36.888674" lon="-4.906244">
        <ele>628.357816</ele>
        <time>2026-05-18T11:07:16.000Z</time>
      </trkpt>
      <trkpt lat="36.888680" lon="-4.906158">
        <ele>628.198514</ele>
        <time>2026-05-18T11:07:22.000Z</time>
      </trkpt>
      <trkpt lat="36.888683" lon="-4.906123">
        <ele>628.133557</ele>
        <time>2026-05-18T11:07:24.000Z</time>
      </trkpt>
      <trkpt lat="36.888697" lon="-4.906044">
        <ele>627.984239</ele>
        <time>2026-05-18T11:07:29.000Z</time>
      </trkpt>
      <trkpt lat="36.888736" lon="-4.905922">
        <ele>627.741791</ele>
        <time>2026-05-18T11:07:38.000Z</time>
      </trkpt>
      <trkpt lat="36.888762" lon="-4.905819">
        <ele>627.542479</ele>
        <time>2026-05-18T11:07:45.000Z</time>
      </trkpt>
      <trkpt lat="36.888780" lon="-4.905694">
        <ele>627.308103</ele>
        <time>2026-05-18T11:07:54.000Z</time>
      </trkpt>
      <trkpt lat="36.888798" lon="-4.905589">
        <ele>627.109942</ele>
        <time>2026-05-18T11:08:01.000Z</time>
      </trkpt>
      <trkpt lat="36.888789" lon="-4.905514">
        <ele>626.969992</ele>
        <time>2026-05-18T11:08:07.000Z</time>
      </trkpt>
      <trkpt lat="36.888793" lon="-4.905453">
        <ele>626.857049</ele>
        <time>2026-05-18T11:08:10.000Z</time>
      </trkpt>
      <trkpt lat="36.888784" lon="-4.905377">
        <ele>626.715274</ele>
        <time>2026-05-18T11:08:15.000Z</time>
      </trkpt>
      <trkpt lat="36.888788" lon="-4.905332">
        <ele>626.631723</ele>
        <time>2026-05-18T11:08:22.000Z</time>
      </trkpt>
      <trkpt lat="36.888795" lon="-4.905321">
        <ele>626.605783</ele>
        <time>2026-05-18T11:08:26.000Z</time>
      </trkpt>
      <trkpt lat="36.888796" lon="-4.905317">
        <ele>626.598049</ele>
        <time>2026-05-18T11:08:27.000Z</time>
      </trkpt>
      <trkpt lat="36.888788" lon="-4.905319">
        <ele>626.579226</ele>
        <time>2026-05-18T11:08:34.000Z</time>
      </trkpt>
      <trkpt lat="36.888779" lon="-4.905294">
        <ele>626.528635</ele>
        <time>2026-05-18T11:08:44.000Z</time>
      </trkpt>
      <trkpt lat="36.888743" lon="-4.905291">
        <ele>626.445390</ele>
        <time>2026-05-18T11:08:55.000Z</time>
      </trkpt>
      <trkpt lat="36.888746" lon="-4.905257">
        <ele>626.382267</ele>
        <time>2026-05-18T11:09:01.000Z</time>
      </trkpt>
      <trkpt lat="36.888756" lon="-4.905250">
        <ele>626.355825</ele>
        <time>2026-05-18T11:09:03.000Z</time>
      </trkpt>
      <trkpt lat="36.888777" lon="-4.905171">
        <ele>626.202202</ele>
        <time>2026-05-18T11:09:11.000Z</time>
      </trkpt>
      <trkpt lat="36.888757" lon="-4.905058">
        <ele>625.978269</ele>
        <time>2026-05-18T11:09:20.000Z</time>
      </trkpt>
      <trkpt lat="36.888746" lon="-4.904981">
        <ele>625.649931</ele>
        <time>2026-05-18T11:09:26.000Z</time>
      </trkpt>
      <trkpt lat="36.888734" lon="-4.904919">
        <ele>625.382162</ele>
        <time>2026-05-18T11:09:30.000Z</time>
      </trkpt>
      <trkpt lat="36.888722" lon="-4.904846">
        <ele>625.069325</ele>
        <time>2026-05-18T11:09:34.000Z</time>
      </trkpt>
      <trkpt lat="36.888732" lon="-4.904738">
        <ele>624.612945</ele>
        <time>2026-05-18T11:09:42.000Z</time>
      </trkpt>
      <trkpt lat="36.888737" lon="-4.904706">
        <ele>624.476080</ele>
        <time>2026-05-18T11:09:45.000Z</time>
      </trkpt>
      <trkpt lat="36.888747" lon="-4.904632">
        <ele>624.161047</ele>
        <time>2026-05-18T11:09:49.000Z</time>
      </trkpt>
      <trkpt lat="36.888740" lon="-4.904550">
        <ele>623.814881</ele>
        <time>2026-05-18T11:09:55.000Z</time>
      </trkpt>
      <trkpt lat="36.888716" lon="-4.904427">
        <ele>623.283422</ele>
        <time>2026-05-18T11:10:02.000Z</time>
      </trkpt>
      <trkpt lat="36.888717" lon="-4.904358">
        <ele>622.993733</ele>
        <time>2026-05-18T11:10:06.000Z</time>
      </trkpt>
      <trkpt lat="36.888719" lon="-4.904329">
        <ele>622.871548</ele>
        <time>2026-05-18T11:10:08.000Z</time>
      </trkpt>
      <trkpt lat="36.888731" lon="-4.904234">
        <ele>622.467824</ele>
        <time>2026-05-18T11:10:15.000Z</time>
      </trkpt>
      <trkpt lat="36.888733" lon="-4.904172">
        <ele>622.207355</ele>
        <time>2026-05-18T11:10:19.000Z</time>
      </trkpt>
      <trkpt lat="36.888740" lon="-4.904136">
        <ele>622.051836</ele>
        <time>2026-05-18T11:10:21.000Z</time>
      </trkpt>
      <trkpt lat="36.888745" lon="-4.904123">
        <ele>621.991284</ele>
        <time>2026-05-18T11:10:22.000Z</time>
      </trkpt>
      <trkpt lat="36.888756" lon="-4.904103">
        <ele>621.889395</ele>
        <time>2026-05-18T11:10:24.000Z</time>
      </trkpt>
      <trkpt lat="36.888783" lon="-4.904035">
        <ele>621.570713</ele>
        <time>2026-05-18T11:10:29.000Z</time>
      </trkpt>
      <trkpt lat="36.888805" lon="-4.903936">
        <ele>621.139398</ele>
        <time>2026-05-18T11:10:36.000Z</time>
      </trkpt>
      <trkpt lat="36.888805" lon="-4.903877">
        <ele>620.891734</ele>
        <time>2026-05-18T11:10:39.000Z</time>
      </trkpt>
      <trkpt lat="36.888816" lon="-4.903811">
        <ele>620.608735</ele>
        <time>2026-05-18T11:10:43.000Z</time>
      </trkpt>
      <trkpt lat="36.888832" lon="-4.903732">
        <ele>620.266650</ele>
        <time>2026-05-18T11:10:49.000Z</time>
      </trkpt>
      <trkpt lat="36.888839" lon="-4.903700">
        <ele>620.127391</ele>
        <time>2026-05-18T11:10:52.000Z</time>
      </trkpt>
      <trkpt lat="36.888865" lon="-4.903636">
        <ele>619.826069</ele>
        <time>2026-05-18T11:10:59.000Z</time>
      </trkpt>
      <trkpt lat="36.888860" lon="-4.903637">
        <ele>619.799493</ele>
        <time>2026-05-18T11:11:04.000Z</time>
      </trkpt>
      <trkpt lat="36.888856" lon="-4.903637">
        <ele>619.778499</ele>
        <time>2026-05-18T11:11:06.000Z</time>
      </trkpt>
      <trkpt lat="36.888855" lon="-4.903638">
        <ele>619.771779</ele>
        <time>2026-05-18T11:11:07.000Z</time>
      </trkpt>
      <trkpt lat="36.888845" lon="-4.903606">
        <ele>619.627563</ele>
        <time>2026-05-18T11:11:13.000Z</time>
      </trkpt>
      <trkpt lat="36.888852" lon="-4.903570">
        <ele>619.472045</ele>
        <time>2026-05-18T11:11:16.000Z</time>
      </trkpt>
      <trkpt lat="36.888878" lon="-4.903462">
        <ele>618.998602</ele>
        <time>2026-05-18T11:11:24.000Z</time>
      </trkpt>
      <trkpt lat="36.888902" lon="-4.903353">
        <ele>618.524032</ele>
        <time>2026-05-18T11:11:31.000Z</time>
      </trkpt>
      <trkpt lat="36.888919" lon="-4.903270">
        <ele>618.164381</ele>
        <time>2026-05-18T11:11:37.000Z</time>
      </trkpt>
      <trkpt lat="36.888928" lon="-4.903245">
        <ele>618.049298</ele>
        <time>2026-05-18T11:11:39.000Z</time>
      </trkpt>
      <trkpt lat="36.888965" lon="-4.903107">
        <ele>617.438335</ele>
        <time>2026-05-18T11:11:48.000Z</time>
      </trkpt>
      <trkpt lat="36.888979" lon="-4.903013">
        <ele>617.036969</ele>
        <time>2026-05-18T11:11:54.000Z</time>
      </trkpt>
      <trkpt lat="36.888994" lon="-4.902914">
        <ele>616.614007</ele>
        <time>2026-05-18T11:12:01.000Z</time>
      </trkpt>
      <trkpt lat="36.889021" lon="-4.902804">
        <ele>616.411859</ele>
        <time>2026-05-18T11:12:08.000Z</time>
      </trkpt>
      <trkpt lat="36.889025" lon="-4.902787">
        <ele>616.386546</ele>
        <time>2026-05-18T11:12:09.000Z</time>
      </trkpt>
      <trkpt lat="36.889057" lon="-4.902691">
        <ele>616.237977</ele>
        <time>2026-05-18T11:12:16.000Z</time>
      </trkpt>
      <trkpt lat="36.889071" lon="-4.902663">
        <ele>616.190806</ele>
        <time>2026-05-18T11:12:18.000Z</time>
      </trkpt>
      <trkpt lat="36.889109" lon="-4.902570">
        <ele>616.041624</ele>
        <time>2026-05-18T11:12:25.000Z</time>
      </trkpt>
      <trkpt lat="36.889130" lon="-4.902506">
        <ele>615.942805</ele>
        <time>2026-05-18T11:12:29.000Z</time>
      </trkpt>
      <trkpt lat="36.889149" lon="-4.902466">
        <ele>615.876348</ele>
        <time>2026-05-18T11:12:32.000Z</time>
      </trkpt>
      <trkpt lat="36.889183" lon="-4.902390">
        <ele>615.751953</ele>
        <time>2026-05-18T11:12:38.000Z</time>
      </trkpt>
      <trkpt lat="36.889212" lon="-4.902330">
        <ele>615.651809</ele>
        <time>2026-05-18T11:12:42.000Z</time>
      </trkpt>
      <trkpt lat="36.889236" lon="-4.902289">
        <ele>615.579230</ele>
        <time>2026-05-18T11:12:45.000Z</time>
      </trkpt>
      <trkpt lat="36.889261" lon="-4.902212">
        <ele>615.460519</ele>
        <time>2026-05-18T11:12:51.000Z</time>
      </trkpt>
      <trkpt lat="36.889271" lon="-4.902141">
        <ele>615.357535</ele>
        <time>2026-05-18T11:12:55.000Z</time>
      </trkpt>
      <trkpt lat="36.889279" lon="-4.902098">
        <ele>615.294470</ele>
        <time>2026-05-18T11:12:58.000Z</time>
      </trkpt>
      <trkpt lat="36.889294" lon="-4.902021">
        <ele>615.181261</ele>
        <time>2026-05-18T11:13:03.000Z</time>
      </trkpt>
      <trkpt lat="36.889299" lon="-4.901994">
        <ele>615.141672</ele>
        <time>2026-05-18T11:13:05.000Z</time>
      </trkpt>
      <trkpt lat="36.889317" lon="-4.901897">
        <ele>614.999427</ele>
        <time>2026-05-18T11:13:12.000Z</time>
      </trkpt>
      <trkpt lat="36.889345" lon="-4.901776">
        <ele>614.819491</ele>
        <time>2026-05-18T11:13:20.000Z</time>
      </trkpt>
      <trkpt lat="36.889362" lon="-4.901656">
        <ele>614.645404</ele>
        <time>2026-05-18T11:13:27.000Z</time>
      </trkpt>
      <trkpt lat="36.889374" lon="-4.901584">
        <ele>614.540344</ele>
        <time>2026-05-18T11:13:31.000Z</time>
      </trkpt>
      <trkpt lat="36.889375" lon="-4.901562">
        <ele>614.508866</ele>
        <time>2026-05-18T11:13:33.000Z</time>
      </trkpt>
      <trkpt lat="36.889376" lon="-4.901548">
        <ele>614.488788</ele>
        <time>2026-05-18T11:13:34.000Z</time>
      </trkpt>
      <trkpt lat="36.889399" lon="-4.901429">
        <ele>614.313905</ele>
        <time>2026-05-18T11:13:41.000Z</time>
      </trkpt>
      <trkpt lat="36.889411" lon="-4.901337">
        <ele>614.180748</ele>
        <time>2026-05-18T11:13:47.000Z</time>
      </trkpt>
      <trkpt lat="36.889429" lon="-4.901238">
        <ele>614.035719</ele>
        <time>2026-05-18T11:13:54.000Z</time>
      </trkpt>
      <trkpt lat="36.889432" lon="-4.901081">
        <ele>613.811383</ele>
        <time>2026-05-18T11:14:02.000Z</time>
      </trkpt>
      <trkpt lat="36.889449" lon="-4.900912">
        <ele>613.568067</ele>
        <time>2026-05-18T11:14:14.000Z</time>
      </trkpt>
      <trkpt lat="36.889455" lon="-4.900863">
        <ele>613.497256</ele>
        <time>2026-05-18T11:14:18.000Z</time>
      </trkpt>
      <trkpt lat="36.889476" lon="-4.900751">
        <ele>613.346526</ele>
        <time>2026-05-18T11:14:24.000Z</time>
      </trkpt>
      <trkpt lat="36.889494" lon="-4.900653">
        <ele>613.375474</ele>
        <time>2026-05-18T11:14:30.000Z</time>
      </trkpt>
      <trkpt lat="36.889504" lon="-4.900590">
        <ele>613.393966</ele>
        <time>2026-05-18T11:14:34.000Z</time>
      </trkpt>
      <trkpt lat="36.889518" lon="-4.900526">
        <ele>613.413068</ele>
        <time>2026-05-18T11:14:40.000Z</time>
      </trkpt>
      <trkpt lat="36.889536" lon="-4.900485">
        <ele>613.426533</ele>
        <time>2026-05-18T11:14:44.000Z</time>
      </trkpt>
      <trkpt lat="36.889549" lon="-4.900435">
        <ele>613.441670</ele>
        <time>2026-05-18T11:14:47.000Z</time>
      </trkpt>
      <trkpt lat="36.889583" lon="-4.900279">
        <ele>613.488219</ele>
        <time>2026-05-18T11:14:56.000Z</time>
      </trkpt>
      <trkpt lat="36.889608" lon="-4.900201">
        <ele>613.512411</ele>
        <time>2026-05-18T11:15:02.000Z</time>
      </trkpt>
      <trkpt lat="36.889624" lon="-4.900131">
        <ele>613.533371</ele>
        <time>2026-05-18T11:15:06.000Z</time>
      </trkpt>
      <trkpt lat="36.889660" lon="-4.899976">
        <ele>613.579839</ele>
        <time>2026-05-18T11:15:16.000Z</time>
      </trkpt>
      <trkpt lat="36.889668" lon="-4.899845">
        <ele>613.617663</ele>
        <time>2026-05-18T11:15:24.000Z</time>
      </trkpt>
      <trkpt lat="36.889676" lon="-4.899705">
        <ele>613.658071</ele>
        <time>2026-05-18T11:15:33.000Z</time>
      </trkpt>
      <trkpt lat="36.889696" lon="-4.899612">
        <ele>613.685797</ele>
        <time>2026-05-18T11:15:40.000Z</time>
      </trkpt>
      <trkpt lat="36.889697" lon="-4.899505">
        <ele>613.716604</ele>
        <time>2026-05-18T11:15:46.000Z</time>
      </trkpt>
      <trkpt lat="36.889693" lon="-4.899389">
        <ele>613.750031</ele>
        <time>2026-05-18T11:15:54.000Z</time>
      </trkpt>
      <trkpt lat="36.889680" lon="-4.899388">
        <ele>613.754719</ele>
        <time>2026-05-18T11:15:56.000Z</time>
      </trkpt>
      <trkpt lat="36.889679" lon="-4.899348">
        <ele>613.766241</ele>
        <time>2026-05-18T11:16:01.000Z</time>
      </trkpt>
      <trkpt lat="36.889683" lon="-4.899340">
        <ele>613.768957</ele>
        <time>2026-05-18T11:16:03.000Z</time>
      </trkpt>
      <trkpt lat="36.889686" lon="-4.899336">
        <ele>613.770536</ele>
        <time>2026-05-18T11:16:04.000Z</time>
      </trkpt>
      <trkpt lat="36.889688" lon="-4.899315">
        <ele>613.776624</ele>
        <time>2026-05-18T11:16:06.000Z</time>
      </trkpt>
      <trkpt lat="36.889696" lon="-4.899281">
        <ele>613.786828</ele>
        <time>2026-05-18T11:16:08.000Z</time>
      </trkpt>
      <trkpt lat="36.889703" lon="-4.899176">
        <ele>613.817162</ele>
        <time>2026-05-18T11:16:15.000Z</time>
      </trkpt>
      <trkpt lat="36.889694" lon="-4.899093">
        <ele>613.841276</ele>
        <time>2026-05-18T11:16:20.000Z</time>
      </trkpt>
      <trkpt lat="36.889692" lon="-4.899053">
        <ele>613.852814</ele>
        <time>2026-05-18T11:16:22.000Z</time>
      </trkpt>
      <trkpt lat="36.889696" lon="-4.898986">
        <ele>613.872157</ele>
        <time>2026-05-18T11:16:26.000Z</time>
      </trkpt>
      <trkpt lat="36.889699" lon="-4.898911">
        <ele>613.893776</ele>
        <time>2026-05-18T11:16:31.000Z</time>
      </trkpt>
      <trkpt lat="36.889701" lon="-4.898835">
        <ele>613.915668</ele>
        <time>2026-05-18T11:16:36.000Z</time>
      </trkpt>
      <trkpt lat="36.889704" lon="-4.898813">
        <ele>613.922093</ele>
        <time>2026-05-18T11:16:38.000Z</time>
      </trkpt>
      <trkpt lat="36.889718" lon="-4.898697">
        <ele>613.955867</ele>
        <time>2026-05-18T11:16:46.000Z</time>
      </trkpt>
      <trkpt lat="36.889726" lon="-4.898593">
        <ele>613.985947</ele>
        <time>2026-05-18T11:16:53.000Z</time>
      </trkpt>
      <trkpt lat="36.889743" lon="-4.898499">
        <ele>613.961636</ele>
        <time>2026-05-18T11:17:00.000Z</time>
      </trkpt>
      <trkpt lat="36.889750" lon="-4.898463">
        <ele>613.947062</ele>
        <time>2026-05-18T11:17:03.000Z</time>
      </trkpt>
      <trkpt lat="36.889767" lon="-4.898406">
        <ele>613.923133</ele>
        <time>2026-05-18T11:17:07.000Z</time>
      </trkpt>
      <trkpt lat="36.889786" lon="-4.898294">
        <ele>613.878098</ele>
        <time>2026-05-18T11:17:15.000Z</time>
      </trkpt>
      <trkpt lat="36.889789" lon="-4.898163">
        <ele>613.826548</ele>
        <time>2026-05-18T11:17:22.000Z</time>
      </trkpt>
      <trkpt lat="36.889806" lon="-4.898102">
        <ele>613.801138</ele>
        <time>2026-05-18T11:17:27.000Z</time>
      </trkpt>
      <trkpt lat="36.889821" lon="-4.897985">
        <ele>613.754528</ele>
        <time>2026-05-18T11:17:34.000Z</time>
      </trkpt>
      <trkpt lat="36.889808" lon="-4.897926">
        <ele>613.730456</ele>
        <time>2026-05-18T11:17:40.000Z</time>
      </trkpt>
      <trkpt lat="36.889806" lon="-4.897923">
        <ele>613.728920</ele>
        <time>2026-05-18T11:17:44.000Z</time>
      </trkpt>
      <trkpt lat="36.889816" lon="-4.897943">
        <ele>613.719642</ele>
        <time>2026-05-18T11:17:49.000Z</time>
      </trkpt>
      <trkpt lat="36.889809" lon="-4.897923">
        <ele>613.711055</ele>
        <time>2026-05-18T11:17:59.000Z</time>
      </trkpt>
      <trkpt lat="36.889821" lon="-4.897935">
        <ele>613.703497</ele>
        <time>2026-05-18T11:18:05.000Z</time>
      </trkpt>
      <trkpt lat="36.889827" lon="-4.897927">
        <ele>613.699183</ele>
        <time>2026-05-18T11:18:10.000Z</time>
      </trkpt>
      <trkpt lat="36.889831" lon="-4.897827">
        <ele>613.659799</ele>
        <time>2026-05-18T11:18:16.000Z</time>
      </trkpt>
      <trkpt lat="36.889818" lon="-4.897703">
        <ele>613.610606</ele>
        <time>2026-05-18T11:18:25.000Z</time>
      </trkpt>
      <trkpt lat="36.889823" lon="-4.897593">
        <ele>613.567268</ele>
        <time>2026-05-18T11:18:32.000Z</time>
      </trkpt>
      <trkpt lat="36.889822" lon="-4.897568">
        <ele>613.557422</ele>
        <time>2026-05-18T11:18:33.000Z</time>
      </trkpt>
      <trkpt lat="36.889830" lon="-4.897474">
        <ele>613.520238</ele>
        <time>2026-05-18T11:18:40.000Z</time>
      </trkpt>
      <trkpt lat="36.889848" lon="-4.897343">
        <ele>613.467954</ele>
        <time>2026-05-18T11:18:52.000Z</time>
      </trkpt>
      <trkpt lat="36.889855" lon="-4.897283">
        <ele>613.444103</ele>
        <time>2026-05-18T11:18:56.000Z</time>
      </trkpt>
      <trkpt lat="36.889860" lon="-4.897219">
        <ele>613.418809</ele>
        <time>2026-05-18T11:19:00.000Z</time>
      </trkpt>
      <trkpt lat="36.889871" lon="-4.897157">
        <ele>613.393828</ele>
        <time>2026-05-18T11:19:04.000Z</time>
      </trkpt>
      <trkpt lat="36.889882" lon="-4.897119">
        <ele>613.377932</ele>
        <time>2026-05-18T11:19:07.000Z</time>
      </trkpt>
      <trkpt lat="36.889903" lon="-4.897022">
        <ele>613.338404</ele>
        <time>2026-05-18T11:19:13.000Z</time>
      </trkpt>
      <trkpt lat="36.889912" lon="-4.896938">
        <ele>613.305067</ele>
        <time>2026-05-18T11:19:19.000Z</time>
      </trkpt>
      <trkpt lat="36.889913" lon="-4.896872">
        <ele>613.279101</ele>
        <time>2026-05-18T11:19:25.000Z</time>
      </trkpt>
      <trkpt lat="36.889921" lon="-4.896865">
        <ele>613.274299</ele>
        <time>2026-05-18T11:19:32.000Z</time>
      </trkpt>
      <trkpt lat="36.889932" lon="-4.896817">
        <ele>613.254658</ele>
        <time>2026-05-18T11:19:42.000Z</time>
      </trkpt>
      <trkpt lat="36.889945" lon="-4.896693">
        <ele>613.205466</ele>
        <time>2026-05-18T11:19:50.000Z</time>
      </trkpt>
      <trkpt lat="36.889959" lon="-4.896599">
        <ele>613.167855</ele>
        <time>2026-05-18T11:19:57.000Z</time>
      </trkpt>
      <trkpt lat="36.889974" lon="-4.896478">
        <ele>613.119691</ele>
        <time>2026-05-18T11:20:05.000Z</time>
      </trkpt>
      <trkpt lat="36.889954" lon="-4.896360">
        <ele>613.112157</ele>
        <time>2026-05-18T11:20:12.000Z</time>
      </trkpt>
      <trkpt lat="36.889933" lon="-4.896276">
        <ele>613.117193</ele>
        <time>2026-05-18T11:20:19.000Z</time>
      </trkpt>
      <trkpt lat="36.889932" lon="-4.896184">
        <ele>613.122458</ele>
        <time>2026-05-18T11:20:24.000Z</time>
      </trkpt>
      <trkpt lat="36.889930" lon="-4.896142">
        <ele>613.124866</ele>
        <time>2026-05-18T11:20:27.000Z</time>
      </trkpt>
      <trkpt lat="36.889936" lon="-4.896037">
        <ele>613.130889</ele>
        <time>2026-05-18T11:20:34.000Z</time>
      </trkpt>
      <trkpt lat="36.889933" lon="-4.895977">
        <ele>613.134329</ele>
        <time>2026-05-18T11:20:39.000Z</time>
      </trkpt>
      <trkpt lat="36.889941" lon="-4.895927">
        <ele>613.137247</ele>
        <time>2026-05-18T11:20:42.000Z</time>
      </trkpt>
      <trkpt lat="36.889944" lon="-4.895891">
        <ele>613.139318</ele>
        <time>2026-05-18T11:20:44.000Z</time>
      </trkpt>
      <trkpt lat="36.889922" lon="-4.895777">
        <ele>613.146028</ele>
        <time>2026-05-18T11:20:51.000Z</time>
      </trkpt>
      <trkpt lat="36.889919" lon="-4.895693">
        <ele>613.150839</ele>
        <time>2026-05-18T11:21:01.000Z</time>
      </trkpt>
      <trkpt lat="36.889925" lon="-4.895688">
        <ele>613.151355</ele>
        <time>2026-05-18T11:21:04.000Z</time>
      </trkpt>
      <trkpt lat="36.889927" lon="-4.895684">
        <ele>613.151625</ele>
        <time>2026-05-18T11:21:06.000Z</time>
      </trkpt>
      <trkpt lat="36.889934" lon="-4.895689">
        <ele>613.152202</ele>
        <time>2026-05-18T11:21:10.000Z</time>
      </trkpt>
      <trkpt lat="36.889953" lon="-4.895717">
        <ele>613.154303</ele>
        <time>2026-05-18T11:21:19.000Z</time>
      </trkpt>
      <trkpt lat="36.889952" lon="-4.895718">
        <ele>613.154395</ele>
        <time>2026-05-18T11:21:20.000Z</time>
      </trkpt>
      <trkpt lat="36.889953" lon="-4.895721">
        <ele>613.154581</ele>
        <time>2026-05-18T11:21:25.000Z</time>
      </trkpt>
      <trkpt lat="36.889950" lon="-4.895709">
        <ele>613.155300</ele>
        <time>2026-05-18T11:21:30.000Z</time>
      </trkpt>
      <trkpt lat="36.889938" lon="-4.895686">
        <ele>613.156871</ele>
        <time>2026-05-18T11:21:37.000Z</time>
      </trkpt>
      <trkpt lat="36.889938" lon="-4.895699">
        <ele>613.157615</ele>
        <time>2026-05-18T11:21:42.000Z</time>
      </trkpt>
      <trkpt lat="36.889941" lon="-4.895701">
        <ele>613.157859</ele>
        <time>2026-05-18T11:21:46.000Z</time>
      </trkpt>
      <trkpt lat="36.889945" lon="-4.895696">
        <ele>613.158263</ele>
        <time>2026-05-18T11:21:51.000Z</time>
      </trkpt>
      <trkpt lat="36.889944" lon="-4.895695">
        <ele>613.158355</ele>
        <time>2026-05-18T11:21:53.000Z</time>
      </trkpt>
      <trkpt lat="36.889941" lon="-4.895677">
        <ele>613.159407</ele>
        <time>2026-05-18T11:22:01.000Z</time>
      </trkpt>
      <trkpt lat="36.889940" lon="-4.895683">
        <ele>613.159758</ele>
        <time>2026-05-18T11:22:02.000Z</time>
      </trkpt>
      <trkpt lat="36.889938" lon="-4.895684">
        <ele>613.159912</ele>
        <time>2026-05-18T11:22:03.000Z</time>
      </trkpt>
      <trkpt lat="36.889935" lon="-4.895690">
        <ele>613.160317</ele>
        <time>2026-05-18T11:22:12.000Z</time>
      </trkpt>
      <trkpt lat="36.889936" lon="-4.895692">
        <ele>613.160452</ele>
        <time>2026-05-18T11:22:13.000Z</time>
      </trkpt>
      <trkpt lat="36.889933" lon="-4.895699">
        <ele>613.160906</ele>
        <time>2026-05-18T11:22:17.000Z</time>
      </trkpt>
      <trkpt lat="36.889969" lon="-4.895705">
        <ele>613.163504</ele>
        <time>2026-05-18T11:22:28.000Z</time>
      </trkpt>
      <trkpt lat="36.889969" lon="-4.895699">
        <ele>613.163848</ele>
        <time>2026-05-18T11:22:36.000Z</time>
      </trkpt>
      <trkpt lat="36.889968" lon="-4.895699">
        <ele>613.163919</ele>
        <time>2026-05-18T11:22:37.000Z</time>
      </trkpt>
      <trkpt lat="36.889967" lon="-4.895699">
        <ele>613.163991</ele>
        <time>2026-05-18T11:22:38.000Z</time>
      </trkpt>
      <trkpt lat="36.889964" lon="-4.895697">
        <ele>613.164234</ele>
        <time>2026-05-18T11:22:39.000Z</time>
      </trkpt>
      <trkpt lat="36.889956" lon="-4.895692">
        <ele>613.164874</ele>
        <time>2026-05-18T11:22:41.000Z</time>
      </trkpt>
      <trkpt lat="36.889963" lon="-4.895701">
        <ele>613.165592</ele>
        <time>2026-05-18T11:22:50.000Z</time>
      </trkpt>
      <trkpt lat="36.889956" lon="-4.895692">
        <ele>613.166311</ele>
        <time>2026-05-18T11:22:55.000Z</time>
      </trkpt>
      <trkpt lat="36.889954" lon="-4.895689">
        <ele>613.166534</ele>
        <time>2026-05-18T11:22:56.000Z</time>
      </trkpt>
      <trkpt lat="36.889953" lon="-4.895686">
        <ele>613.166720</ele>
        <time>2026-05-18T11:22:57.000Z</time>
      </trkpt>
      <trkpt lat="36.889956" lon="-4.895682">
        <ele>613.167034</ele>
        <time>2026-05-18T11:23:01.000Z</time>
      </trkpt>
      <trkpt lat="36.889955" lon="-4.895677">
        <ele>613.167329</ele>
        <time>2026-05-18T11:23:02.000Z</time>
      </trkpt>
      <trkpt lat="36.889964" lon="-4.895685">
        <ele>613.168119</ele>
        <time>2026-05-18T11:23:04.000Z</time>
      </trkpt>
      <trkpt lat="36.889968" lon="-4.895644">
        <ele>613.170482</ele>
        <time>2026-05-18T11:23:10.000Z</time>
      </trkpt>
      <trkpt lat="36.889969" lon="-4.895634">
        <ele>613.171059</ele>
        <time>2026-05-18T11:23:11.000Z</time>
      </trkpt>
      <trkpt lat="36.889971" lon="-4.895604">
        <ele>613.172781</ele>
        <time>2026-05-18T11:23:13.000Z</time>
      </trkpt>
      <trkpt lat="36.889971" lon="-4.895592">
        <ele>613.173468</ele>
        <time>2026-05-18T11:23:14.000Z</time>
      </trkpt>
      <trkpt lat="36.889970" lon="-4.895551">
        <ele>613.175815</ele>
        <time>2026-05-18T11:23:16.000Z</time>
      </trkpt>
      <trkpt lat="36.889971" lon="-4.895454">
        <ele>613.181366</ele>
        <time>2026-05-18T11:23:22.000Z</time>
      </trkpt>
      <trkpt lat="36.889965" lon="-4.895420">
        <ele>613.183358</ele>
        <time>2026-05-18T11:23:24.000Z</time>
      </trkpt>
      <trkpt lat="36.889958" lon="-4.895325">
        <ele>613.188817</ele>
        <time>2026-05-18T11:23:31.000Z</time>
      </trkpt>
      <trkpt lat="36.889953" lon="-4.895273">
        <ele>613.191814</ele>
        <time>2026-05-18T11:23:34.000Z</time>
      </trkpt>
      <trkpt lat="36.889944" lon="-4.895211">
        <ele>613.195420</ele>
        <time>2026-05-18T11:23:39.000Z</time>
      </trkpt>
      <trkpt lat="36.889942" lon="-4.895163">
        <ele>613.198170</ele>
        <time>2026-05-18T11:23:44.000Z</time>
      </trkpt>
      <trkpt lat="36.889943" lon="-4.895152">
        <ele>613.198804</ele>
        <time>2026-05-18T11:23:45.000Z</time>
      </trkpt>
      <trkpt lat="36.889942" lon="-4.895115">
        <ele>613.200922</ele>
        <time>2026-05-18T11:23:49.000Z</time>
      </trkpt>
      <trkpt lat="36.889932" lon="-4.895049">
        <ele>613.204766</ele>
        <time>2026-05-18T11:23:54.000Z</time>
      </trkpt>
      <trkpt lat="36.889927" lon="-4.894987">
        <ele>613.208331</ele>
        <time>2026-05-18T11:23:58.000Z</time>
      </trkpt>
      <trkpt lat="36.889922" lon="-4.894862">
        <ele>613.215493</ele>
        <time>2026-05-18T11:24:06.000Z</time>
      </trkpt>
      <trkpt lat="36.889917" lon="-4.894812">
        <ele>613.218376</ele>
        <time>2026-05-18T11:24:09.000Z</time>
      </trkpt>
      <trkpt lat="36.889907" lon="-4.894753">
        <ele>613.221827</ele>
        <time>2026-05-18T11:24:13.000Z</time>
      </trkpt>
      <trkpt lat="36.889861" lon="-4.894634">
        <ele>613.229390</ele>
        <time>2026-05-18T11:24:20.000Z</time>
      </trkpt>
      <trkpt lat="36.889850" lon="-4.894571">
        <ele>613.233080</ele>
        <time>2026-05-18T11:24:26.000Z</time>
      </trkpt>
      <trkpt lat="36.889828" lon="-4.894473">
        <ele>613.267425</ele>
        <time>2026-05-18T11:24:32.000Z</time>
      </trkpt>
      <trkpt lat="36.889808" lon="-4.894385">
        <ele>613.320319</ele>
        <time>2026-05-18T11:24:39.000Z</time>
      </trkpt>
      <trkpt lat="36.889787" lon="-4.894247">
        <ele>613.401539</ele>
        <time>2026-05-18T11:24:47.000Z</time>
      </trkpt>
      <trkpt lat="36.889788" lon="-4.894146">
        <ele>613.459940</ele>
        <time>2026-05-18T11:24:54.000Z</time>
      </trkpt>
      <trkpt lat="36.889781" lon="-4.894056">
        <ele>613.512221</ele>
        <time>2026-05-18T11:25:00.000Z</time>
      </trkpt>
      <trkpt lat="36.889771" lon="-4.894009">
        <ele>613.540341</ele>
        <time>2026-05-18T11:25:04.000Z</time>
      </trkpt>
      <trkpt lat="36.889766" lon="-4.893980">
        <ele>613.557493</ele>
        <time>2026-05-18T11:25:06.000Z</time>
      </trkpt>
      <trkpt lat="36.889756" lon="-4.893886">
        <ele>613.612321</ele>
        <time>2026-05-18T11:25:12.000Z</time>
      </trkpt>
      <trkpt lat="36.889752" lon="-4.893801">
        <ele>613.661551</ele>
        <time>2026-05-18T11:25:18.000Z</time>
      </trkpt>
      <trkpt lat="36.889750" lon="-4.893789">
        <ele>613.668638</ele>
        <time>2026-05-18T11:25:19.000Z</time>
      </trkpt>
      <trkpt lat="36.889742" lon="-4.893739">
        <ele>613.698120</ele>
        <time>2026-05-18T11:25:23.000Z</time>
      </trkpt>
      <trkpt lat="36.889743" lon="-4.893676">
        <ele>613.734553</ele>
        <time>2026-05-18T11:25:27.000Z</time>
      </trkpt>
      <trkpt lat="36.889745" lon="-4.893665">
        <ele>613.741075</ele>
        <time>2026-05-18T11:25:28.000Z</time>
      </trkpt>
      <trkpt lat="36.889746" lon="-4.893652">
        <ele>613.748626</ele>
        <time>2026-05-18T11:25:29.000Z</time>
      </trkpt>
      <trkpt lat="36.889741" lon="-4.893585">
        <ele>613.787532</ele>
        <time>2026-05-18T11:25:33.000Z</time>
      </trkpt>
      <trkpt lat="36.889741" lon="-4.893573">
        <ele>613.794471</ele>
        <time>2026-05-18T11:25:34.000Z</time>
      </trkpt>
      <trkpt lat="36.889713" lon="-4.893470">
        <ele>613.857369</ele>
        <time>2026-05-18T11:25:42.000Z</time>
      </trkpt>
      <trkpt lat="36.889710" lon="-4.893447">
        <ele>613.870843</ele>
        <time>2026-05-18T11:25:43.000Z</time>
      </trkpt>
      <trkpt lat="36.889693" lon="-4.893359">
        <ele>613.923186</ele>
        <time>2026-05-18T11:25:50.000Z</time>
      </trkpt>
      <trkpt lat="36.889678" lon="-4.893233">
        <ele>613.996839</ele>
        <time>2026-05-18T11:25:57.000Z</time>
      </trkpt>
      <trkpt lat="36.889671" lon="-4.893133">
        <ele>614.054878</ele>
        <time>2026-05-18T11:26:04.000Z</time>
      </trkpt>
      <trkpt lat="36.889669" lon="-4.893088">
        <ele>614.080937</ele>
        <time>2026-05-18T11:26:07.000Z</time>
      </trkpt>
      <trkpt lat="36.889660" lon="-4.893046">
        <ele>614.106077</ele>
        <time>2026-05-18T11:26:10.000Z</time>
      </trkpt>
      <trkpt lat="36.889655" lon="-4.892919">
        <ele>614.179595</ele>
        <time>2026-05-18T11:26:17.000Z</time>
      </trkpt>
      <trkpt lat="36.889663" lon="-4.892855">
        <ele>614.217047</ele>
        <time>2026-05-18T11:26:22.000Z</time>
      </trkpt>
      <trkpt lat="36.889662" lon="-4.892762">
        <ele>614.270823</ele>
        <time>2026-05-18T11:26:29.000Z</time>
      </trkpt>
      <trkpt lat="36.889658" lon="-4.892717">
        <ele>614.297001</ele>
        <time>2026-05-18T11:26:32.000Z</time>
      </trkpt>
      <trkpt lat="36.889652" lon="-4.892671">
        <ele>614.323949</ele>
        <time>2026-05-18T11:26:35.000Z</time>
      </trkpt>
      <trkpt lat="36.889649" lon="-4.892660">
        <ele>614.330669</ele>
        <time>2026-05-18T11:26:36.000Z</time>
      </trkpt>
      <trkpt lat="36.889632" lon="-4.892521">
        <ele>614.411970</ele>
        <time>2026-05-18T11:26:44.000Z</time>
      </trkpt>
      <trkpt lat="36.889622" lon="-4.892452">
        <ele>614.452514</ele>
        <time>2026-05-18T11:26:51.000Z</time>
      </trkpt>
      <trkpt lat="36.889616" lon="-4.892392">
        <ele>614.487475</ele>
        <time>2026-05-18T11:26:54.000Z</time>
      </trkpt>
      <trkpt lat="36.889608" lon="-4.892322">
        <ele>614.528359</ele>
        <time>2026-05-18T11:26:58.000Z</time>
      </trkpt>
      <trkpt lat="36.889606" lon="-4.892286">
        <ele>614.369455</ele>
        <time>2026-05-18T11:27:01.000Z</time>
      </trkpt>
      <trkpt lat="36.889603" lon="-4.892239">
        <ele>614.025165</ele>
        <time>2026-05-18T11:27:05.000Z</time>
      </trkpt>
      <trkpt lat="36.889604" lon="-4.892172">
        <ele>613.535838</ele>
        <time>2026-05-18T11:27:10.000Z</time>
      </trkpt>
      <trkpt lat="36.889599" lon="-4.892113">
        <ele>613.102602</ele>
        <time>2026-05-18T11:27:13.000Z</time>
      </trkpt>
      <trkpt lat="36.889603" lon="-4.891936">
        <ele>611.809612</ele>
        <time>2026-05-18T11:27:23.000Z</time>
      </trkpt>
      <trkpt lat="36.889625" lon="-4.891842">
        <ele>611.094428</ele>
        <time>2026-05-18T11:27:30.000Z</time>
      </trkpt>
      <trkpt lat="36.889637" lon="-4.891802">
        <ele>610.782472</ele>
        <time>2026-05-18T11:27:33.000Z</time>
      </trkpt>
      <trkpt lat="36.889671" lon="-4.891676">
        <ele>609.811451</ele>
        <time>2026-05-18T11:27:41.000Z</time>
      </trkpt>
      <trkpt lat="36.889718" lon="-4.891560">
        <ele>608.861915</ele>
        <time>2026-05-18T11:27:48.000Z</time>
      </trkpt>
      <trkpt lat="36.889730" lon="-4.891478">
        <ele>608.253202</ele>
        <time>2026-05-18T11:27:54.000Z</time>
      </trkpt>
      <trkpt lat="36.889734" lon="-4.891445">
        <ele>608.009481</ele>
        <time>2026-05-18T11:27:57.000Z</time>
      </trkpt>
      <trkpt lat="36.889757" lon="-4.891372">
        <ele>607.436557</ele>
        <time>2026-05-18T11:28:03.000Z</time>
      </trkpt>
      <trkpt lat="36.889761" lon="-4.891356">
        <ele>607.314149</ele>
        <time>2026-05-18T11:28:04.000Z</time>
      </trkpt>
      <trkpt lat="36.889789" lon="-4.891248">
        <ele>606.485123</ele>
        <time>2026-05-18T11:28:11.000Z</time>
      </trkpt>
      <trkpt lat="36.889789" lon="-4.891231">
        <ele>606.360988</ele>
        <time>2026-05-18T11:28:12.000Z</time>
      </trkpt>
      <trkpt lat="36.889823" lon="-4.891148">
        <ele>605.680043</ele>
        <time>2026-05-18T11:28:18.000Z</time>
      </trkpt>
      <trkpt lat="36.889827" lon="-4.891132">
        <ele>605.557635</ele>
        <time>2026-05-18T11:28:19.000Z</time>
      </trkpt>
      <trkpt lat="36.889853" lon="-4.891053">
        <ele>604.933838</ele>
        <time>2026-05-18T11:28:25.000Z</time>
      </trkpt>
      <trkpt lat="36.889863" lon="-4.891041">
        <ele>604.807292</ele>
        <time>2026-05-18T11:28:28.000Z</time>
      </trkpt>
      <trkpt lat="36.889839" lon="-4.891052">
        <ele>604.573914</ele>
        <time>2026-05-18T11:28:39.000Z</time>
      </trkpt>
      <trkpt lat="36.889837" lon="-4.891044">
        <ele>604.512710</ele>
        <time>2026-05-18T11:28:51.000Z</time>
      </trkpt>
      <trkpt lat="36.889867" lon="-4.891047">
        <ele>604.237935</ele>
        <time>2026-05-18T11:29:04.000Z</time>
      </trkpt>
      <trkpt lat="36.889846" lon="-4.891051">
        <ele>604.043993</ele>
        <time>2026-05-18T11:29:13.000Z</time>
      </trkpt>
      <trkpt lat="36.889844" lon="-4.891039">
        <ele>603.954486</ele>
        <time>2026-05-18T11:29:20.000Z</time>
      </trkpt>
      <trkpt lat="36.889847" lon="-4.891021">
        <ele>603.820225</ele>
        <time>2026-05-18T11:29:22.000Z</time>
      </trkpt>
      <trkpt lat="36.889851" lon="-4.890997">
        <ele>603.641210</ele>
        <time>2026-05-18T11:29:30.000Z</time>
      </trkpt>
      <trkpt lat="36.889857" lon="-4.891000">
        <ele>603.582212</ele>
        <time>2026-05-18T11:29:40.000Z</time>
      </trkpt>
      <trkpt lat="36.889875" lon="-4.891001">
        <ele>603.417710</ele>
        <time>2026-05-18T11:29:51.000Z</time>
      </trkpt>
      <trkpt lat="36.889878" lon="-4.891000">
        <ele>603.389363</ele>
        <time>2026-05-18T11:29:55.000Z</time>
      </trkpt>
      <trkpt lat="36.889880" lon="-4.890990">
        <ele>603.314094</ele>
        <time>2026-05-18T11:29:59.000Z</time>
      </trkpt>
      <trkpt lat="36.889881" lon="-4.890988">
        <ele>603.296871</ele>
        <time>2026-05-18T11:30:00.000Z</time>
      </trkpt>
      <trkpt lat="36.889886" lon="-4.890983">
        <ele>603.238416</ele>
        <time>2026-05-18T11:30:03.000Z</time>
      </trkpt>
      <trkpt lat="36.889877" lon="-4.891000">
        <ele>603.089549</ele>
        <time>2026-05-18T11:30:11.000Z</time>
      </trkpt>
      <trkpt lat="36.889871" lon="-4.891001">
        <ele>603.034284</ele>
        <time>2026-05-18T11:30:13.000Z</time>
      </trkpt>
      <trkpt lat="36.889867" lon="-4.891002">
        <ele>602.997041</ele>
        <time>2026-05-18T11:30:14.000Z</time>
      </trkpt>
      <trkpt lat="36.889864" lon="-4.890998">
        <ele>602.957000</ele>
        <time>2026-05-18T11:30:17.000Z</time>
      </trkpt>
      <trkpt lat="36.889867" lon="-4.890996">
        <ele>602.925959</ele>
        <time>2026-05-18T11:30:20.000Z</time>
      </trkpt>
      <trkpt lat="36.889891" lon="-4.891002">
        <ele>602.702502</ele>
        <time>2026-05-18T11:30:26.000Z</time>
      </trkpt>
      <trkpt lat="36.889897" lon="-4.891004">
        <ele>602.645809</ele>
        <time>2026-05-18T11:30:28.000Z</time>
      </trkpt>
      <trkpt lat="36.889894" lon="-4.891012">
        <ele>602.581290</ele>
        <time>2026-05-18T11:30:33.000Z</time>
      </trkpt>
      <trkpt lat="36.889879" lon="-4.891013">
        <ele>602.444145</ele>
        <time>2026-05-18T11:30:39.000Z</time>
      </trkpt>
      <trkpt lat="36.889883" lon="-4.891024">
        <ele>602.355910</ele>
        <time>2026-05-18T11:30:43.000Z</time>
      </trkpt>
      <trkpt lat="36.889884" lon="-4.891023">
        <ele>602.344219</ele>
        <time>2026-05-18T11:30:44.000Z</time>
      </trkpt>
      <trkpt lat="36.889878" lon="-4.891005">
        <ele>602.201823</ele>
        <time>2026-05-18T11:30:49.000Z</time>
      </trkpt>
      <trkpt lat="36.889847" lon="-4.890986">
        <ele>601.886617</ele>
        <time>2026-05-18T11:31:01.000Z</time>
      </trkpt>
      <trkpt lat="36.889870" lon="-4.890969">
        <ele>601.642680</ele>
        <time>2026-05-18T11:31:10.000Z</time>
      </trkpt>
      <trkpt lat="36.889870" lon="-4.890839">
        <ele>600.693409</ele>
        <time>2026-05-18T11:31:19.000Z</time>
      </trkpt>
      <trkpt lat="36.889872" lon="-4.890800">
        <ele>600.408042</ele>
        <time>2026-05-18T11:31:21.000Z</time>
      </trkpt>
      <trkpt lat="36.889884" lon="-4.890683">
        <ele>599.546702</ele>
        <time>2026-05-18T11:31:29.000Z</time>
      </trkpt>
      <trkpt lat="36.889901" lon="-4.890614">
        <ele>599.019493</ele>
        <time>2026-05-18T11:31:33.000Z</time>
      </trkpt>
      <trkpt lat="36.889936" lon="-4.890527">
        <ele>598.308372</ele>
        <time>2026-05-18T11:31:39.000Z</time>
      </trkpt>
      <trkpt lat="36.889940" lon="-4.890517">
        <ele>598.226728</ele>
        <time>2026-05-18T11:31:40.000Z</time>
      </trkpt>
      <trkpt lat="36.889970" lon="-4.890447">
        <ele>597.618508</ele>
        <time>2026-05-18T11:31:45.000Z</time>
      </trkpt>
      <trkpt lat="36.889985" lon="-4.890415">
        <ele>597.331266</ele>
        <time>2026-05-18T11:31:47.000Z</time>
      </trkpt>
      <trkpt lat="36.890027" lon="-4.890333">
        <ele>596.577180</ele>
        <time>2026-05-18T11:31:53.000Z</time>
      </trkpt>
      <trkpt lat="36.890050" lon="-4.890294">
        <ele>596.201925</ele>
        <time>2026-05-18T11:31:56.000Z</time>
      </trkpt>
      <trkpt lat="36.890079" lon="-4.890243">
        <ele>595.717323</ele>
        <time>2026-05-18T11:32:00.000Z</time>
      </trkpt>
      <trkpt lat="36.890112" lon="-4.890163">
        <ele>595.020238</ele>
        <time>2026-05-18T11:32:05.000Z</time>
      </trkpt>
      <trkpt lat="36.890123" lon="-4.890131">
        <ele>594.750503</ele>
        <time>2026-05-18T11:32:07.000Z</time>
      </trkpt>
      <trkpt lat="36.890137" lon="-4.890051">
        <ele>594.116309</ele>
        <time>2026-05-18T11:32:12.000Z</time>
      </trkpt>
      <trkpt lat="36.890140" lon="-4.889982">
        <ele>593.581169</ele>
        <time>2026-05-18T11:32:16.000Z</time>
      </trkpt>
      <trkpt lat="36.890143" lon="-4.889906">
        <ele>592.991893</ele>
        <time>2026-05-18T11:32:21.000Z</time>
      </trkpt>
      <trkpt lat="36.890149" lon="-4.889883">
        <ele>592.804541</ele>
        <time>2026-05-18T11:32:23.000Z</time>
      </trkpt>
      <trkpt lat="36.890146" lon="-4.889770">
        <ele>591.928963</ele>
        <time>2026-05-18T11:32:30.000Z</time>
      </trkpt>
      <trkpt lat="36.890147" lon="-4.889746">
        <ele>591.742850</ele>
        <time>2026-05-18T11:32:31.000Z</time>
      </trkpt>
      <trkpt lat="36.890153" lon="-4.889658">
        <ele>591.058888</ele>
        <time>2026-05-18T11:32:37.000Z</time>
      </trkpt>
      <trkpt lat="36.890154" lon="-4.889616">
        <ele>590.733487</ele>
        <time>2026-05-18T11:32:40.000Z</time>
      </trkpt>
      <trkpt lat="36.890154" lon="-4.889572">
        <ele>590.392742</ele>
        <time>2026-05-18T11:32:43.000Z</time>
      </trkpt>
      <trkpt lat="36.890123" lon="-4.889472">
        <ele>589.562183</ele>
        <time>2026-05-18T11:32:49.000Z</time>
      </trkpt>
      <trkpt lat="36.890119" lon="-4.889452">
        <ele>589.402530</ele>
        <time>2026-05-18T11:32:50.000Z</time>
      </trkpt>
      <trkpt lat="36.890097" lon="-4.889328">
        <ele>588.418904</ele>
        <time>2026-05-18T11:32:58.000Z</time>
      </trkpt>
      <trkpt lat="36.890084" lon="-4.889246">
        <ele>587.771522</ele>
        <time>2026-05-18T11:33:05.000Z</time>
      </trkpt>
      <trkpt lat="36.890074" lon="-4.889189">
        <ele>587.319607</ele>
        <time>2026-05-18T11:33:11.000Z</time>
      </trkpt>
      <trkpt lat="36.890073" lon="-4.889167">
        <ele>587.148959</ele>
        <time>2026-05-18T11:33:17.000Z</time>
      </trkpt>
      <trkpt lat="36.890067" lon="-4.889169">
        <ele>587.088833</ele>
        <time>2026-05-18T11:33:22.000Z</time>
      </trkpt>
      <trkpt lat="36.890062" lon="-4.889140">
        <ele>586.859092</ele>
        <time>2026-05-18T11:33:28.000Z</time>
      </trkpt>
      <trkpt lat="36.890097" lon="-4.889144">
        <ele>586.518780</ele>
        <time>2026-05-18T11:33:34.000Z</time>
      </trkpt>
      <trkpt lat="36.890087" lon="-4.889099">
        <ele>586.157089</ele>
        <time>2026-05-18T11:33:40.000Z</time>
      </trkpt>
      <trkpt lat="36.890084" lon="-4.889061">
        <ele>585.861378</ele>
        <time>2026-05-18T11:33:42.000Z</time>
      </trkpt>
      <trkpt lat="36.890091" lon="-4.888991">
        <ele>585.315062</ele>
        <time>2026-05-18T11:33:48.000Z</time>
      </trkpt>
      <trkpt lat="36.890109" lon="-4.888912">
        <ele>584.678927</ele>
        <time>2026-05-18T11:33:52.000Z</time>
      </trkpt>
      <trkpt lat="36.890115" lon="-4.888873">
        <ele>584.371366</ele>
        <time>2026-05-18T11:33:54.000Z</time>
      </trkpt>
      <trkpt lat="36.890136" lon="-4.888784">
        <ele>583.652762</ele>
        <time>2026-05-18T11:34:00.000Z</time>
      </trkpt>
      <trkpt lat="36.890138" lon="-4.888771">
        <ele>583.550242</ele>
        <time>2026-05-18T11:34:01.000Z</time>
      </trkpt>
      <trkpt lat="36.890154" lon="-4.888674">
        <ele>582.783244</ele>
        <time>2026-05-18T11:34:07.000Z</time>
      </trkpt>
      <trkpt lat="36.890157" lon="-4.888649">
        <ele>582.587472</ele>
        <time>2026-05-18T11:34:10.000Z</time>
      </trkpt>
      <trkpt lat="36.890155" lon="-4.888652">
        <ele>582.557227</ele>
        <time>2026-05-18T11:34:14.000Z</time>
      </trkpt>
      <trkpt lat="36.890160" lon="-4.888657">
        <ele>582.495233</ele>
        <time>2026-05-18T11:34:21.000Z</time>
      </trkpt>
      <trkpt lat="36.890174" lon="-4.888654">
        <ele>582.357697</ele>
        <time>2026-05-18T11:34:25.000Z</time>
      </trkpt>
      <trkpt lat="36.890177" lon="-4.888650">
        <ele>582.315231</ele>
        <time>2026-05-18T11:34:26.000Z</time>
      </trkpt>
      <trkpt lat="36.890189" lon="-4.888655">
        <ele>582.192755</ele>
        <time>2026-05-18T11:34:34.000Z</time>
      </trkpt>
      <trkpt lat="36.890192" lon="-4.888664">
        <ele>582.117246</ele>
        <time>2026-05-18T11:34:36.000Z</time>
      </trkpt>
      <trkpt lat="36.890202" lon="-4.888679">
        <ele>581.966019</ele>
        <time>2026-05-18T11:34:42.000Z</time>
      </trkpt>
      <trkpt lat="36.890210" lon="-4.888678">
        <ele>581.888170</ele>
        <time>2026-05-18T11:34:45.000Z</time>
      </trkpt>
      <trkpt lat="36.890207" lon="-4.888662">
        <ele>581.760903</ele>
        <time>2026-05-18T11:34:51.000Z</time>
      </trkpt>
      <trkpt lat="36.890202" lon="-4.888655">
        <ele>581.688222</ele>
        <time>2026-05-18T11:34:52.000Z</time>
      </trkpt>
      <trkpt lat="36.890149" lon="-4.888656">
        <ele>581.174974</ele>
        <time>2026-05-18T11:35:02.000Z</time>
      </trkpt>
      <trkpt lat="36.890160" lon="-4.888694">
        <ele>580.862012</ele>
        <time>2026-05-18T11:35:10.000Z</time>
      </trkpt>
      <trkpt lat="36.890156" lon="-4.888695">
        <ele>580.822514</ele>
        <time>2026-05-18T11:35:13.000Z</time>
      </trkpt>
      <trkpt lat="36.890143" lon="-4.888664">
        <ele>580.512187</ele>
        <time>2026-05-18T11:35:19.000Z</time>
      </trkpt>
      <trkpt lat="36.890143" lon="-4.888659">
        <ele>580.463127</ele>
        <time>2026-05-18T11:35:20.000Z</time>
      </trkpt>
      <trkpt lat="36.890145" lon="-4.888650">
        <ele>580.371475</ele>
        <time>2026-05-18T11:35:22.000Z</time>
      </trkpt>
      <trkpt lat="36.890151" lon="-4.888649">
        <ele>580.297215</ele>
        <time>2026-05-18T11:35:27.000Z</time>
      </trkpt>
      <trkpt lat="36.890152" lon="-4.888654">
        <ele>580.246645</ele>
        <time>2026-05-18T11:35:31.000Z</time>
      </trkpt>
      <trkpt lat="36.890148" lon="-4.888638">
        <ele>580.082164</ele>
        <time>2026-05-18T11:35:42.000Z</time>
      </trkpt>
      <trkpt lat="36.890160" lon="-4.888567">
        <ele>579.370134</ele>
        <time>2026-05-18T11:35:51.000Z</time>
      </trkpt>
      <trkpt lat="36.890171" lon="-4.888462">
        <ele>578.331085</ele>
        <time>2026-05-18T11:35:59.000Z</time>
      </trkpt>
      <trkpt lat="36.890169" lon="-4.888446">
        <ele>578.172189</ele>
        <time>2026-05-18T11:36:00.000Z</time>
      </trkpt>
      <trkpt lat="36.890184" lon="-4.888415">
        <ele>577.816686</ele>
        <time>2026-05-18T11:36:07.000Z</time>
      </trkpt>
      <trkpt lat="36.890216" lon="-4.888354">
        <ele>577.100899</ele>
        <time>2026-05-18T11:36:14.000Z</time>
      </trkpt>
      <trkpt lat="36.890248" lon="-4.888281">
        <ele>576.284102</ele>
        <time>2026-05-18T11:36:18.000Z</time>
      </trkpt>
      <trkpt lat="36.890265" lon="-4.888226">
        <ele>575.705550</ele>
        <time>2026-05-18T11:36:22.000Z</time>
      </trkpt>
      <trkpt lat="36.890271" lon="-4.888212">
        <ele>575.549705</ele>
        <time>2026-05-18T11:36:23.000Z</time>
      </trkpt>
      <trkpt lat="36.890291" lon="-4.888158">
        <ele>574.965809</ele>
        <time>2026-05-18T11:36:27.000Z</time>
      </trkpt>
      <trkpt lat="36.890314" lon="-4.888113">
        <ele>574.441815</ele>
        <time>2026-05-18T11:36:31.000Z</time>
      </trkpt>
      <trkpt lat="36.890324" lon="-4.888027">
        <ele>573.589122</ele>
        <time>2026-05-18T11:36:36.000Z</time>
      </trkpt>
      <trkpt lat="36.890325" lon="-4.887978">
        <ele>573.108184</ele>
        <time>2026-05-18T11:36:39.000Z</time>
      </trkpt>
      <trkpt lat="36.890321" lon="-4.887948">
        <ele>572.809766</ele>
        <time>2026-05-18T11:36:41.000Z</time>
      </trkpt>
      <trkpt lat="36.890316" lon="-4.887864">
        <ele>571.983289</ele>
        <time>2026-05-18T11:36:47.000Z</time>
      </trkpt>
      <trkpt lat="36.890329" lon="-4.887793">
        <ele>571.268624</ele>
        <time>2026-05-18T11:36:51.000Z</time>
      </trkpt>
      <trkpt lat="36.890330" lon="-4.887785">
        <ele>571.189176</ele>
        <time>2026-05-18T11:36:54.000Z</time>
      </trkpt>
      <trkpt lat="36.890334" lon="-4.887797">
        <ele>571.061617</ele>
        <time>2026-05-18T11:36:56.000Z</time>
      </trkpt>
      <trkpt lat="36.890356" lon="-4.887751">
        <ele>570.535729</ele>
        <time>2026-05-18T11:37:02.000Z</time>
      </trkpt>
      <trkpt lat="36.890358" lon="-4.887737">
        <ele>570.396189</ele>
        <time>2026-05-18T11:37:03.000Z</time>
      </trkpt>
      <trkpt lat="36.890359" lon="-4.887697">
        <ele>570.003522</ele>
        <time>2026-05-18T11:37:05.000Z</time>
      </trkpt>
      <trkpt lat="36.890361" lon="-4.887601">
        <ele>569.061264</ele>
        <time>2026-05-18T11:37:11.000Z</time>
      </trkpt>
      <trkpt lat="36.890362" lon="-4.887587">
        <ele>568.923351</ele>
        <time>2026-05-18T11:37:12.000Z</time>
      </trkpt>
      <trkpt lat="36.890371" lon="-4.887491">
        <ele>567.974963</ele>
        <time>2026-05-18T11:37:19.000Z</time>
      </trkpt>
      <trkpt lat="36.890376" lon="-4.887432">
        <ele>567.392822</ele>
        <time>2026-05-18T11:37:22.000Z</time>
      </trkpt>
      <trkpt lat="36.890397" lon="-4.887308">
        <ele>566.149174</ele>
        <time>2026-05-18T11:37:29.000Z</time>
      </trkpt>
      <trkpt lat="36.890415" lon="-4.887254">
        <ele>565.575158</ele>
        <time>2026-05-18T11:37:33.000Z</time>
      </trkpt>
      <trkpt lat="36.890424" lon="-4.887230">
        <ele>565.315073</ele>
        <time>2026-05-18T11:37:35.000Z</time>
      </trkpt>
      <trkpt lat="36.890440" lon="-4.887150">
        <ele>564.505954</ele>
        <time>2026-05-18T11:37:40.000Z</time>
      </trkpt>
      <trkpt lat="36.890456" lon="-4.887070">
        <ele>563.696835</ele>
        <time>2026-05-18T11:37:45.000Z</time>
      </trkpt>
      <trkpt lat="36.890470" lon="-4.887021">
        <ele>563.186297</ele>
        <time>2026-05-18T11:37:49.000Z</time>
      </trkpt>
      <trkpt lat="36.890480" lon="-4.886994">
        <ele>562.894350</ele>
        <time>2026-05-18T11:37:51.000Z</time>
      </trkpt>
      <trkpt lat="36.890499" lon="-4.886912">
        <ele>562.056693</ele>
        <time>2026-05-18T11:37:57.000Z</time>
      </trkpt>
      <trkpt lat="36.890498" lon="-4.886899">
        <ele>561.928551</ele>
        <time>2026-05-18T11:37:58.000Z</time>
      </trkpt>
      <trkpt lat="36.890499" lon="-4.886817">
        <ele>561.123886</ele>
        <time>2026-05-18T11:38:03.000Z</time>
      </trkpt>
      <trkpt lat="36.890500" lon="-4.886711">
        <ele>560.083758</ele>
        <time>2026-05-18T11:38:10.000Z</time>
      </trkpt>
      <trkpt lat="36.890504" lon="-4.886598">
        <ele>558.973934</ele>
        <time>2026-05-18T11:38:16.000Z</time>
      </trkpt>
      <trkpt lat="36.890506" lon="-4.886564">
        <ele>558.639430</ele>
        <time>2026-05-18T11:38:18.000Z</time>
      </trkpt>
      <trkpt lat="36.890506" lon="-4.886491">
        <ele>557.901114</ele>
        <time>2026-05-18T11:38:22.000Z</time>
      </trkpt>
      <trkpt lat="36.890505" lon="-4.886474">
        <ele>557.728663</ele>
        <time>2026-05-18T11:38:23.000Z</time>
      </trkpt>
      <trkpt lat="36.890508" lon="-4.886385">
        <ele>556.827463</ele>
        <time>2026-05-18T11:38:29.000Z</time>
      </trkpt>
      <trkpt lat="36.890513" lon="-4.886372">
        <ele>556.681526</ele>
        <time>2026-05-18T11:38:30.000Z</time>
      </trkpt>
      <trkpt lat="36.890544" lon="-4.886292">
        <ele>555.782185</ele>
        <time>2026-05-18T11:38:35.000Z</time>
      </trkpt>
      <trkpt lat="36.890569" lon="-4.886249">
        <ele>555.244363</ele>
        <time>2026-05-18T11:38:38.000Z</time>
      </trkpt>
      <trkpt lat="36.890602" lon="-4.886203">
        <ele>554.619203</ele>
        <time>2026-05-18T11:38:42.000Z</time>
      </trkpt>
      <trkpt lat="36.890655" lon="-4.886144">
        <ele>553.721568</ele>
        <time>2026-05-18T11:38:47.000Z</time>
      </trkpt>
      <trkpt lat="36.890686" lon="-4.886106">
        <ele>553.172420</ele>
        <time>2026-05-18T11:38:50.000Z</time>
      </trkpt>
      <trkpt lat="36.890715" lon="-4.886075">
        <ele>552.689795</ele>
        <time>2026-05-18T11:38:53.000Z</time>
      </trkpt>
      <trkpt lat="36.890761" lon="-4.886028">
        <ele>551.938348</ele>
        <time>2026-05-18T11:38:58.000Z</time>
      </trkpt>
      <trkpt lat="36.890777" lon="-4.885986">
        <ele>551.467702</ele>
        <time>2026-05-18T11:39:01.000Z</time>
      </trkpt>
      <trkpt lat="36.890784" lon="-4.885929">
        <ele>550.884284</ele>
        <time>2026-05-18T11:39:04.000Z</time>
      </trkpt>
      <trkpt lat="36.890786" lon="-4.885926">
        <ele>550.844772</ele>
        <time>2026-05-18T11:39:07.000Z</time>
      </trkpt>
      <trkpt lat="36.890785" lon="-4.885930">
        <ele>550.802374</ele>
        <time>2026-05-18T11:39:08.000Z</time>
      </trkpt>
      <trkpt lat="36.890781" lon="-4.885948">
        <ele>550.613373</ele>
        <time>2026-05-18T11:39:14.000Z</time>
      </trkpt>
      <trkpt lat="36.890780" lon="-4.885923">
        <ele>550.360136</ele>
        <time>2026-05-18T11:39:16.000Z</time>
      </trkpt>
      <trkpt lat="36.890791" lon="-4.885887">
        <ele>549.970255</ele>
        <time>2026-05-18T11:39:24.000Z</time>
      </trkpt>
      <trkpt lat="36.890817" lon="-4.885834">
        <ele>549.341234</ele>
        <time>2026-05-18T11:39:28.000Z</time>
      </trkpt>
      <trkpt lat="36.890836" lon="-4.885791">
        <ele>548.844234</ele>
        <time>2026-05-18T11:39:31.000Z</time>
      </trkpt>
      <trkpt lat="36.890847" lon="-4.885757">
        <ele>548.473184</ele>
        <time>2026-05-18T11:39:33.000Z</time>
      </trkpt>
      <trkpt lat="36.890852" lon="-4.885689">
        <ele>547.782340</ele>
        <time>2026-05-18T11:39:37.000Z</time>
      </trkpt>
      <trkpt lat="36.890849" lon="-4.885643">
        <ele>547.315421</ele>
        <time>2026-05-18T11:39:40.000Z</time>
      </trkpt>
      <trkpt lat="36.890849" lon="-4.885596">
        <ele>546.839931</ele>
        <time>2026-05-18T11:39:43.000Z</time>
      </trkpt>
      <trkpt lat="36.890845" lon="-4.885534">
        <ele>546.210651</ele>
        <time>2026-05-18T11:39:47.000Z</time>
      </trkpt>
      <trkpt lat="36.890844" lon="-4.885505">
        <ele>545.916991</ele>
        <time>2026-05-18T11:39:49.000Z</time>
      </trkpt>
      <trkpt lat="36.890838" lon="-4.885409">
        <ele>544.942815</ele>
        <time>2026-05-18T11:39:55.000Z</time>
      </trkpt>
      <trkpt lat="36.890833" lon="-4.885369">
        <ele>544.533230</ele>
        <time>2026-05-18T11:39:57.000Z</time>
      </trkpt>
      <trkpt lat="36.890833" lon="-4.885295">
        <ele>543.784585</ele>
        <time>2026-05-18T11:40:02.000Z</time>
      </trkpt>
      <trkpt lat="36.890824" lon="-4.885232">
        <ele>543.137138</ele>
        <time>2026-05-18T11:40:06.000Z</time>
      </trkpt>
      <trkpt lat="36.890819" lon="-4.885219">
        <ele>542.991202</ele>
        <time>2026-05-18T11:40:07.000Z</time>
      </trkpt>
      <trkpt lat="36.890802" lon="-4.885130">
        <ele>542.065481</ele>
        <time>2026-05-18T11:40:13.000Z</time>
      </trkpt>
      <trkpt lat="36.890790" lon="-4.884978">
        <ele>540.520250</ele>
        <time>2026-05-18T11:40:22.000Z</time>
      </trkpt>
      <trkpt lat="36.890775" lon="-4.884929">
        <ele>539.989454</ele>
        <time>2026-05-18T11:40:26.000Z</time>
      </trkpt>
      <trkpt lat="36.890762" lon="-4.884875">
        <ele>539.418933</ele>
        <time>2026-05-18T11:40:30.000Z</time>
      </trkpt>
      <trkpt lat="36.890758" lon="-4.884836">
        <ele>539.021145</ele>
        <time>2026-05-18T11:40:32.000Z</time>
      </trkpt>
      <trkpt lat="36.890742" lon="-4.884717">
        <ele>537.800349</ele>
        <time>2026-05-18T11:40:39.000Z</time>
      </trkpt>
      <trkpt lat="36.890736" lon="-4.884640">
        <ele>537.017664</ele>
        <time>2026-05-18T11:40:45.000Z</time>
      </trkpt>
      <trkpt lat="36.890729" lon="-4.884604">
        <ele>536.642849</ele>
        <time>2026-05-18T11:40:47.000Z</time>
      </trkpt>
      <trkpt lat="36.890687" lon="-4.884452">
        <ele>535.096544</ele>
        <time>2026-05-18T11:40:55.000Z</time>
      </trkpt>
      <trkpt lat="36.890677" lon="-4.884405">
        <ele>534.650402</ele>
        <time>2026-05-18T11:40:59.000Z</time>
      </trkpt>
      <trkpt lat="36.890676" lon="-4.884384">
        <ele>534.457421</ele>
        <time>2026-05-18T11:41:01.000Z</time>
      </trkpt>
      <trkpt lat="36.890674" lon="-4.884311">
        <ele>533.787376</ele>
        <time>2026-05-18T11:41:06.000Z</time>
      </trkpt>
      <trkpt lat="36.890659" lon="-4.884281">
        <ele>533.462822</ele>
        <time>2026-05-18T11:41:08.000Z</time>
      </trkpt>
      <trkpt lat="36.890628" lon="-4.884149">
        <ele>532.200819</ele>
        <time>2026-05-18T11:41:16.000Z</time>
      </trkpt>
      <trkpt lat="36.890607" lon="-4.884092">
        <ele>531.625128</ele>
        <time>2026-05-18T11:41:21.000Z</time>
      </trkpt>
      <trkpt lat="36.890598" lon="-4.884053">
        <ele>531.252773</ele>
        <time>2026-05-18T11:41:23.000Z</time>
      </trkpt>
      <trkpt lat="36.890585" lon="-4.883977">
        <ele>530.539833</ele>
        <time>2026-05-18T11:41:27.000Z</time>
      </trkpt>
      <trkpt lat="36.890578" lon="-4.883948">
        <ele>530.261955</ele>
        <time>2026-05-18T11:41:29.000Z</time>
      </trkpt>
      <trkpt lat="36.890576" lon="-4.883938">
        <ele>530.167397</ele>
        <time>2026-05-18T11:41:30.000Z</time>
      </trkpt>
      <trkpt lat="36.890578" lon="-4.883842">
        <ele>529.286458</ele>
        <time>2026-05-18T11:41:37.000Z</time>
      </trkpt>
      <trkpt lat="36.890579" lon="-4.883815">
        <ele>529.038513</ele>
        <time>2026-05-18T11:41:39.000Z</time>
      </trkpt>
      <trkpt lat="36.890583" lon="-4.883784">
        <ele>528.750462</ele>
        <time>2026-05-18T11:41:43.000Z</time>
      </trkpt>
      <trkpt lat="36.890576" lon="-4.883691">
        <ele>527.893572</ele>
        <time>2026-05-18T11:41:50.000Z</time>
      </trkpt>
      <trkpt lat="36.890571" lon="-4.883660">
        <ele>527.603474</ele>
        <time>2026-05-18T11:41:52.000Z</time>
      </trkpt>
      <trkpt lat="36.890542" lon="-4.883596">
        <ele>526.928702</ele>
        <time>2026-05-18T11:41:57.000Z</time>
      </trkpt>
      <trkpt lat="36.890520" lon="-4.883531">
        <ele>526.281240</ele>
        <time>2026-05-18T11:42:01.000Z</time>
      </trkpt>
      <trkpt lat="36.890495" lon="-4.883465">
        <ele>525.611329</ele>
        <time>2026-05-18T11:42:06.000Z</time>
      </trkpt>
      <trkpt lat="36.890480" lon="-4.883443">
        <ele>525.346133</ele>
        <time>2026-05-18T11:42:08.000Z</time>
      </trkpt>
      <trkpt lat="36.890437" lon="-4.883369">
        <ele>524.507054</ele>
        <time>2026-05-18T11:42:15.000Z</time>
      </trkpt>
      <trkpt lat="36.890389" lon="-4.883325">
        <ele>523.824398</ele>
        <time>2026-05-18T11:42:22.000Z</time>
      </trkpt>
      <trkpt lat="36.890362" lon="-4.883329">
        <ele>523.512548</ele>
        <time>2026-05-18T11:42:24.000Z</time>
      </trkpt>
      <trkpt lat="36.890278" lon="-4.883311">
        <ele>522.535040</ele>
        <time>2026-05-18T11:42:31.000Z</time>
      </trkpt>
      <trkpt lat="36.890245" lon="-4.883325">
        <ele>522.135343</ele>
        <time>2026-05-18T11:42:35.000Z</time>
      </trkpt>
      <trkpt lat="36.890185" lon="-4.883347">
        <ele>521.418175</ele>
        <time>2026-05-18T11:42:40.000Z</time>
      </trkpt>
      <trkpt lat="36.890142" lon="-4.883371">
        <ele>520.878066</ele>
        <time>2026-05-18T11:42:43.000Z</time>
      </trkpt>
      <trkpt lat="36.890109" lon="-4.883385">
        <ele>520.478369</ele>
        <time>2026-05-18T11:42:46.000Z</time>
      </trkpt>
      <trkpt lat="36.890084" lon="-4.883387">
        <ele>520.191039</ele>
        <time>2026-05-18T11:42:49.000Z</time>
      </trkpt>
      <trkpt lat="36.890039" lon="-4.883406">
        <ele>519.646264</ele>
        <time>2026-05-18T11:42:53.000Z</time>
      </trkpt>
      <trkpt lat="36.890009" lon="-4.883415">
        <ele>519.292405</ele>
        <time>2026-05-18T11:42:56.000Z</time>
      </trkpt>
      <trkpt lat="36.889985" lon="-4.883420">
        <ele>519.013335</ele>
        <time>2026-05-18T11:42:58.000Z</time>
      </trkpt>
      <trkpt lat="36.889929" lon="-4.883425">
        <ele>518.369393</ele>
        <time>2026-05-18T11:43:02.000Z</time>
      </trkpt>
      <trkpt lat="36.889888" lon="-4.883422">
        <ele>517.898327</ele>
        <time>2026-05-18T11:43:05.000Z</time>
      </trkpt>
      <trkpt lat="36.889849" lon="-4.883409">
        <ele>517.435383</ele>
        <time>2026-05-18T11:43:08.000Z</time>
      </trkpt>
      <trkpt lat="36.889819" lon="-4.883367">
        <ele>516.918813</ele>
        <time>2026-05-18T11:43:14.000Z</time>
      </trkpt>
      <trkpt lat="36.889784" lon="-4.883282">
        <ele>516.041800</ele>
        <time>2026-05-18T11:43:21.000Z</time>
      </trkpt>
      <trkpt lat="36.889780" lon="-4.883267">
        <ele>515.896752</ele>
        <time>2026-05-18T11:43:22.000Z</time>
      </trkpt>
      <trkpt lat="36.889767" lon="-4.883221">
        <ele>515.449205</ele>
        <time>2026-05-18T11:43:26.000Z</time>
      </trkpt>
      <trkpt lat="36.889762" lon="-4.883183">
        <ele>515.091210</ele>
        <time>2026-05-18T11:43:28.000Z</time>
      </trkpt>
      <trkpt lat="36.889757" lon="-4.883165">
        <ele>514.911079</ele>
        <time>2026-05-18T11:43:29.000Z</time>
      </trkpt>
      <trkpt lat="36.889747" lon="-4.883093">
        <ele>514.220250</ele>
        <time>2026-05-18T11:43:34.000Z</time>
      </trkpt>
      <trkpt lat="36.889752" lon="-4.883067">
        <ele>513.967458</ele>
        <time>2026-05-18T11:43:36.000Z</time>
      </trkpt>
      <trkpt lat="36.889780" lon="-4.882979">
        <ele>513.072148</ele>
        <time>2026-05-18T11:43:42.000Z</time>
      </trkpt>
      <trkpt lat="36.889789" lon="-4.882959">
        <ele>512.855209</ele>
        <time>2026-05-18T11:43:43.000Z</time>
      </trkpt>
      <trkpt lat="36.889851" lon="-4.882883">
        <ele>511.828949</ele>
        <time>2026-05-18T11:43:50.000Z</time>
      </trkpt>
      <trkpt lat="36.889909" lon="-4.882805">
        <ele>510.822134</ele>
        <time>2026-05-18T11:43:58.000Z</time>
      </trkpt>
      <trkpt lat="36.889977" lon="-4.882739">
        <ele>509.804647</ele>
        <time>2026-05-18T11:44:04.000Z</time>
      </trkpt>
      <trkpt lat="36.889993" lon="-4.882724">
        <ele>509.568274</ele>
        <time>2026-05-18T11:44:05.000Z</time>
      </trkpt>
      <trkpt lat="36.890057" lon="-4.882676">
        <ele>508.686153</ele>
        <time>2026-05-18T11:44:10.000Z</time>
      </trkpt>
      <trkpt lat="36.890078" lon="-4.882664">
        <ele>508.413244</ele>
        <time>2026-05-18T11:44:12.000Z</time>
      </trkpt>
      <trkpt lat="36.890080" lon="-4.882653">
        <ele>508.306604</ele>
        <time>2026-05-18T11:44:18.000Z</time>
      </trkpt>
      <trkpt lat="36.890090" lon="-4.882682">
        <ele>508.008063</ele>
        <time>2026-05-18T11:44:28.000Z</time>
      </trkpt>
      <trkpt lat="36.890088" lon="-4.882717">
        <ele>507.676354</ele>
        <time>2026-05-18T11:44:36.000Z</time>
      </trkpt>
      <trkpt lat="36.890104" lon="-4.882664">
        <ele>507.140825</ele>
        <time>2026-05-18T11:44:40.000Z</time>
      </trkpt>
      <trkpt lat="36.890114" lon="-4.882638">
        <ele>506.868095</ele>
        <time>2026-05-18T11:44:42.000Z</time>
      </trkpt>
      <trkpt lat="36.890149" lon="-4.882618">
        <ele>506.413247</ele>
        <time>2026-05-18T11:44:46.000Z</time>
      </trkpt>
      <trkpt lat="36.890182" lon="-4.882599">
        <ele>505.983827</ele>
        <time>2026-05-18T11:44:49.000Z</time>
      </trkpt>
      <trkpt lat="36.890206" lon="-4.882588">
        <ele>505.681694</ele>
        <time>2026-05-18T11:44:51.000Z</time>
      </trkpt>
      <trkpt lat="36.890236" lon="-4.882579">
        <ele>505.317037</ele>
        <time>2026-05-18T11:44:55.000Z</time>
      </trkpt>
      <trkpt lat="36.890238" lon="-4.882575">
        <ele>505.272442</ele>
        <time>2026-05-18T11:45:01.000Z</time>
      </trkpt>
      <trkpt lat="36.890225" lon="-4.882567">
        <ele>505.101183</ele>
        <time>2026-05-18T11:45:05.000Z</time>
      </trkpt>
      <trkpt lat="36.890212" lon="-4.882570">
        <ele>504.944930</ele>
        <time>2026-05-18T11:45:07.000Z</time>
      </trkpt>
      <trkpt lat="36.890225" lon="-4.882555">
        <ele>504.735843</ele>
        <time>2026-05-18T11:45:12.000Z</time>
      </trkpt>
      <trkpt lat="36.890232" lon="-4.882538">
        <ele>504.555089</ele>
        <time>2026-05-18T11:45:13.000Z</time>
      </trkpt>
      <trkpt lat="36.890271" lon="-4.882405">
        <ele>503.215959</ele>
        <time>2026-05-18T11:45:21.000Z</time>
      </trkpt>
      <trkpt lat="36.890276" lon="-4.882364">
        <ele>502.823895</ele>
        <time>2026-05-18T11:45:23.000Z</time>
      </trkpt>
      <trkpt lat="36.890279" lon="-4.882249">
        <ele>501.736188</ele>
        <time>2026-05-18T11:45:29.000Z</time>
      </trkpt>
      <trkpt lat="36.890278" lon="-4.882215">
        <ele>501.414559</ele>
        <time>2026-05-18T11:45:31.000Z</time>
      </trkpt>
      <trkpt lat="36.890264" lon="-4.882130">
        <ele>500.594167</ele>
        <time>2026-05-18T11:45:39.000Z</time>
      </trkpt>
      <trkpt lat="36.890268" lon="-4.882097">
        <ele>500.278646</ele>
        <time>2026-05-18T11:45:41.000Z</time>
      </trkpt>
      <trkpt lat="36.890253" lon="-4.882043">
        <ele>499.738256</ele>
        <time>2026-05-18T11:45:44.000Z</time>
      </trkpt>
      <trkpt lat="36.890250" lon="-4.882015">
        <ele>499.471199</ele>
        <time>2026-05-18T11:45:46.000Z</time>
      </trkpt>
      <trkpt lat="36.890243" lon="-4.881886">
        <ele>498.248920</ele>
        <time>2026-05-18T11:45:54.000Z</time>
      </trkpt>
      <trkpt lat="36.890242" lon="-4.881841">
        <ele>497.823358</ele>
        <time>2026-05-18T11:45:57.000Z</time>
      </trkpt>
      <trkpt lat="36.890229" lon="-4.881783">
        <ele>497.253943</ele>
        <time>2026-05-18T11:46:02.000Z</time>
      </trkpt>
      <trkpt lat="36.890223" lon="-4.881754">
        <ele>496.970772</ele>
        <time>2026-05-18T11:46:04.000Z</time>
      </trkpt>
      <trkpt lat="36.890209" lon="-4.881670">
        <ele>496.159637</ele>
        <time>2026-05-18T11:46:09.000Z</time>
      </trkpt>
      <trkpt lat="36.890198" lon="-4.881639">
        <ele>495.839037</ele>
        <time>2026-05-18T11:46:11.000Z</time>
      </trkpt>
      <trkpt lat="36.890180" lon="-4.881561">
        <ele>495.071599</ele>
        <time>2026-05-18T11:46:16.000Z</time>
      </trkpt>
      <trkpt lat="36.890172" lon="-4.881509">
        <ele>494.571015</ele>
        <time>2026-05-18T11:46:19.000Z</time>
      </trkpt>
      <trkpt lat="36.890164" lon="-4.881460">
        <ele>494.098251</ele>
        <time>2026-05-18T11:46:22.000Z</time>
      </trkpt>
      <trkpt lat="36.890140" lon="-4.881384">
        <ele>493.615161</ele>
        <time>2026-05-18T11:46:27.000Z</time>
      </trkpt>
      <trkpt lat="36.890133" lon="-4.881354">
        <ele>493.448238</ele>
        <time>2026-05-18T11:46:29.000Z</time>
      </trkpt>
      <trkpt lat="36.890116" lon="-4.881285">
        <ele>493.062589</ele>
        <time>2026-05-18T11:46:34.000Z</time>
      </trkpt>
      <trkpt lat="36.890111" lon="-4.881262">
        <ele>492.935279</ele>
        <time>2026-05-18T11:46:36.000Z</time>
      </trkpt>
      <trkpt lat="36.890093" lon="-4.881156">
        <ele>492.356466</ele>
        <time>2026-05-18T11:46:42.000Z</time>
      </trkpt>
      <trkpt lat="36.890086" lon="-4.881123">
        <ele>492.174105</ele>
        <time>2026-05-18T11:46:44.000Z</time>
      </trkpt>
      <trkpt lat="36.890073" lon="-4.881054">
        <ele>491.795459</ele>
        <time>2026-05-18T11:46:48.000Z</time>
      </trkpt>
      <trkpt lat="36.890050" lon="-4.880974">
        <ele>491.341374</ele>
        <time>2026-05-18T11:46:53.000Z</time>
      </trkpt>
      <trkpt lat="36.890005" lon="-4.880854">
        <ele>490.633444</ele>
        <time>2026-05-18T11:47:01.000Z</time>
      </trkpt>
      <trkpt lat="36.890001" lon="-4.880841">
        <ele>490.559044</ele>
        <time>2026-05-18T11:47:02.000Z</time>
      </trkpt>
      <trkpt lat="36.889969" lon="-4.880741">
        <ele>489.983733</ele>
        <time>2026-05-18T11:47:09.000Z</time>
      </trkpt>
      <trkpt lat="36.889966" lon="-4.880729">
        <ele>489.916577</ele>
        <time>2026-05-18T11:47:10.000Z</time>
      </trkpt>
      <trkpt lat="36.889933" lon="-4.880628">
        <ele>489.333811</ele>
        <time>2026-05-18T11:47:17.000Z</time>
      </trkpt>
      <trkpt lat="36.889932" lon="-4.880628">
        <ele>489.327132</ele>
        <time>2026-05-18T11:47:22.000Z</time>
      </trkpt>
      <trkpt lat="36.889925" lon="-4.880628">
        <ele>489.280382</ele>
        <time>2026-05-18T11:47:28.000Z</time>
      </trkpt>
      <trkpt lat="36.889925" lon="-4.880626">
        <ele>489.269699</ele>
        <time>2026-05-18T11:47:30.000Z</time>
      </trkpt>
      <trkpt lat="36.889914" lon="-4.880622">
        <ele>489.193192</ele>
        <time>2026-05-18T11:47:35.000Z</time>
      </trkpt>
      <trkpt lat="36.889911" lon="-4.880621">
        <ele>489.172456</ele>
        <time>2026-05-18T11:47:37.000Z</time>
      </trkpt>
      <trkpt lat="36.889903" lon="-4.880607">
        <ele>489.080550</ele>
        <time>2026-05-18T11:47:40.000Z</time>
      </trkpt>
      <trkpt lat="36.889896" lon="-4.880580">
        <ele>488.928944</ele>
        <time>2026-05-18T11:47:42.000Z</time>
      </trkpt>
      <trkpt lat="36.889892" lon="-4.880568">
        <ele>488.859502</ele>
        <time>2026-05-18T11:47:43.000Z</time>
      </trkpt>
      <trkpt lat="36.889804" lon="-4.880448">
        <ele>487.989874</ele>
        <time>2026-05-18T11:47:52.000Z</time>
      </trkpt>
      <trkpt lat="36.889768" lon="-4.880370">
        <ele>487.508846</ele>
        <time>2026-05-18T11:47:58.000Z</time>
      </trkpt>
      <trkpt lat="36.889767" lon="-4.880357">
        <ele>487.439087</ele>
        <time>2026-05-18T11:47:59.000Z</time>
      </trkpt>
      <trkpt lat="36.889713" lon="-4.880242">
        <ele>486.726776</ele>
        <time>2026-05-18T11:48:07.000Z</time>
      </trkpt>
      <trkpt lat="36.889672" lon="-4.880184">
        <ele>486.313308</ele>
        <time>2026-05-18T11:48:13.000Z</time>
      </trkpt>
      <trkpt lat="36.889625" lon="-4.880088">
        <ele>485.712083</ele>
        <time>2026-05-18T11:48:20.000Z</time>
      </trkpt>
      <trkpt lat="36.889599" lon="-4.880023">
        <ele>485.323887</ele>
        <time>2026-05-18T11:48:26.000Z</time>
      </trkpt>
      <trkpt lat="36.889572" lon="-4.879915">
        <ele>484.719484</ele>
        <time>2026-05-18T11:48:32.000Z</time>
      </trkpt>
      <trkpt lat="36.889560" lon="-4.879811">
        <ele>484.158220</ele>
        <time>2026-05-18T11:48:40.000Z</time>
      </trkpt>
      <trkpt lat="36.889540" lon="-4.879733">
        <ele>483.720698</ele>
        <time>2026-05-18T11:48:46.000Z</time>
      </trkpt>
      <trkpt lat="36.889532" lon="-4.879697">
        <ele>483.521121</ele>
        <time>2026-05-18T11:48:52.000Z</time>
      </trkpt>
      <trkpt lat="36.889519" lon="-4.879629">
        <ele>483.147669</ele>
        <time>2026-05-18T11:48:57.000Z</time>
      </trkpt>
      <trkpt lat="36.889516" lon="-4.879619">
        <ele>483.090620</ele>
        <time>2026-05-18T11:48:58.000Z</time>
      </trkpt>
      <trkpt lat="36.889513" lon="-4.879607">
        <ele>483.023464</ele>
        <time>2026-05-18T11:48:59.000Z</time>
      </trkpt>
      <trkpt lat="36.889499" lon="-4.879561">
        <ele>482.760568</ele>
        <time>2026-05-18T11:49:02.000Z</time>
      </trkpt>
      <trkpt lat="36.889490" lon="-4.879533">
        <ele>482.599381</ele>
        <time>2026-05-18T11:49:04.000Z</time>
      </trkpt>
      <trkpt lat="36.889442" lon="-4.879410">
        <ele>481.880218</ele>
        <time>2026-05-18T11:49:13.000Z</time>
      </trkpt>
      <trkpt lat="36.889400" lon="-4.879245">
        <ele>481.054838</ele>
        <time>2026-05-18T11:49:24.000Z</time>
      </trkpt>
      <trkpt lat="36.889392" lon="-4.879214">
        <ele>480.899568</ele>
        <time>2026-05-18T11:49:26.000Z</time>
      </trkpt>
      <trkpt lat="36.889381" lon="-4.879170">
        <ele>480.679825</ele>
        <time>2026-05-18T11:49:29.000Z</time>
      </trkpt>
      <trkpt lat="36.889377" lon="-4.879156">
        <ele>480.608961</ele>
        <time>2026-05-18T11:49:30.000Z</time>
      </trkpt>
      <trkpt lat="36.889376" lon="-4.879144">
        <ele>480.551451</ele>
        <time>2026-05-18T11:49:31.000Z</time>
      </trkpt>
      <trkpt lat="36.889367" lon="-4.879096">
        <ele>480.316445</ele>
        <time>2026-05-18T11:49:35.000Z</time>
      </trkpt>
      <trkpt lat="36.889365" lon="-4.879086">
        <ele>480.267310</ele>
        <time>2026-05-18T11:49:36.000Z</time>
      </trkpt>
      <trkpt lat="36.889367" lon="-4.878994">
        <ele>479.828611</ele>
        <time>2026-05-18T11:49:45.000Z</time>
      </trkpt>
      <trkpt lat="36.889352" lon="-4.878992">
        <ele>479.738705</ele>
        <time>2026-05-18T11:49:52.000Z</time>
      </trkpt>
      <trkpt lat="36.889355" lon="-4.878975">
        <ele>479.655722</ele>
        <time>2026-05-18T11:49:57.000Z</time>
      </trkpt>
      <trkpt lat="36.889357" lon="-4.878968">
        <ele>479.620290</ele>
        <time>2026-05-18T11:50:00.000Z</time>
      </trkpt>
      <trkpt lat="36.889353" lon="-4.878976">
        <ele>479.575318</ele>
        <time>2026-05-18T11:50:06.000Z</time>
      </trkpt>
      <trkpt lat="36.889363" lon="-4.878978">
        <ele>479.514961</ele>
        <time>2026-05-18T11:50:08.000Z</time>
      </trkpt>
      <trkpt lat="36.889364" lon="-4.878985">
        <ele>479.481066</ele>
        <time>2026-05-18T11:50:13.000Z</time>
      </trkpt>
      <trkpt lat="36.889365" lon="-4.878987">
        <ele>479.469823</ele>
        <time>2026-05-18T11:50:14.000Z</time>
      </trkpt>
      <trkpt lat="36.889359" lon="-4.879006">
        <ele>479.372451</ele>
        <time>2026-05-18T11:50:19.000Z</time>
      </trkpt>
      <trkpt lat="36.889360" lon="-4.879006">
        <ele>479.366491</ele>
        <time>2026-05-18T11:50:20.000Z</time>
      </trkpt>
      <trkpt lat="36.889362" lon="-4.879007">
        <ele>479.353654</ele>
        <time>2026-05-18T11:50:21.000Z</time>
      </trkpt>
      <trkpt lat="36.889362" lon="-4.878984">
        <ele>479.244019</ele>
        <time>2026-05-18T11:50:27.000Z</time>
      </trkpt>
      <trkpt lat="36.889364" lon="-4.878968">
        <ele>479.166826</ele>
        <time>2026-05-18T11:50:34.000Z</time>
      </trkpt>
      <trkpt lat="36.889352" lon="-4.878933">
        <ele>478.985308</ele>
        <time>2026-05-18T11:50:43.000Z</time>
      </trkpt>
      <trkpt lat="36.889329" lon="-4.878862">
        <ele>478.620164</ele>
        <time>2026-05-18T11:50:49.000Z</time>
      </trkpt>
      <trkpt lat="36.889324" lon="-4.878789">
        <ele>478.270920</ele>
        <time>2026-05-18T11:50:55.000Z</time>
      </trkpt>
      <trkpt lat="36.889322" lon="-4.878756">
        <ele>478.113168</ele>
        <time>2026-05-18T11:50:57.000Z</time>
      </trkpt>
      <trkpt lat="36.889319" lon="-4.878640">
        <ele>477.559940</ele>
        <time>2026-05-18T11:51:04.000Z</time>
      </trkpt>
      <trkpt lat="36.889303" lon="-4.878504">
        <ele>476.904691</ele>
        <time>2026-05-18T11:51:12.000Z</time>
      </trkpt>
      <trkpt lat="36.889292" lon="-4.878468">
        <ele>476.720992</ele>
        <time>2026-05-18T11:51:15.000Z</time>
      </trkpt>
      <trkpt lat="36.889283" lon="-4.878384">
        <ele>476.317011</ele>
        <time>2026-05-18T11:51:20.000Z</time>
      </trkpt>
      <trkpt lat="36.889287" lon="-4.878290">
        <ele>475.868306</ele>
        <time>2026-05-18T11:51:26.000Z</time>
      </trkpt>
      <trkpt lat="36.889299" lon="-4.878244">
        <ele>475.637668</ele>
        <time>2026-05-18T11:51:29.000Z</time>
      </trkpt>
      <trkpt lat="36.889311" lon="-4.878186">
        <ele>475.352097</ele>
        <time>2026-05-18T11:51:33.000Z</time>
      </trkpt>
      <trkpt lat="36.889316" lon="-4.878150">
        <ele>475.177927</ele>
        <time>2026-05-18T11:51:35.000Z</time>
      </trkpt>
      <trkpt lat="36.889319" lon="-4.878132">
        <ele>475.090283</ele>
        <time>2026-05-18T11:51:36.000Z</time>
      </trkpt>
      <trkpt lat="36.889321" lon="-4.878112">
        <ele>474.994207</ele>
        <time>2026-05-18T11:51:37.000Z</time>
      </trkpt>
      <trkpt lat="36.889306" lon="-4.877992">
        <ele>474.415257</ele>
        <time>2026-05-18T11:51:44.000Z</time>
      </trkpt>
      <trkpt lat="36.889297" lon="-4.877934">
        <ele>474.133632</ele>
        <time>2026-05-18T11:51:49.000Z</time>
      </trkpt>
      <trkpt lat="36.889297" lon="-4.877880">
        <ele>473.876229</ele>
        <time>2026-05-18T11:51:53.000Z</time>
      </trkpt>
      <trkpt lat="36.889296" lon="-4.877846">
        <ele>473.714051</ele>
        <time>2026-05-18T11:51:55.000Z</time>
      </trkpt>
      <trkpt lat="36.889291" lon="-4.877767">
        <ele>473.336303</ele>
        <time>2026-05-18T11:52:00.000Z</time>
      </trkpt>
      <trkpt lat="36.889288" lon="-4.877743">
        <ele>473.220513</ele>
        <time>2026-05-18T11:52:02.000Z</time>
      </trkpt>
      <trkpt lat="36.889286" lon="-4.877656">
        <ele>472.805638</ele>
        <time>2026-05-18T11:52:08.000Z</time>
      </trkpt>
      <trkpt lat="36.889287" lon="-4.877619">
        <ele>472.629169</ele>
        <time>2026-05-18T11:52:10.000Z</time>
      </trkpt>
      <trkpt lat="36.889284" lon="-4.877509">
        <ele>472.104525</ele>
        <time>2026-05-18T11:52:17.000Z</time>
      </trkpt>
      <trkpt lat="36.889285" lon="-4.877459">
        <ele>471.866114</ele>
        <time>2026-05-18T11:52:20.000Z</time>
      </trkpt>
      <trkpt lat="36.889281" lon="-4.877382">
        <ele>471.498304</ele>
        <time>2026-05-18T11:52:25.000Z</time>
      </trkpt>
      <trkpt lat="36.889282" lon="-4.877364">
        <ele>471.412296</ele>
        <time>2026-05-18T11:52:26.000Z</time>
      </trkpt>
      <trkpt lat="36.889283" lon="-4.877344">
        <ele>471.316776</ele>
        <time>2026-05-18T11:52:27.000Z</time>
      </trkpt>
      <trkpt lat="36.889285" lon="-4.877330">
        <ele>471.249980</ele>
        <time>2026-05-18T11:52:28.000Z</time>
      </trkpt>
      <trkpt lat="36.889321" lon="-4.877208">
        <ele>470.692090</ele>
        <time>2026-05-18T11:52:36.000Z</time>
      </trkpt>
      <trkpt lat="36.889344" lon="-4.877103">
        <ele>470.225030</ele>
        <time>2026-05-18T11:52:42.000Z</time>
      </trkpt>
      <trkpt lat="36.889344" lon="-4.876997">
        <ele>469.770270</ele>
        <time>2026-05-18T11:52:50.000Z</time>
      </trkpt>
      <trkpt lat="36.889345" lon="-4.876929">
        <ele>469.478488</ele>
        <time>2026-05-18T11:52:54.000Z</time>
      </trkpt>
      <trkpt lat="36.889333" lon="-4.876856">
        <ele>469.158758</ele>
        <time>2026-05-18T11:52:59.000Z</time>
      </trkpt>
      <trkpt lat="36.889323" lon="-4.876753">
        <ele>468.713624</ele>
        <time>2026-05-18T11:53:06.000Z</time>
      </trkpt>
      <trkpt lat="36.889320" lon="-4.876656">
        <ele>468.297164</ele>
        <time>2026-05-18T11:53:14.000Z</time>
      </trkpt>
      <trkpt lat="36.889314" lon="-4.876551">
        <ele>467.845546</ele>
        <time>2026-05-18T11:53:21.000Z</time>
      </trkpt>
      <trkpt lat="36.889295" lon="-4.876433">
        <ele>467.329146</ele>
        <time>2026-05-18T11:53:30.000Z</time>
      </trkpt>
      <trkpt lat="36.889293" lon="-4.876446">
        <ele>467.272351</ele>
        <time>2026-05-18T11:53:35.000Z</time>
      </trkpt>
      <trkpt lat="36.889294" lon="-4.876448">
        <ele>467.262232</ele>
        <time>2026-05-18T11:53:36.000Z</time>
      </trkpt>
      <trkpt lat="36.889295" lon="-4.876466">
        <ele>467.184822</ele>
        <time>2026-05-18T11:53:38.000Z</time>
      </trkpt>
      <trkpt lat="36.889287" lon="-4.876438">
        <ele>467.057262</ele>
        <time>2026-05-18T11:53:41.000Z</time>
      </trkpt>
      <trkpt lat="36.889273" lon="-4.876400">
        <ele>466.877769</ele>
        <time>2026-05-18T11:53:44.000Z</time>
      </trkpt>
      <trkpt lat="36.889267" lon="-4.876281">
        <ele>466.366223</ele>
        <time>2026-05-18T11:53:51.000Z</time>
      </trkpt>
      <trkpt lat="36.889287" lon="-4.876197">
        <ele>465.990217</ele>
        <time>2026-05-18T11:53:56.000Z</time>
      </trkpt>
      <trkpt lat="36.889294" lon="-4.876181">
        <ele>465.911975</ele>
        <time>2026-05-18T11:53:57.000Z</time>
      </trkpt>
      <trkpt lat="36.889322" lon="-4.876051">
        <ele>465.334380</ele>
        <time>2026-05-18T11:54:05.000Z</time>
      </trkpt>
      <trkpt lat="36.889340" lon="-4.875943">
        <ele>464.861086</ele>
        <time>2026-05-18T11:54:13.000Z</time>
      </trkpt>
      <trkpt lat="36.889331" lon="-4.875815">
        <ele>464.309824</ele>
        <time>2026-05-18T11:54:22.000Z</time>
      </trkpt>
      <trkpt lat="36.889339" lon="-4.875671">
        <ele>463.690548</ele>
        <time>2026-05-18T11:54:31.000Z</time>
      </trkpt>
      <trkpt lat="36.889358" lon="-4.875599">
        <ele>463.365275</ele>
        <time>2026-05-18T11:54:35.000Z</time>
      </trkpt>
      <trkpt lat="36.889372" lon="-4.875571">
        <ele>463.223607</ele>
        <time>2026-05-18T11:54:37.000Z</time>
      </trkpt>
      <trkpt lat="36.889376" lon="-4.875559">
        <ele>463.167832</ele>
        <time>2026-05-18T11:54:38.000Z</time>
      </trkpt>
      <trkpt lat="36.889390" lon="-4.875466">
        <ele>462.761839</ele>
        <time>2026-05-18T11:54:44.000Z</time>
      </trkpt>
      <trkpt lat="36.889393" lon="-4.875419">
        <ele>462.559559</ele>
        <time>2026-05-18T11:54:47.000Z</time>
      </trkpt>
      <trkpt lat="36.889396" lon="-4.875353">
        <ele>462.275950</ele>
        <time>2026-05-18T11:54:52.000Z</time>
      </trkpt>
      <trkpt lat="36.889400" lon="-4.875242">
        <ele>461.799256</ele>
        <time>2026-05-18T11:54:59.000Z</time>
      </trkpt>
      <trkpt lat="36.889409" lon="-4.875231">
        <ele>461.731745</ele>
        <time>2026-05-18T11:55:02.000Z</time>
      </trkpt>
      <trkpt lat="36.889414" lon="-4.875215">
        <ele>461.658048</ele>
        <time>2026-05-18T11:55:04.000Z</time>
      </trkpt>
      <trkpt lat="36.889409" lon="-4.875253">
        <ele>461.397449</ele>
        <time>2026-05-18T11:55:13.000Z</time>
      </trkpt>
      <trkpt lat="36.889352" lon="-4.875315">
        <ele>460.664611</ele>
        <time>2026-05-18T11:55:22.000Z</time>
      </trkpt>
      <trkpt lat="36.889398" lon="-4.875247">
        <ele>459.973674</ele>
        <time>2026-05-18T11:55:31.000Z</time>
      </trkpt>
      <trkpt lat="36.889408" lon="-4.875246">
        <ele>459.876365</ele>
        <time>2026-05-18T11:55:33.000Z</time>
      </trkpt>
      <trkpt lat="36.889409" lon="-4.875242">
        <ele>459.843852</ele>
        <time>2026-05-18T11:55:36.000Z</time>
      </trkpt>
      <trkpt lat="36.889402" lon="-4.875239">
        <ele>459.772074</ele>
        <time>2026-05-18T11:55:38.000Z</time>
      </trkpt>
      <trkpt lat="36.889406" lon="-4.875202">
        <ele>459.482419</ele>
        <time>2026-05-18T11:55:45.000Z</time>
      </trkpt>
      <trkpt lat="36.889400" lon="-4.875196">
        <ele>459.407894</ele>
        <time>2026-05-18T11:55:47.000Z</time>
      </trkpt>
      <trkpt lat="36.889378" lon="-4.875209">
        <ele>459.171863</ele>
        <time>2026-05-18T11:55:55.000Z</time>
      </trkpt>
      <trkpt lat="36.889388" lon="-4.875188">
        <ele>458.982256</ele>
        <time>2026-05-18T11:55:59.000Z</time>
      </trkpt>
      <trkpt lat="36.889397" lon="-4.875187">
        <ele>458.894612</ele>
        <time>2026-05-18T11:56:03.000Z</time>
      </trkpt>
      <trkpt lat="36.889384" lon="-4.875223">
        <ele>458.588177</ele>
        <time>2026-05-18T11:56:11.000Z</time>
      </trkpt>
      <trkpt lat="36.889406" lon="-4.875217">
        <ele>458.369761</ele>
        <time>2026-05-18T11:56:21.000Z</time>
      </trkpt>
      <trkpt lat="36.889389" lon="-4.875187">
        <ele>458.084525</ele>
        <time>2026-05-18T11:56:31.000Z</time>
      </trkpt>
      <trkpt lat="36.889401" lon="-4.875140">
        <ele>457.701771</ele>
        <time>2026-05-18T11:56:42.000Z</time>
      </trkpt>
      <trkpt lat="36.889406" lon="-4.875085">
        <ele>457.272335</ele>
        <time>2026-05-18T11:56:47.000Z</time>
      </trkpt>
      <trkpt lat="36.889410" lon="-4.875077">
        <ele>457.199141</ele>
        <time>2026-05-18T11:56:48.000Z</time>
      </trkpt>
      <trkpt lat="36.889420" lon="-4.875040">
        <ele>456.896150</ele>
        <time>2026-05-18T11:56:51.000Z</time>
      </trkpt>
      <trkpt lat="36.889438" lon="-4.874970">
        <ele>456.325714</ele>
        <time>2026-05-18T11:56:55.000Z</time>
      </trkpt>
      <trkpt lat="36.889454" lon="-4.874892">
        <ele>455.701006</ele>
        <time>2026-05-18T11:57:01.000Z</time>
      </trkpt>
      <trkpt lat="36.889443" lon="-4.874786">
        <ele>454.871768</ele>
        <time>2026-05-18T11:57:07.000Z</time>
      </trkpt>
      <trkpt lat="36.889443" lon="-4.874772">
        <ele>454.763156</ele>
        <time>2026-05-18T11:57:08.000Z</time>
      </trkpt>
      <trkpt lat="36.889416" lon="-4.874655">
        <ele>453.818445</ele>
        <time>2026-05-18T11:57:16.000Z</time>
      </trkpt>
      <trkpt lat="36.889410" lon="-4.874641">
        <ele>453.695223</ele>
        <time>2026-05-18T11:57:17.000Z</time>
      </trkpt>
      <trkpt lat="36.889388" lon="-4.874612">
        <ele>453.385133</ele>
        <time>2026-05-18T11:57:20.000Z</time>
      </trkpt>
      <trkpt lat="36.889359" lon="-4.874571">
        <ele>452.960513</ele>
        <time>2026-05-18T11:57:24.000Z</time>
      </trkpt>
      <trkpt lat="36.889352" lon="-4.874564">
        <ele>452.873568</ele>
        <time>2026-05-18T11:57:25.000Z</time>
      </trkpt>
      <trkpt lat="36.889299" lon="-4.874497">
        <ele>452.142491</ele>
        <time>2026-05-18T11:57:31.000Z</time>
      </trkpt>
      <trkpt lat="36.889281" lon="-4.874473">
        <ele>451.887242</ele>
        <time>2026-05-18T11:57:33.000Z</time>
      </trkpt>
      <trkpt lat="36.889245" lon="-4.874418">
        <ele>451.335877</ele>
        <time>2026-05-18T11:57:37.000Z</time>
      </trkpt>
      <trkpt lat="36.889207" lon="-4.874365">
        <ele>450.783674</ele>
        <time>2026-05-18T11:57:43.000Z</time>
      </trkpt>
      <trkpt lat="36.889158" lon="-4.874283">
        <ele>449.989569</ele>
        <time>2026-05-18T11:57:49.000Z</time>
      </trkpt>
      <trkpt lat="36.889142" lon="-4.874263">
        <ele>449.770112</ele>
        <time>2026-05-18T11:57:52.000Z</time>
      </trkpt>
      <trkpt lat="36.889124" lon="-4.874239">
        <ele>449.514862</ele>
        <time>2026-05-18T11:57:54.000Z</time>
      </trkpt>
      <trkpt lat="36.889074" lon="-4.874189">
        <ele>448.893823</ele>
        <time>2026-05-18T11:57:59.000Z</time>
      </trkpt>
      <trkpt lat="36.889054" lon="-4.874170">
        <ele>448.650178</ele>
        <time>2026-05-18T11:58:01.000Z</time>
      </trkpt>
      <trkpt lat="36.889007" lon="-4.874114">
        <ele>448.020425</ele>
        <time>2026-05-18T11:58:08.000Z</time>
      </trkpt>
      <trkpt lat="36.888940" lon="-4.874037">
        <ele>447.137694</ele>
        <time>2026-05-18T11:58:15.000Z</time>
      </trkpt>
      <trkpt lat="36.888919" lon="-4.874014">
        <ele>446.866895</ele>
        <time>2026-05-18T11:58:17.000Z</time>
      </trkpt>
      <trkpt lat="36.888879" lon="-4.873975">
        <ele>446.374872</ele>
        <time>2026-05-18T11:58:23.000Z</time>
      </trkpt>
      <trkpt lat="36.888848" lon="-4.873928">
        <ele>445.902248</ele>
        <time>2026-05-18T11:58:27.000Z</time>
      </trkpt>
      <trkpt lat="36.888810" lon="-4.873878">
        <ele>445.367148</ele>
        <time>2026-05-18T11:58:31.000Z</time>
      </trkpt>
      <trkpt lat="36.888787" lon="-4.873850">
        <ele>445.055764</ele>
        <time>2026-05-18T11:58:33.000Z</time>
      </trkpt>
      <trkpt lat="36.888756" lon="-4.873797">
        <ele>444.546367</ele>
        <time>2026-05-18T11:58:37.000Z</time>
      </trkpt>
      <trkpt lat="36.888742" lon="-4.873758">
        <ele>444.214725</ele>
        <time>2026-05-18T11:58:40.000Z</time>
      </trkpt>
      <trkpt lat="36.888738" lon="-4.873746">
        <ele>444.139947</ele>
        <time>2026-05-18T11:58:41.000Z</time>
      </trkpt>
      <trkpt lat="36.888693" lon="-4.873613">
        <ele>443.601489</ele>
        <time>2026-05-18T11:58:49.000Z</time>
      </trkpt>
      <trkpt lat="36.888652" lon="-4.873458">
        <ele>442.992761</ele>
        <time>2026-05-18T11:58:59.000Z</time>
      </trkpt>
      <trkpt lat="36.888645" lon="-4.873428">
        <ele>442.876239</ele>
        <time>2026-05-18T11:59:01.000Z</time>
      </trkpt>
      <trkpt lat="36.888622" lon="-4.873378">
        <ele>442.661171</ele>
        <time>2026-05-18T11:59:05.000Z</time>
      </trkpt>
      <trkpt lat="36.888596" lon="-4.873308">
        <ele>442.373393</ele>
        <time>2026-05-18T11:59:10.000Z</time>
      </trkpt>
      <trkpt lat="36.888563" lon="-4.873164">
        <ele>441.814862</ele>
        <time>2026-05-18T11:59:19.000Z</time>
      </trkpt>
      <trkpt lat="36.888525" lon="-4.873050">
        <ele>441.354357</ele>
        <time>2026-05-18T11:59:28.000Z</time>
      </trkpt>
      <trkpt lat="36.888529" lon="-4.872981">
        <ele>441.096405</ele>
        <time>2026-05-18T11:59:33.000Z</time>
      </trkpt>
      <trkpt lat="36.888528" lon="-4.872935">
        <ele>440.924824</ele>
        <time>2026-05-18T11:59:36.000Z</time>
      </trkpt>
      <trkpt lat="36.888534" lon="-4.872759">
        <ele>440.267985</ele>
        <time>2026-05-18T11:59:48.000Z</time>
      </trkpt>
      <trkpt lat="36.888533" lon="-4.872661">
        <ele>439.902548</ele>
        <time>2026-05-18T11:59:56.000Z</time>
      </trkpt>
      <trkpt lat="36.888521" lon="-4.872540">
        <ele>439.447925</ele>
        <time>2026-05-18T12:00:04.000Z</time>
      </trkpt>
      <trkpt lat="36.888514" lon="-4.872385">
        <ele>438.869064</ele>
        <time>2026-05-18T12:00:14.000Z</time>
      </trkpt>
      <trkpt lat="36.888530" lon="-4.872237">
        <ele>438.312205</ele>
        <time>2026-05-18T12:00:24.000Z</time>
      </trkpt>
      <trkpt lat="36.888519" lon="-4.872134">
        <ele>437.924745</ele>
        <time>2026-05-18T12:00:32.000Z</time>
      </trkpt>
      <trkpt lat="36.888512" lon="-4.872100">
        <ele>437.793838</ele>
        <time>2026-05-18T12:00:35.000Z</time>
      </trkpt>
      <trkpt lat="36.888503" lon="-4.872029">
        <ele>437.525799</ele>
        <time>2026-05-18T12:00:40.000Z</time>
      </trkpt>
      <trkpt lat="36.888496" lon="-4.871990">
        <ele>437.376765</ele>
        <time>2026-05-18T12:00:43.000Z</time>
      </trkpt>
      <trkpt lat="36.888485" lon="-4.871903">
        <ele>437.048344</ele>
        <time>2026-05-18T12:00:49.000Z</time>
      </trkpt>
      <trkpt lat="36.888463" lon="-4.871740">
        <ele>436.431980</ele>
        <time>2026-05-18T12:00:59.000Z</time>
      </trkpt>
      <trkpt lat="36.888458" lon="-4.871634">
        <ele>436.036056</ele>
        <time>2026-05-18T12:01:07.000Z</time>
      </trkpt>
      <trkpt lat="36.888454" lon="-4.871607">
        <ele>435.933669</ele>
        <time>2026-05-18T12:01:09.000Z</time>
      </trkpt>
      <trkpt lat="36.888451" lon="-4.871533">
        <ele>435.549423</ele>
        <time>2026-05-18T12:01:14.000Z</time>
      </trkpt>
      <trkpt lat="36.888454" lon="-4.871469">
        <ele>435.097947</ele>
        <time>2026-05-18T12:01:18.000Z</time>
      </trkpt>
      <trkpt lat="36.888476" lon="-4.871359">
        <ele>434.299449</ele>
        <time>2026-05-18T12:01:25.000Z</time>
      </trkpt>
      <trkpt lat="36.888471" lon="-4.871236">
        <ele>433.432136</ele>
        <time>2026-05-18T12:01:33.000Z</time>
      </trkpt>
      <trkpt lat="36.888451" lon="-4.871161">
        <ele>432.875385</ele>
        <time>2026-05-18T12:01:39.000Z</time>
      </trkpt>
      <trkpt lat="36.888416" lon="-4.871075">
        <ele>432.195855</ele>
        <time>2026-05-18T12:01:45.000Z</time>
      </trkpt>
      <trkpt lat="36.888399" lon="-4.871024">
        <ele>431.806757</ele>
        <time>2026-05-18T12:01:50.000Z</time>
      </trkpt>
      <trkpt lat="36.888366" lon="-4.870927">
        <ele>431.064431</ele>
        <time>2026-05-18T12:01:56.000Z</time>
      </trkpt>
      <trkpt lat="36.888355" lon="-4.870838">
        <ele>430.430232</ele>
        <time>2026-05-18T12:02:03.000Z</time>
      </trkpt>
      <trkpt lat="36.888347" lon="-4.870759">
        <ele>429.869453</ele>
        <time>2026-05-18T12:02:08.000Z</time>
      </trkpt>
      <trkpt lat="36.888343" lon="-4.870729">
        <ele>429.655270</ele>
        <time>2026-05-18T12:02:10.000Z</time>
      </trkpt>
      <trkpt lat="36.888355" lon="-4.870612">
        <ele>428.824580</ele>
        <time>2026-05-18T12:02:18.000Z</time>
      </trkpt>
      <trkpt lat="36.888357" lon="-4.870598">
        <ele>428.724428</ele>
        <time>2026-05-18T12:02:19.000Z</time>
      </trkpt>
      <trkpt lat="36.888359" lon="-4.870488">
        <ele>427.949582</ele>
        <time>2026-05-18T12:02:26.000Z</time>
      </trkpt>
      <trkpt lat="36.888349" lon="-4.870422">
        <ele>427.476527</ele>
        <time>2026-05-18T12:02:34.000Z</time>
      </trkpt>
      <trkpt lat="36.888347" lon="-4.870422">
        <ele>427.458917</ele>
        <time>2026-05-18T12:02:37.000Z</time>
      </trkpt>
      <trkpt lat="36.888351" lon="-4.870359">
        <ele>427.013860</ele>
        <time>2026-05-18T12:02:42.000Z</time>
      </trkpt>
      <trkpt lat="36.888347" lon="-4.870245">
        <ele>426.210272</ele>
        <time>2026-05-18T12:02:49.000Z</time>
      </trkpt>
      <trkpt lat="36.888341" lon="-4.870205">
        <ele>425.923671</ele>
        <time>2026-05-18T12:02:53.000Z</time>
      </trkpt>
      <trkpt lat="36.888334" lon="-4.870169">
        <ele>425.662765</ele>
        <time>2026-05-18T12:02:55.000Z</time>
      </trkpt>
      <trkpt lat="36.888329" lon="-4.870119">
        <ele>425.307912</ele>
        <time>2026-05-18T12:03:02.000Z</time>
      </trkpt>
      <trkpt lat="36.888332" lon="-4.870091">
        <ele>425.108967</ele>
        <time>2026-05-18T12:03:09.000Z</time>
      </trkpt>
      <trkpt lat="36.888334" lon="-4.870085">
        <ele>425.063191</ele>
        <time>2026-05-18T12:03:18.000Z</time>
      </trkpt>
      <trkpt lat="36.888368" lon="-4.870075">
        <ele>424.755652</ele>
        <time>2026-05-18T12:03:24.000Z</time>
      </trkpt>
      <trkpt lat="36.888382" lon="-4.870067">
        <ele>424.620119</ele>
        <time>2026-05-18T12:03:25.000Z</time>
      </trkpt>
      <trkpt lat="36.888379" lon="-4.870070">
        <ele>424.586294</ele>
        <time>2026-05-18T12:03:26.000Z</time>
      </trkpt>
      <trkpt lat="36.888351" lon="-4.870077">
        <ele>424.334876</ele>
        <time>2026-05-18T12:03:31.000Z</time>
      </trkpt>
      <trkpt lat="36.888349" lon="-4.870070">
        <ele>424.282530</ele>
        <time>2026-05-18T12:03:32.000Z</time>
      </trkpt>
      <trkpt lat="36.888342" lon="-4.870027">
        <ele>423.973504</ele>
        <time>2026-05-18T12:03:40.000Z</time>
      </trkpt>
      <trkpt lat="36.888339" lon="-4.870005">
        <ele>423.816339</ele>
        <time>2026-05-18T12:03:44.000Z</time>
      </trkpt>
      <trkpt lat="36.888327" lon="-4.869954">
        <ele>423.441965</ele>
        <time>2026-05-18T12:03:48.000Z</time>
      </trkpt>
      <trkpt lat="36.888325" lon="-4.869937">
        <ele>423.320959</ele>
        <time>2026-05-18T12:03:49.000Z</time>
      </trkpt>
      <trkpt lat="36.888315" lon="-4.869820">
        <ele>422.492325</ele>
        <time>2026-05-18T12:03:57.000Z</time>
      </trkpt>
      <trkpt lat="36.888317" lon="-4.869809">
        <ele>422.412883</ele>
        <time>2026-05-18T12:03:58.000Z</time>
      </trkpt>
      <trkpt lat="36.888342" lon="-4.869761">
        <ele>422.009501</ele>
        <time>2026-05-18T12:04:03.000Z</time>
      </trkpt>
      <trkpt lat="36.888350" lon="-4.869747">
        <ele>421.888332</ele>
        <time>2026-05-18T12:04:04.000Z</time>
      </trkpt>
      <trkpt lat="36.888355" lon="-4.869717">
        <ele>421.672527</ele>
        <time>2026-05-18T12:04:06.000Z</time>
      </trkpt>
      <trkpt lat="36.888354" lon="-4.869640">
        <ele>421.130202</ele>
        <time>2026-05-18T12:04:12.000Z</time>
      </trkpt>
      <trkpt lat="36.888351" lon="-4.869611">
        <ele>420.924276</ele>
        <time>2026-05-18T12:04:14.000Z</time>
      </trkpt>
      <trkpt lat="36.888337" lon="-4.869503">
        <ele>420.153789</ele>
        <time>2026-05-18T12:04:22.000Z</time>
      </trkpt>
      <trkpt lat="36.888362" lon="-4.869371">
        <ele>419.147209</ele>
        <time>2026-05-18T12:04:31.000Z</time>
      </trkpt>
      <trkpt lat="36.888367" lon="-4.869356">
        <ele>419.024872</ele>
        <time>2026-05-18T12:04:32.000Z</time>
      </trkpt>
      <trkpt lat="36.888390" lon="-4.869269">
        <ele>418.335072</ele>
        <time>2026-05-18T12:04:37.000Z</time>
      </trkpt>
      <trkpt lat="36.888399" lon="-4.869221">
        <ele>417.963924</ele>
        <time>2026-05-18T12:04:40.000Z</time>
      </trkpt>
      <trkpt lat="36.888410" lon="-4.869120">
        <ele>417.196565</ele>
        <time>2026-05-18T12:04:47.000Z</time>
      </trkpt>
      <trkpt lat="36.888403" lon="-4.869045">
        <ele>416.628123</ele>
        <time>2026-05-18T12:04:51.000Z</time>
      </trkpt>
      <trkpt lat="36.888399" lon="-4.869013">
        <ele>416.384298</ele>
        <time>2026-05-18T12:04:53.000Z</time>
      </trkpt>
      <trkpt lat="36.888379" lon="-4.868955">
        <ele>415.908814</ele>
        <time>2026-05-18T12:04:58.000Z</time>
      </trkpt>
      <trkpt lat="36.888376" lon="-4.868910">
        <ele>415.568873</ele>
        <time>2026-05-18T12:05:02.000Z</time>
      </trkpt>
      <trkpt lat="36.888400" lon="-4.868851">
        <ele>415.070567</ele>
        <time>2026-05-18T12:05:06.000Z</time>
      </trkpt>
      <trkpt lat="36.888468" lon="-4.868735">
        <ele>413.987861</ele>
        <time>2026-05-18T12:05:13.000Z</time>
      </trkpt>
      <trkpt lat="36.888475" lon="-4.868712">
        <ele>413.802602</ele>
        <time>2026-05-18T12:05:15.000Z</time>
      </trkpt>
      <trkpt lat="36.888481" lon="-4.868634">
        <ele>413.212698</ele>
        <time>2026-05-18T12:05:20.000Z</time>
      </trkpt>
      <trkpt lat="36.888481" lon="-4.868621">
        <ele>413.114832</ele>
        <time>2026-05-18T12:05:21.000Z</time>
      </trkpt>
      <trkpt lat="36.888486" lon="-4.868556">
        <ele>412.623246</ele>
        <time>2026-05-18T12:05:26.000Z</time>
      </trkpt>
      <trkpt lat="36.888478" lon="-4.868526">
        <ele>412.385180</ele>
        <time>2026-05-18T12:05:28.000Z</time>
      </trkpt>
      <trkpt lat="36.888419" lon="-4.868439">
        <ele>411.526487</ele>
        <time>2026-05-18T12:05:35.000Z</time>
      </trkpt>
      <trkpt lat="36.888372" lon="-4.868350">
        <ele>410.723610</ele>
        <time>2026-05-18T12:05:42.000Z</time>
      </trkpt>
      <trkpt lat="36.888354" lon="-4.868315">
        <ele>410.410354</ele>
        <time>2026-05-18T12:05:45.000Z</time>
      </trkpt>
      <trkpt lat="36.888336" lon="-4.868277">
        <ele>410.077878</ele>
        <time>2026-05-18T12:05:49.000Z</time>
      </trkpt>
      <trkpt lat="36.888304" lon="-4.868202">
        <ele>409.437951</ele>
        <time>2026-05-18T12:05:55.000Z</time>
      </trkpt>
      <trkpt lat="36.888291" lon="-4.868172">
        <ele>409.181089</ele>
        <time>2026-05-18T12:05:57.000Z</time>
      </trkpt>
      <trkpt lat="36.888255" lon="-4.868079">
        <ele>408.403282</ele>
        <time>2026-05-18T12:06:03.000Z</time>
      </trkpt>
      <trkpt lat="36.888247" lon="-4.868046">
        <ele>408.143692</ele>
        <time>2026-05-18T12:06:05.000Z</time>
      </trkpt>
      <trkpt lat="36.888239" lon="-4.867980">
        <ele>407.641160</ele>
        <time>2026-05-18T12:06:10.000Z</time>
      </trkpt>
      <trkpt lat="36.888244" lon="-4.867959">
        <ele>407.476212</ele>
        <time>2026-05-18T12:06:12.000Z</time>
      </trkpt>
      <trkpt lat="36.888237" lon="-4.867902">
        <ele>407.042078</ele>
        <time>2026-05-18T12:06:16.000Z</time>
      </trkpt>
      <trkpt lat="36.888235" lon="-4.867873">
        <ele>406.822952</ele>
        <time>2026-05-18T12:06:18.000Z</time>
      </trkpt>
      <trkpt lat="36.888241" lon="-4.867772">
        <ele>406.060513</ele>
        <time>2026-05-18T12:06:25.000Z</time>
      </trkpt>
      <trkpt lat="36.888248" lon="-4.867743">
        <ele>405.832471</ele>
        <time>2026-05-18T12:06:27.000Z</time>
      </trkpt>
      <trkpt lat="36.888247" lon="-4.867680">
        <ele>405.358104</ele>
        <time>2026-05-18T12:06:32.000Z</time>
      </trkpt>
      <trkpt lat="36.888226" lon="-4.867694">
        <ele>405.134099</ele>
        <time>2026-05-18T12:06:38.000Z</time>
      </trkpt>
      <trkpt lat="36.888225" lon="-4.867703">
        <ele>405.065695</ele>
        <time>2026-05-18T12:06:39.000Z</time>
      </trkpt>
      <trkpt lat="36.888212" lon="-4.867700">
        <ele>404.941267</ele>
        <time>2026-05-18T12:06:47.000Z</time>
      </trkpt>
      <trkpt lat="36.888219" lon="-4.867719">
        <ele>404.783786</ele>
        <time>2026-05-18T12:06:56.000Z</time>
      </trkpt>
      <trkpt lat="36.888219" lon="-4.867717">
        <ele>404.768730</ele>
        <time>2026-05-18T12:07:02.000Z</time>
      </trkpt>
      <trkpt lat="36.888215" lon="-4.867721">
        <ele>404.720519</ele>
        <time>2026-05-18T12:07:04.000Z</time>
      </trkpt>
      <trkpt lat="36.888218" lon="-4.867725">
        <ele>404.679238</ele>
        <time>2026-05-18T12:07:05.000Z</time>
      </trkpt>
      <trkpt lat="36.888229" lon="-4.867736">
        <ele>404.546658</ele>
        <time>2026-05-18T12:07:07.000Z</time>
      </trkpt>
      <trkpt lat="36.888249" lon="-4.867739">
        <ele>404.357059</ele>
        <time>2026-05-18T12:07:10.000Z</time>
      </trkpt>
      <trkpt lat="36.888250" lon="-4.867707">
        <ele>404.115974</ele>
        <time>2026-05-18T12:07:13.000Z</time>
      </trkpt>
      <trkpt lat="36.888240" lon="-4.867674">
        <ele>403.850312</ele>
        <time>2026-05-18T12:07:16.000Z</time>
      </trkpt>
      <trkpt lat="36.888236" lon="-4.867659">
        <ele>403.731279</ele>
        <time>2026-05-18T12:07:18.000Z</time>
      </trkpt>
      <trkpt lat="36.888232" lon="-4.867639">
        <ele>403.576079</ele>
        <time>2026-05-18T12:07:20.000Z</time>
      </trkpt>
      <trkpt lat="36.888230" lon="-4.867628">
        <ele>403.491157</ele>
        <time>2026-05-18T12:07:21.000Z</time>
      </trkpt>
      <trkpt lat="36.888209" lon="-4.867579">
        <ele>403.072657</ele>
        <time>2026-05-18T12:07:27.000Z</time>
      </trkpt>
      <trkpt lat="36.888194" lon="-4.867560">
        <ele>403.037201</ele>
        <time>2026-05-18T12:07:35.000Z</time>
      </trkpt>
      <trkpt lat="36.888151" lon="-4.867472">
        <ele>403.174632</ele>
        <time>2026-05-18T12:07:42.000Z</time>
      </trkpt>
      <trkpt lat="36.888128" lon="-4.867441">
        <ele>403.230983</ele>
        <time>2026-05-18T12:07:46.000Z</time>
      </trkpt>
      <trkpt lat="36.888122" lon="-4.867433">
        <ele>403.245599</ele>
        <time>2026-05-18T12:07:47.000Z</time>
      </trkpt>
      <trkpt lat="36.888110" lon="-4.867408">
        <ele>403.284455</ele>
        <time>2026-05-18T12:07:49.000Z</time>
      </trkpt>
      <trkpt lat="36.888108" lon="-4.867398">
        <ele>403.298192</ele>
        <time>2026-05-18T12:07:50.000Z</time>
      </trkpt>
      <trkpt lat="36.888087" lon="-4.867299">
        <ele>403.434689</ele>
        <time>2026-05-18T12:07:57.000Z</time>
      </trkpt>
      <trkpt lat="36.888053" lon="-4.867249">
        <ele>403.522151</ele>
        <time>2026-05-18T12:08:03.000Z</time>
      </trkpt>
      <trkpt lat="36.887998" lon="-4.867167">
        <ele>403.664772</ele>
        <time>2026-05-18T12:08:09.000Z</time>
      </trkpt>
      <trkpt lat="36.887988" lon="-4.867154">
        <ele>403.688809</ele>
        <time>2026-05-18T12:08:10.000Z</time>
      </trkpt>
      <trkpt lat="36.887944" lon="-4.867101">
        <ele>403.790613</ele>
        <time>2026-05-18T12:08:16.000Z</time>
      </trkpt>
      <trkpt lat="36.887936" lon="-4.867090">
        <ele>403.810427</ele>
        <time>2026-05-18T12:08:17.000Z</time>
      </trkpt>
      <trkpt lat="36.887919" lon="-4.867065">
        <ele>403.854158</ele>
        <time>2026-05-18T12:08:19.000Z</time>
      </trkpt>
      <trkpt lat="36.887892" lon="-4.867034">
        <ele>403.915238</ele>
        <time>2026-05-18T12:08:22.000Z</time>
      </trkpt>
      <trkpt lat="36.887859" lon="-4.866979">
        <ele>404.006868</ele>
        <time>2026-05-18T12:08:27.000Z</time>
      </trkpt>
      <trkpt lat="36.887834" lon="-4.866933">
        <ele>404.080985</ele>
        <time>2026-05-18T12:08:31.000Z</time>
      </trkpt>
      <trkpt lat="36.887792" lon="-4.866851">
        <ele>404.210753</ele>
        <time>2026-05-18T12:08:38.000Z</time>
      </trkpt>
      <trkpt lat="36.887780" lon="-4.866817">
        <ele>404.260280</ele>
        <time>2026-05-18T12:08:41.000Z</time>
      </trkpt>
      <trkpt lat="36.887743" lon="-4.866712">
        <ele>404.413191</ele>
        <time>2026-05-18T12:08:49.000Z</time>
      </trkpt>
      <trkpt lat="36.887739" lon="-4.866700">
        <ele>404.430517</ele>
        <time>2026-05-18T12:08:50.000Z</time>
      </trkpt>
      <trkpt lat="36.887717" lon="-4.866645">
        <ele>404.512470</ele>
        <time>2026-05-18T12:08:54.000Z</time>
      </trkpt>
      <trkpt lat="36.887702" lon="-4.866602">
        <ele>404.574989</ele>
        <time>2026-05-18T12:08:57.000Z</time>
      </trkpt>
      <trkpt lat="36.887693" lon="-4.866581">
        <ele>404.606740</ele>
        <time>2026-05-18T12:08:59.000Z</time>
      </trkpt>
      <trkpt lat="36.887676" lon="-4.866511">
        <ele>404.704234</ele>
        <time>2026-05-18T12:09:04.000Z</time>
      </trkpt>
      <trkpt lat="36.887663" lon="-4.866397">
        <ele>404.857697</ele>
        <time>2026-05-18T12:09:11.000Z</time>
      </trkpt>
      <trkpt lat="36.887658" lon="-4.866377">
        <ele>404.885622</ele>
        <time>2026-05-18T12:09:12.000Z</time>
      </trkpt>
      <trkpt lat="36.887640" lon="-4.866286">
        <ele>405.010551</ele>
        <time>2026-05-18T12:09:18.000Z</time>
      </trkpt>
      <trkpt lat="36.887637" lon="-4.866275">
        <ele>405.026039</ele>
        <time>2026-05-18T12:09:19.000Z</time>
      </trkpt>
      <trkpt lat="36.887601" lon="-4.866162">
        <ele>405.188140</ele>
        <time>2026-05-18T12:09:27.000Z</time>
      </trkpt>
      <trkpt lat="36.887587" lon="-4.866051">
        <ele>405.337897</ele>
        <time>2026-05-18T12:09:34.000Z</time>
      </trkpt>
      <trkpt lat="36.887571" lon="-4.865940">
        <ele>405.488208</ele>
        <time>2026-05-18T12:09:42.000Z</time>
      </trkpt>
      <trkpt lat="36.887572" lon="-4.865875">
        <ele>405.574849</ele>
        <time>2026-05-18T12:09:46.000Z</time>
      </trkpt>
      <trkpt lat="36.887573" lon="-4.865820">
        <ele>405.648166</ele>
        <time>2026-05-18T12:09:50.000Z</time>
      </trkpt>
      <trkpt lat="36.887568" lon="-4.865779">
        <ele>405.703438</ele>
        <time>2026-05-18T12:09:53.000Z</time>
      </trkpt>
      <trkpt lat="36.887548" lon="-4.865716">
        <ele>405.793769</ele>
        <time>2026-05-18T12:09:58.000Z</time>
      </trkpt>
      <trkpt lat="36.887534" lon="-4.865658">
        <ele>405.874509</ele>
        <time>2026-05-18T12:10:01.000Z</time>
      </trkpt>
      <trkpt lat="36.887530" lon="-4.865632">
        <ele>405.909794</ele>
        <time>2026-05-18T12:10:03.000Z</time>
      </trkpt>
      <trkpt lat="36.887521" lon="-4.865582">
        <ele>405.978095</ele>
        <time>2026-05-18T12:10:07.000Z</time>
      </trkpt>
      <trkpt lat="36.887495" lon="-4.865564">
        <ele>406.029744</ele>
        <time>2026-05-18T12:10:10.000Z</time>
      </trkpt>
      <trkpt lat="36.887491" lon="-4.865559">
        <ele>406.040263</ele>
        <time>2026-05-18T12:10:11.000Z</time>
      </trkpt>
      <trkpt lat="36.887466" lon="-4.865510">
        <ele>406.126717</ele>
        <time>2026-05-18T12:10:19.000Z</time>
      </trkpt>
      <trkpt lat="36.887435" lon="-4.865436">
        <ele>406.250976</ele>
        <time>2026-05-18T12:10:24.000Z</time>
      </trkpt>
      <trkpt lat="36.887396" lon="-4.865341">
        <ele>406.409815</ele>
        <time>2026-05-18T12:10:31.000Z</time>
      </trkpt>
      <trkpt lat="36.887364" lon="-4.865269">
        <ele>406.532339</ele>
        <time>2026-05-18T12:10:36.000Z</time>
      </trkpt>
      <trkpt lat="36.887356" lon="-4.865244">
        <ele>406.572392</ele>
        <time>2026-05-18T12:10:38.000Z</time>
      </trkpt>
      <trkpt lat="36.887295" lon="-4.865129">
        <ele>406.777653</ele>
        <time>2026-05-18T12:10:46.000Z</time>
      </trkpt>
      <trkpt lat="36.887259" lon="-4.865068">
        <ele>406.890418</ele>
        <time>2026-05-18T12:10:52.000Z</time>
      </trkpt>
      <trkpt lat="36.887252" lon="-4.865063">
        <ele>406.905411</ele>
        <time>2026-05-18T12:10:53.000Z</time>
      </trkpt>
      <trkpt lat="36.887232" lon="-4.865046">
        <ele>406.950389</ele>
        <time>2026-05-18T12:10:55.000Z</time>
      </trkpt>
      <trkpt lat="36.887169" lon="-4.864994">
        <ele>407.090785</ele>
        <time>2026-05-18T12:11:02.000Z</time>
      </trkpt>
      <trkpt lat="36.887157" lon="-4.864980">
        <ele>407.121309</ele>
        <time>2026-05-18T12:11:04.000Z</time>
      </trkpt>
      <trkpt lat="36.887138" lon="-4.864963">
        <ele>407.164761</ele>
        <time>2026-05-18T12:11:06.000Z</time>
      </trkpt>
      <trkpt lat="36.887100" lon="-4.864914">
        <ele>407.266285</ele>
        <time>2026-05-18T12:11:10.000Z</time>
      </trkpt>
      <trkpt lat="36.887087" lon="-4.864892">
        <ele>407.306972</ele>
        <time>2026-05-18T12:11:12.000Z</time>
      </trkpt>
      <trkpt lat="36.887073" lon="-4.864868">
        <ele>407.351158</ele>
        <time>2026-05-18T12:11:14.000Z</time>
      </trkpt>
      <trkpt lat="36.887034" lon="-4.864806">
        <ele>407.468488</ele>
        <time>2026-05-18T12:11:18.000Z</time>
      </trkpt>
      <trkpt lat="36.886960" lon="-4.864742">
        <ele>407.635831</ele>
        <time>2026-05-18T12:11:25.000Z</time>
      </trkpt>
      <trkpt lat="36.886913" lon="-4.864700">
        <ele>407.743272</ele>
        <time>2026-05-18T12:11:31.000Z</time>
      </trkpt>
      <trkpt lat="36.886900" lon="-4.864692">
        <ele>407.770219</ele>
        <time>2026-05-18T12:11:32.000Z</time>
      </trkpt>
      <trkpt lat="36.886871" lon="-4.864662">
        <ele>407.840221</ele>
        <time>2026-05-18T12:11:35.000Z</time>
      </trkpt>
      <trkpt lat="36.886847" lon="-4.864618">
        <ele>407.919442</ele>
        <time>2026-05-18T12:11:39.000Z</time>
      </trkpt>
      <trkpt lat="36.886770" lon="-4.864551">
        <ele>408.093913</ele>
        <time>2026-05-18T12:11:46.000Z</time>
      </trkpt>
      <trkpt lat="36.886747" lon="-4.864527">
        <ele>408.149628</ele>
        <time>2026-05-18T12:11:49.000Z</time>
      </trkpt>
      <trkpt lat="36.886720" lon="-4.864501">
        <ele>408.213010</ele>
        <time>2026-05-18T12:11:52.000Z</time>
      </trkpt>
      <trkpt lat="36.886702" lon="-4.864468">
        <ele>408.272426</ele>
        <time>2026-05-18T12:11:55.000Z</time>
      </trkpt>
      <trkpt lat="36.886699" lon="-4.864455">
        <ele>408.292552</ele>
        <time>2026-05-18T12:11:56.000Z</time>
      </trkpt>
      <trkpt lat="36.886678" lon="-4.864356">
        <ele>408.444906</ele>
        <time>2026-05-18T12:12:02.000Z</time>
      </trkpt>
      <trkpt lat="36.886663" lon="-4.864319">
        <ele>408.506610</ele>
        <time>2026-05-18T12:12:04.000Z</time>
      </trkpt>
      <trkpt lat="36.886622" lon="-4.864262">
        <ele>408.620642</ele>
        <time>2026-05-18T12:12:10.000Z</time>
      </trkpt>
      <trkpt lat="36.886590" lon="-4.864197">
        <ele>408.734177</ele>
        <time>2026-05-18T12:12:15.000Z</time>
      </trkpt>
      <trkpt lat="36.886578" lon="-4.864166">
        <ele>408.785407</ele>
        <time>2026-05-18T12:12:17.000Z</time>
      </trkpt>
      <trkpt lat="36.886544" lon="-4.864063">
        <ele>408.951155</ele>
        <time>2026-05-18T12:12:24.000Z</time>
      </trkpt>
      <trkpt lat="36.886502" lon="-4.863960">
        <ele>409.123131</ele>
        <time>2026-05-18T12:12:32.000Z</time>
      </trkpt>
      <trkpt lat="36.886463" lon="-4.863840">
        <ele>409.315806</ele>
        <time>2026-05-18T12:12:42.000Z</time>
      </trkpt>
      <trkpt lat="36.886432" lon="-4.863742">
        <ele>408.918465</ele>
        <time>2026-05-18T12:12:49.000Z</time>
      </trkpt>
      <trkpt lat="36.886430" lon="-4.863709">
        <ele>408.736876</ele>
        <time>2026-05-18T12:12:51.000Z</time>
      </trkpt>
      <trkpt lat="36.886428" lon="-4.863659">
        <ele>408.462185</ele>
        <time>2026-05-18T12:12:54.000Z</time>
      </trkpt>
      <trkpt lat="36.886427" lon="-4.863602">
        <ele>408.149353</ele>
        <time>2026-05-18T12:12:59.000Z</time>
      </trkpt>
      <trkpt lat="36.886419" lon="-4.863552">
        <ele>407.869569</ele>
        <time>2026-05-18T12:13:03.000Z</time>
      </trkpt>
      <trkpt lat="36.886405" lon="-4.863490">
        <ele>407.516079</ele>
        <time>2026-05-18T12:13:09.000Z</time>
      </trkpt>
      <trkpt lat="36.886400" lon="-4.863467">
        <ele>407.385300</ele>
        <time>2026-05-18T12:13:11.000Z</time>
      </trkpt>
      <trkpt lat="36.886394" lon="-4.863442">
        <ele>407.242084</ele>
        <time>2026-05-18T12:13:13.000Z</time>
      </trkpt>
      <trkpt lat="36.886388" lon="-4.863401">
        <ele>407.013383</ele>
        <time>2026-05-18T12:13:15.000Z</time>
      </trkpt>
      <trkpt lat="36.886376" lon="-4.863347">
        <ele>406.705863</ele>
        <time>2026-05-18T12:13:18.000Z</time>
      </trkpt>
      <trkpt lat="36.886377" lon="-4.863299">
        <ele>406.442399</ele>
        <time>2026-05-18T12:13:21.000Z</time>
      </trkpt>
      <trkpt lat="36.886393" lon="-4.863204">
        <ele>405.909706</ele>
        <time>2026-05-18T12:13:27.000Z</time>
      </trkpt>
      <trkpt lat="36.886397" lon="-4.863176">
        <ele>405.753639</ele>
        <time>2026-05-18T12:13:29.000Z</time>
      </trkpt>
      <trkpt lat="36.886410" lon="-4.863116">
        <ele>405.412556</ele>
        <time>2026-05-18T12:13:33.000Z</time>
      </trkpt>
      <trkpt lat="36.886429" lon="-4.863002">
        <ele>404.773605</ele>
        <time>2026-05-18T12:13:41.000Z</time>
      </trkpt>
      <trkpt lat="36.886436" lon="-4.862896">
        <ele>404.190007</ele>
        <time>2026-05-18T12:13:48.000Z</time>
      </trkpt>
      <trkpt lat="36.886437" lon="-4.862866">
        <ele>404.025256</ele>
        <time>2026-05-18T12:13:50.000Z</time>
      </trkpt>
      <trkpt lat="36.886433" lon="-4.862770">
        <ele>403.497792</ele>
        <time>2026-05-18T12:13:56.000Z</time>
      </trkpt>
      <trkpt lat="36.886423" lon="-4.862714">
        <ele>403.182957</ele>
        <time>2026-05-18T12:14:00.000Z</time>
      </trkpt>
      <trkpt lat="36.886386" lon="-4.862595">
        <ele>402.482407</ele>
        <time>2026-05-18T12:14:08.000Z</time>
      </trkpt>
      <trkpt lat="36.886366" lon="-4.862543">
        <ele>402.165809</ele>
        <time>2026-05-18T12:14:12.000Z</time>
      </trkpt>
      <trkpt lat="36.886340" lon="-4.862493">
        <ele>401.838576</ele>
        <time>2026-05-18T12:14:16.000Z</time>
      </trkpt>
      <trkpt lat="36.886311" lon="-4.862452">
        <ele>401.538262</ele>
        <time>2026-05-18T12:14:19.000Z</time>
      </trkpt>
      <trkpt lat="36.886253" lon="-4.862335">
        <ele>400.782979</ele>
        <time>2026-05-18T12:14:27.000Z</time>
      </trkpt>
      <trkpt lat="36.886205" lon="-4.862229">
        <ele>400.114613</ele>
        <time>2026-05-18T12:14:36.000Z</time>
      </trkpt>
      <trkpt lat="36.886199" lon="-4.862216">
        <ele>400.032258</ele>
        <time>2026-05-18T12:14:37.000Z</time>
      </trkpt>
      <trkpt lat="36.886194" lon="-4.862204">
        <ele>399.958016</ele>
        <time>2026-05-18T12:14:38.000Z</time>
      </trkpt>
      <trkpt lat="36.886173" lon="-4.862128">
        <ele>399.516821</ele>
        <time>2026-05-18T12:14:44.000Z</time>
      </trkpt>
      <trkpt lat="36.886158" lon="-4.862068">
        <ele>399.171895</ele>
        <time>2026-05-18T12:14:48.000Z</time>
      </trkpt>
      <trkpt lat="36.886139" lon="-4.861991">
        <ele>398.729747</ele>
        <time>2026-05-18T12:14:54.000Z</time>
      </trkpt>
      <trkpt lat="36.886109" lon="-4.861871">
        <ele>398.039894</ele>
        <time>2026-05-18T12:15:01.000Z</time>
      </trkpt>
      <trkpt lat="36.886098" lon="-4.861806">
        <ele>397.675344</ele>
        <time>2026-05-18T12:15:05.000Z</time>
      </trkpt>
      <trkpt lat="36.886095" lon="-4.861759">
        <ele>397.416635</ele>
        <time>2026-05-18T12:15:09.000Z</time>
      </trkpt>
      <trkpt lat="36.886094" lon="-4.861675">
        <ele>396.966159</ele>
        <time>2026-05-18T12:15:16.000Z</time>
      </trkpt>
      <trkpt lat="36.886096" lon="-4.861546">
        <ele>396.382567</ele>
        <time>2026-05-18T12:15:23.000Z</time>
      </trkpt>
      <trkpt lat="36.886095" lon="-4.861522">
        <ele>396.273865</ele>
        <time>2026-05-18T12:15:25.000Z</time>
      </trkpt>
      <trkpt lat="36.886089" lon="-4.861478">
        <ele>396.071976</ele>
        <time>2026-05-18T12:15:29.000Z</time>
      </trkpt>
      <trkpt lat="36.886091" lon="-4.861440">
        <ele>395.899725</ele>
        <time>2026-05-18T12:15:32.000Z</time>
      </trkpt>
      <trkpt lat="36.886095" lon="-4.861354">
        <ele>395.510080</ele>
        <time>2026-05-18T12:15:37.000Z</time>
      </trkpt>
      <trkpt lat="36.886093" lon="-4.861303">
        <ele>395.279124</ele>
        <time>2026-05-18T12:15:40.000Z</time>
      </trkpt>
      <trkpt lat="36.886085" lon="-4.861239">
        <ele>394.986130</ele>
        <time>2026-05-18T12:15:44.000Z</time>
      </trkpt>
      <trkpt lat="36.886087" lon="-4.861177">
        <ele>394.705469</ele>
        <time>2026-05-18T12:15:48.000Z</time>
      </trkpt>
      <trkpt lat="36.886083" lon="-4.861148">
        <ele>394.572362</ele>
        <time>2026-05-18T12:15:50.000Z</time>
      </trkpt>
      <trkpt lat="36.886083" lon="-4.861136">
        <ele>394.518084</ele>
        <time>2026-05-18T12:15:51.000Z</time>
      </trkpt>
      <trkpt lat="36.886068" lon="-4.861057">
        <ele>394.150827</ele>
        <time>2026-05-18T12:15:57.000Z</time>
      </trkpt>
      <trkpt lat="36.886067" lon="-4.861021">
        <ele>393.987897</ele>
        <time>2026-05-18T12:15:59.000Z</time>
      </trkpt>
      <trkpt lat="36.886051" lon="-4.860879">
        <ele>393.339271</ele>
        <time>2026-05-18T12:16:08.000Z</time>
      </trkpt>
      <trkpt lat="36.886040" lon="-4.860756">
        <ele>392.779460</ele>
        <time>2026-05-18T12:16:16.000Z</time>
      </trkpt>
      <trkpt lat="36.886023" lon="-4.860606">
        <ele>392.094215</ele>
        <time>2026-05-18T12:16:25.000Z</time>
      </trkpt>
      <trkpt lat="36.886017" lon="-4.860589">
        <ele>392.010168</ele>
        <time>2026-05-18T12:16:26.000Z</time>
      </trkpt>
      <trkpt lat="36.886002" lon="-4.860508">
        <ele>391.634103</ele>
        <time>2026-05-18T12:16:31.000Z</time>
      </trkpt>
      <trkpt lat="36.886002" lon="-4.860492">
        <ele>391.561733</ele>
        <time>2026-05-18T12:16:32.000Z</time>
      </trkpt>
      <trkpt lat="36.885996" lon="-4.860373">
        <ele>391.022413</ele>
        <time>2026-05-18T12:16:40.000Z</time>
      </trkpt>
      <trkpt lat="36.885967" lon="-4.860261">
        <ele>390.489938</ele>
        <time>2026-05-18T12:16:47.000Z</time>
      </trkpt>
      <trkpt lat="36.885929" lon="-4.860093">
        <ele>389.700251</ele>
        <time>2026-05-18T12:16:59.000Z</time>
      </trkpt>
      <trkpt lat="36.885906" lon="-4.860020">
        <ele>389.345368</ele>
        <time>2026-05-18T12:17:04.000Z</time>
      </trkpt>
      <trkpt lat="36.885885" lon="-4.859960">
        <ele>389.049134</ele>
        <time>2026-05-18T12:17:09.000Z</time>
      </trkpt>
      <trkpt lat="36.885862" lon="-4.859844">
        <ele>388.508569</ele>
        <time>2026-05-18T12:17:15.000Z</time>
      </trkpt>
      <trkpt lat="36.885866" lon="-4.859745">
        <ele>388.060208</ele>
        <time>2026-05-18T12:17:21.000Z</time>
      </trkpt>
      <trkpt lat="36.885862" lon="-4.859727">
        <ele>387.975708</ele>
        <time>2026-05-18T12:17:22.000Z</time>
      </trkpt>
      <trkpt lat="36.885850" lon="-4.859637">
        <ele>387.563008</ele>
        <time>2026-05-18T12:17:28.000Z</time>
      </trkpt>
      <trkpt lat="36.885836" lon="-4.859571">
        <ele>387.254161</ele>
        <time>2026-05-18T12:17:32.000Z</time>
      </trkpt>
      <trkpt lat="36.885829" lon="-4.859510">
        <ele>386.975425</ele>
        <time>2026-05-18T12:17:36.000Z</time>
      </trkpt>
      <trkpt lat="36.885820" lon="-4.859378">
        <ele>386.634155</ele>
        <time>2026-05-18T12:17:45.000Z</time>
      </trkpt>
      <trkpt lat="36.885820" lon="-4.859365">
        <ele>386.607789</ele>
        <time>2026-05-18T12:17:46.000Z</time>
      </trkpt>
      <trkpt lat="36.885815" lon="-4.859248">
        <ele>386.370156</ele>
        <time>2026-05-18T12:17:53.000Z</time>
      </trkpt>
      <trkpt lat="36.885815" lon="-4.859231">
        <ele>386.335677</ele>
        <time>2026-05-18T12:17:54.000Z</time>
      </trkpt>
      <trkpt lat="36.885838" lon="-4.859142">
        <ele>386.145983</ele>
        <time>2026-05-18T12:18:01.000Z</time>
      </trkpt>
      <trkpt lat="36.885863" lon="-4.859086">
        <ele>386.015912</ele>
        <time>2026-05-18T12:18:08.000Z</time>
      </trkpt>
      <trkpt lat="36.885850" lon="-4.859089">
        <ele>385.982391</ele>
        <time>2026-05-18T12:18:16.000Z</time>
      </trkpt>
      <trkpt lat="36.885856" lon="-4.859108">
        <ele>385.940961</ele>
        <time>2026-05-18T12:18:20.000Z</time>
      </trkpt>
      <trkpt lat="36.885853" lon="-4.859110">
        <ele>385.932340</ele>
        <time>2026-05-18T12:18:21.000Z</time>
      </trkpt>
      <trkpt lat="36.885843" lon="-4.859115">
        <ele>385.905030</ele>
        <time>2026-05-18T12:18:24.000Z</time>
      </trkpt>
      <trkpt lat="36.885819" lon="-4.859097">
        <ele>385.834062</ele>
        <time>2026-05-18T12:18:35.000Z</time>
      </trkpt>
      <trkpt lat="36.885793" lon="-4.859026">
        <ele>385.675688</ele>
        <time>2026-05-18T12:18:40.000Z</time>
      </trkpt>
      <trkpt lat="36.885775" lon="-4.858930">
        <ele>385.475706</ele>
        <time>2026-05-18T12:18:48.000Z</time>
      </trkpt>
      <trkpt lat="36.885753" lon="-4.858860">
        <ele>385.323168</ele>
        <time>2026-05-18T12:18:54.000Z</time>
      </trkpt>
      <trkpt lat="36.885741" lon="-4.858787">
        <ele>385.172018</ele>
        <time>2026-05-18T12:19:00.000Z</time>
      </trkpt>
      <trkpt lat="36.885734" lon="-4.858728">
        <ele>385.051047</ele>
        <time>2026-05-18T12:19:04.000Z</time>
      </trkpt>
      <trkpt lat="36.885711" lon="-4.858611">
        <ele>384.806690</ele>
        <time>2026-05-18T12:19:10.000Z</time>
      </trkpt>
      <trkpt lat="36.885708" lon="-4.858593">
        <ele>384.769399</ele>
        <time>2026-05-18T12:19:11.000Z</time>
      </trkpt>
      <trkpt lat="36.885705" lon="-4.858551">
        <ele>384.683877</ele>
        <time>2026-05-18T12:19:14.000Z</time>
      </trkpt>
      <trkpt lat="36.885702" lon="-4.858520">
        <ele>384.620545</ele>
        <time>2026-05-18T12:19:17.000Z</time>
      </trkpt>
      <trkpt lat="36.885679" lon="-4.858407">
        <ele>384.384059</ele>
        <time>2026-05-18T12:19:27.000Z</time>
      </trkpt>
      <trkpt lat="36.885674" lon="-4.858389">
        <ele>384.345413</ele>
        <time>2026-05-18T12:19:31.000Z</time>
      </trkpt>
      <trkpt lat="36.885682" lon="-4.858387">
        <ele>384.324725</ele>
        <time>2026-05-18T12:19:33.000Z</time>
      </trkpt>
      <trkpt lat="36.885677" lon="-4.858402">
        <ele>384.291767</ele>
        <time>2026-05-18T12:19:37.000Z</time>
      </trkpt>
      <trkpt lat="36.885675" lon="-4.858407">
        <ele>384.280428</ele>
        <time>2026-05-18T12:19:38.000Z</time>
      </trkpt>
      <trkpt lat="36.885670" lon="-4.858431">
        <ele>384.230128</ele>
        <time>2026-05-18T12:19:43.000Z</time>
      </trkpt>
      <trkpt lat="36.885662" lon="-4.858438">
        <ele>384.205368</ele>
        <time>2026-05-18T12:19:52.000Z</time>
      </trkpt>
      <trkpt lat="36.885668" lon="-4.858433">
        <ele>384.187084</ele>
        <time>2026-05-18T12:19:54.000Z</time>
      </trkpt>
      <trkpt lat="36.885670" lon="-4.858430">
        <ele>384.179163</ele>
        <time>2026-05-18T12:19:55.000Z</time>
      </trkpt>
      <trkpt lat="36.885663" lon="-4.858402">
        <ele>384.119665</ele>
        <time>2026-05-18T12:20:02.000Z</time>
      </trkpt>
      <trkpt lat="36.885640" lon="-4.858403">
        <ele>384.061308</ele>
        <time>2026-05-18T12:20:12.000Z</time>
      </trkpt>
      <trkpt lat="36.885649" lon="-4.858409">
        <ele>384.035445</ele>
        <time>2026-05-18T12:20:22.000Z</time>
      </trkpt>
      <trkpt lat="36.885647" lon="-4.858405">
        <ele>384.025877</ele>
        <time>2026-05-18T12:20:24.000Z</time>
      </trkpt>
      <trkpt lat="36.885662" lon="-4.858391">
        <ele>383.978412</ele>
        <time>2026-05-18T12:20:31.000Z</time>
      </trkpt>
      <trkpt lat="36.885654" lon="-4.858384">
        <ele>383.953651</ele>
        <time>2026-05-18T12:20:40.000Z</time>
      </trkpt>
      <trkpt lat="36.885662" lon="-4.858374">
        <ele>383.924966</ele>
        <time>2026-05-18T12:20:45.000Z</time>
      </trkpt>
      <trkpt lat="36.885634" lon="-4.858320">
        <ele>383.794444</ele>
        <time>2026-05-18T12:20:50.000Z</time>
      </trkpt>
      <trkpt lat="36.885611" lon="-4.858245">
        <ele>383.631535</ele>
        <time>2026-05-18T12:20:57.000Z</time>
      </trkpt>
      <trkpt lat="36.885609" lon="-4.858233">
        <ele>383.606674</ele>
        <time>2026-05-18T12:20:58.000Z</time>
      </trkpt>
      <trkpt lat="36.885605" lon="-4.858217">
        <ele>383.572675</ele>
        <time>2026-05-18T12:20:59.000Z</time>
      </trkpt>
      <trkpt lat="36.885599" lon="-4.858186">
        <ele>383.507987</ele>
        <time>2026-05-18T12:21:01.000Z</time>
      </trkpt>
      <trkpt lat="36.885584" lon="-4.858132">
        <ele>383.392049</ele>
        <time>2026-05-18T12:21:05.000Z</time>
      </trkpt>
      <trkpt lat="36.885550" lon="-4.858031">
        <ele>383.169801</ele>
        <time>2026-05-18T12:21:12.000Z</time>
      </trkpt>
      <trkpt lat="36.885534" lon="-4.857949">
        <ele>382.998614</ele>
        <time>2026-05-18T12:21:18.000Z</time>
      </trkpt>
      <trkpt lat="36.885485" lon="-4.857834">
        <ele>382.734344</ele>
        <time>2026-05-18T12:21:26.000Z</time>
      </trkpt>
      <trkpt lat="36.885454" lon="-4.857749">
        <ele>382.544874</ele>
        <time>2026-05-18T12:21:33.000Z</time>
      </trkpt>
      <trkpt lat="36.885434" lon="-4.857644">
        <ele>382.325960</ele>
        <time>2026-05-18T12:21:40.000Z</time>
      </trkpt>
      <trkpt lat="36.885413" lon="-4.857565">
        <ele>382.292899</ele>
        <time>2026-05-18T12:21:46.000Z</time>
      </trkpt>
      <trkpt lat="36.885368" lon="-4.857443">
        <ele>382.314393</ele>
        <time>2026-05-18T12:21:53.000Z</time>
      </trkpt>
      <trkpt lat="36.885333" lon="-4.857352">
        <ele>382.330549</ele>
        <time>2026-05-18T12:22:00.000Z</time>
      </trkpt>
      <trkpt lat="36.885306" lon="-4.857249">
        <ele>382.347890</ele>
        <time>2026-05-18T12:22:08.000Z</time>
      </trkpt>
      <trkpt lat="36.885260" lon="-4.857165">
        <ele>382.364178</ele>
        <time>2026-05-18T12:22:15.000Z</time>
      </trkpt>
      <trkpt lat="36.885233" lon="-4.857082">
        <ele>382.378513</ele>
        <time>2026-05-18T12:22:21.000Z</time>
      </trkpt>
      <trkpt lat="36.885193" lon="-4.856982">
        <ele>382.396402</ele>
        <time>2026-05-18T12:22:28.000Z</time>
      </trkpt>
      <trkpt lat="36.885169" lon="-4.856860">
        <ele>382.416502</ele>
        <time>2026-05-18T12:22:37.000Z</time>
      </trkpt>
      <trkpt lat="36.885151" lon="-4.856762">
        <ele>382.432590</ele>
        <time>2026-05-18T12:22:43.000Z</time>
      </trkpt>
      <trkpt lat="36.885143" lon="-4.856741">
        <ele>382.436311</ele>
        <time>2026-05-18T12:22:45.000Z</time>
      </trkpt>
      <trkpt lat="36.885125" lon="-4.856662">
        <ele>382.449453</ele>
        <time>2026-05-18T12:22:50.000Z</time>
      </trkpt>
      <trkpt lat="36.885111" lon="-4.856597">
        <ele>382.460223</ele>
        <time>2026-05-18T12:22:56.000Z</time>
      </trkpt>
      <trkpt lat="36.885102" lon="-4.856504">
        <ele>382.475211</ele>
        <time>2026-05-18T12:23:03.000Z</time>
      </trkpt>
      <trkpt lat="36.885077" lon="-4.856374">
        <ele>382.496603</ele>
        <time>2026-05-18T12:23:11.000Z</time>
      </trkpt>
      <trkpt lat="36.885065" lon="-4.856276">
        <ele>382.512465</ele>
        <time>2026-05-18T12:23:17.000Z</time>
      </trkpt>
      <trkpt lat="36.885063" lon="-4.856263">
        <ele>382.514583</ele>
        <time>2026-05-18T12:23:18.000Z</time>
      </trkpt>
      <trkpt lat="36.885065" lon="-4.856159">
        <ele>382.531227</ele>
        <time>2026-05-18T12:23:25.000Z</time>
      </trkpt>
      <trkpt lat="36.885061" lon="-4.856078">
        <ele>382.544211</ele>
        <time>2026-05-18T12:23:31.000Z</time>
      </trkpt>
      <trkpt lat="36.885061" lon="-4.856065">
        <ele>382.546291</ele>
        <time>2026-05-18T12:23:32.000Z</time>
      </trkpt>
      <trkpt lat="36.885057" lon="-4.856053">
        <ele>382.548371</ele>
        <time>2026-05-18T12:23:33.000Z</time>
      </trkpt>
      <trkpt lat="36.885035" lon="-4.855953">
        <ele>382.564964</ele>
        <time>2026-05-18T12:23:38.000Z</time>
      </trkpt>
      <trkpt lat="36.885030" lon="-4.855924">
        <ele>382.569710</ele>
        <time>2026-05-18T12:23:40.000Z</time>
      </trkpt>
      <trkpt lat="36.885022" lon="-4.855903">
        <ele>382.573432</ele>
        <time>2026-05-18T12:23:43.000Z</time>
      </trkpt>
      <trkpt lat="36.885018" lon="-4.855873">
        <ele>382.578298</ele>
        <time>2026-05-18T12:23:46.000Z</time>
      </trkpt>
      <trkpt lat="36.884999" lon="-4.855814">
        <ele>382.588474</ele>
        <time>2026-05-18T12:23:51.000Z</time>
      </trkpt>
      <trkpt lat="36.884983" lon="-4.855713">
        <ele>382.604947</ele>
        <time>2026-05-18T12:23:58.000Z</time>
      </trkpt>
      <trkpt lat="36.884978" lon="-4.855691">
        <ele>382.608606</ele>
        <time>2026-05-18T12:24:00.000Z</time>
      </trkpt>
      <trkpt lat="36.884957" lon="-4.855618">
        <ele>382.621018</ele>
        <time>2026-05-18T12:24:04.000Z</time>
      </trkpt>
      <trkpt lat="36.884923" lon="-4.855487">
        <ele>382.631484</ele>
        <time>2026-05-18T12:24:12.000Z</time>
      </trkpt>
      <trkpt lat="36.884909" lon="-4.855421">
        <ele>382.219708</ele>
        <time>2026-05-18T12:24:17.000Z</time>
      </trkpt>
      <trkpt lat="36.884892" lon="-4.855349">
        <ele>381.766985</ele>
        <time>2026-05-18T12:24:21.000Z</time>
      </trkpt>
      <trkpt lat="36.884846" lon="-4.855217">
        <ele>380.898677</ele>
        <time>2026-05-18T12:24:30.000Z</time>
      </trkpt>
      <trkpt lat="36.884823" lon="-4.855165">
        <ele>380.540333</ele>
        <time>2026-05-18T12:24:34.000Z</time>
      </trkpt>
      <trkpt lat="36.884801" lon="-4.855125">
        <ele>380.247583</ele>
        <time>2026-05-18T12:24:38.000Z</time>
      </trkpt>
      <trkpt lat="36.884750" lon="-4.854984">
        <ele>379.314370</ele>
        <time>2026-05-18T12:24:47.000Z</time>
      </trkpt>
      <trkpt lat="36.884727" lon="-4.854935">
        <ele>378.971746</ele>
        <time>2026-05-18T12:24:51.000Z</time>
      </trkpt>
      <trkpt lat="36.884699" lon="-4.854862">
        <ele>378.483512</ele>
        <time>2026-05-18T12:24:56.000Z</time>
      </trkpt>
      <trkpt lat="36.884694" lon="-4.854848">
        <ele>378.391050</ele>
        <time>2026-05-18T12:24:57.000Z</time>
      </trkpt>
      <trkpt lat="36.884660" lon="-4.854751">
        <ele>377.752379</ele>
        <time>2026-05-18T12:25:04.000Z</time>
      </trkpt>
      <trkpt lat="36.884645" lon="-4.854726">
        <ele>377.563910</ele>
        <time>2026-05-18T12:25:06.000Z</time>
      </trkpt>
      <trkpt lat="36.884622" lon="-4.854695">
        <ele>377.308917</ele>
        <time>2026-05-18T12:25:09.000Z</time>
      </trkpt>
      <trkpt lat="36.884601" lon="-4.854673">
        <ele>377.102346</ele>
        <time>2026-05-18T12:25:12.000Z</time>
      </trkpt>
      <trkpt lat="36.884585" lon="-4.854657">
        <ele>376.947869</ele>
        <time>2026-05-18T12:25:14.000Z</time>
      </trkpt>
      <trkpt lat="36.884529" lon="-4.854604">
        <ele>376.418314</ele>
        <time>2026-05-18T12:25:19.000Z</time>
      </trkpt>
      <trkpt lat="36.884506" lon="-4.854589">
        <ele>376.222725</ele>
        <time>2026-05-18T12:25:21.000Z</time>
      </trkpt>
      <trkpt lat="36.884408" lon="-4.854529">
        <ele>375.399997</ele>
        <time>2026-05-18T12:25:29.000Z</time>
      </trkpt>
      <trkpt lat="36.884396" lon="-4.854524">
        <ele>375.304628</ele>
        <time>2026-05-18T12:25:30.000Z</time>
      </trkpt>
      <trkpt lat="36.884335" lon="-4.854496">
        <ele>374.814690</ele>
        <time>2026-05-18T12:25:37.000Z</time>
      </trkpt>
      <trkpt lat="36.884327" lon="-4.854490">
        <ele>374.744352</ele>
        <time>2026-05-18T12:25:38.000Z</time>
      </trkpt>
      <trkpt lat="36.884249" lon="-4.854421">
        <ele>374.023931</ele>
        <time>2026-05-18T12:25:45.000Z</time>
      </trkpt>
      <trkpt lat="36.884239" lon="-4.854406">
        <ele>373.906171</ele>
        <time>2026-05-18T12:25:46.000Z</time>
      </trkpt>
      <trkpt lat="36.884156" lon="-4.854318">
        <ele>373.085650</ele>
        <time>2026-05-18T12:25:54.000Z</time>
      </trkpt>
      <trkpt lat="36.884148" lon="-4.854309">
        <ele>373.004508</ele>
        <time>2026-05-18T12:25:55.000Z</time>
      </trkpt>
      <trkpt lat="36.884089" lon="-4.854254">
        <ele>372.449622</ele>
        <time>2026-05-18T12:26:01.000Z</time>
      </trkpt>
      <trkpt lat="36.884068" lon="-4.854237">
        <ele>372.260995</ele>
        <time>2026-05-18T12:26:03.000Z</time>
      </trkpt>
      <trkpt lat="36.884034" lon="-4.854203">
        <ele>371.932732</ele>
        <time>2026-05-18T12:26:07.000Z</time>
      </trkpt>
      <trkpt lat="36.883979" lon="-4.854151">
        <ele>371.412826</ele>
        <time>2026-05-18T12:26:13.000Z</time>
      </trkpt>
      <trkpt lat="36.883916" lon="-4.854075">
        <ele>370.752758</ele>
        <time>2026-05-18T12:26:20.000Z</time>
      </trkpt>
      <trkpt lat="36.883878" lon="-4.854020">
        <ele>370.314463</ele>
        <time>2026-05-18T12:26:23.000Z</time>
      </trkpt>
      <trkpt lat="36.883868" lon="-4.854005">
        <ele>370.196702</ele>
        <time>2026-05-18T12:26:24.000Z</time>
      </trkpt>
      <trkpt lat="36.883831" lon="-4.853938">
        <ele>369.705701</ele>
        <time>2026-05-18T12:26:30.000Z</time>
      </trkpt>
      <trkpt lat="36.883808" lon="-4.853895">
        <ele>369.393743</ele>
        <time>2026-05-18T12:26:34.000Z</time>
      </trkpt>
      <trkpt lat="36.883765" lon="-4.853842">
        <ele>369.000085</ele>
        <time>2026-05-18T12:26:38.000Z</time>
      </trkpt>
      <trkpt lat="36.883698" lon="-4.853756">
        <ele>368.587848</ele>
        <time>2026-05-18T12:26:45.000Z</time>
      </trkpt>
      <trkpt lat="36.883693" lon="-4.853746">
        <ele>368.547353</ele>
        <time>2026-05-18T12:26:46.000Z</time>
      </trkpt>
      <trkpt lat="36.883618" lon="-4.853649">
        <ele>368.084092</ele>
        <time>2026-05-18T12:26:55.000Z</time>
      </trkpt>
      <trkpt lat="36.883601" lon="-4.853630">
        <ele>367.986200</ele>
        <time>2026-05-18T12:27:01.000Z</time>
      </trkpt>
      <trkpt lat="36.883611" lon="-4.853622">
        <ele>367.935233</ele>
        <time>2026-05-18T12:27:09.000Z</time>
      </trkpt>
      <trkpt lat="36.883621" lon="-4.853622">
        <ele>367.892303</ele>
        <time>2026-05-18T12:27:11.000Z</time>
      </trkpt>
      <trkpt lat="36.883606" lon="-4.853600">
        <ele>367.793037</ele>
        <time>2026-05-18T12:27:16.000Z</time>
      </trkpt>
      <trkpt lat="36.883596" lon="-4.853583">
        <ele>367.720576</ele>
        <time>2026-05-18T12:27:18.000Z</time>
      </trkpt>
      <trkpt lat="36.883573" lon="-4.853559">
        <ele>367.591964</ele>
        <time>2026-05-18T12:27:21.000Z</time>
      </trkpt>
      <trkpt lat="36.883484" lon="-4.853450">
        <ele>367.057104</ele>
        <time>2026-05-18T12:27:30.000Z</time>
      </trkpt>
      <trkpt lat="36.883422" lon="-4.853335">
        <ele>366.580888</ele>
        <time>2026-05-18T12:27:38.000Z</time>
      </trkpt>
      <trkpt lat="36.883393" lon="-4.853277">
        <ele>366.346015</ele>
        <time>2026-05-18T12:27:43.000Z</time>
      </trkpt>
      <trkpt lat="36.883383" lon="-4.853256">
        <ele>366.262094</ele>
        <time>2026-05-18T12:27:45.000Z</time>
      </trkpt>
      <trkpt lat="36.883329" lon="-4.853182">
        <ele>365.918131</ele>
        <time>2026-05-18T12:27:51.000Z</time>
      </trkpt>
      <trkpt lat="36.883310" lon="-4.853148">
        <ele>365.775710</ele>
        <time>2026-05-18T12:27:57.000Z</time>
      </trkpt>
      <trkpt lat="36.883328" lon="-4.853131">
        <ele>365.678865</ele>
        <time>2026-05-18T12:28:03.000Z</time>
      </trkpt>
      <trkpt lat="36.883334" lon="-4.853119">
        <ele>365.630270</ele>
        <time>2026-05-18T12:28:05.000Z</time>
      </trkpt>
      <trkpt lat="36.883324" lon="-4.853114">
        <ele>365.584034</ele>
        <time>2026-05-18T12:28:16.000Z</time>
      </trkpt>
      <trkpt lat="36.883323" lon="-4.853117">
        <ele>365.572874</ele>
        <time>2026-05-18T12:28:19.000Z</time>
      </trkpt>
      <trkpt lat="36.883324" lon="-4.853101">
        <ele>365.517765</ele>
        <time>2026-05-18T12:28:25.000Z</time>
      </trkpt>
      <trkpt lat="36.883324" lon="-4.853106">
        <ele>365.500596</ele>
        <time>2026-05-18T12:28:28.000Z</time>
      </trkpt>
      <trkpt lat="36.883315" lon="-4.853110">
        <ele>365.459590</ele>
        <time>2026-05-18T12:28:35.000Z</time>
      </trkpt>
      <trkpt lat="36.883312" lon="-4.853113">
        <ele>365.443098</ele>
        <time>2026-05-18T12:28:36.000Z</time>
      </trkpt>
      <trkpt lat="36.883302" lon="-4.853122">
        <ele>365.390201</ele>
        <time>2026-05-18T12:28:39.000Z</time>
      </trkpt>
      <trkpt lat="36.883294" lon="-4.853123">
        <ele>365.355685</ele>
        <time>2026-05-18T12:28:41.000Z</time>
      </trkpt>
      <trkpt lat="36.883295" lon="-4.853122">
        <ele>365.350188</ele>
        <time>2026-05-18T12:28:45.000Z</time>
      </trkpt>
      <trkpt lat="36.883301" lon="-4.853129">
        <ele>365.314957</ele>
        <time>2026-05-18T12:28:51.000Z</time>
      </trkpt>
      <trkpt lat="36.883314" lon="-4.853118">
        <ele>365.247567</ele>
        <time>2026-05-18T12:28:58.000Z</time>
      </trkpt>
      <trkpt lat="36.883329" lon="-4.853118">
        <ele>365.183171</ele>
        <time>2026-05-18T12:29:06.000Z</time>
      </trkpt>
      <trkpt lat="36.883314" lon="-4.853125">
        <ele>365.114436</ele>
        <time>2026-05-18T12:29:14.000Z</time>
      </trkpt>
      <trkpt lat="36.883335" lon="-4.853136">
        <ele>365.016689</ele>
        <time>2026-05-18T12:29:23.000Z</time>
      </trkpt>
      <trkpt lat="36.883327" lon="-4.853138">
        <ele>364.981665</ele>
        <time>2026-05-18T12:29:25.000Z</time>
      </trkpt>
      <trkpt lat="36.883325" lon="-4.853078">
        <ele>364.775457</ele>
        <time>2026-05-18T12:29:34.000Z</time>
      </trkpt>
      <trkpt lat="36.883324" lon="-4.853073">
        <ele>364.757760</ele>
        <time>2026-05-18T12:29:35.000Z</time>
      </trkpt>
      <trkpt lat="36.883292" lon="-4.853088">
        <ele>364.611044</ele>
        <time>2026-05-18T12:29:40.000Z</time>
      </trkpt>
      <trkpt lat="36.883251" lon="-4.853007">
        <ele>364.281890</ele>
        <time>2026-05-18T12:29:48.000Z</time>
      </trkpt>
      <trkpt lat="36.883234" lon="-4.852913">
        <ele>363.950962</ele>
        <time>2026-05-18T12:29:55.000Z</time>
      </trkpt>
      <trkpt lat="36.883206" lon="-4.852803">
        <ele>363.554576</ele>
        <time>2026-05-18T12:30:04.000Z</time>
      </trkpt>
      <trkpt lat="36.883202" lon="-4.852798">
        <ele>363.530293</ele>
        <time>2026-05-18T12:30:05.000Z</time>
      </trkpt>
      <trkpt lat="36.883170" lon="-4.852716">
        <ele>363.216994</ele>
        <time>2026-05-18T12:30:11.000Z</time>
      </trkpt>
      <trkpt lat="36.883138" lon="-4.852648">
        <ele>362.946079</ele>
        <time>2026-05-18T12:30:18.000Z</time>
      </trkpt>
      <trkpt lat="36.883100" lon="-4.852557">
        <ele>362.593580</ele>
        <time>2026-05-18T12:30:26.000Z</time>
      </trkpt>
      <trkpt lat="36.883064" lon="-4.852475">
        <ele>362.272380</ele>
        <time>2026-05-18T12:30:33.000Z</time>
      </trkpt>
      <trkpt lat="36.883056" lon="-4.852456">
        <ele>362.198650</ele>
        <time>2026-05-18T12:30:35.000Z</time>
      </trkpt>
      <trkpt lat="36.883036" lon="-4.852414">
        <ele>362.030805</ele>
        <time>2026-05-18T12:30:38.000Z</time>
      </trkpt>
      <trkpt lat="36.883031" lon="-4.852402">
        <ele>361.984344</ele>
        <time>2026-05-18T12:30:39.000Z</time>
      </trkpt>
      <trkpt lat="36.883012" lon="-4.852359">
        <ele>361.815657</ele>
        <time>2026-05-18T12:30:43.000Z</time>
      </trkpt>
      <trkpt lat="36.883003" lon="-4.852334">
        <ele>361.721517</ele>
        <time>2026-05-18T12:30:45.000Z</time>
      </trkpt>
      <trkpt lat="36.882978" lon="-4.852208">
        <ele>361.413715</ele>
        <time>2026-05-18T12:30:53.000Z</time>
      </trkpt>
      <trkpt lat="36.882975" lon="-4.852196">
        <ele>361.441301</ele>
        <time>2026-05-18T12:30:54.000Z</time>
      </trkpt>
      <trkpt lat="36.882932" lon="-4.852092">
        <ele>361.698176</ele>
        <time>2026-05-18T12:31:02.000Z</time>
      </trkpt>
      <trkpt lat="36.882894" lon="-4.852017">
        <ele>361.892975</ele>
        <time>2026-05-18T12:31:08.000Z</time>
      </trkpt>
      <trkpt lat="36.882856" lon="-4.851903">
        <ele>362.163960</ele>
        <time>2026-05-18T12:31:15.000Z</time>
      </trkpt>
      <trkpt lat="36.882838" lon="-4.851827">
        <ele>362.337873</ele>
        <time>2026-05-18T12:31:21.000Z</time>
      </trkpt>
      <trkpt lat="36.882840" lon="-4.851721">
        <ele>362.570518</ele>
        <time>2026-05-18T12:31:29.000Z</time>
      </trkpt>
      <trkpt lat="36.882821" lon="-4.851623">
        <ele>362.791772</ele>
        <time>2026-05-18T12:31:37.000Z</time>
      </trkpt>
      <trkpt lat="36.882823" lon="-4.851549">
        <ele>362.954232</ele>
        <time>2026-05-18T12:31:41.000Z</time>
      </trkpt>
      <trkpt lat="36.882829" lon="-4.851497">
        <ele>363.069510</ele>
        <time>2026-05-18T12:31:44.000Z</time>
      </trkpt>
      <trkpt lat="36.882845" lon="-4.851378">
        <ele>363.334278</ele>
        <time>2026-05-18T12:31:51.000Z</time>
      </trkpt>
      <trkpt lat="36.882844" lon="-4.851293">
        <ele>363.520801</ele>
        <time>2026-05-18T12:31:58.000Z</time>
      </trkpt>
      <trkpt lat="36.882832" lon="-4.851180">
        <ele>363.770916</ele>
        <time>2026-05-18T12:32:06.000Z</time>
      </trkpt>
      <trkpt lat="36.882842" lon="-4.851063">
        <ele>364.029094</ele>
        <time>2026-05-18T12:32:14.000Z</time>
      </trkpt>
      <trkpt lat="36.882811" lon="-4.851005">
        <ele>364.182153</ele>
        <time>2026-05-18T12:32:19.000Z</time>
      </trkpt>
      <trkpt lat="36.882804" lon="-4.850998">
        <ele>364.206742</ele>
        <time>2026-05-18T12:32:20.000Z</time>
      </trkpt>
      <trkpt lat="36.882785" lon="-4.850980">
        <ele>364.272135</ele>
        <time>2026-05-18T12:32:22.000Z</time>
      </trkpt>
      <trkpt lat="36.882758" lon="-4.850968">
        <ele>364.350742</ele>
        <time>2026-05-18T12:32:27.000Z</time>
      </trkpt>
      <trkpt lat="36.882737" lon="-4.850953">
        <ele>364.417087</ele>
        <time>2026-05-18T12:32:30.000Z</time>
      </trkpt>
      <trkpt lat="36.882702" lon="-4.850932">
        <ele>364.523582</ele>
        <time>2026-05-18T12:32:34.000Z</time>
      </trkpt>
      <trkpt lat="36.882692" lon="-4.850927">
        <ele>364.553126</ele>
        <time>2026-05-18T12:32:35.000Z</time>
      </trkpt>
      <trkpt lat="36.882647" lon="-4.850919">
        <ele>364.677810</ele>
        <time>2026-05-18T12:32:39.000Z</time>
      </trkpt>
      <trkpt lat="36.882617" lon="-4.850916">
        <ele>364.760368</ele>
        <time>2026-05-18T12:32:41.000Z</time>
      </trkpt>
      <trkpt lat="36.882575" lon="-4.850899">
        <ele>364.881468</ele>
        <time>2026-05-18T12:32:44.000Z</time>
      </trkpt>
      <trkpt lat="36.882509" lon="-4.850853">
        <ele>365.088750</ele>
        <time>2026-05-18T12:32:51.000Z</time>
      </trkpt>
      <trkpt lat="36.882417" lon="-4.850809">
        <ele>365.358957</ele>
        <time>2026-05-18T12:33:00.000Z</time>
      </trkpt>
      <trkpt lat="36.882340" lon="-4.850745">
        <ele>365.612601</ele>
        <time>2026-05-18T12:33:08.000Z</time>
      </trkpt>
      <trkpt lat="36.882268" lon="-4.850636">
        <ele>365.922776</ele>
        <time>2026-05-18T12:33:17.000Z</time>
      </trkpt>
      <trkpt lat="36.882230" lon="-4.850547">
        <ele>366.144138</ele>
        <time>2026-05-18T12:33:23.000Z</time>
      </trkpt>
      <trkpt lat="36.882221" lon="-4.850534">
        <ele>366.181862</ele>
        <time>2026-05-18T12:33:24.000Z</time>
      </trkpt>
      <trkpt lat="36.882159" lon="-4.850450">
        <ele>366.293892</ele>
        <time>2026-05-18T12:33:31.000Z</time>
      </trkpt>
      <trkpt lat="36.882114" lon="-4.850402">
        <ele>366.293892</ele>
        <time>2026-05-18T12:33:36.000Z</time>
      </trkpt>
      <trkpt lat="36.882104" lon="-4.850394">
        <ele>366.293892</ele>
        <time>2026-05-18T12:33:37.000Z</time>
      </trkpt>
      <trkpt lat="36.882087" lon="-4.850368">
        <ele>366.293892</ele>
        <time>2026-05-18T12:33:40.000Z</time>
      </trkpt>
      <trkpt lat="36.882070" lon="-4.850344">
        <ele>366.293892</ele>
        <time>2026-05-18T12:33:42.000Z</time>
      </trkpt>
      <trkpt lat="36.882062" lon="-4.850326">
        <ele>366.293892</ele>
        <time>2026-05-18T12:33:44.000Z</time>
      </trkpt>
      <trkpt lat="36.882021" lon="-4.850271">
        <ele>366.293892</ele>
        <time>2026-05-18T12:33:49.000Z</time>
      </trkpt>
      <trkpt lat="36.882000" lon="-4.850256">
        <ele>366.293892</ele>
        <time>2026-05-18T12:33:51.000Z</time>
      </trkpt>
      <trkpt lat="36.881955" lon="-4.850215">
        <ele>366.293892</ele>
        <time>2026-05-18T12:33:56.000Z</time>
      </trkpt>
      <trkpt lat="36.881948" lon="-4.850208">
        <ele>366.293892</ele>
        <time>2026-05-18T12:33:57.000Z</time>
      </trkpt>
      <trkpt lat="36.881945" lon="-4.850202">
        <ele>366.293892</ele>
        <time>2026-05-18T12:33:58.000Z</time>
      </trkpt>
      <trkpt lat="36.881939" lon="-4.850194">
        <ele>366.293892</ele>
        <time>2026-05-18T12:33:59.000Z</time>
      </trkpt>
      <trkpt lat="36.881924" lon="-4.850181">
        <ele>366.293892</ele>
        <time>2026-05-18T12:34:01.000Z</time>
      </trkpt>
      <trkpt lat="36.881901" lon="-4.850169">
        <ele>366.293892</ele>
        <time>2026-05-18T12:34:04.000Z</time>
      </trkpt>
      <trkpt lat="36.881840" lon="-4.850128">
        <ele>366.293892</ele>
        <time>2026-05-18T12:34:09.000Z</time>
      </trkpt>
      <trkpt lat="36.881767" lon="-4.850062">
        <ele>366.293892</ele>
        <time>2026-05-18T12:34:17.000Z</time>
      </trkpt>
      <trkpt lat="36.881690" lon="-4.849981">
        <ele>366.293892</ele>
        <time>2026-05-18T12:34:25.000Z</time>
      </trkpt>
      <trkpt lat="36.881630" lon="-4.849915">
        <ele>366.293892</ele>
        <time>2026-05-18T12:34:33.000Z</time>
      </trkpt>
      <trkpt lat="36.881606" lon="-4.849895">
        <ele>366.293892</ele>
        <time>2026-05-18T12:34:35.000Z</time>
      </trkpt>
      <trkpt lat="36.881567" lon="-4.849848">
        <ele>366.293892</ele>
        <time>2026-05-18T12:34:38.000Z</time>
      </trkpt>
      <trkpt lat="36.881554" lon="-4.849818">
        <ele>366.293892</ele>
        <time>2026-05-18T12:34:43.000Z</time>
      </trkpt>
      <trkpt lat="36.881560" lon="-4.849811">
        <ele>366.293892</ele>
        <time>2026-05-18T12:34:45.000Z</time>
      </trkpt>
      <trkpt lat="36.881500" lon="-4.849705">
        <ele>366.293892</ele>
        <time>2026-05-18T12:34:51.000Z</time>
      </trkpt>
      <trkpt lat="36.881484" lon="-4.849705">
        <ele>366.293892</ele>
        <time>2026-05-18T12:34:52.000Z</time>
      </trkpt>
      <trkpt lat="36.881466" lon="-4.849706">
        <ele>366.293892</ele>
        <time>2026-05-18T12:34:53.000Z</time>
      </trkpt>
      <trkpt lat="36.881425" lon="-4.849676">
        <ele>366.293892</ele>
        <time>2026-05-18T12:34:56.000Z</time>
      </trkpt>
      <trkpt lat="36.881381" lon="-4.849614">
        <ele>366.293892</ele>
        <time>2026-05-18T12:35:02.000Z</time>
      </trkpt>
      <trkpt lat="36.881330" lon="-4.849543">
        <ele>366.293892</ele>
        <time>2026-05-18T12:35:10.000Z</time>
      </trkpt>
      <trkpt lat="36.881270" lon="-4.849445">
        <ele>366.293892</ele>
        <time>2026-05-18T12:35:18.000Z</time>
      </trkpt>
      <trkpt lat="36.881261" lon="-4.849430">
        <ele>366.293892</ele>
        <time>2026-05-18T12:35:19.000Z</time>
      </trkpt>
      <trkpt lat="36.881228" lon="-4.849420">
        <ele>366.293892</ele>
        <time>2026-05-18T12:35:26.000Z</time>
      </trkpt>
      <trkpt lat="36.881217" lon="-4.849417">
        <ele>366.293892</ele>
        <time>2026-05-18T12:35:27.000Z</time>
      </trkpt>
      <trkpt lat="36.881184" lon="-4.849383">
        <ele>366.293892</ele>
        <time>2026-05-18T12:35:32.000Z</time>
      </trkpt>
      <trkpt lat="36.881182" lon="-4.849356">
        <ele>366.293892</ele>
        <time>2026-05-18T12:35:35.000Z</time>
      </trkpt>
      <trkpt lat="36.881182" lon="-4.849293">
        <ele>366.293892</ele>
        <time>2026-05-18T12:35:39.000Z</time>
      </trkpt>
      <trkpt lat="36.881190" lon="-4.849203">
        <ele>366.293892</ele>
        <time>2026-05-18T12:35:45.000Z</time>
      </trkpt>
      <trkpt lat="36.881193" lon="-4.849180">
        <ele>366.293892</ele>
        <time>2026-05-18T12:35:47.000Z</time>
      </trkpt>
      <trkpt lat="36.881186" lon="-4.849133">
        <ele>366.293892</ele>
        <time>2026-05-18T12:35:50.000Z</time>
      </trkpt>
      <trkpt lat="36.881179" lon="-4.849113">
        <ele>366.293892</ele>
        <time>2026-05-18T12:35:52.000Z</time>
      </trkpt>
      <trkpt lat="36.881166" lon="-4.849065">
        <ele>366.293892</ele>
        <time>2026-05-18T12:35:56.000Z</time>
      </trkpt>
      <trkpt lat="36.881159" lon="-4.849039">
        <ele>366.293892</ele>
        <time>2026-05-18T12:35:58.000Z</time>
      </trkpt>
      <trkpt lat="36.881145" lon="-4.848995">
        <ele>366.293892</ele>
        <time>2026-05-18T12:36:01.000Z</time>
      </trkpt>
      <trkpt lat="36.881130" lon="-4.848970">
        <ele>366.293892</ele>
        <time>2026-05-18T12:36:04.000Z</time>
      </trkpt>
      <trkpt lat="36.881120" lon="-4.848953">
        <ele>366.293892</ele>
        <time>2026-05-18T12:36:07.000Z</time>
      </trkpt>
      <trkpt lat="36.881096" lon="-4.848908">
        <ele>366.293892</ele>
        <time>2026-05-18T12:36:12.000Z</time>
      </trkpt>
      <trkpt lat="36.881091" lon="-4.848898">
        <ele>366.293892</ele>
        <time>2026-05-18T12:36:13.000Z</time>
      </trkpt>
      <trkpt lat="36.881059" lon="-4.848841">
        <ele>366.293892</ele>
        <time>2026-05-18T12:36:19.000Z</time>
      </trkpt>
      <trkpt lat="36.881047" lon="-4.848835">
        <ele>366.293892</ele>
        <time>2026-05-18T12:36:20.000Z</time>
      </trkpt>
      <trkpt lat="36.881035" lon="-4.848830">
        <ele>366.293892</ele>
        <time>2026-05-18T12:36:21.000Z</time>
      </trkpt>
      <trkpt lat="36.881031" lon="-4.848828">
        <ele>366.293892</ele>
        <time>2026-05-18T12:36:22.000Z</time>
      </trkpt>
      <trkpt lat="36.880986" lon="-4.848851">
        <ele>366.293892</ele>
        <time>2026-05-18T12:36:26.000Z</time>
      </trkpt>
      <trkpt lat="36.880966" lon="-4.848867">
        <ele>366.293892</ele>
        <time>2026-05-18T12:36:28.000Z</time>
      </trkpt>
      <trkpt lat="36.880966" lon="-4.848867">
        <ele>366.293892</ele>
        <time>2026-05-18T12:36:30.000Z</time>
      </trkpt>
    </trkseg>
  </trk>
</gpx>