<?xml version='1.0' encoding='UTF-8'?>
<gpx version="1.1" creator="https://www.komoot.de" xmlns="http://www.topografix.com/GPX/1/1" xmlns:xsi="http://www.w3.org/2001/XMLSchema-instance" xsi:schemaLocation="http://www.topografix.com/GPX/1/1 http://www.topografix.com/GPX/1/1/gpx.xsd">
  <metadata>
    <name>06 - Valle de Abdalajis - Antequera</name>
    <author>
      <link href="https://www.komoot.de">
        <text>komoot</text>
        <type>text/html</type>
      </link>
    </author>
  </metadata>
  <trk>
    <name>06 - Valle de Abdalajis - Antequera</name>
    <trkseg>
      <trkpt lat="36.931970" lon="-4.682411">
        <ele>353.077677</ele>
        <time>2026-05-22T08:33:09.000Z</time>
      </trkpt>
      <trkpt lat="36.931970" lon="-4.682411">
        <ele>353.077677</ele>
        <time>2026-05-22T08:33:33.000Z</time>
      </trkpt>
      <trkpt lat="36.931970" lon="-4.682411">
        <ele>353.077677</ele>
        <time>2026-05-22T08:43:06.000Z</time>
      </trkpt>
      <trkpt lat="36.931970" lon="-4.682411">
        <ele>353.077677</ele>
        <time>2026-05-22T08:43:17.000Z</time>
      </trkpt>
      <trkpt lat="36.931970" lon="-4.682411">
        <ele>353.077677</ele>
        <time>2026-05-22T08:43:22.000Z</time>
      </trkpt>
      <trkpt lat="36.931994" lon="-4.682427">
        <ele>353.077677</ele>
        <time>2026-05-22T08:43:28.000Z</time>
      </trkpt>
      <trkpt lat="36.932020" lon="-4.682386">
        <ele>353.077677</ele>
        <time>2026-05-22T08:43:34.000Z</time>
      </trkpt>
      <trkpt lat="36.932087" lon="-4.682326">
        <ele>353.077677</ele>
        <time>2026-05-22T08:43:43.000Z</time>
      </trkpt>
      <trkpt lat="36.932119" lon="-4.682301">
        <ele>353.077677</ele>
        <time>2026-05-22T08:43:49.000Z</time>
      </trkpt>
      <trkpt lat="36.932126" lon="-4.682298">
        <ele>353.077677</ele>
        <time>2026-05-22T08:43:53.000Z</time>
      </trkpt>
      <trkpt lat="36.932126" lon="-4.682309">
        <ele>353.077677</ele>
        <time>2026-05-22T08:43:56.000Z</time>
      </trkpt>
      <trkpt lat="36.932122" lon="-4.682332">
        <ele>353.077677</ele>
        <time>2026-05-22T08:44:01.000Z</time>
      </trkpt>
      <trkpt lat="36.932123" lon="-4.682336">
        <ele>353.077677</ele>
        <time>2026-05-22T08:44:02.000Z</time>
      </trkpt>
      <trkpt lat="36.932120" lon="-4.682340">
        <ele>353.077677</ele>
        <time>2026-05-22T08:44:03.000Z</time>
      </trkpt>
      <trkpt lat="36.932119" lon="-4.682342">
        <ele>353.077677</ele>
        <time>2026-05-22T08:44:04.000Z</time>
      </trkpt>
      <trkpt lat="36.932087" lon="-4.682300">
        <ele>353.077677</ele>
        <time>2026-05-22T08:44:14.000Z</time>
      </trkpt>
      <trkpt lat="36.932099" lon="-4.682268">
        <ele>353.077677</ele>
        <time>2026-05-22T08:44:19.000Z</time>
      </trkpt>
      <trkpt lat="36.932122" lon="-4.682259">
        <ele>353.077677</ele>
        <time>2026-05-22T08:44:21.000Z</time>
      </trkpt>
      <trkpt lat="36.932138" lon="-4.682247">
        <ele>353.077677</ele>
        <time>2026-05-22T08:44:23.000Z</time>
      </trkpt>
      <trkpt lat="36.932177" lon="-4.682228">
        <ele>353.077677</ele>
        <time>2026-05-22T08:44:26.000Z</time>
      </trkpt>
      <trkpt lat="36.932202" lon="-4.682221">
        <ele>353.077677</ele>
        <time>2026-05-22T08:44:29.000Z</time>
      </trkpt>
      <trkpt lat="36.932232" lon="-4.682227">
        <ele>353.077677</ele>
        <time>2026-05-22T08:44:34.000Z</time>
      </trkpt>
      <trkpt lat="36.932296" lon="-4.682312">
        <ele>353.077677</ele>
        <time>2026-05-22T08:44:43.000Z</time>
      </trkpt>
      <trkpt lat="36.932311" lon="-4.682304">
        <ele>353.077677</ele>
        <time>2026-05-22T08:44:48.000Z</time>
      </trkpt>
      <trkpt lat="36.932336" lon="-4.682292">
        <ele>353.077677</ele>
        <time>2026-05-22T08:44:50.000Z</time>
      </trkpt>
      <trkpt lat="36.932406" lon="-4.682224">
        <ele>353.077677</ele>
        <time>2026-05-22T08:44:55.000Z</time>
      </trkpt>
      <trkpt lat="36.932438" lon="-4.682173">
        <ele>353.077677</ele>
        <time>2026-05-22T08:44:57.000Z</time>
      </trkpt>
      <trkpt lat="36.932467" lon="-4.682139">
        <ele>353.077677</ele>
        <time>2026-05-22T08:45:00.000Z</time>
      </trkpt>
      <trkpt lat="36.932486" lon="-4.682114">
        <ele>353.077677</ele>
        <time>2026-05-22T08:45:03.000Z</time>
      </trkpt>
      <trkpt lat="36.932517" lon="-4.682088">
        <ele>353.077677</ele>
        <time>2026-05-22T08:45:06.000Z</time>
      </trkpt>
      <trkpt lat="36.932555" lon="-4.682052">
        <ele>353.077677</ele>
        <time>2026-05-22T08:45:10.000Z</time>
      </trkpt>
      <trkpt lat="36.932610" lon="-4.682033">
        <ele>353.035850</ele>
        <time>2026-05-22T08:45:15.000Z</time>
      </trkpt>
      <trkpt lat="36.932635" lon="-4.682022">
        <ele>353.005008</ele>
        <time>2026-05-22T08:45:17.000Z</time>
      </trkpt>
      <trkpt lat="36.932659" lon="-4.682015">
        <ele>352.976327</ele>
        <time>2026-05-22T08:45:19.000Z</time>
      </trkpt>
      <trkpt lat="36.932670" lon="-4.682014">
        <ele>352.963492</ele>
        <time>2026-05-22T08:45:20.000Z</time>
      </trkpt>
      <trkpt lat="36.932748" lon="-4.681968">
        <ele>352.863135</ele>
        <time>2026-05-22T08:45:26.000Z</time>
      </trkpt>
      <trkpt lat="36.932812" lon="-4.681899">
        <ele>352.764809</ele>
        <time>2026-05-22T08:45:34.000Z</time>
      </trkpt>
      <trkpt lat="36.932824" lon="-4.681897">
        <ele>352.750720</ele>
        <time>2026-05-22T08:45:35.000Z</time>
      </trkpt>
      <trkpt lat="36.932835" lon="-4.681891">
        <ele>352.736755</ele>
        <time>2026-05-22T08:45:36.000Z</time>
      </trkpt>
      <trkpt lat="36.932850" lon="-4.681883">
        <ele>352.717778</ele>
        <time>2026-05-22T08:45:37.000Z</time>
      </trkpt>
      <trkpt lat="36.932913" lon="-4.681845">
        <ele>352.636381</ele>
        <time>2026-05-22T08:45:43.000Z</time>
      </trkpt>
      <trkpt lat="36.932970" lon="-4.681799">
        <ele>352.557440</ele>
        <time>2026-05-22T08:45:48.000Z</time>
      </trkpt>
      <trkpt lat="36.933024" lon="-4.681751">
        <ele>352.480347</ele>
        <time>2026-05-22T08:45:53.000Z</time>
      </trkpt>
      <trkpt lat="36.933078" lon="-4.681720">
        <ele>352.411201</ele>
        <time>2026-05-22T08:45:58.000Z</time>
      </trkpt>
      <trkpt lat="36.933107" lon="-4.681690">
        <ele>352.367407</ele>
        <time>2026-05-22T08:46:01.000Z</time>
      </trkpt>
      <trkpt lat="36.933127" lon="-4.681680">
        <ele>352.342341</ele>
        <time>2026-05-22T08:46:02.000Z</time>
      </trkpt>
      <trkpt lat="36.933168" lon="-4.681645">
        <ele>352.284575</ele>
        <time>2026-05-22T08:46:05.000Z</time>
      </trkpt>
      <trkpt lat="36.933160" lon="-4.681604">
        <ele>352.245314</ele>
        <time>2026-05-22T08:46:08.000Z</time>
      </trkpt>
      <trkpt lat="36.933153" lon="-4.681512">
        <ele>352.159343</ele>
        <time>2026-05-22T08:46:12.000Z</time>
      </trkpt>
      <trkpt lat="36.933158" lon="-4.681468">
        <ele>352.117999</ele>
        <time>2026-05-22T08:46:15.000Z</time>
      </trkpt>
      <trkpt lat="36.933163" lon="-4.681462">
        <ele>352.109936</ele>
        <time>2026-05-22T08:46:16.000Z</time>
      </trkpt>
      <trkpt lat="36.933219" lon="-4.681408">
        <ele>352.027650</ele>
        <time>2026-05-22T08:46:22.000Z</time>
      </trkpt>
      <trkpt lat="36.933231" lon="-4.681398">
        <ele>352.010870</ele>
        <time>2026-05-22T08:46:23.000Z</time>
      </trkpt>
      <trkpt lat="36.933240" lon="-4.681390">
        <ele>351.998021</ele>
        <time>2026-05-22T08:46:24.000Z</time>
      </trkpt>
      <trkpt lat="36.933257" lon="-4.681372">
        <ele>351.972102</ele>
        <time>2026-05-22T08:46:26.000Z</time>
      </trkpt>
      <trkpt lat="36.933334" lon="-4.681317">
        <ele>351.868912</ele>
        <time>2026-05-22T08:46:33.000Z</time>
      </trkpt>
      <trkpt lat="36.933344" lon="-4.681308">
        <ele>351.854575</ele>
        <time>2026-05-22T08:46:34.000Z</time>
      </trkpt>
      <trkpt lat="36.933408" lon="-4.681271">
        <ele>351.772524</ele>
        <time>2026-05-22T08:46:41.000Z</time>
      </trkpt>
      <trkpt lat="36.933446" lon="-4.681237">
        <ele>351.718153</ele>
        <time>2026-05-22T08:46:46.000Z</time>
      </trkpt>
      <trkpt lat="36.933459" lon="-4.681191">
        <ele>351.672765</ele>
        <time>2026-05-22T08:46:49.000Z</time>
      </trkpt>
      <trkpt lat="36.933493" lon="-4.681106">
        <ele>351.584345</ele>
        <time>2026-05-22T08:46:54.000Z</time>
      </trkpt>
      <trkpt lat="36.933499" lon="-4.681083">
        <ele>351.561838</ele>
        <time>2026-05-22T08:46:56.000Z</time>
      </trkpt>
      <trkpt lat="36.933559" lon="-4.680999">
        <ele>351.457042</ele>
        <time>2026-05-22T08:47:05.000Z</time>
      </trkpt>
      <trkpt lat="36.933598" lon="-4.680964">
        <ele>351.401184</ele>
        <time>2026-05-22T08:47:08.000Z</time>
      </trkpt>
      <trkpt lat="36.933652" lon="-4.680916">
        <ele>351.324091</ele>
        <time>2026-05-22T08:47:13.000Z</time>
      </trkpt>
      <trkpt lat="36.933660" lon="-4.680907">
        <ele>351.311570</ele>
        <time>2026-05-22T08:47:14.000Z</time>
      </trkpt>
      <trkpt lat="36.933729" lon="-4.680819">
        <ele>351.196896</ele>
        <time>2026-05-22T08:47:22.000Z</time>
      </trkpt>
      <trkpt lat="36.933794" lon="-4.680742">
        <ele>351.092717</ele>
        <time>2026-05-22T08:47:28.000Z</time>
      </trkpt>
      <trkpt lat="36.933828" lon="-4.680709">
        <ele>351.042636</ele>
        <time>2026-05-22T08:47:32.000Z</time>
      </trkpt>
      <trkpt lat="36.933917" lon="-4.680627">
        <ele>350.607182</ele>
        <time>2026-05-22T08:47:42.000Z</time>
      </trkpt>
      <trkpt lat="36.933992" lon="-4.680510">
        <ele>349.859802</ele>
        <time>2026-05-22T08:47:52.000Z</time>
      </trkpt>
      <trkpt lat="36.934054" lon="-4.680466">
        <ele>349.415410</ele>
        <time>2026-05-22T08:47:58.000Z</time>
      </trkpt>
      <trkpt lat="36.934101" lon="-4.680457">
        <ele>349.118981</ele>
        <time>2026-05-22T08:48:02.000Z</time>
      </trkpt>
      <trkpt lat="36.934193" lon="-4.680407">
        <ele>348.493634</ele>
        <time>2026-05-22T08:48:10.000Z</time>
      </trkpt>
      <trkpt lat="36.934221" lon="-4.680384">
        <ele>348.284806</ele>
        <time>2026-05-22T08:48:13.000Z</time>
      </trkpt>
      <trkpt lat="36.934232" lon="-4.680377">
        <ele>348.207866</ele>
        <time>2026-05-22T08:48:14.000Z</time>
      </trkpt>
      <trkpt lat="36.934287" lon="-4.680352">
        <ele>347.843044</ele>
        <time>2026-05-22T08:48:19.000Z</time>
      </trkpt>
      <trkpt lat="36.934333" lon="-4.680331">
        <ele>347.537765</ele>
        <time>2026-05-22T08:48:23.000Z</time>
      </trkpt>
      <trkpt lat="36.934419" lon="-4.680288">
        <ele>346.960373</ele>
        <time>2026-05-22T08:48:32.000Z</time>
      </trkpt>
      <trkpt lat="36.934476" lon="-4.680240">
        <ele>346.532008</ele>
        <time>2026-05-22T08:48:38.000Z</time>
      </trkpt>
      <trkpt lat="36.934491" lon="-4.680228">
        <ele>346.421007</ele>
        <time>2026-05-22T08:48:40.000Z</time>
      </trkpt>
      <trkpt lat="36.934565" lon="-4.680163">
        <ele>345.857306</ele>
        <time>2026-05-22T08:48:48.000Z</time>
      </trkpt>
      <trkpt lat="36.934576" lon="-4.680156">
        <ele>345.780366</ele>
        <time>2026-05-22T08:48:49.000Z</time>
      </trkpt>
      <trkpt lat="36.934641" lon="-4.680117">
        <ele>345.330936</ele>
        <time>2026-05-22T08:48:55.000Z</time>
      </trkpt>
      <trkpt lat="36.934672" lon="-4.680095">
        <ele>345.108741</ele>
        <time>2026-05-22T08:48:58.000Z</time>
      </trkpt>
      <trkpt lat="36.934679" lon="-4.680088">
        <ele>345.052872</ele>
        <time>2026-05-22T08:48:59.000Z</time>
      </trkpt>
      <trkpt lat="36.934702" lon="-4.680070">
        <ele>344.883736</ele>
        <time>2026-05-22T08:49:03.000Z</time>
      </trkpt>
      <trkpt lat="36.934721" lon="-4.680066">
        <ele>344.763617</ele>
        <time>2026-05-22T08:49:05.000Z</time>
      </trkpt>
      <trkpt lat="36.934765" lon="-4.680062">
        <ele>344.488581</ele>
        <time>2026-05-22T08:49:08.000Z</time>
      </trkpt>
      <trkpt lat="36.934824" lon="-4.680048">
        <ele>344.114194</ele>
        <time>2026-05-22T08:49:13.000Z</time>
      </trkpt>
      <trkpt lat="36.934846" lon="-4.680045">
        <ele>343.976226</ele>
        <time>2026-05-22T08:49:14.000Z</time>
      </trkpt>
      <trkpt lat="36.934858" lon="-4.680025">
        <ele>343.851606</ele>
        <time>2026-05-22T08:49:18.000Z</time>
      </trkpt>
      <trkpt lat="36.934864" lon="-4.680037">
        <ele>343.781071</ele>
        <time>2026-05-22T08:49:22.000Z</time>
      </trkpt>
      <trkpt lat="36.934868" lon="-4.680044">
        <ele>343.738191</ele>
        <time>2026-05-22T08:49:23.000Z</time>
      </trkpt>
      <trkpt lat="36.934877" lon="-4.680074">
        <ele>343.578510</ele>
        <time>2026-05-22T08:49:26.000Z</time>
      </trkpt>
      <trkpt lat="36.934893" lon="-4.680111">
        <ele>343.368876</ele>
        <time>2026-05-22T08:49:29.000Z</time>
      </trkpt>
      <trkpt lat="36.934975" lon="-4.680189">
        <ele>342.726670</ele>
        <time>2026-05-22T08:49:38.000Z</time>
      </trkpt>
      <trkpt lat="36.935036" lon="-4.680264">
        <ele>342.193462</ele>
        <time>2026-05-22T08:49:47.000Z</time>
      </trkpt>
      <trkpt lat="36.935133" lon="-4.680270">
        <ele>341.587987</ele>
        <time>2026-05-22T08:49:54.000Z</time>
      </trkpt>
      <trkpt lat="36.935203" lon="-4.680221">
        <ele>341.087913</ele>
        <time>2026-05-22T08:49:58.000Z</time>
      </trkpt>
      <trkpt lat="36.935292" lon="-4.680171">
        <ele>340.479676</ele>
        <time>2026-05-22T08:50:01.000Z</time>
      </trkpt>
      <trkpt lat="36.935367" lon="-4.680144">
        <ele>339.993124</ele>
        <time>2026-05-22T08:50:05.000Z</time>
      </trkpt>
      <trkpt lat="36.935417" lon="-4.680148">
        <ele>339.763913</ele>
        <time>2026-05-22T08:50:08.000Z</time>
      </trkpt>
      <trkpt lat="36.935550" lon="-4.680162">
        <ele>339.698717</ele>
        <time>2026-05-22T08:50:15.000Z</time>
      </trkpt>
      <trkpt lat="36.935580" lon="-4.680167">
        <ele>339.683933</ele>
        <time>2026-05-22T08:50:17.000Z</time>
      </trkpt>
      <trkpt lat="36.935650" lon="-4.680167">
        <ele>339.649740</ele>
        <time>2026-05-22T08:50:24.000Z</time>
      </trkpt>
      <trkpt lat="36.935661" lon="-4.680165">
        <ele>339.644311</ele>
        <time>2026-05-22T08:50:25.000Z</time>
      </trkpt>
      <trkpt lat="36.935716" lon="-4.680161">
        <ele>339.617399</ele>
        <time>2026-05-22T08:50:29.000Z</time>
      </trkpt>
      <trkpt lat="36.935805" lon="-4.680169">
        <ele>339.573813</ele>
        <time>2026-05-22T08:50:34.000Z</time>
      </trkpt>
      <trkpt lat="36.935881" lon="-4.680189">
        <ele>339.535877</ele>
        <time>2026-05-22T08:50:42.000Z</time>
      </trkpt>
      <trkpt lat="36.935982" lon="-4.680213">
        <ele>339.485659</ele>
        <time>2026-05-22T08:50:50.000Z</time>
      </trkpt>
      <trkpt lat="36.936006" lon="-4.680206">
        <ele>339.473621</ele>
        <time>2026-05-22T08:50:52.000Z</time>
      </trkpt>
      <trkpt lat="36.936123" lon="-4.680160">
        <ele>339.413714</ele>
        <time>2026-05-22T08:51:00.000Z</time>
      </trkpt>
      <trkpt lat="36.936180" lon="-4.680109">
        <ele>339.379484</ele>
        <time>2026-05-22T08:51:08.000Z</time>
      </trkpt>
      <trkpt lat="36.936251" lon="-4.680063">
        <ele>339.340428</ele>
        <time>2026-05-22T08:51:16.000Z</time>
      </trkpt>
      <trkpt lat="36.936375" lon="-4.680004">
        <ele>339.275624</ele>
        <time>2026-05-22T08:51:25.000Z</time>
      </trkpt>
      <trkpt lat="36.936421" lon="-4.679896">
        <ele>339.227844</ele>
        <time>2026-05-22T08:51:34.000Z</time>
      </trkpt>
      <trkpt lat="36.936485" lon="-4.679844">
        <ele>339.190568</ele>
        <time>2026-05-22T08:51:42.000Z</time>
      </trkpt>
      <trkpt lat="36.936503" lon="-4.679837">
        <ele>339.181360</ele>
        <time>2026-05-22T08:51:44.000Z</time>
      </trkpt>
      <trkpt lat="36.936559" lon="-4.679827">
        <ele>339.153728</ele>
        <time>2026-05-22T08:51:48.000Z</time>
      </trkpt>
      <trkpt lat="36.936628" lon="-4.679845">
        <ele>339.119299</ele>
        <time>2026-05-22T08:51:53.000Z</time>
      </trkpt>
      <trkpt lat="36.936670" lon="-4.679873">
        <ele>339.096052</ele>
        <time>2026-05-22T08:51:58.000Z</time>
      </trkpt>
      <trkpt lat="36.936682" lon="-4.679887">
        <ele>339.088037</ele>
        <time>2026-05-22T08:52:01.000Z</time>
      </trkpt>
      <trkpt lat="36.936706" lon="-4.679905">
        <ele>339.074369</ele>
        <time>2026-05-22T08:52:04.000Z</time>
      </trkpt>
      <trkpt lat="36.936757" lon="-4.679943">
        <ele>339.045373</ele>
        <time>2026-05-22T08:52:09.000Z</time>
      </trkpt>
      <trkpt lat="36.936774" lon="-4.679949">
        <ele>339.036745</ele>
        <time>2026-05-22T08:52:10.000Z</time>
      </trkpt>
      <trkpt lat="36.936886" lon="-4.679957">
        <ele>338.981947</ele>
        <time>2026-05-22T08:52:19.000Z</time>
      </trkpt>
      <trkpt lat="36.937009" lon="-4.679950">
        <ele>338.921803</ele>
        <time>2026-05-22T08:52:29.000Z</time>
      </trkpt>
      <trkpt lat="36.937118" lon="-4.679938">
        <ele>339.632531</ele>
        <time>2026-05-22T08:52:37.000Z</time>
      </trkpt>
      <trkpt lat="36.937165" lon="-4.679915">
        <ele>340.391511</ele>
        <time>2026-05-22T08:52:42.000Z</time>
      </trkpt>
      <trkpt lat="36.937212" lon="-4.679894">
        <ele>341.142068</ele>
        <time>2026-05-22T08:52:46.000Z</time>
      </trkpt>
      <trkpt lat="36.937238" lon="-4.679887">
        <ele>341.542033</ele>
        <time>2026-05-22T08:52:49.000Z</time>
      </trkpt>
      <trkpt lat="36.937251" lon="-4.679880">
        <ele>341.754879</ele>
        <time>2026-05-22T08:52:50.000Z</time>
      </trkpt>
      <trkpt lat="36.937284" lon="-4.679881">
        <ele>342.251311</ele>
        <time>2026-05-22T08:52:53.000Z</time>
      </trkpt>
      <trkpt lat="36.937325" lon="-4.679884">
        <ele>342.868964</ele>
        <time>2026-05-22T08:52:56.000Z</time>
      </trkpt>
      <trkpt lat="36.937337" lon="-4.679884">
        <ele>343.049432</ele>
        <time>2026-05-22T08:52:57.000Z</time>
      </trkpt>
      <trkpt lat="36.937357" lon="-4.679882">
        <ele>343.351171</ele>
        <time>2026-05-22T08:52:59.000Z</time>
      </trkpt>
      <trkpt lat="36.937439" lon="-4.679863">
        <ele>344.605340</ele>
        <time>2026-05-22T08:53:05.000Z</time>
      </trkpt>
      <trkpt lat="36.937461" lon="-4.679860">
        <ele>344.938158</ele>
        <time>2026-05-22T08:53:07.000Z</time>
      </trkpt>
      <trkpt lat="36.937511" lon="-4.679874">
        <ele>345.708709</ele>
        <time>2026-05-22T08:53:15.000Z</time>
      </trkpt>
      <trkpt lat="36.937537" lon="-4.679873">
        <ele>346.099908</ele>
        <time>2026-05-22T08:53:18.000Z</time>
      </trkpt>
      <trkpt lat="36.937562" lon="-4.679870">
        <ele>346.477609</ele>
        <time>2026-05-22T08:53:21.000Z</time>
      </trkpt>
      <trkpt lat="36.937573" lon="-4.679867">
        <ele>346.646923</ele>
        <time>2026-05-22T08:53:22.000Z</time>
      </trkpt>
      <trkpt lat="36.937586" lon="-4.679863">
        <ele>346.848255</ele>
        <time>2026-05-22T08:53:23.000Z</time>
      </trkpt>
      <trkpt lat="36.937647" lon="-4.679852">
        <ele>347.775115</ele>
        <time>2026-05-22T08:53:28.000Z</time>
      </trkpt>
      <trkpt lat="36.937667" lon="-4.679852">
        <ele>348.075895</ele>
        <time>2026-05-22T08:53:30.000Z</time>
      </trkpt>
      <trkpt lat="36.937715" lon="-4.679836">
        <ele>348.822948</ele>
        <time>2026-05-22T08:53:34.000Z</time>
      </trkpt>
      <trkpt lat="36.937741" lon="-4.679822">
        <ele>349.248639</ele>
        <time>2026-05-22T08:53:36.000Z</time>
      </trkpt>
      <trkpt lat="36.937775" lon="-4.679793">
        <ele>349.867487</ele>
        <time>2026-05-22T08:53:41.000Z</time>
      </trkpt>
      <trkpt lat="36.937779" lon="-4.679790">
        <ele>349.937624</ele>
        <time>2026-05-22T08:53:42.000Z</time>
      </trkpt>
      <trkpt lat="36.937802" lon="-4.679757">
        <ele>350.463929</ele>
        <time>2026-05-22T08:53:45.000Z</time>
      </trkpt>
      <trkpt lat="36.937819" lon="-4.679719">
        <ele>350.987389</ele>
        <time>2026-05-22T08:53:48.000Z</time>
      </trkpt>
      <trkpt lat="36.937827" lon="-4.679670">
        <ele>351.588555</ele>
        <time>2026-05-22T08:53:52.000Z</time>
      </trkpt>
      <trkpt lat="36.937839" lon="-4.679618">
        <ele>352.239152</ele>
        <time>2026-05-22T08:53:56.000Z</time>
      </trkpt>
      <trkpt lat="36.937843" lon="-4.679594">
        <ele>352.533849</ele>
        <time>2026-05-22T08:53:59.000Z</time>
      </trkpt>
      <trkpt lat="36.937859" lon="-4.679538">
        <ele>353.248711</ele>
        <time>2026-05-22T08:54:04.000Z</time>
      </trkpt>
      <trkpt lat="36.937871" lon="-4.679499">
        <ele>353.751046</ele>
        <time>2026-05-22T08:54:07.000Z</time>
      </trkpt>
      <trkpt lat="36.937880" lon="-4.679469">
        <ele>354.136225</ele>
        <time>2026-05-22T08:54:12.000Z</time>
      </trkpt>
      <trkpt lat="36.937880" lon="-4.679472">
        <ele>354.172287</ele>
        <time>2026-05-22T08:54:16.000Z</time>
      </trkpt>
      <trkpt lat="36.937882" lon="-4.679477">
        <ele>354.239495</ele>
        <time>2026-05-22T08:54:20.000Z</time>
      </trkpt>
      <trkpt lat="36.937882" lon="-4.679487">
        <ele>354.359700</ele>
        <time>2026-05-22T08:54:24.000Z</time>
      </trkpt>
      <trkpt lat="36.937879" lon="-4.679495">
        <ele>354.465922</ele>
        <time>2026-05-22T08:54:26.000Z</time>
      </trkpt>
      <trkpt lat="36.937886" lon="-4.679492">
        <ele>354.577200</ele>
        <time>2026-05-22T08:54:28.000Z</time>
      </trkpt>
      <trkpt lat="36.937894" lon="-4.679472">
        <ele>354.846034</ele>
        <time>2026-05-22T08:54:30.000Z</time>
      </trkpt>
      <trkpt lat="36.937901" lon="-4.679459">
        <ele>355.034453</ele>
        <time>2026-05-22T08:54:31.000Z</time>
      </trkpt>
      <trkpt lat="36.937922" lon="-4.679405">
        <ele>355.756312</ele>
        <time>2026-05-22T08:54:36.000Z</time>
      </trkpt>
      <trkpt lat="36.937932" lon="-4.679389">
        <ele>356.000457</ele>
        <time>2026-05-22T08:54:39.000Z</time>
      </trkpt>
      <trkpt lat="36.937936" lon="-4.679374">
        <ele>356.190535</ele>
        <time>2026-05-22T08:54:41.000Z</time>
      </trkpt>
      <trkpt lat="36.937959" lon="-4.679277">
        <ele>357.406745</ele>
        <time>2026-05-22T08:54:48.000Z</time>
      </trkpt>
      <trkpt lat="36.937961" lon="-4.679261">
        <ele>357.601411</ele>
        <time>2026-05-22T08:54:49.000Z</time>
      </trkpt>
      <trkpt lat="36.937964" lon="-4.679243">
        <ele>357.822433</ele>
        <time>2026-05-22T08:54:51.000Z</time>
      </trkpt>
      <trkpt lat="36.937964" lon="-4.679233">
        <ele>357.942638</ele>
        <time>2026-05-22T08:54:52.000Z</time>
      </trkpt>
      <trkpt lat="36.937969" lon="-4.679183">
        <ele>358.548347</ele>
        <time>2026-05-22T08:54:57.000Z</time>
      </trkpt>
      <trkpt lat="36.937977" lon="-4.679167">
        <ele>358.775206</ele>
        <time>2026-05-22T08:54:59.000Z</time>
      </trkpt>
      <trkpt lat="36.938009" lon="-4.679102">
        <ele>359.692853</ele>
        <time>2026-05-22T08:55:06.000Z</time>
      </trkpt>
      <trkpt lat="36.938014" lon="-4.679091">
        <ele>359.844964</ele>
        <time>2026-05-22T08:55:07.000Z</time>
      </trkpt>
      <trkpt lat="36.938029" lon="-4.679032">
        <ele>360.589184</ele>
        <time>2026-05-22T08:55:11.000Z</time>
      </trkpt>
      <trkpt lat="36.938029" lon="-4.679019">
        <ele>360.745450</ele>
        <time>2026-05-22T08:55:12.000Z</time>
      </trkpt>
      <trkpt lat="36.938028" lon="-4.679009">
        <ele>360.866592</ele>
        <time>2026-05-22T08:55:13.000Z</time>
      </trkpt>
      <trkpt lat="36.938027" lon="-4.679000">
        <ele>360.975817</ele>
        <time>2026-05-22T08:55:14.000Z</time>
      </trkpt>
      <trkpt lat="36.938027" lon="-4.678996">
        <ele>361.023898</ele>
        <time>2026-05-22T08:55:15.000Z</time>
      </trkpt>
      <trkpt lat="36.938013" lon="-4.678976">
        <ele>361.343470</ele>
        <time>2026-05-22T08:55:20.000Z</time>
      </trkpt>
      <trkpt lat="36.938006" lon="-4.678978">
        <ele>361.451454</ele>
        <time>2026-05-22T08:55:22.000Z</time>
      </trkpt>
      <trkpt lat="36.938002" lon="-4.678963">
        <ele>361.641531</ele>
        <time>2026-05-22T08:55:24.000Z</time>
      </trkpt>
      <trkpt lat="36.938001" lon="-4.678959">
        <ele>361.691910</ele>
        <time>2026-05-22T08:55:25.000Z</time>
      </trkpt>
      <trkpt lat="36.938016" lon="-4.678928">
        <ele>362.127507</ele>
        <time>2026-05-22T08:55:30.000Z</time>
      </trkpt>
      <trkpt lat="36.938025" lon="-4.678901">
        <ele>362.479152</ele>
        <time>2026-05-22T08:55:33.000Z</time>
      </trkpt>
      <trkpt lat="36.938032" lon="-4.678874">
        <ele>362.820351</ele>
        <time>2026-05-22T08:55:36.000Z</time>
      </trkpt>
      <trkpt lat="36.938041" lon="-4.678845">
        <ele>363.194299</ele>
        <time>2026-05-22T08:55:38.000Z</time>
      </trkpt>
      <trkpt lat="36.938044" lon="-4.678830">
        <ele>363.380165</ele>
        <time>2026-05-22T08:55:39.000Z</time>
      </trkpt>
      <trkpt lat="36.938052" lon="-4.678773">
        <ele>364.075814</ele>
        <time>2026-05-22T08:55:42.000Z</time>
      </trkpt>
      <trkpt lat="36.938054" lon="-4.678735">
        <ele>364.533581</ele>
        <time>2026-05-22T08:55:45.000Z</time>
      </trkpt>
      <trkpt lat="36.938051" lon="-4.678713">
        <ele>364.801852</ele>
        <time>2026-05-22T08:55:47.000Z</time>
      </trkpt>
      <trkpt lat="36.938048" lon="-4.678693">
        <ele>365.046458</ele>
        <time>2026-05-22T08:55:50.000Z</time>
      </trkpt>
      <trkpt lat="36.938041" lon="-4.678661">
        <ele>365.445258</ele>
        <time>2026-05-22T08:55:53.000Z</time>
      </trkpt>
      <trkpt lat="36.938039" lon="-4.678651">
        <ele>365.569169</ele>
        <time>2026-05-22T08:55:54.000Z</time>
      </trkpt>
      <trkpt lat="36.938031" lon="-4.678602">
        <ele>366.098863</ele>
        <time>2026-05-22T08:55:58.000Z</time>
      </trkpt>
      <trkpt lat="36.938030" lon="-4.678593">
        <ele>366.173871</ele>
        <time>2026-05-22T08:55:59.000Z</time>
      </trkpt>
      <trkpt lat="36.938031" lon="-4.678559">
        <ele>366.454725</ele>
        <time>2026-05-22T08:56:03.000Z</time>
      </trkpt>
      <trkpt lat="36.938030" lon="-4.678538">
        <ele>366.628383</ele>
        <time>2026-05-22T08:56:05.000Z</time>
      </trkpt>
      <trkpt lat="36.938022" lon="-4.678507">
        <ele>366.897289</ele>
        <time>2026-05-22T08:56:08.000Z</time>
      </trkpt>
      <trkpt lat="36.938013" lon="-4.678474">
        <ele>367.185119</ele>
        <time>2026-05-22T08:56:12.000Z</time>
      </trkpt>
      <trkpt lat="36.938006" lon="-4.678444">
        <ele>367.443100</ele>
        <time>2026-05-22T08:56:14.000Z</time>
      </trkpt>
      <trkpt lat="36.938002" lon="-4.678424">
        <ele>367.613286</ele>
        <time>2026-05-22T08:56:16.000Z</time>
      </trkpt>
      <trkpt lat="36.937982" lon="-4.678389">
        <ele>367.968446</ele>
        <time>2026-05-22T08:56:20.000Z</time>
      </trkpt>
      <trkpt lat="36.937976" lon="-4.678382">
        <ele>368.053174</ele>
        <time>2026-05-22T08:56:21.000Z</time>
      </trkpt>
      <trkpt lat="36.937950" lon="-4.678348">
        <ele>368.441601</ele>
        <time>2026-05-22T08:56:27.000Z</time>
      </trkpt>
      <trkpt lat="36.937923" lon="-4.678304">
        <ele>368.899509</ele>
        <time>2026-05-22T08:56:31.000Z</time>
      </trkpt>
      <trkpt lat="36.937904" lon="-4.678272">
        <ele>369.228572</ele>
        <time>2026-05-22T08:56:34.000Z</time>
      </trkpt>
      <trkpt lat="36.937899" lon="-4.678264">
        <ele>369.312403</ele>
        <time>2026-05-22T08:56:35.000Z</time>
      </trkpt>
      <trkpt lat="36.937877" lon="-4.678234">
        <ele>369.648487</ele>
        <time>2026-05-22T08:56:42.000Z</time>
      </trkpt>
      <trkpt lat="36.937873" lon="-4.678233">
        <ele>369.690614</ele>
        <time>2026-05-22T08:56:44.000Z</time>
      </trkpt>
      <trkpt lat="36.937854" lon="-4.678246">
        <ele>369.914268</ele>
        <time>2026-05-22T08:56:53.000Z</time>
      </trkpt>
      <trkpt lat="36.937885" lon="-4.678194">
        <ele>370.449766</ele>
        <time>2026-05-22T08:57:00.000Z</time>
      </trkpt>
      <trkpt lat="36.937899" lon="-4.678166">
        <ele>370.722400</ele>
        <time>2026-05-22T08:57:02.000Z</time>
      </trkpt>
      <trkpt lat="36.937925" lon="-4.678163">
        <ele>370.992060</ele>
        <time>2026-05-22T08:57:08.000Z</time>
      </trkpt>
      <trkpt lat="36.937931" lon="-4.678159">
        <ele>371.062275</ele>
        <time>2026-05-22T08:57:09.000Z</time>
      </trkpt>
      <trkpt lat="36.937953" lon="-4.678137">
        <ele>371.353145</ele>
        <time>2026-05-22T08:57:12.000Z</time>
      </trkpt>
      <trkpt lat="36.937976" lon="-4.678123">
        <ele>371.617304</ele>
        <time>2026-05-22T08:57:16.000Z</time>
      </trkpt>
      <trkpt lat="36.937971" lon="-4.678125">
        <ele>371.671517</ele>
        <time>2026-05-22T08:57:17.000Z</time>
      </trkpt>
      <trkpt lat="36.937956" lon="-4.678136">
        <ele>371.851084</ele>
        <time>2026-05-22T08:57:21.000Z</time>
      </trkpt>
      <trkpt lat="36.937954" lon="-4.678138">
        <ele>371.877526</ele>
        <time>2026-05-22T08:57:22.000Z</time>
      </trkpt>
      <trkpt lat="36.937954" lon="-4.678136">
        <ele>371.894036</ele>
        <time>2026-05-22T08:57:23.000Z</time>
      </trkpt>
      <trkpt lat="36.937954" lon="-4.678134">
        <ele>371.910546</ele>
        <time>2026-05-22T08:57:24.000Z</time>
      </trkpt>
      <trkpt lat="36.937951" lon="-4.678136">
        <ele>371.945653</ele>
        <time>2026-05-22T08:57:25.000Z</time>
      </trkpt>
      <trkpt lat="36.937901" lon="-4.678209">
        <ele>372.739242</ele>
        <time>2026-05-22T08:57:29.000Z</time>
      </trkpt>
      <trkpt lat="36.937903" lon="-4.678231">
        <ele>372.922019</ele>
        <time>2026-05-22T08:57:31.000Z</time>
      </trkpt>
      <trkpt lat="36.937891" lon="-4.678239">
        <ele>373.062449</ele>
        <time>2026-05-22T08:57:32.000Z</time>
      </trkpt>
      <trkpt lat="36.937886" lon="-4.678223">
        <ele>373.204262</ele>
        <time>2026-05-22T08:57:38.000Z</time>
      </trkpt>
      <trkpt lat="36.937890" lon="-4.678221">
        <ele>373.248749</ele>
        <time>2026-05-22T08:57:40.000Z</time>
      </trkpt>
      <trkpt lat="36.937894" lon="-4.678222">
        <ele>373.290877</ele>
        <time>2026-05-22T08:57:41.000Z</time>
      </trkpt>
      <trkpt lat="36.937900" lon="-4.678219">
        <ele>373.357608</ele>
        <time>2026-05-22T08:57:45.000Z</time>
      </trkpt>
      <trkpt lat="36.937887" lon="-4.678231">
        <ele>373.524457</ele>
        <time>2026-05-22T08:57:51.000Z</time>
      </trkpt>
      <trkpt lat="36.937883" lon="-4.678233">
        <ele>373.568944</ele>
        <time>2026-05-22T08:57:52.000Z</time>
      </trkpt>
      <trkpt lat="36.937879" lon="-4.678237">
        <ele>373.621830</ele>
        <time>2026-05-22T08:57:53.000Z</time>
      </trkpt>
      <trkpt lat="36.937865" lon="-4.678234">
        <ele>373.768523</ele>
        <time>2026-05-22T08:57:57.000Z</time>
      </trkpt>
      <trkpt lat="36.937883" lon="-4.678217">
        <ele>374.001443</ele>
        <time>2026-05-22T08:58:00.000Z</time>
      </trkpt>
      <trkpt lat="36.937886" lon="-4.678218">
        <ele>374.033507</ele>
        <time>2026-05-22T08:58:02.000Z</time>
      </trkpt>
      <trkpt lat="36.937878" lon="-4.678214">
        <ele>374.122483</ele>
        <time>2026-05-22T08:58:06.000Z</time>
      </trkpt>
      <trkpt lat="36.937851" lon="-4.678193">
        <ele>374.450823</ele>
        <time>2026-05-22T08:58:11.000Z</time>
      </trkpt>
      <trkpt lat="36.937844" lon="-4.678145">
        <ele>374.853596</ele>
        <time>2026-05-22T08:58:15.000Z</time>
      </trkpt>
      <trkpt lat="36.937845" lon="-4.678107">
        <ele>375.167449</ele>
        <time>2026-05-22T08:58:19.000Z</time>
      </trkpt>
      <trkpt lat="36.937806" lon="-4.678117">
        <ele>375.578602</ele>
        <time>2026-05-22T08:58:26.000Z</time>
      </trkpt>
      <trkpt lat="36.937800" lon="-4.678121">
        <ele>375.648817</ele>
        <time>2026-05-22T08:58:27.000Z</time>
      </trkpt>
      <trkpt lat="36.937799" lon="-4.678121">
        <ele>375.659145</ele>
        <time>2026-05-22T08:58:31.000Z</time>
      </trkpt>
      <trkpt lat="36.937796" lon="-4.678113">
        <ele>375.732090</ele>
        <time>2026-05-22T08:58:36.000Z</time>
      </trkpt>
      <trkpt lat="36.937790" lon="-4.678097">
        <ele>375.877982</ele>
        <time>2026-05-22T08:58:45.000Z</time>
      </trkpt>
      <trkpt lat="36.937794" lon="-4.678093">
        <ele>375.930867</ele>
        <time>2026-05-22T08:58:48.000Z</time>
      </trkpt>
      <trkpt lat="36.937790" lon="-4.678088">
        <ele>375.989263</ele>
        <time>2026-05-22T08:58:53.000Z</time>
      </trkpt>
      <trkpt lat="36.937779" lon="-4.678077">
        <ele>376.134698</ele>
        <time>2026-05-22T08:58:57.000Z</time>
      </trkpt>
      <trkpt lat="36.937776" lon="-4.678075">
        <ele>376.169806</ele>
        <time>2026-05-22T08:59:01.000Z</time>
      </trkpt>
      <trkpt lat="36.937777" lon="-4.678074">
        <ele>376.183027</ele>
        <time>2026-05-22T08:59:02.000Z</time>
      </trkpt>
      <trkpt lat="36.937780" lon="-4.678072">
        <ele>376.218134</ele>
        <time>2026-05-22T08:59:04.000Z</time>
      </trkpt>
      <trkpt lat="36.937783" lon="-4.678069">
        <ele>376.257798</ele>
        <time>2026-05-22T08:59:08.000Z</time>
      </trkpt>
      <trkpt lat="36.937780" lon="-4.678072">
        <ele>376.297463</ele>
        <time>2026-05-22T08:59:10.000Z</time>
      </trkpt>
      <trkpt lat="36.937778" lon="-4.678074">
        <ele>376.323905</ele>
        <time>2026-05-22T08:59:12.000Z</time>
      </trkpt>
      <trkpt lat="36.937781" lon="-4.678076">
        <ele>376.359013</ele>
        <time>2026-05-22T08:59:14.000Z</time>
      </trkpt>
      <trkpt lat="36.937791" lon="-4.678094">
        <ele>376.539966</ele>
        <time>2026-05-22T08:59:19.000Z</time>
      </trkpt>
      <trkpt lat="36.937792" lon="-4.678101">
        <ele>376.598666</ele>
        <time>2026-05-22T08:59:23.000Z</time>
      </trkpt>
      <trkpt lat="36.937785" lon="-4.678091">
        <ele>376.708396</ele>
        <time>2026-05-22T08:59:30.000Z</time>
      </trkpt>
      <trkpt lat="36.937783" lon="-4.678083">
        <ele>376.777590</ele>
        <time>2026-05-22T08:59:34.000Z</time>
      </trkpt>
      <trkpt lat="36.937787" lon="-4.678079">
        <ele>376.830475</ele>
        <time>2026-05-22T08:59:40.000Z</time>
      </trkpt>
      <trkpt lat="36.937787" lon="-4.678084">
        <ele>376.871749</ele>
        <time>2026-05-22T08:59:42.000Z</time>
      </trkpt>
      <trkpt lat="36.937786" lon="-4.678098">
        <ele>376.987777</ele>
        <time>2026-05-22T08:59:46.000Z</time>
      </trkpt>
      <trkpt lat="36.937792" lon="-4.678108">
        <ele>377.090996</ele>
        <time>2026-05-22T08:59:49.000Z</time>
      </trkpt>
      <trkpt lat="36.937793" lon="-4.678114">
        <ele>377.141590</ele>
        <time>2026-05-22T08:59:51.000Z</time>
      </trkpt>
      <trkpt lat="36.937782" lon="-4.678097">
        <ele>377.322143</ele>
        <time>2026-05-22T09:00:01.000Z</time>
      </trkpt>
      <trkpt lat="36.937783" lon="-4.678077">
        <ele>377.487562</ele>
        <time>2026-05-22T09:00:03.000Z</time>
      </trkpt>
      <trkpt lat="36.937781" lon="-4.678079">
        <ele>377.514005</ele>
        <time>2026-05-22T09:00:07.000Z</time>
      </trkpt>
      <trkpt lat="36.937776" lon="-4.678099">
        <ele>377.686989</ele>
        <time>2026-05-22T09:00:11.000Z</time>
      </trkpt>
      <trkpt lat="36.937788" lon="-4.678094">
        <ele>377.817614</ele>
        <time>2026-05-22T09:00:21.000Z</time>
      </trkpt>
      <trkpt lat="36.937796" lon="-4.678097">
        <ele>377.903867</ele>
        <time>2026-05-22T09:00:23.000Z</time>
      </trkpt>
      <trkpt lat="36.937803" lon="-4.678098">
        <ele>377.976631</ele>
        <time>2026-05-22T09:00:24.000Z</time>
      </trkpt>
      <trkpt lat="36.937809" lon="-4.678099">
        <ele>378.039145</ele>
        <time>2026-05-22T09:00:25.000Z</time>
      </trkpt>
      <trkpt lat="36.937814" lon="-4.678108">
        <ele>378.129622</ele>
        <time>2026-05-22T09:00:32.000Z</time>
      </trkpt>
      <trkpt lat="36.937780" lon="-4.678112">
        <ele>378.482313</ele>
        <time>2026-05-22T09:00:39.000Z</time>
      </trkpt>
      <trkpt lat="36.937795" lon="-4.678096">
        <ele>378.685890</ele>
        <time>2026-05-22T09:00:43.000Z</time>
      </trkpt>
      <trkpt lat="36.937805" lon="-4.678082">
        <ele>378.840880</ele>
        <time>2026-05-22T09:00:50.000Z</time>
      </trkpt>
      <trkpt lat="36.937793" lon="-4.678077">
        <ele>378.971505</ele>
        <time>2026-05-22T09:01:02.000Z</time>
      </trkpt>
      <trkpt lat="36.937786" lon="-4.678076">
        <ele>379.044269</ele>
        <time>2026-05-22T09:01:12.000Z</time>
      </trkpt>
      <trkpt lat="36.937790" lon="-4.678084">
        <ele>379.122165</ele>
        <time>2026-05-22T09:01:13.000Z</time>
      </trkpt>
      <trkpt lat="36.937781" lon="-4.678096">
        <ele>379.258003</ele>
        <time>2026-05-22T09:01:18.000Z</time>
      </trkpt>
      <trkpt lat="36.937770" lon="-4.678101">
        <ele>379.378874</ele>
        <time>2026-05-22T09:01:23.000Z</time>
      </trkpt>
      <trkpt lat="36.937772" lon="-4.678107">
        <ele>379.432537</ele>
        <time>2026-05-22T09:01:25.000Z</time>
      </trkpt>
      <trkpt lat="36.937780" lon="-4.678122">
        <ele>379.581394</ele>
        <time>2026-05-22T09:01:29.000Z</time>
      </trkpt>
      <trkpt lat="36.937803" lon="-4.678117">
        <ele>379.822491</ele>
        <time>2026-05-22T09:01:35.000Z</time>
      </trkpt>
      <trkpt lat="36.937770" lon="-4.678073">
        <ele>380.320565</ele>
        <time>2026-05-22T09:01:47.000Z</time>
      </trkpt>
      <trkpt lat="36.937793" lon="-4.678112">
        <ele>380.720651</ele>
        <time>2026-05-22T09:01:58.000Z</time>
      </trkpt>
      <trkpt lat="36.937800" lon="-4.678106">
        <ele>380.808284</ele>
        <time>2026-05-22T09:02:03.000Z</time>
      </trkpt>
      <trkpt lat="36.937803" lon="-4.678101">
        <ele>380.859894</ele>
        <time>2026-05-22T09:02:08.000Z</time>
      </trkpt>
      <trkpt lat="36.937802" lon="-4.678102">
        <ele>380.873115</ele>
        <time>2026-05-22T09:02:09.000Z</time>
      </trkpt>
      <trkpt lat="36.937791" lon="-4.678098">
        <ele>380.991421</ele>
        <time>2026-05-22T09:02:19.000Z</time>
      </trkpt>
      <trkpt lat="36.937793" lon="-4.678088">
        <ele>381.076514</ele>
        <time>2026-05-22T09:02:21.000Z</time>
      </trkpt>
      <trkpt lat="36.937798" lon="-4.678078">
        <ele>381.173884</ele>
        <time>2026-05-22T09:02:23.000Z</time>
      </trkpt>
      <trkpt lat="36.937798" lon="-4.678076">
        <ele>381.190393</ele>
        <time>2026-05-22T09:02:25.000Z</time>
      </trkpt>
      <trkpt lat="36.937788" lon="-4.678084">
        <ele>381.312979</ele>
        <time>2026-05-22T09:02:29.000Z</time>
      </trkpt>
      <trkpt lat="36.937785" lon="-4.678088">
        <ele>381.358259</ele>
        <time>2026-05-22T09:02:31.000Z</time>
      </trkpt>
      <trkpt lat="36.937772" lon="-4.678102">
        <ele>381.535408</ele>
        <time>2026-05-22T09:02:41.000Z</time>
      </trkpt>
      <trkpt lat="36.937771" lon="-4.678079">
        <ele>381.725550</ele>
        <time>2026-05-22T09:02:49.000Z</time>
      </trkpt>
      <trkpt lat="36.937766" lon="-4.678086">
        <ele>381.803045</ele>
        <time>2026-05-22T09:02:54.000Z</time>
      </trkpt>
      <trkpt lat="36.937777" lon="-4.678078">
        <ele>381.934450</ele>
        <time>2026-05-22T09:03:05.000Z</time>
      </trkpt>
      <trkpt lat="36.937774" lon="-4.678089">
        <ele>382.030393</ele>
        <time>2026-05-22T09:03:08.000Z</time>
      </trkpt>
      <trkpt lat="36.937769" lon="-4.678078">
        <ele>382.134853</ele>
        <time>2026-05-22T09:03:13.000Z</time>
      </trkpt>
      <trkpt lat="36.937772" lon="-4.678072">
        <ele>382.193274</ele>
        <time>2026-05-22T09:03:15.000Z</time>
      </trkpt>
      <trkpt lat="36.937775" lon="-4.678073">
        <ele>382.225338</ele>
        <time>2026-05-22T09:03:26.000Z</time>
      </trkpt>
      <trkpt lat="36.937773" lon="-4.678077">
        <ele>382.264286</ele>
        <time>2026-05-22T09:03:31.000Z</time>
      </trkpt>
      <trkpt lat="36.937780" lon="-4.678073">
        <ele>382.343764</ele>
        <time>2026-05-22T09:03:34.000Z</time>
      </trkpt>
      <trkpt lat="36.937792" lon="-4.678056">
        <ele>382.530987</ele>
        <time>2026-05-22T09:03:36.000Z</time>
      </trkpt>
      <trkpt lat="36.937820" lon="-4.678033">
        <ele>382.876921</ele>
        <time>2026-05-22T09:03:39.000Z</time>
      </trkpt>
      <trkpt lat="36.937842" lon="-4.678008">
        <ele>383.183862</ele>
        <time>2026-05-22T09:03:43.000Z</time>
      </trkpt>
      <trkpt lat="36.937845" lon="-4.678002">
        <ele>383.242284</ele>
        <time>2026-05-22T09:03:44.000Z</time>
      </trkpt>
      <trkpt lat="36.937852" lon="-4.677910">
        <ele>384.005161</ele>
        <time>2026-05-22T09:03:50.000Z</time>
      </trkpt>
      <trkpt lat="36.937852" lon="-4.677879">
        <ele>384.261061</ele>
        <time>2026-05-22T09:03:52.000Z</time>
      </trkpt>
      <trkpt lat="36.937854" lon="-4.677825">
        <ele>384.773657</ele>
        <time>2026-05-22T09:03:57.000Z</time>
      </trkpt>
      <trkpt lat="36.937865" lon="-4.677730">
        <ele>385.843947</ele>
        <time>2026-05-22T09:04:03.000Z</time>
      </trkpt>
      <trkpt lat="36.937872" lon="-4.677711">
        <ele>386.077215</ele>
        <time>2026-05-22T09:04:05.000Z</time>
      </trkpt>
      <trkpt lat="36.937897" lon="-4.677650">
        <ele>386.841551</ele>
        <time>2026-05-22T09:04:09.000Z</time>
      </trkpt>
      <trkpt lat="36.937905" lon="-4.677622">
        <ele>387.173092</ele>
        <time>2026-05-22T09:04:11.000Z</time>
      </trkpt>
      <trkpt lat="36.937912" lon="-4.677603">
        <ele>387.406361</ele>
        <time>2026-05-22T09:04:13.000Z</time>
      </trkpt>
      <trkpt lat="36.937924" lon="-4.677575">
        <ele>387.760602</ele>
        <time>2026-05-22T09:04:16.000Z</time>
      </trkpt>
      <trkpt lat="36.937930" lon="-4.677560">
        <ele>387.947623</ele>
        <time>2026-05-22T09:04:17.000Z</time>
      </trkpt>
      <trkpt lat="36.937934" lon="-4.677550">
        <ele>388.072304</ele>
        <time>2026-05-22T09:04:18.000Z</time>
      </trkpt>
      <trkpt lat="36.937940" lon="-4.677530">
        <ele>388.310491</ele>
        <time>2026-05-22T09:04:20.000Z</time>
      </trkpt>
      <trkpt lat="36.937947" lon="-4.677497">
        <ele>388.691171</ele>
        <time>2026-05-22T09:04:23.000Z</time>
      </trkpt>
      <trkpt lat="36.937956" lon="-4.677462">
        <ele>389.101112</ele>
        <time>2026-05-22T09:04:25.000Z</time>
      </trkpt>
      <trkpt lat="36.937968" lon="-4.677405">
        <ele>389.758327</ele>
        <time>2026-05-22T09:04:29.000Z</time>
      </trkpt>
      <trkpt lat="36.937973" lon="-4.677353">
        <ele>390.342297</ele>
        <time>2026-05-22T09:04:33.000Z</time>
      </trkpt>
      <trkpt lat="36.937978" lon="-4.677307">
        <ele>390.859909</ele>
        <time>2026-05-22T09:04:37.000Z</time>
      </trkpt>
      <trkpt lat="36.937980" lon="-4.677293">
        <ele>391.018480</ele>
        <time>2026-05-22T09:04:38.000Z</time>
      </trkpt>
      <trkpt lat="36.937985" lon="-4.677249">
        <ele>391.514004</ele>
        <time>2026-05-22T09:04:42.000Z</time>
      </trkpt>
      <trkpt lat="36.937992" lon="-4.677199">
        <ele>392.079981</ele>
        <time>2026-05-22T09:04:46.000Z</time>
      </trkpt>
      <trkpt lat="36.937996" lon="-4.677158">
        <ele>392.540516</ele>
        <time>2026-05-22T09:04:49.000Z</time>
      </trkpt>
      <trkpt lat="36.937995" lon="-4.677109">
        <ele>393.087034</ele>
        <time>2026-05-22T09:04:53.000Z</time>
      </trkpt>
      <trkpt lat="36.937991" lon="-4.677041">
        <ele>393.847271</ele>
        <time>2026-05-22T09:04:58.000Z</time>
      </trkpt>
      <trkpt lat="36.937988" lon="-4.676937">
        <ele>395.007605</ele>
        <time>2026-05-22T09:05:05.000Z</time>
      </trkpt>
      <trkpt lat="36.937988" lon="-4.676902">
        <ele>395.397848</ele>
        <time>2026-05-22T09:05:07.000Z</time>
      </trkpt>
      <trkpt lat="36.937989" lon="-4.676892">
        <ele>395.510215</ele>
        <time>2026-05-22T09:05:08.000Z</time>
      </trkpt>
      <trkpt lat="36.937993" lon="-4.676847">
        <ele>396.015050</ele>
        <time>2026-05-22T09:05:12.000Z</time>
      </trkpt>
      <trkpt lat="36.937996" lon="-4.676805">
        <ele>396.485207</ele>
        <time>2026-05-22T09:05:14.000Z</time>
      </trkpt>
      <trkpt lat="36.938007" lon="-4.676748">
        <ele>397.139008</ele>
        <time>2026-05-22T09:05:18.000Z</time>
      </trkpt>
      <trkpt lat="36.938012" lon="-4.676700">
        <ele>397.678724</ele>
        <time>2026-05-22T09:05:22.000Z</time>
      </trkpt>
      <trkpt lat="36.938034" lon="-4.676641">
        <ele>398.404626</ele>
        <time>2026-05-22T09:05:27.000Z</time>
      </trkpt>
      <trkpt lat="36.938060" lon="-4.676599">
        <ele>398.996946</ele>
        <time>2026-05-22T09:05:30.000Z</time>
      </trkpt>
      <trkpt lat="36.938073" lon="-4.676567">
        <ele>399.397180</ele>
        <time>2026-05-22T09:05:32.000Z</time>
      </trkpt>
      <trkpt lat="36.938076" lon="-4.676556">
        <ele>399.526771</ele>
        <time>2026-05-22T09:05:33.000Z</time>
      </trkpt>
      <trkpt lat="36.938078" lon="-4.676547">
        <ele>399.630925</ele>
        <time>2026-05-22T09:05:34.000Z</time>
      </trkpt>
      <trkpt lat="36.938081" lon="-4.676536">
        <ele>399.760516</ele>
        <time>2026-05-22T09:05:35.000Z</time>
      </trkpt>
      <trkpt lat="36.938084" lon="-4.676523">
        <ele>399.911384</ele>
        <time>2026-05-22T09:05:36.000Z</time>
      </trkpt>
      <trkpt lat="36.938087" lon="-4.676510">
        <ele>400.062252</ele>
        <time>2026-05-22T09:05:37.000Z</time>
      </trkpt>
      <trkpt lat="36.938090" lon="-4.676497">
        <ele>400.213119</ele>
        <time>2026-05-22T09:05:38.000Z</time>
      </trkpt>
      <trkpt lat="36.938099" lon="-4.676475">
        <ele>400.488677</ele>
        <time>2026-05-22T09:05:40.000Z</time>
      </trkpt>
      <trkpt lat="36.938107" lon="-4.676448">
        <ele>400.809740</ele>
        <time>2026-05-22T09:05:43.000Z</time>
      </trkpt>
      <trkpt lat="36.938129" lon="-4.676391">
        <ele>401.515496</ele>
        <time>2026-05-22T09:05:46.000Z</time>
      </trkpt>
      <trkpt lat="36.938131" lon="-4.676384">
        <ele>401.598381</ele>
        <time>2026-05-22T09:05:47.000Z</time>
      </trkpt>
      <trkpt lat="36.938134" lon="-4.676370">
        <ele>401.759990</ele>
        <time>2026-05-22T09:05:49.000Z</time>
      </trkpt>
      <trkpt lat="36.938149" lon="-4.676320">
        <ele>402.355454</ele>
        <time>2026-05-22T09:05:54.000Z</time>
      </trkpt>
      <trkpt lat="36.938152" lon="-4.676307">
        <ele>402.506322</ele>
        <time>2026-05-22T09:05:55.000Z</time>
      </trkpt>
      <trkpt lat="36.938151" lon="-4.676253">
        <ele>403.108571</ele>
        <time>2026-05-22T09:05:58.000Z</time>
      </trkpt>
      <trkpt lat="36.938161" lon="-4.676212">
        <ele>403.586522</ele>
        <time>2026-05-22T09:06:01.000Z</time>
      </trkpt>
      <trkpt lat="36.938168" lon="-4.676163">
        <ele>404.141519</ele>
        <time>2026-05-22T09:06:05.000Z</time>
      </trkpt>
      <trkpt lat="36.938174" lon="-4.676123">
        <ele>404.595296</ele>
        <time>2026-05-22T09:06:08.000Z</time>
      </trkpt>
      <trkpt lat="36.938197" lon="-4.676020">
        <ele>405.787698</ele>
        <time>2026-05-22T09:06:15.000Z</time>
      </trkpt>
      <trkpt lat="36.938206" lon="-4.675970">
        <ele>406.359148</ele>
        <time>2026-05-22T09:06:19.000Z</time>
      </trkpt>
      <trkpt lat="36.938212" lon="-4.675952">
        <ele>406.576598</ele>
        <time>2026-05-22T09:06:21.000Z</time>
      </trkpt>
      <trkpt lat="36.938220" lon="-4.675920">
        <ele>406.950436</ele>
        <time>2026-05-22T09:06:23.000Z</time>
      </trkpt>
      <trkpt lat="36.938232" lon="-4.675885">
        <ele>407.375065</ele>
        <time>2026-05-22T09:06:26.000Z</time>
      </trkpt>
      <trkpt lat="36.938255" lon="-4.675846">
        <ele>407.915460</ele>
        <time>2026-05-22T09:06:30.000Z</time>
      </trkpt>
      <trkpt lat="36.938267" lon="-4.675826">
        <ele>408.194294</ele>
        <time>2026-05-22T09:06:33.000Z</time>
      </trkpt>
      <trkpt lat="36.938291" lon="-4.675780">
        <ele>408.806782</ele>
        <time>2026-05-22T09:06:36.000Z</time>
      </trkpt>
      <trkpt lat="36.938308" lon="-4.675751">
        <ele>409.207766</ele>
        <time>2026-05-22T09:06:38.000Z</time>
      </trkpt>
      <trkpt lat="36.938328" lon="-4.675714">
        <ele>409.680357</ele>
        <time>2026-05-22T09:06:41.000Z</time>
      </trkpt>
      <trkpt lat="36.938357" lon="-4.675657">
        <ele>410.236563</ele>
        <time>2026-05-22T09:06:45.000Z</time>
      </trkpt>
      <trkpt lat="36.938380" lon="-4.675552">
        <ele>411.132775</ele>
        <time>2026-05-22T09:06:53.000Z</time>
      </trkpt>
      <trkpt lat="36.938353" lon="-4.675477">
        <ele>411.809894</ele>
        <time>2026-05-22T09:07:00.000Z</time>
      </trkpt>
      <trkpt lat="36.938346" lon="-4.675454">
        <ele>412.012486</ele>
        <time>2026-05-22T09:07:02.000Z</time>
      </trkpt>
      <trkpt lat="36.938323" lon="-4.675379">
        <ele>412.673755</ele>
        <time>2026-05-22T09:07:09.000Z</time>
      </trkpt>
      <trkpt lat="36.938309" lon="-4.675320">
        <ele>413.180383</ele>
        <time>2026-05-22T09:07:14.000Z</time>
      </trkpt>
      <trkpt lat="36.938307" lon="-4.675278">
        <ele>413.526733</ele>
        <time>2026-05-22T09:07:17.000Z</time>
      </trkpt>
      <trkpt lat="36.938337" lon="-4.675188">
        <ele>414.329441</ele>
        <time>2026-05-22T09:07:24.000Z</time>
      </trkpt>
      <trkpt lat="36.938349" lon="-4.675168">
        <ele>414.535303</ele>
        <time>2026-05-22T09:07:26.000Z</time>
      </trkpt>
      <trkpt lat="36.938374" lon="-4.675139">
        <ele>414.886418</ele>
        <time>2026-05-22T09:07:29.000Z</time>
      </trkpt>
      <trkpt lat="36.938408" lon="-4.675110">
        <ele>415.310216</ele>
        <time>2026-05-22T09:07:33.000Z</time>
      </trkpt>
      <trkpt lat="36.938441" lon="-4.675089">
        <ele>415.691520</ele>
        <time>2026-05-22T09:07:36.000Z</time>
      </trkpt>
      <trkpt lat="36.938508" lon="-4.675058">
        <ele>416.427228</ele>
        <time>2026-05-22T09:07:41.000Z</time>
      </trkpt>
      <trkpt lat="36.938560" lon="-4.675048">
        <ele>416.969066</ele>
        <time>2026-05-22T09:07:45.000Z</time>
      </trkpt>
      <trkpt lat="36.938629" lon="-4.675040">
        <ele>417.682742</ele>
        <time>2026-05-22T09:07:51.000Z</time>
      </trkpt>
      <trkpt lat="36.938693" lon="-4.675013">
        <ele>418.378341</ele>
        <time>2026-05-22T09:07:55.000Z</time>
      </trkpt>
      <trkpt lat="36.938760" lon="-4.674969">
        <ele>419.157657</ele>
        <time>2026-05-22T09:08:03.000Z</time>
      </trkpt>
      <trkpt lat="36.938771" lon="-4.674960">
        <ele>419.293020</ele>
        <time>2026-05-22T09:08:04.000Z</time>
      </trkpt>
      <trkpt lat="36.938791" lon="-4.674944">
        <ele>419.537509</ele>
        <time>2026-05-22T09:08:06.000Z</time>
      </trkpt>
      <trkpt lat="36.938818" lon="-4.674924">
        <ele>419.860664</ele>
        <time>2026-05-22T09:08:09.000Z</time>
      </trkpt>
      <trkpt lat="36.938846" lon="-4.674900">
        <ele>420.210220</ele>
        <time>2026-05-22T09:08:12.000Z</time>
      </trkpt>
      <trkpt lat="36.938876" lon="-4.674873">
        <ele>420.590826</ele>
        <time>2026-05-22T09:08:15.000Z</time>
      </trkpt>
      <trkpt lat="36.938965" lon="-4.674745">
        <ele>421.987388</ele>
        <time>2026-05-22T09:08:25.000Z</time>
      </trkpt>
      <trkpt lat="36.939004" lon="-4.674585">
        <ele>423.364352</ele>
        <time>2026-05-22T09:08:35.000Z</time>
      </trkpt>
      <trkpt lat="36.939016" lon="-4.674486">
        <ele>424.188612</ele>
        <time>2026-05-22T09:08:42.000Z</time>
      </trkpt>
      <trkpt lat="36.939035" lon="-4.674451">
        <ele>424.536892</ele>
        <time>2026-05-22T09:08:45.000Z</time>
      </trkpt>
      <trkpt lat="36.939057" lon="-4.674420">
        <ele>424.878149</ele>
        <time>2026-05-22T09:08:47.000Z</time>
      </trkpt>
      <trkpt lat="36.939110" lon="-4.674373">
        <ele>425.547204</ele>
        <time>2026-05-22T09:08:51.000Z</time>
      </trkpt>
      <trkpt lat="36.939148" lon="-4.674336">
        <ele>426.043117</ele>
        <time>2026-05-22T09:08:54.000Z</time>
      </trkpt>
      <trkpt lat="36.939214" lon="-4.674261">
        <ele>426.961373</ele>
        <time>2026-05-22T09:09:01.000Z</time>
      </trkpt>
      <trkpt lat="36.939245" lon="-4.674213">
        <ele>427.469364</ele>
        <time>2026-05-22T09:09:06.000Z</time>
      </trkpt>
      <trkpt lat="36.939266" lon="-4.674192">
        <ele>427.746238</ele>
        <time>2026-05-22T09:09:09.000Z</time>
      </trkpt>
      <trkpt lat="36.939317" lon="-4.674152">
        <ele>428.412529</ele>
        <time>2026-05-22T09:09:14.000Z</time>
      </trkpt>
      <trkpt lat="36.939338" lon="-4.674135">
        <ele>428.721325</ele>
        <time>2026-05-22T09:09:16.000Z</time>
      </trkpt>
      <trkpt lat="36.939363" lon="-4.674120">
        <ele>429.063624</ele>
        <time>2026-05-22T09:09:18.000Z</time>
      </trkpt>
      <trkpt lat="36.939397" lon="-4.674094">
        <ele>429.555574</ele>
        <time>2026-05-22T09:09:21.000Z</time>
      </trkpt>
      <trkpt lat="36.939404" lon="-4.674086">
        <ele>429.672621</ele>
        <time>2026-05-22T09:09:22.000Z</time>
      </trkpt>
      <trkpt lat="36.939412" lon="-4.674078">
        <ele>429.799058</ele>
        <time>2026-05-22T09:09:23.000Z</time>
      </trkpt>
      <trkpt lat="36.939430" lon="-4.674046">
        <ele>430.185178</ele>
        <time>2026-05-22T09:09:27.000Z</time>
      </trkpt>
      <trkpt lat="36.939445" lon="-4.674017">
        <ele>430.526031</ele>
        <time>2026-05-22T09:09:29.000Z</time>
      </trkpt>
      <trkpt lat="36.939457" lon="-4.673993">
        <ele>430.805374</ele>
        <time>2026-05-22T09:09:31.000Z</time>
      </trkpt>
      <trkpt lat="36.939480" lon="-4.673923">
        <ele>431.552191</ele>
        <time>2026-05-22T09:09:38.000Z</time>
      </trkpt>
      <trkpt lat="36.939487" lon="-4.673899">
        <ele>431.804287</ele>
        <time>2026-05-22T09:09:40.000Z</time>
      </trkpt>
      <trkpt lat="36.939499" lon="-4.673864">
        <ele>432.180086</ele>
        <time>2026-05-22T09:09:42.000Z</time>
      </trkpt>
      <trkpt lat="36.939510" lon="-4.673833">
        <ele>432.514770</ele>
        <time>2026-05-22T09:09:44.000Z</time>
      </trkpt>
      <trkpt lat="36.939519" lon="-4.673806">
        <ele>432.803435</ele>
        <time>2026-05-22T09:09:46.000Z</time>
      </trkpt>
      <trkpt lat="36.939530" lon="-4.673740">
        <ele>433.468702</ele>
        <time>2026-05-22T09:09:51.000Z</time>
      </trkpt>
      <trkpt lat="36.939534" lon="-4.673723">
        <ele>433.643569</ele>
        <time>2026-05-22T09:09:53.000Z</time>
      </trkpt>
      <trkpt lat="36.939549" lon="-4.673642">
        <ele>434.464013</ele>
        <time>2026-05-22T09:09:59.000Z</time>
      </trkpt>
      <trkpt lat="36.939562" lon="-4.673566">
        <ele>435.230928</ele>
        <time>2026-05-22T09:10:05.000Z</time>
      </trkpt>
      <trkpt lat="36.939564" lon="-4.673555">
        <ele>435.342244</ele>
        <time>2026-05-22T09:10:06.000Z</time>
      </trkpt>
      <trkpt lat="36.939565" lon="-4.673544">
        <ele>435.451487</ele>
        <time>2026-05-22T09:10:07.000Z</time>
      </trkpt>
      <trkpt lat="36.939555" lon="-4.673450">
        <ele>436.387217</ele>
        <time>2026-05-22T09:10:16.000Z</time>
      </trkpt>
      <trkpt lat="36.939545" lon="-4.673444">
        <ele>436.524136</ele>
        <time>2026-05-22T09:10:21.000Z</time>
      </trkpt>
      <trkpt lat="36.939543" lon="-4.673451">
        <ele>436.597490</ele>
        <time>2026-05-22T09:10:23.000Z</time>
      </trkpt>
      <trkpt lat="36.939540" lon="-4.673454">
        <ele>436.644903</ele>
        <time>2026-05-22T09:10:25.000Z</time>
      </trkpt>
      <trkpt lat="36.939539" lon="-4.673456">
        <ele>436.668182</ele>
        <time>2026-05-22T09:10:26.000Z</time>
      </trkpt>
      <trkpt lat="36.939542" lon="-4.673456">
        <ele>436.705219</ele>
        <time>2026-05-22T09:10:31.000Z</time>
      </trkpt>
      <trkpt lat="36.939547" lon="-4.673447">
        <ele>436.813373</ele>
        <time>2026-05-22T09:10:35.000Z</time>
      </trkpt>
      <trkpt lat="36.939541" lon="-4.673458">
        <ele>436.944783</ele>
        <time>2026-05-22T09:10:41.000Z</time>
      </trkpt>
      <trkpt lat="36.939539" lon="-4.673456">
        <ele>436.976392</ele>
        <time>2026-05-22T09:10:43.000Z</time>
      </trkpt>
      <trkpt lat="36.939538" lon="-4.673450">
        <ele>437.036871</ele>
        <time>2026-05-22T09:10:46.000Z</time>
      </trkpt>
      <trkpt lat="36.939540" lon="-4.673446">
        <ele>437.083428</ele>
        <time>2026-05-22T09:10:48.000Z</time>
      </trkpt>
      <trkpt lat="36.939532" lon="-4.673450">
        <ele>437.189789</ele>
        <time>2026-05-22T09:10:56.000Z</time>
      </trkpt>
      <trkpt lat="36.939536" lon="-4.673452">
        <ele>437.242969</ele>
        <time>2026-05-22T09:11:03.000Z</time>
      </trkpt>
      <trkpt lat="36.939536" lon="-4.673456">
        <ele>437.282439</ele>
        <time>2026-05-22T09:11:04.000Z</time>
      </trkpt>
      <trkpt lat="36.939536" lon="-4.673453">
        <ele>437.312042</ele>
        <time>2026-05-22T09:11:05.000Z</time>
      </trkpt>
      <trkpt lat="36.939539" lon="-4.673451">
        <ele>437.354009</ele>
        <time>2026-05-22T09:11:11.000Z</time>
      </trkpt>
      <trkpt lat="36.939540" lon="-4.673441">
        <ele>437.453453</ele>
        <time>2026-05-22T09:11:13.000Z</time>
      </trkpt>
      <trkpt lat="36.939540" lon="-4.673441">
        <ele>437.453453</ele>
        <time>2026-05-22T09:11:14.000Z</time>
      </trkpt>
      <trkpt lat="36.939541" lon="-4.673445">
        <ele>437.494809</ele>
        <time>2026-05-22T09:11:15.000Z</time>
      </trkpt>
      <trkpt lat="36.939541" lon="-4.673451">
        <ele>437.554015</ele>
        <time>2026-05-22T09:11:19.000Z</time>
      </trkpt>
      <trkpt lat="36.939536" lon="-4.673467">
        <ele>437.723534</ele>
        <time>2026-05-22T09:11:27.000Z</time>
      </trkpt>
      <trkpt lat="36.939541" lon="-4.673461">
        <ele>437.809066</ele>
        <time>2026-05-22T09:11:29.000Z</time>
      </trkpt>
      <trkpt lat="36.939550" lon="-4.673450">
        <ele>437.964395</ele>
        <time>2026-05-22T09:11:40.000Z</time>
      </trkpt>
      <trkpt lat="36.939531" lon="-4.673457">
        <ele>438.208922</ele>
        <time>2026-05-22T09:11:50.000Z</time>
      </trkpt>
      <trkpt lat="36.939536" lon="-4.673450">
        <ele>438.301558</ele>
        <time>2026-05-22T09:11:55.000Z</time>
      </trkpt>
      <trkpt lat="36.939538" lon="-4.673448">
        <ele>438.333168</ele>
        <time>2026-05-22T09:11:56.000Z</time>
      </trkpt>
      <trkpt lat="36.939539" lon="-4.673447">
        <ele>438.348972</ele>
        <time>2026-05-22T09:11:57.000Z</time>
      </trkpt>
      <trkpt lat="36.939540" lon="-4.673445">
        <ele>438.372251</ele>
        <time>2026-05-22T09:12:03.000Z</time>
      </trkpt>
      <trkpt lat="36.939543" lon="-4.673444">
        <ele>438.410580</ele>
        <time>2026-05-22T09:12:05.000Z</time>
      </trkpt>
      <trkpt lat="36.939541" lon="-4.673455">
        <ele>438.521896</ele>
        <time>2026-05-22T09:12:10.000Z</time>
      </trkpt>
      <trkpt lat="36.939541" lon="-4.673444">
        <ele>438.630439</ele>
        <time>2026-05-22T09:12:14.000Z</time>
      </trkpt>
      <trkpt lat="36.939539" lon="-4.673431">
        <ele>438.761072</ele>
        <time>2026-05-22T09:12:17.000Z</time>
      </trkpt>
      <trkpt lat="36.939540" lon="-4.673452">
        <ele>438.968658</ele>
        <time>2026-05-22T09:12:24.000Z</time>
      </trkpt>
      <trkpt lat="36.939539" lon="-4.673461">
        <ele>439.058320</ele>
        <time>2026-05-22T09:12:25.000Z</time>
      </trkpt>
      <trkpt lat="36.939530" lon="-4.673465">
        <ele>439.176234</ele>
        <time>2026-05-22T09:12:29.000Z</time>
      </trkpt>
      <trkpt lat="36.939534" lon="-4.673432">
        <ele>439.505586</ele>
        <time>2026-05-22T09:12:33.000Z</time>
      </trkpt>
      <trkpt lat="36.939557" lon="-4.673286">
        <ele>440.973965</ele>
        <time>2026-05-22T09:12:41.000Z</time>
      </trkpt>
      <trkpt lat="36.939602" lon="-4.673207">
        <ele>441.931211</ele>
        <time>2026-05-22T09:12:48.000Z</time>
      </trkpt>
      <trkpt lat="36.939664" lon="-4.673138">
        <ele>442.955642</ele>
        <time>2026-05-22T09:12:55.000Z</time>
      </trkpt>
      <trkpt lat="36.939674" lon="-4.673122">
        <ele>443.156062</ele>
        <time>2026-05-22T09:12:57.000Z</time>
      </trkpt>
      <trkpt lat="36.939715" lon="-4.673086">
        <ele>443.774448</ele>
        <time>2026-05-22T09:13:01.000Z</time>
      </trkpt>
      <trkpt lat="36.939745" lon="-4.673063">
        <ele>444.208824</ele>
        <time>2026-05-22T09:13:05.000Z</time>
      </trkpt>
      <trkpt lat="36.939770" lon="-4.673033">
        <ele>444.636482</ele>
        <time>2026-05-22T09:13:08.000Z</time>
      </trkpt>
      <trkpt lat="36.939774" lon="-4.673032">
        <ele>444.686841</ele>
        <time>2026-05-22T09:13:09.000Z</time>
      </trkpt>
      <trkpt lat="36.939819" lon="-4.672997">
        <ele>445.340996</ele>
        <time>2026-05-22T09:13:14.000Z</time>
      </trkpt>
      <trkpt lat="36.939834" lon="-4.672983">
        <ele>445.572032</ele>
        <time>2026-05-22T09:13:16.000Z</time>
      </trkpt>
      <trkpt lat="36.939841" lon="-4.672973">
        <ele>445.703201</ele>
        <time>2026-05-22T09:13:17.000Z</time>
      </trkpt>
      <trkpt lat="36.939848" lon="-4.672963">
        <ele>445.834369</ele>
        <time>2026-05-22T09:13:18.000Z</time>
      </trkpt>
      <trkpt lat="36.939852" lon="-4.672952">
        <ele>445.953618</ele>
        <time>2026-05-22T09:13:19.000Z</time>
      </trkpt>
      <trkpt lat="36.939864" lon="-4.672929">
        <ele>446.224644</ele>
        <time>2026-05-22T09:13:21.000Z</time>
      </trkpt>
      <trkpt lat="36.939880" lon="-4.672903">
        <ele>446.548433</ele>
        <time>2026-05-22T09:13:23.000Z</time>
      </trkpt>
      <trkpt lat="36.939909" lon="-4.672856">
        <ele>447.134324</ele>
        <time>2026-05-22T09:13:29.000Z</time>
      </trkpt>
      <trkpt lat="36.939918" lon="-4.672848">
        <ele>447.270622</ele>
        <time>2026-05-22T09:13:30.000Z</time>
      </trkpt>
      <trkpt lat="36.939944" lon="-4.672812">
        <ele>447.749393</ele>
        <time>2026-05-22T09:13:33.000Z</time>
      </trkpt>
      <trkpt lat="36.939959" lon="-4.672795">
        <ele>447.999259</ele>
        <time>2026-05-22T09:13:35.000Z</time>
      </trkpt>
      <trkpt lat="36.939973" lon="-4.672781">
        <ele>448.220523</ele>
        <time>2026-05-22T09:13:37.000Z</time>
      </trkpt>
      <trkpt lat="36.939989" lon="-4.672757">
        <ele>448.528909</ele>
        <time>2026-05-22T09:13:39.000Z</time>
      </trkpt>
      <trkpt lat="36.940008" lon="-4.672718">
        <ele>448.979596</ele>
        <time>2026-05-22T09:13:42.000Z</time>
      </trkpt>
      <trkpt lat="36.940013" lon="-4.672712">
        <ele>449.065127</ele>
        <time>2026-05-22T09:13:43.000Z</time>
      </trkpt>
      <trkpt lat="36.940040" lon="-4.672709">
        <ele>449.399773</ele>
        <time>2026-05-22T09:13:47.000Z</time>
      </trkpt>
      <trkpt lat="36.940048" lon="-4.672709">
        <ele>449.498539</ele>
        <time>2026-05-22T09:13:48.000Z</time>
      </trkpt>
      <trkpt lat="36.940062" lon="-4.672701">
        <ele>449.688552</ele>
        <time>2026-05-22T09:13:50.000Z</time>
      </trkpt>
      <trkpt lat="36.940142" lon="-4.672637">
        <ele>451.030020</ele>
        <time>2026-05-22T09:13:59.000Z</time>
      </trkpt>
      <trkpt lat="36.940186" lon="-4.672598">
        <ele>451.911274</ele>
        <time>2026-05-22T09:14:06.000Z</time>
      </trkpt>
      <trkpt lat="36.940216" lon="-4.672579">
        <ele>452.460798</ele>
        <time>2026-05-22T09:14:09.000Z</time>
      </trkpt>
      <trkpt lat="36.940226" lon="-4.672572">
        <ele>452.648067</ele>
        <time>2026-05-22T09:14:10.000Z</time>
      </trkpt>
      <trkpt lat="36.940260" lon="-4.672551">
        <ele>453.267747</ele>
        <time>2026-05-22T09:14:15.000Z</time>
      </trkpt>
      <trkpt lat="36.940306" lon="-4.672518">
        <ele>454.134335</ele>
        <time>2026-05-22T09:14:19.000Z</time>
      </trkpt>
      <trkpt lat="36.940339" lon="-4.672491">
        <ele>454.778732</ele>
        <time>2026-05-22T09:14:23.000Z</time>
      </trkpt>
      <trkpt lat="36.940351" lon="-4.672474">
        <ele>455.074994</ele>
        <time>2026-05-22T09:14:26.000Z</time>
      </trkpt>
      <trkpt lat="36.940361" lon="-4.672466">
        <ele>455.268976</ele>
        <time>2026-05-22T09:14:28.000Z</time>
      </trkpt>
      <trkpt lat="36.940367" lon="-4.672458">
        <ele>455.412277</ele>
        <time>2026-05-22T09:14:30.000Z</time>
      </trkpt>
      <trkpt lat="36.940390" lon="-4.672435">
        <ele>455.893474</ele>
        <time>2026-05-22T09:14:34.000Z</time>
      </trkpt>
      <trkpt lat="36.940410" lon="-4.672421">
        <ele>456.268012</ele>
        <time>2026-05-22T09:14:36.000Z</time>
      </trkpt>
      <trkpt lat="36.940435" lon="-4.672404">
        <ele>456.733031</ele>
        <time>2026-05-22T09:14:38.000Z</time>
      </trkpt>
      <trkpt lat="36.940464" lon="-4.672387">
        <ele>457.256418</ele>
        <time>2026-05-22T09:14:41.000Z</time>
      </trkpt>
      <trkpt lat="36.940479" lon="-4.672381">
        <ele>457.513785</ele>
        <time>2026-05-22T09:14:43.000Z</time>
      </trkpt>
      <trkpt lat="36.940482" lon="-4.672387">
        <ele>457.606231</ele>
        <time>2026-05-22T09:14:48.000Z</time>
      </trkpt>
      <trkpt lat="36.940477" lon="-4.672385">
        <ele>457.692020</ele>
        <time>2026-05-22T09:14:49.000Z</time>
      </trkpt>
      <trkpt lat="36.940478" lon="-4.672384">
        <ele>457.712942</ele>
        <time>2026-05-22T09:14:51.000Z</time>
      </trkpt>
      <trkpt lat="36.940482" lon="-4.672393">
        <ele>457.847456</ele>
        <time>2026-05-22T09:14:56.000Z</time>
      </trkpt>
      <trkpt lat="36.940485" lon="-4.672402">
        <ele>457.974830</ele>
        <time>2026-05-22T09:15:00.000Z</time>
      </trkpt>
      <trkpt lat="36.940483" lon="-4.672402">
        <ele>458.007516</ele>
        <time>2026-05-22T09:15:01.000Z</time>
      </trkpt>
      <trkpt lat="36.940477" lon="-4.672402">
        <ele>458.105573</ele>
        <time>2026-05-22T09:15:04.000Z</time>
      </trkpt>
      <trkpt lat="36.940475" lon="-4.672406">
        <ele>458.167204</ele>
        <time>2026-05-22T09:15:07.000Z</time>
      </trkpt>
      <trkpt lat="36.940472" lon="-4.672403">
        <ele>458.229969</ele>
        <time>2026-05-22T09:15:09.000Z</time>
      </trkpt>
      <trkpt lat="36.940469" lon="-4.672406">
        <ele>458.292734</ele>
        <time>2026-05-22T09:15:11.000Z</time>
      </trkpt>
      <trkpt lat="36.940468" lon="-4.672409">
        <ele>458.335192</ele>
        <time>2026-05-22T09:15:13.000Z</time>
      </trkpt>
      <trkpt lat="36.940467" lon="-4.672411">
        <ele>458.366007</ele>
        <time>2026-05-22T09:15:14.000Z</time>
      </trkpt>
      <trkpt lat="36.940471" lon="-4.672408">
        <ele>458.442224</ele>
        <time>2026-05-22T09:15:17.000Z</time>
      </trkpt>
      <trkpt lat="36.940480" lon="-4.672396">
        <ele>458.657176</ele>
        <time>2026-05-22T09:15:20.000Z</time>
      </trkpt>
      <trkpt lat="36.940483" lon="-4.672392">
        <ele>458.728826</ele>
        <time>2026-05-22T09:15:21.000Z</time>
      </trkpt>
      <trkpt lat="36.940482" lon="-4.672378">
        <ele>458.912427</ele>
        <time>2026-05-22T09:15:29.000Z</time>
      </trkpt>
      <trkpt lat="36.940480" lon="-4.672404">
        <ele>459.253615</ele>
        <time>2026-05-22T09:15:38.000Z</time>
      </trkpt>
      <trkpt lat="36.940485" lon="-4.672426">
        <ele>459.552376</ele>
        <time>2026-05-22T09:15:42.000Z</time>
      </trkpt>
      <trkpt lat="36.940486" lon="-4.672426">
        <ele>459.568719</ele>
        <time>2026-05-22T09:15:45.000Z</time>
      </trkpt>
      <trkpt lat="36.940487" lon="-4.672424">
        <ele>459.599535</ele>
        <time>2026-05-22T09:15:47.000Z</time>
      </trkpt>
      <trkpt lat="36.940488" lon="-4.672417">
        <ele>459.692420</ele>
        <time>2026-05-22T09:15:49.000Z</time>
      </trkpt>
      <trkpt lat="36.940490" lon="-4.672408">
        <ele>459.814439</ele>
        <time>2026-05-22T09:15:51.000Z</time>
      </trkpt>
      <trkpt lat="36.940493" lon="-4.672390">
        <ele>460.054617</ele>
        <time>2026-05-22T09:15:57.000Z</time>
      </trkpt>
      <trkpt lat="36.940501" lon="-4.672387">
        <ele>460.191107</ele>
        <time>2026-05-22T09:16:02.000Z</time>
      </trkpt>
      <trkpt lat="36.940507" lon="-4.672386">
        <ele>460.290031</ele>
        <time>2026-05-22T09:16:03.000Z</time>
      </trkpt>
      <trkpt lat="36.940517" lon="-4.672380">
        <ele>460.471281</ele>
        <time>2026-05-22T09:16:04.000Z</time>
      </trkpt>
      <trkpt lat="36.940569" lon="-4.672347">
        <ele>461.424183</ele>
        <time>2026-05-22T09:16:08.000Z</time>
      </trkpt>
      <trkpt lat="36.940595" lon="-4.672335">
        <ele>461.877089</ele>
        <time>2026-05-22T09:16:10.000Z</time>
      </trkpt>
      <trkpt lat="36.940615" lon="-4.672328">
        <ele>462.216496</ele>
        <time>2026-05-22T09:16:11.000Z</time>
      </trkpt>
      <trkpt lat="36.940688" lon="-4.672289">
        <ele>463.513742</ele>
        <time>2026-05-22T09:16:18.000Z</time>
      </trkpt>
      <trkpt lat="36.940698" lon="-4.672283">
        <ele>463.694992</ele>
        <time>2026-05-22T09:16:19.000Z</time>
      </trkpt>
      <trkpt lat="36.940746" lon="-4.672251">
        <ele>464.583865</ele>
        <time>2026-05-22T09:16:23.000Z</time>
      </trkpt>
      <trkpt lat="36.940775" lon="-4.672236">
        <ele>465.096713</ele>
        <time>2026-05-22T09:16:25.000Z</time>
      </trkpt>
      <trkpt lat="36.940812" lon="-4.672221">
        <ele>465.732353</ele>
        <time>2026-05-22T09:16:28.000Z</time>
      </trkpt>
      <trkpt lat="36.940863" lon="-4.672199">
        <ele>466.613991</ele>
        <time>2026-05-22T09:16:32.000Z</time>
      </trkpt>
      <trkpt lat="36.940872" lon="-4.672192">
        <ele>466.787181</ele>
        <time>2026-05-22T09:16:33.000Z</time>
      </trkpt>
      <trkpt lat="36.940895" lon="-4.672166">
        <ele>467.293769</ele>
        <time>2026-05-22T09:16:36.000Z</time>
      </trkpt>
      <trkpt lat="36.940913" lon="-4.672143">
        <ele>467.714240</ele>
        <time>2026-05-22T09:16:38.000Z</time>
      </trkpt>
      <trkpt lat="36.940932" lon="-4.672125">
        <ele>468.103729</ele>
        <time>2026-05-22T09:16:40.000Z</time>
      </trkpt>
      <trkpt lat="36.940966" lon="-4.672102">
        <ele>468.735406</ele>
        <time>2026-05-22T09:16:43.000Z</time>
      </trkpt>
      <trkpt lat="36.940976" lon="-4.672096">
        <ele>468.916656</ele>
        <time>2026-05-22T09:16:44.000Z</time>
      </trkpt>
      <trkpt lat="36.940997" lon="-4.672090">
        <ele>469.268692</ele>
        <time>2026-05-22T09:16:46.000Z</time>
      </trkpt>
      <trkpt lat="36.941010" lon="-4.672085">
        <ele>469.490962</ele>
        <time>2026-05-22T09:16:47.000Z</time>
      </trkpt>
      <trkpt lat="36.941031" lon="-4.672071">
        <ele>469.879844</ele>
        <time>2026-05-22T09:16:49.000Z</time>
      </trkpt>
      <trkpt lat="36.941060" lon="-4.672037">
        <ele>470.529352</ele>
        <time>2026-05-22T09:16:53.000Z</time>
      </trkpt>
      <trkpt lat="36.941068" lon="-4.672029">
        <ele>470.696724</ele>
        <time>2026-05-22T09:16:54.000Z</time>
      </trkpt>
      <trkpt lat="36.941074" lon="-4.672023">
        <ele>470.822254</ele>
        <time>2026-05-22T09:16:55.000Z</time>
      </trkpt>
      <trkpt lat="36.941116" lon="-4.672003">
        <ele>471.556690</ele>
        <time>2026-05-22T09:17:00.000Z</time>
      </trkpt>
      <trkpt lat="36.941121" lon="-4.671997">
        <ele>471.669914</ele>
        <time>2026-05-22T09:17:01.000Z</time>
      </trkpt>
      <trkpt lat="36.941165" lon="-4.671933">
        <ele>472.772614</ele>
        <time>2026-05-22T09:17:10.000Z</time>
      </trkpt>
      <trkpt lat="36.941174" lon="-4.671925">
        <ele>472.953041</ele>
        <time>2026-05-22T09:17:11.000Z</time>
      </trkpt>
      <trkpt lat="36.941210" lon="-4.671881">
        <ele>473.775519</ele>
        <time>2026-05-22T09:17:16.000Z</time>
      </trkpt>
      <trkpt lat="36.941240" lon="-4.671818">
        <ele>474.733418</ele>
        <time>2026-05-22T09:17:22.000Z</time>
      </trkpt>
      <trkpt lat="36.941250" lon="-4.671793">
        <ele>475.098584</ele>
        <time>2026-05-22T09:17:24.000Z</time>
      </trkpt>
      <trkpt lat="36.941261" lon="-4.671704">
        <ele>476.274931</ele>
        <time>2026-05-22T09:17:33.000Z</time>
      </trkpt>
      <trkpt lat="36.941261" lon="-4.671607">
        <ele>477.541957</ele>
        <time>2026-05-22T09:17:40.000Z</time>
      </trkpt>
      <trkpt lat="36.941261" lon="-4.671593">
        <ele>477.724827</ele>
        <time>2026-05-22T09:17:41.000Z</time>
      </trkpt>
      <trkpt lat="36.941270" lon="-4.671512">
        <ele>478.793034</ele>
        <time>2026-05-22T09:17:47.000Z</time>
      </trkpt>
      <trkpt lat="36.941276" lon="-4.671500">
        <ele>478.977924</ele>
        <time>2026-05-22T09:17:48.000Z</time>
      </trkpt>
      <trkpt lat="36.941307" lon="-4.671409">
        <ele>479.917843</ele>
        <time>2026-05-22T09:17:54.000Z</time>
      </trkpt>
      <trkpt lat="36.941310" lon="-4.671399">
        <ele>479.965784</ele>
        <time>2026-05-22T09:17:55.000Z</time>
      </trkpt>
      <trkpt lat="36.941330" lon="-4.671300">
        <ele>480.424107</ele>
        <time>2026-05-22T09:18:03.000Z</time>
      </trkpt>
      <trkpt lat="36.941336" lon="-4.671278">
        <ele>480.528442</ele>
        <time>2026-05-22T09:18:05.000Z</time>
      </trkpt>
      <trkpt lat="36.941346" lon="-4.671238">
        <ele>480.716555</ele>
        <time>2026-05-22T09:18:08.000Z</time>
      </trkpt>
      <trkpt lat="36.941359" lon="-4.671211">
        <ele>480.858032</ele>
        <time>2026-05-22T09:18:11.000Z</time>
      </trkpt>
      <trkpt lat="36.941392" lon="-4.671112">
        <ele>481.339476</ele>
        <time>2026-05-22T09:18:19.000Z</time>
      </trkpt>
      <trkpt lat="36.941408" lon="-4.671076">
        <ele>481.524359</ele>
        <time>2026-05-22T09:18:21.000Z</time>
      </trkpt>
      <trkpt lat="36.941435" lon="-4.671009">
        <ele>481.861142</ele>
        <time>2026-05-22T09:18:25.000Z</time>
      </trkpt>
      <trkpt lat="36.941456" lon="-4.670961">
        <ele>482.106749</ele>
        <time>2026-05-22T09:18:30.000Z</time>
      </trkpt>
      <trkpt lat="36.941442" lon="-4.670958">
        <ele>482.186513</ele>
        <time>2026-05-22T09:18:37.000Z</time>
      </trkpt>
      <trkpt lat="36.941442" lon="-4.670947">
        <ele>482.235885</ele>
        <time>2026-05-22T09:18:42.000Z</time>
      </trkpt>
      <trkpt lat="36.941454" lon="-4.670953">
        <ele>482.308456</ele>
        <time>2026-05-22T09:18:45.000Z</time>
      </trkpt>
      <trkpt lat="36.941468" lon="-4.670953">
        <ele>482.387076</ele>
        <time>2026-05-22T09:18:46.000Z</time>
      </trkpt>
      <trkpt lat="36.941489" lon="-4.670912">
        <ele>482.605644</ele>
        <time>2026-05-22T09:18:50.000Z</time>
      </trkpt>
      <trkpt lat="36.941497" lon="-4.670872">
        <ele>482.790714</ele>
        <time>2026-05-22T09:18:53.000Z</time>
      </trkpt>
      <trkpt lat="36.941490" lon="-4.670756">
        <ele>483.312846</ele>
        <time>2026-05-22T09:19:02.000Z</time>
      </trkpt>
      <trkpt lat="36.941487" lon="-4.670641">
        <ele>483.829282</ele>
        <time>2026-05-22T09:19:09.000Z</time>
      </trkpt>
      <trkpt lat="36.941515" lon="-4.670549">
        <ele>484.271136</ele>
        <time>2026-05-22T09:19:16.000Z</time>
      </trkpt>
      <trkpt lat="36.941525" lon="-4.670444">
        <ele>484.745748</ele>
        <time>2026-05-22T09:19:22.000Z</time>
      </trkpt>
      <trkpt lat="36.941540" lon="-4.670369">
        <ele>485.092755</ele>
        <time>2026-05-22T09:19:27.000Z</time>
      </trkpt>
      <trkpt lat="36.941539" lon="-4.670359">
        <ele>485.137988</ele>
        <time>2026-05-22T09:19:28.000Z</time>
      </trkpt>
      <trkpt lat="36.941534" lon="-4.670343">
        <ele>485.215096</ele>
        <time>2026-05-22T09:19:30.000Z</time>
      </trkpt>
      <trkpt lat="36.941523" lon="-4.670328">
        <ele>485.306467</ele>
        <time>2026-05-22T09:19:35.000Z</time>
      </trkpt>
      <trkpt lat="36.941516" lon="-4.670329">
        <ele>485.346032</ele>
        <time>2026-05-22T09:19:36.000Z</time>
      </trkpt>
      <trkpt lat="36.941508" lon="-4.670327">
        <ele>485.391846</ele>
        <time>2026-05-22T09:19:39.000Z</time>
      </trkpt>
      <trkpt lat="36.941500" lon="-4.670330">
        <ele>485.438746</ele>
        <time>2026-05-22T09:19:42.000Z</time>
      </trkpt>
      <trkpt lat="36.941503" lon="-4.670323">
        <ele>485.474397</ele>
        <time>2026-05-22T09:19:47.000Z</time>
      </trkpt>
      <trkpt lat="36.941531" lon="-4.670237">
        <ele>485.891194</ele>
        <time>2026-05-22T09:19:53.000Z</time>
      </trkpt>
      <trkpt lat="36.941538" lon="-4.670224">
        <ele>485.961549</ele>
        <time>2026-05-22T09:19:54.000Z</time>
      </trkpt>
      <trkpt lat="36.941571" lon="-4.670185">
        <ele>486.216469</ele>
        <time>2026-05-22T09:19:57.000Z</time>
      </trkpt>
      <trkpt lat="36.941581" lon="-4.670174">
        <ele>486.291243</ele>
        <time>2026-05-22T09:19:58.000Z</time>
      </trkpt>
      <trkpt lat="36.941627" lon="-4.670132">
        <ele>486.611035</ele>
        <time>2026-05-22T09:20:02.000Z</time>
      </trkpt>
      <trkpt lat="36.941725" lon="-4.670049">
        <ele>487.275607</ele>
        <time>2026-05-22T09:20:11.000Z</time>
      </trkpt>
      <trkpt lat="36.941839" lon="-4.669939">
        <ele>488.084065</ele>
        <time>2026-05-22T09:20:25.000Z</time>
      </trkpt>
      <trkpt lat="36.941949" lon="-4.669883">
        <ele>488.750971</ele>
        <time>2026-05-22T09:20:33.000Z</time>
      </trkpt>
      <trkpt lat="36.942000" lon="-4.669876">
        <ele>489.039091</ele>
        <time>2026-05-22T09:20:38.000Z</time>
      </trkpt>
      <trkpt lat="36.942021" lon="-4.669870">
        <ele>489.160057</ele>
        <time>2026-05-22T09:20:40.000Z</time>
      </trkpt>
      <trkpt lat="36.942045" lon="-4.669863">
        <ele>489.298448</ele>
        <time>2026-05-22T09:20:43.000Z</time>
      </trkpt>
      <trkpt lat="36.942099" lon="-4.669833">
        <ele>489.630247</ele>
        <time>2026-05-22T09:20:48.000Z</time>
      </trkpt>
      <trkpt lat="36.942121" lon="-4.669821">
        <ele>489.765022</ele>
        <time>2026-05-22T09:20:50.000Z</time>
      </trkpt>
      <trkpt lat="36.942147" lon="-4.669798">
        <ele>490.073153</ele>
        <time>2026-05-22T09:20:53.000Z</time>
      </trkpt>
      <trkpt lat="36.942168" lon="-4.669779">
        <ele>490.390245</ele>
        <time>2026-05-22T09:20:56.000Z</time>
      </trkpt>
      <trkpt lat="36.942172" lon="-4.669774">
        <ele>490.459428</ele>
        <time>2026-05-22T09:20:57.000Z</time>
      </trkpt>
      <trkpt lat="36.942200" lon="-4.669747">
        <ele>490.891970</ele>
        <time>2026-05-22T09:21:01.000Z</time>
      </trkpt>
      <trkpt lat="36.942212" lon="-4.669743">
        <ele>491.043920</ele>
        <time>2026-05-22T09:21:03.000Z</time>
      </trkpt>
      <trkpt lat="36.942218" lon="-4.669736">
        <ele>491.144298</ele>
        <time>2026-05-22T09:21:04.000Z</time>
      </trkpt>
      <trkpt lat="36.942245" lon="-4.669695">
        <ele>491.663819</ele>
        <time>2026-05-22T09:21:07.000Z</time>
      </trkpt>
      <trkpt lat="36.942254" lon="-4.669680">
        <ele>491.847243</ele>
        <time>2026-05-22T09:21:08.000Z</time>
      </trkpt>
      <trkpt lat="36.942271" lon="-4.669653">
        <ele>492.183375</ele>
        <time>2026-05-22T09:21:10.000Z</time>
      </trkpt>
      <trkpt lat="36.942301" lon="-4.669558">
        <ele>493.182295</ele>
        <time>2026-05-22T09:21:17.000Z</time>
      </trkpt>
      <trkpt lat="36.942316" lon="-4.669518">
        <ele>493.614383</ele>
        <time>2026-05-22T09:21:20.000Z</time>
      </trkpt>
      <trkpt lat="36.942334" lon="-4.669476">
        <ele>494.080437</ele>
        <time>2026-05-22T09:21:23.000Z</time>
      </trkpt>
      <trkpt lat="36.942352" lon="-4.669450">
        <ele>494.416823</ele>
        <time>2026-05-22T09:21:27.000Z</time>
      </trkpt>
      <trkpt lat="36.942356" lon="-4.669439">
        <ele>494.535005</ele>
        <time>2026-05-22T09:21:28.000Z</time>
      </trkpt>
      <trkpt lat="36.942375" lon="-4.669386">
        <ele>495.103057</ele>
        <time>2026-05-22T09:21:33.000Z</time>
      </trkpt>
      <trkpt lat="36.942388" lon="-4.669349">
        <ele>495.498310</ele>
        <time>2026-05-22T09:21:36.000Z</time>
      </trkpt>
      <trkpt lat="36.942424" lon="-4.669280">
        <ele>496.304127</ele>
        <time>2026-05-22T09:21:42.000Z</time>
      </trkpt>
      <trkpt lat="36.942430" lon="-4.669272">
        <ele>496.411413</ele>
        <time>2026-05-22T09:21:43.000Z</time>
      </trkpt>
      <trkpt lat="36.942456" lon="-4.669233">
        <ele>496.908066</ele>
        <time>2026-05-22T09:21:47.000Z</time>
      </trkpt>
      <trkpt lat="36.942467" lon="-4.669203">
        <ele>497.230845</ele>
        <time>2026-05-22T09:21:50.000Z</time>
      </trkpt>
      <trkpt lat="36.942468" lon="-4.669187">
        <ele>497.387790</ele>
        <time>2026-05-22T09:21:57.000Z</time>
      </trkpt>
      <trkpt lat="36.942467" lon="-4.669192">
        <ele>497.438194</ele>
        <time>2026-05-22T09:22:00.000Z</time>
      </trkpt>
      <trkpt lat="36.942459" lon="-4.669196">
        <ele>497.543607</ele>
        <time>2026-05-22T09:22:11.000Z</time>
      </trkpt>
      <trkpt lat="36.942456" lon="-4.669200">
        <ele>497.597250</ele>
        <time>2026-05-22T09:22:12.000Z</time>
      </trkpt>
      <trkpt lat="36.942446" lon="-4.669200">
        <ele>497.719607</ele>
        <time>2026-05-22T09:22:17.000Z</time>
      </trkpt>
      <trkpt lat="36.942448" lon="-4.669183">
        <ele>497.887646</ele>
        <time>2026-05-22T09:22:20.000Z</time>
      </trkpt>
      <trkpt lat="36.942447" lon="-4.669177">
        <ele>497.947583</ele>
        <time>2026-05-22T09:22:22.000Z</time>
      </trkpt>
      <trkpt lat="36.942450" lon="-4.669166">
        <ele>498.061246</ele>
        <time>2026-05-22T09:22:24.000Z</time>
      </trkpt>
      <trkpt lat="36.942467" lon="-4.669113">
        <ele>498.619728</ele>
        <time>2026-05-22T09:22:32.000Z</time>
      </trkpt>
      <trkpt lat="36.942496" lon="-4.669049">
        <ele>499.339190</ele>
        <time>2026-05-22T09:22:37.000Z</time>
      </trkpt>
      <trkpt lat="36.942522" lon="-4.668992">
        <ele>499.981000</ele>
        <time>2026-05-22T09:22:41.000Z</time>
      </trkpt>
      <trkpt lat="36.942537" lon="-4.668963">
        <ele>500.318806</ele>
        <time>2026-05-22T09:22:44.000Z</time>
      </trkpt>
      <trkpt lat="36.942562" lon="-4.668904">
        <ele>500.971854</ele>
        <time>2026-05-22T09:22:49.000Z</time>
      </trkpt>
      <trkpt lat="36.942587" lon="-4.668864">
        <ele>501.468426</ele>
        <time>2026-05-22T09:22:53.000Z</time>
      </trkpt>
      <trkpt lat="36.942611" lon="-4.668833">
        <ele>501.890491</ele>
        <time>2026-05-22T09:22:56.000Z</time>
      </trkpt>
      <trkpt lat="36.942638" lon="-4.668779">
        <ele>502.513394</ele>
        <time>2026-05-22T09:23:01.000Z</time>
      </trkpt>
      <trkpt lat="36.942641" lon="-4.668769">
        <ele>502.617848</ele>
        <time>2026-05-22T09:23:02.000Z</time>
      </trkpt>
      <trkpt lat="36.942672" lon="-4.668698">
        <ele>503.409026</ele>
        <time>2026-05-22T09:23:07.000Z</time>
      </trkpt>
      <trkpt lat="36.942677" lon="-4.668689">
        <ele>503.516213</ele>
        <time>2026-05-22T09:23:08.000Z</time>
      </trkpt>
      <trkpt lat="36.942685" lon="-4.668668">
        <ele>503.743712</ele>
        <time>2026-05-22T09:23:10.000Z</time>
      </trkpt>
      <trkpt lat="36.942697" lon="-4.668616">
        <ele>504.273006</ele>
        <time>2026-05-22T09:23:13.000Z</time>
      </trkpt>
      <trkpt lat="36.942702" lon="-4.668596">
        <ele>504.477935</ele>
        <time>2026-05-22T09:23:14.000Z</time>
      </trkpt>
      <trkpt lat="36.942706" lon="-4.668583">
        <ele>504.614161</ele>
        <time>2026-05-22T09:23:15.000Z</time>
      </trkpt>
      <trkpt lat="36.942718" lon="-4.668542">
        <ele>505.041148</ele>
        <time>2026-05-22T09:23:19.000Z</time>
      </trkpt>
      <trkpt lat="36.942731" lon="-4.668501">
        <ele>505.472496</ele>
        <time>2026-05-22T09:23:22.000Z</time>
      </trkpt>
      <trkpt lat="36.942745" lon="-4.668452">
        <ele>505.981376</ele>
        <time>2026-05-22T09:23:25.000Z</time>
      </trkpt>
      <trkpt lat="36.942763" lon="-4.668415">
        <ele>506.404967</ele>
        <time>2026-05-22T09:23:29.000Z</time>
      </trkpt>
      <trkpt lat="36.942783" lon="-4.668373">
        <ele>506.883069</ele>
        <time>2026-05-22T09:23:32.000Z</time>
      </trkpt>
      <trkpt lat="36.942815" lon="-4.668274">
        <ele>507.927390</ele>
        <time>2026-05-22T09:23:39.000Z</time>
      </trkpt>
      <trkpt lat="36.942831" lon="-4.668197">
        <ele>508.705422</ele>
        <time>2026-05-22T09:23:45.000Z</time>
      </trkpt>
      <trkpt lat="36.942857" lon="-4.668104">
        <ele>509.668924</ele>
        <time>2026-05-22T09:23:52.000Z</time>
      </trkpt>
      <trkpt lat="36.942868" lon="-4.668043">
        <ele>510.280451</ele>
        <time>2026-05-22T09:23:56.000Z</time>
      </trkpt>
      <trkpt lat="36.942876" lon="-4.667979">
        <ele>510.913929</ele>
        <time>2026-05-22T09:24:00.000Z</time>
      </trkpt>
      <trkpt lat="36.942865" lon="-4.667888">
        <ele>511.813957</ele>
        <time>2026-05-22T09:24:06.000Z</time>
      </trkpt>
      <trkpt lat="36.942855" lon="-4.667860">
        <ele>511.943323</ele>
        <time>2026-05-22T09:24:08.000Z</time>
      </trkpt>
      <trkpt lat="36.942836" lon="-4.667792">
        <ele>512.206166</ele>
        <time>2026-05-22T09:24:13.000Z</time>
      </trkpt>
      <trkpt lat="36.942836" lon="-4.667759">
        <ele>512.326575</ele>
        <time>2026-05-22T09:24:15.000Z</time>
      </trkpt>
      <trkpt lat="36.942817" lon="-4.667662">
        <ele>512.690981</ele>
        <time>2026-05-22T09:24:22.000Z</time>
      </trkpt>
      <trkpt lat="36.942778" lon="-4.667567">
        <ele>513.080669</ele>
        <time>2026-05-22T09:24:28.000Z</time>
      </trkpt>
      <trkpt lat="36.942768" lon="-4.667525">
        <ele>513.240574</ele>
        <time>2026-05-22T09:24:31.000Z</time>
      </trkpt>
      <trkpt lat="36.942765" lon="-4.667512">
        <ele>513.289945</ele>
        <time>2026-05-22T09:24:32.000Z</time>
      </trkpt>
      <trkpt lat="36.942758" lon="-4.667467">
        <ele>513.457222</ele>
        <time>2026-05-22T09:24:35.000Z</time>
      </trkpt>
      <trkpt lat="36.942755" lon="-4.667455">
        <ele>513.503099</ele>
        <time>2026-05-22T09:24:36.000Z</time>
      </trkpt>
      <trkpt lat="36.942755" lon="-4.667427">
        <ele>513.605265</ele>
        <time>2026-05-22T09:24:38.000Z</time>
      </trkpt>
      <trkpt lat="36.942747" lon="-4.667337">
        <ele>513.935681</ele>
        <time>2026-05-22T09:24:44.000Z</time>
      </trkpt>
      <trkpt lat="36.942734" lon="-4.667269">
        <ele>514.190797</ele>
        <time>2026-05-22T09:24:49.000Z</time>
      </trkpt>
      <trkpt lat="36.942734" lon="-4.667209">
        <ele>514.409724</ele>
        <time>2026-05-22T09:24:52.000Z</time>
      </trkpt>
      <trkpt lat="36.942736" lon="-4.667094">
        <ele>514.829434</ele>
        <time>2026-05-22T09:25:00.000Z</time>
      </trkpt>
      <trkpt lat="36.942727" lon="-4.667029">
        <ele>515.070138</ele>
        <time>2026-05-22T09:25:05.000Z</time>
      </trkpt>
      <trkpt lat="36.942727" lon="-4.667013">
        <ele>515.128518</ele>
        <time>2026-05-22T09:25:06.000Z</time>
      </trkpt>
      <trkpt lat="36.942724" lon="-4.666972">
        <ele>515.278744</ele>
        <time>2026-05-22T09:25:08.000Z</time>
      </trkpt>
      <trkpt lat="36.942716" lon="-4.666876">
        <ele>515.630927</ele>
        <time>2026-05-22T09:25:14.000Z</time>
      </trkpt>
      <trkpt lat="36.942714" lon="-4.666860">
        <ele>515.690017</ele>
        <time>2026-05-22T09:25:15.000Z</time>
      </trkpt>
      <trkpt lat="36.942720" lon="-4.666756">
        <ele>516.070478</ele>
        <time>2026-05-22T09:25:22.000Z</time>
      </trkpt>
      <trkpt lat="36.942729" lon="-4.666675">
        <ele>516.368872</ele>
        <time>2026-05-22T09:25:27.000Z</time>
      </trkpt>
      <trkpt lat="36.942732" lon="-4.666656">
        <ele>516.439539</ele>
        <time>2026-05-22T09:25:28.000Z</time>
      </trkpt>
      <trkpt lat="36.942750" lon="-4.666576">
        <ele>516.742788</ele>
        <time>2026-05-22T09:25:34.000Z</time>
      </trkpt>
      <trkpt lat="36.942753" lon="-4.666563">
        <ele>516.792160</ele>
        <time>2026-05-22T09:25:35.000Z</time>
      </trkpt>
      <trkpt lat="36.942765" lon="-4.666486">
        <ele>517.078408</ele>
        <time>2026-05-22T09:25:40.000Z</time>
      </trkpt>
      <trkpt lat="36.942771" lon="-4.666458">
        <ele>517.184182</ele>
        <time>2026-05-22T09:25:42.000Z</time>
      </trkpt>
      <trkpt lat="36.942773" lon="-4.666446">
        <ele>517.228909</ele>
        <time>2026-05-22T09:25:43.000Z</time>
      </trkpt>
      <trkpt lat="36.942777" lon="-4.666385">
        <ele>517.452233</ele>
        <time>2026-05-22T09:25:47.000Z</time>
      </trkpt>
      <trkpt lat="36.942779" lon="-4.666356">
        <ele>517.558441</ele>
        <time>2026-05-22T09:25:49.000Z</time>
      </trkpt>
      <trkpt lat="36.942782" lon="-4.666346">
        <ele>517.597415</ele>
        <time>2026-05-22T09:25:50.000Z</time>
      </trkpt>
      <trkpt lat="36.942795" lon="-4.666268">
        <ele>517.888142</ele>
        <time>2026-05-22T09:25:56.000Z</time>
      </trkpt>
      <trkpt lat="36.942807" lon="-4.666232">
        <ele>518.030464</ele>
        <time>2026-05-22T09:25:59.000Z</time>
      </trkpt>
      <trkpt lat="36.942811" lon="-4.666202">
        <ele>518.141441</ele>
        <time>2026-05-22T09:26:02.000Z</time>
      </trkpt>
      <trkpt lat="36.942821" lon="-4.666124">
        <ele>518.429684</ele>
        <time>2026-05-22T09:26:08.000Z</time>
      </trkpt>
      <trkpt lat="36.942821" lon="-4.666111">
        <ele>518.477118</ele>
        <time>2026-05-22T09:26:09.000Z</time>
      </trkpt>
      <trkpt lat="36.942851" lon="-4.666015">
        <ele>518.853225</ele>
        <time>2026-05-22T09:26:15.000Z</time>
      </trkpt>
      <trkpt lat="36.942864" lon="-4.665960">
        <ele>519.062500</ele>
        <time>2026-05-22T09:26:18.000Z</time>
      </trkpt>
      <trkpt lat="36.942877" lon="-4.665879">
        <ele>519.363951</ele>
        <time>2026-05-22T09:26:25.000Z</time>
      </trkpt>
      <trkpt lat="36.942902" lon="-4.665835">
        <ele>519.560932</ele>
        <time>2026-05-22T09:26:29.000Z</time>
      </trkpt>
      <trkpt lat="36.942966" lon="-4.665734">
        <ele>520.031231</ele>
        <time>2026-05-22T09:26:35.000Z</time>
      </trkpt>
      <trkpt lat="36.943010" lon="-4.665679">
        <ele>520.309256</ele>
        <time>2026-05-22T09:26:42.000Z</time>
      </trkpt>
      <trkpt lat="36.943086" lon="-4.665603">
        <ele>520.743386</ele>
        <time>2026-05-22T09:26:50.000Z</time>
      </trkpt>
      <trkpt lat="36.943157" lon="-4.665545">
        <ele>521.121747</ele>
        <time>2026-05-22T09:26:56.000Z</time>
      </trkpt>
      <trkpt lat="36.943179" lon="-4.665517">
        <ele>521.261777</ele>
        <time>2026-05-22T09:26:58.000Z</time>
      </trkpt>
      <trkpt lat="36.943207" lon="-4.665484">
        <ele>521.433418</ele>
        <time>2026-05-22T09:27:02.000Z</time>
      </trkpt>
      <trkpt lat="36.943212" lon="-4.665476">
        <ele>521.469636</ele>
        <time>2026-05-22T09:27:03.000Z</time>
      </trkpt>
      <trkpt lat="36.943256" lon="-4.665416">
        <ele>521.760041</ele>
        <time>2026-05-22T09:27:08.000Z</time>
      </trkpt>
      <trkpt lat="36.943308" lon="-4.665376">
        <ele>522.032417</ele>
        <time>2026-05-22T09:27:14.000Z</time>
      </trkpt>
      <trkpt lat="36.943370" lon="-4.665303">
        <ele>522.412305</ele>
        <time>2026-05-22T09:27:21.000Z</time>
      </trkpt>
      <trkpt lat="36.943389" lon="-4.665276">
        <ele>522.540601</ele>
        <time>2026-05-22T09:27:23.000Z</time>
      </trkpt>
      <trkpt lat="36.943449" lon="-4.665183">
        <ele>522.966843</ele>
        <time>2026-05-22T09:27:30.000Z</time>
      </trkpt>
      <trkpt lat="36.943514" lon="-4.665056">
        <ele>523.504672</ele>
        <time>2026-05-22T09:27:39.000Z</time>
      </trkpt>
      <trkpt lat="36.943523" lon="-4.665039">
        <ele>523.577394</ele>
        <time>2026-05-22T09:27:41.000Z</time>
      </trkpt>
      <trkpt lat="36.943548" lon="-4.664996">
        <ele>523.767027</ele>
        <time>2026-05-22T09:27:45.000Z</time>
      </trkpt>
      <trkpt lat="36.943581" lon="-4.664967">
        <ele>523.946970</ele>
        <time>2026-05-22T09:27:49.000Z</time>
      </trkpt>
      <trkpt lat="36.943599" lon="-4.664959">
        <ele>524.032206</ele>
        <time>2026-05-22T09:27:51.000Z</time>
      </trkpt>
      <trkpt lat="36.943621" lon="-4.664946">
        <ele>524.140770</ele>
        <time>2026-05-22T09:27:53.000Z</time>
      </trkpt>
      <trkpt lat="36.943654" lon="-4.664935">
        <ele>524.293158</ele>
        <time>2026-05-22T09:27:56.000Z</time>
      </trkpt>
      <trkpt lat="36.943690" lon="-4.664927">
        <ele>524.456310</ele>
        <time>2026-05-22T09:27:59.000Z</time>
      </trkpt>
      <trkpt lat="36.943707" lon="-4.664926">
        <ele>524.532251</ele>
        <time>2026-05-22T09:28:01.000Z</time>
      </trkpt>
      <trkpt lat="36.943736" lon="-4.664918">
        <ele>524.664762</ele>
        <time>2026-05-22T09:28:04.000Z</time>
      </trkpt>
      <trkpt lat="36.943799" lon="-4.664888">
        <ele>524.965550</ele>
        <time>2026-05-22T09:28:08.000Z</time>
      </trkpt>
      <trkpt lat="36.943855" lon="-4.664858">
        <ele>525.237373</ele>
        <time>2026-05-22T09:28:14.000Z</time>
      </trkpt>
      <trkpt lat="36.943945" lon="-4.664823">
        <ele>525.657919</ele>
        <time>2026-05-22T09:28:20.000Z</time>
      </trkpt>
      <trkpt lat="36.944007" lon="-4.664782">
        <ele>525.970837</ele>
        <time>2026-05-22T09:28:26.000Z</time>
      </trkpt>
      <trkpt lat="36.944025" lon="-4.664762">
        <ele>526.078254</ele>
        <time>2026-05-22T09:28:28.000Z</time>
      </trkpt>
      <trkpt lat="36.944077" lon="-4.664681">
        <ele>526.448773</ele>
        <time>2026-05-22T09:28:35.000Z</time>
      </trkpt>
      <trkpt lat="36.944095" lon="-4.664657">
        <ele>526.566148</ele>
        <time>2026-05-22T09:28:37.000Z</time>
      </trkpt>
      <trkpt lat="36.944123" lon="-4.664623">
        <ele>526.740253</ele>
        <time>2026-05-22T09:28:40.000Z</time>
      </trkpt>
      <trkpt lat="36.944150" lon="-4.664586">
        <ele>526.918933</ele>
        <time>2026-05-22T09:28:44.000Z</time>
      </trkpt>
      <trkpt lat="36.944202" lon="-4.664530">
        <ele>527.225076</ele>
        <time>2026-05-22T09:28:50.000Z</time>
      </trkpt>
      <trkpt lat="36.944212" lon="-4.664515">
        <ele>527.294737</ele>
        <time>2026-05-22T09:28:51.000Z</time>
      </trkpt>
      <trkpt lat="36.944255" lon="-4.664447">
        <ele>527.603970</ele>
        <time>2026-05-22T09:28:57.000Z</time>
      </trkpt>
      <trkpt lat="36.944282" lon="-4.664395">
        <ele>527.825115</ele>
        <time>2026-05-22T09:29:03.000Z</time>
      </trkpt>
      <trkpt lat="36.944284" lon="-4.664385">
        <ele>527.861877</ele>
        <time>2026-05-22T09:29:04.000Z</time>
      </trkpt>
      <trkpt lat="36.944286" lon="-4.664357">
        <ele>527.962131</ele>
        <time>2026-05-22T09:29:06.000Z</time>
      </trkpt>
      <trkpt lat="36.944285" lon="-4.664340">
        <ele>528.022921</ele>
        <time>2026-05-22T09:29:07.000Z</time>
      </trkpt>
      <trkpt lat="36.944303" lon="-4.664268">
        <ele>528.415675</ele>
        <time>2026-05-22T09:29:11.000Z</time>
      </trkpt>
      <trkpt lat="36.944326" lon="-4.664152">
        <ele>529.089612</ele>
        <time>2026-05-22T09:29:18.000Z</time>
      </trkpt>
      <trkpt lat="36.944330" lon="-4.664107">
        <ele>529.344926</ele>
        <time>2026-05-22T09:29:21.000Z</time>
      </trkpt>
      <trkpt lat="36.944335" lon="-4.664036">
        <ele>529.746837</ele>
        <time>2026-05-22T09:29:26.000Z</time>
      </trkpt>
      <trkpt lat="36.944340" lon="-4.663996">
        <ele>529.975134</ele>
        <time>2026-05-22T09:29:29.000Z</time>
      </trkpt>
      <trkpt lat="36.944344" lon="-4.663943">
        <ele>530.275324</ele>
        <time>2026-05-22T09:29:32.000Z</time>
      </trkpt>
      <trkpt lat="36.944353" lon="-4.663869">
        <ele>530.697404</ele>
        <time>2026-05-22T09:29:36.000Z</time>
      </trkpt>
      <trkpt lat="36.944359" lon="-4.663830">
        <ele>530.921357</ele>
        <time>2026-05-22T09:29:39.000Z</time>
      </trkpt>
      <trkpt lat="36.944364" lon="-4.663806">
        <ele>531.061213</ele>
        <time>2026-05-22T09:29:41.000Z</time>
      </trkpt>
      <trkpt lat="36.944367" lon="-4.663786">
        <ele>531.175959</ele>
        <time>2026-05-22T09:29:42.000Z</time>
      </trkpt>
      <trkpt lat="36.944376" lon="-4.663729">
        <ele>531.503587</ele>
        <time>2026-05-22T09:29:45.000Z</time>
      </trkpt>
      <trkpt lat="36.944382" lon="-4.663698">
        <ele>531.683445</ele>
        <time>2026-05-22T09:29:47.000Z</time>
      </trkpt>
      <trkpt lat="36.944386" lon="-4.663651">
        <ele>531.949970</ele>
        <time>2026-05-22T09:29:50.000Z</time>
      </trkpt>
      <trkpt lat="36.944389" lon="-4.663600">
        <ele>532.238330</ele>
        <time>2026-05-22T09:29:54.000Z</time>
      </trkpt>
      <trkpt lat="36.944396" lon="-4.663540">
        <ele>532.580248</ele>
        <time>2026-05-22T09:29:58.000Z</time>
      </trkpt>
      <trkpt lat="36.944420" lon="-4.663404">
        <ele>533.365606</ele>
        <time>2026-05-22T09:30:07.000Z</time>
      </trkpt>
      <trkpt lat="36.944413" lon="-4.663260">
        <ele>534.179103</ele>
        <time>2026-05-22T09:30:16.000Z</time>
      </trkpt>
      <trkpt lat="36.944438" lon="-4.663118">
        <ele>534.999019</ele>
        <time>2026-05-22T09:30:26.000Z</time>
      </trkpt>
      <trkpt lat="36.944465" lon="-4.663107">
        <ele>535.199361</ele>
        <time>2026-05-22T09:30:28.000Z</time>
      </trkpt>
      <trkpt lat="36.944525" lon="-4.663088">
        <ele>535.636036</ele>
        <time>2026-05-22T09:30:32.000Z</time>
      </trkpt>
      <trkpt lat="36.944600" lon="-4.663060">
        <ele>536.188249</ele>
        <time>2026-05-22T09:30:38.000Z</time>
      </trkpt>
      <trkpt lat="36.944620" lon="-4.663055">
        <ele>536.332147</ele>
        <time>2026-05-22T09:30:40.000Z</time>
      </trkpt>
      <trkpt lat="36.944653" lon="-4.663048">
        <ele>536.568300</ele>
        <time>2026-05-22T09:30:43.000Z</time>
      </trkpt>
      <trkpt lat="36.944712" lon="-4.663019">
        <ele>537.015540</ele>
        <time>2026-05-22T09:30:48.000Z</time>
      </trkpt>
      <trkpt lat="36.944720" lon="-4.663017">
        <ele>537.073100</ele>
        <time>2026-05-22T09:30:49.000Z</time>
      </trkpt>
      <trkpt lat="36.944777" lon="-4.662998">
        <ele>537.489288</ele>
        <time>2026-05-22T09:30:54.000Z</time>
      </trkpt>
      <trkpt lat="36.944786" lon="-4.662995">
        <ele>537.555002</ele>
        <time>2026-05-22T09:30:55.000Z</time>
      </trkpt>
      <trkpt lat="36.944803" lon="-4.662987">
        <ele>537.683147</ele>
        <time>2026-05-22T09:30:57.000Z</time>
      </trkpt>
      <trkpt lat="36.944821" lon="-4.662977">
        <ele>537.822102</ele>
        <time>2026-05-22T09:31:00.000Z</time>
      </trkpt>
      <trkpt lat="36.944840" lon="-4.662958">
        <ele>537.993709</ele>
        <time>2026-05-22T09:31:03.000Z</time>
      </trkpt>
      <trkpt lat="36.944855" lon="-4.662948">
        <ele>538.113625</ele>
        <time>2026-05-22T09:31:05.000Z</time>
      </trkpt>
      <trkpt lat="36.944884" lon="-4.662928">
        <ele>538.347256</ele>
        <time>2026-05-22T09:31:09.000Z</time>
      </trkpt>
      <trkpt lat="36.944917" lon="-4.662899">
        <ele>538.631775</ele>
        <time>2026-05-22T09:31:12.000Z</time>
      </trkpt>
      <trkpt lat="36.944925" lon="-4.662893">
        <ele>538.697582</ele>
        <time>2026-05-22T09:31:13.000Z</time>
      </trkpt>
      <trkpt lat="36.944973" lon="-4.662845">
        <ele>539.131115</ele>
        <time>2026-05-22T09:31:18.000Z</time>
      </trkpt>
      <trkpt lat="36.944983" lon="-4.662831">
        <ele>539.236992</ele>
        <time>2026-05-22T09:31:19.000Z</time>
      </trkpt>
      <trkpt lat="36.945006" lon="-4.662804">
        <ele>539.459507</ele>
        <time>2026-05-22T09:31:23.000Z</time>
      </trkpt>
      <trkpt lat="36.945015" lon="-4.662783">
        <ele>539.593874</ele>
        <time>2026-05-22T09:31:25.000Z</time>
      </trkpt>
      <trkpt lat="36.945026" lon="-4.662753">
        <ele>539.779992</ele>
        <time>2026-05-22T09:31:30.000Z</time>
      </trkpt>
      <trkpt lat="36.945026" lon="-4.662750">
        <ele>539.796909</ele>
        <time>2026-05-22T09:31:33.000Z</time>
      </trkpt>
      <trkpt lat="36.945017" lon="-4.662766">
        <ele>539.907235</ele>
        <time>2026-05-22T09:31:36.000Z</time>
      </trkpt>
      <trkpt lat="36.945018" lon="-4.662768">
        <ele>539.920538</ele>
        <time>2026-05-22T09:31:37.000Z</time>
      </trkpt>
      <trkpt lat="36.945019" lon="-4.662774">
        <ele>539.955099</ele>
        <time>2026-05-22T09:31:38.000Z</time>
      </trkpt>
      <trkpt lat="36.945035" lon="-4.662773">
        <ele>540.068127</ele>
        <time>2026-05-22T09:31:40.000Z</time>
      </trkpt>
      <trkpt lat="36.945068" lon="-4.662745">
        <ele>540.349442</ele>
        <time>2026-05-22T09:31:44.000Z</time>
      </trkpt>
      <trkpt lat="36.945074" lon="-4.662737">
        <ele>540.411305</ele>
        <time>2026-05-22T09:31:45.000Z</time>
      </trkpt>
      <trkpt lat="36.945097" lon="-4.662713">
        <ele>540.622606</ele>
        <time>2026-05-22T09:31:48.000Z</time>
      </trkpt>
      <trkpt lat="36.945123" lon="-4.662659">
        <ele>540.896737</ele>
        <time>2026-05-22T09:31:52.000Z</time>
      </trkpt>
      <trkpt lat="36.945129" lon="-4.662607">
        <ele>541.077525</ele>
        <time>2026-05-22T09:31:57.000Z</time>
      </trkpt>
      <trkpt lat="36.945169" lon="-4.662514">
        <ele>541.440940</ele>
        <time>2026-05-22T09:32:05.000Z</time>
      </trkpt>
      <trkpt lat="36.945176" lon="-4.662504">
        <ele>541.486683</ele>
        <time>2026-05-22T09:32:06.000Z</time>
      </trkpt>
      <trkpt lat="36.945184" lon="-4.662492">
        <ele>541.540455</ele>
        <time>2026-05-22T09:32:07.000Z</time>
      </trkpt>
      <trkpt lat="36.945232" lon="-4.662421">
        <ele>541.860454</ele>
        <time>2026-05-22T09:32:14.000Z</time>
      </trkpt>
      <trkpt lat="36.945295" lon="-4.662337">
        <ele>542.256841</ele>
        <time>2026-05-22T09:32:22.000Z</time>
      </trkpt>
      <trkpt lat="36.945325" lon="-4.662275">
        <ele>542.506239</ele>
        <time>2026-05-22T09:32:27.000Z</time>
      </trkpt>
      <trkpt lat="36.945339" lon="-4.662246">
        <ele>542.622821</ele>
        <time>2026-05-22T09:32:29.000Z</time>
      </trkpt>
      <trkpt lat="36.945371" lon="-4.662147">
        <ele>542.990288</ele>
        <time>2026-05-22T09:32:36.000Z</time>
      </trkpt>
      <trkpt lat="36.945391" lon="-4.662086">
        <ele>543.217166</ele>
        <time>2026-05-22T09:32:42.000Z</time>
      </trkpt>
      <trkpt lat="36.945403" lon="-4.662048">
        <ele>543.357762</ele>
        <time>2026-05-22T09:32:44.000Z</time>
      </trkpt>
      <trkpt lat="36.945423" lon="-4.661962">
        <ele>543.665964</ele>
        <time>2026-05-22T09:32:50.000Z</time>
      </trkpt>
      <trkpt lat="36.945438" lon="-4.661921">
        <ele>543.821125</ele>
        <time>2026-05-22T09:32:52.000Z</time>
      </trkpt>
      <trkpt lat="36.945449" lon="-4.661875">
        <ele>543.986345</ele>
        <time>2026-05-22T09:32:55.000Z</time>
      </trkpt>
      <trkpt lat="36.945466" lon="-4.661811">
        <ele>544.218414</ele>
        <time>2026-05-22T09:33:02.000Z</time>
      </trkpt>
      <trkpt lat="36.945483" lon="-4.661755">
        <ele>544.424544</ele>
        <time>2026-05-22T09:33:07.000Z</time>
      </trkpt>
      <trkpt lat="36.945487" lon="-4.661745">
        <ele>544.463023</ele>
        <time>2026-05-22T09:33:08.000Z</time>
      </trkpt>
      <trkpt lat="36.945498" lon="-4.661713">
        <ele>544.582889</ele>
        <time>2026-05-22T09:33:10.000Z</time>
      </trkpt>
      <trkpt lat="36.945532" lon="-4.661572">
        <ele>545.089674</ele>
        <time>2026-05-22T09:33:19.000Z</time>
      </trkpt>
      <trkpt lat="36.945531" lon="-4.661556">
        <ele>545.144898</ele>
        <time>2026-05-22T09:33:20.000Z</time>
      </trkpt>
      <trkpt lat="36.945556" lon="-4.661475">
        <ele>545.443682</ele>
        <time>2026-05-22T09:33:26.000Z</time>
      </trkpt>
      <trkpt lat="36.945575" lon="-4.661423">
        <ele>545.640428</ele>
        <time>2026-05-22T09:33:31.000Z</time>
      </trkpt>
      <trkpt lat="36.945621" lon="-4.661318">
        <ele>546.052456</ele>
        <time>2026-05-22T09:33:38.000Z</time>
      </trkpt>
      <trkpt lat="36.945682" lon="-4.661199">
        <ele>546.538925</ele>
        <time>2026-05-22T09:33:46.000Z</time>
      </trkpt>
      <trkpt lat="36.945726" lon="-4.661105">
        <ele>546.913773</ele>
        <time>2026-05-22T09:33:53.000Z</time>
      </trkpt>
      <trkpt lat="36.945748" lon="-4.661065">
        <ele>547.080857</ele>
        <time>2026-05-22T09:33:56.000Z</time>
      </trkpt>
      <trkpt lat="36.945782" lon="-4.661004">
        <ele>547.336763</ele>
        <time>2026-05-22T09:34:00.000Z</time>
      </trkpt>
      <trkpt lat="36.945815" lon="-4.660946">
        <ele>547.581750</ele>
        <time>2026-05-22T09:34:07.000Z</time>
      </trkpt>
      <trkpt lat="36.945871" lon="-4.660867">
        <ele>547.945109</ele>
        <time>2026-05-22T09:34:13.000Z</time>
      </trkpt>
      <trkpt lat="36.945886" lon="-4.660844">
        <ele>548.047259</ele>
        <time>2026-05-22T09:34:15.000Z</time>
      </trkpt>
      <trkpt lat="36.945923" lon="-4.660768">
        <ele>548.353475</ele>
        <time>2026-05-22T09:34:21.000Z</time>
      </trkpt>
      <trkpt lat="36.945966" lon="-4.660693">
        <ele>548.094021</ele>
        <time>2026-05-22T09:34:27.000Z</time>
      </trkpt>
      <trkpt lat="36.945978" lon="-4.660663">
        <ele>547.786818</ele>
        <time>2026-05-22T09:34:29.000Z</time>
      </trkpt>
      <trkpt lat="36.945998" lon="-4.660629">
        <ele>547.400231</ele>
        <time>2026-05-22T09:34:32.000Z</time>
      </trkpt>
      <trkpt lat="36.946027" lon="-4.660591">
        <ele>546.919091</ele>
        <time>2026-05-22T09:34:35.000Z</time>
      </trkpt>
      <trkpt lat="36.946030" lon="-4.660587">
        <ele>546.868859</ele>
        <time>2026-05-22T09:34:36.000Z</time>
      </trkpt>
      <trkpt lat="36.946065" lon="-4.660520">
        <ele>546.135889</ele>
        <time>2026-05-22T09:34:42.000Z</time>
      </trkpt>
      <trkpt lat="36.946084" lon="-4.660457">
        <ele>545.519276</ele>
        <time>2026-05-22T09:34:46.000Z</time>
      </trkpt>
      <trkpt lat="36.946095" lon="-4.660396">
        <ele>544.946645</ele>
        <time>2026-05-22T09:34:50.000Z</time>
      </trkpt>
      <trkpt lat="36.946097" lon="-4.660368">
        <ele>544.689221</ele>
        <time>2026-05-22T09:34:52.000Z</time>
      </trkpt>
      <trkpt lat="36.946085" lon="-4.660299">
        <ele>544.042588</ele>
        <time>2026-05-22T09:34:58.000Z</time>
      </trkpt>
      <trkpt lat="36.946076" lon="-4.660269">
        <ele>543.749155</ele>
        <time>2026-05-22T09:35:01.000Z</time>
      </trkpt>
      <trkpt lat="36.946052" lon="-4.660214">
        <ele>543.175327</ele>
        <time>2026-05-22T09:35:05.000Z</time>
      </trkpt>
      <trkpt lat="36.946049" lon="-4.660201">
        <ele>543.051420</ele>
        <time>2026-05-22T09:35:06.000Z</time>
      </trkpt>
      <trkpt lat="36.946043" lon="-4.660166">
        <ele>542.723627</ele>
        <time>2026-05-22T09:35:09.000Z</time>
      </trkpt>
      <trkpt lat="36.946035" lon="-4.660121">
        <ele>542.301481</ele>
        <time>2026-05-22T09:35:13.000Z</time>
      </trkpt>
      <trkpt lat="36.946038" lon="-4.660091">
        <ele>542.024623</ele>
        <time>2026-05-22T09:35:15.000Z</time>
      </trkpt>
      <trkpt lat="36.946063" lon="-4.660055">
        <ele>541.587899</ele>
        <time>2026-05-22T09:35:19.000Z</time>
      </trkpt>
      <trkpt lat="36.946082" lon="-4.660047">
        <ele>541.358203</ele>
        <time>2026-05-22T09:35:21.000Z</time>
      </trkpt>
      <trkpt lat="36.946107" lon="-4.660050">
        <ele>541.070441</ele>
        <time>2026-05-22T09:35:23.000Z</time>
      </trkpt>
      <trkpt lat="36.946158" lon="-4.660075">
        <ele>540.442843</ele>
        <time>2026-05-22T09:35:27.000Z</time>
      </trkpt>
      <trkpt lat="36.946168" lon="-4.660084">
        <ele>540.301702</ele>
        <time>2026-05-22T09:35:28.000Z</time>
      </trkpt>
      <trkpt lat="36.946225" lon="-4.660145">
        <ele>539.442306</ele>
        <time>2026-05-22T09:35:34.000Z</time>
      </trkpt>
      <trkpt lat="36.946271" lon="-4.660181">
        <ele>538.820637</ele>
        <time>2026-05-22T09:35:41.000Z</time>
      </trkpt>
      <trkpt lat="36.946304" lon="-4.660191">
        <ele>538.431595</ele>
        <time>2026-05-22T09:35:46.000Z</time>
      </trkpt>
      <trkpt lat="36.946327" lon="-4.660197">
        <ele>538.162396</ele>
        <time>2026-05-22T09:35:48.000Z</time>
      </trkpt>
      <trkpt lat="36.946353" lon="-4.660210">
        <ele>537.841585</ele>
        <time>2026-05-22T09:35:51.000Z</time>
      </trkpt>
      <trkpt lat="36.946427" lon="-4.660232">
        <ele>536.970094</ele>
        <time>2026-05-22T09:35:57.000Z</time>
      </trkpt>
      <trkpt lat="36.946453" lon="-4.660238">
        <ele>536.667163</ele>
        <time>2026-05-22T09:35:59.000Z</time>
      </trkpt>
      <trkpt lat="36.946560" lon="-4.660261">
        <ele>535.423205</ele>
        <time>2026-05-22T09:36:07.000Z</time>
      </trkpt>
      <trkpt lat="36.946568" lon="-4.660264">
        <ele>535.327514</ele>
        <time>2026-05-22T09:36:08.000Z</time>
      </trkpt>
      <trkpt lat="36.946605" lon="-4.660294">
        <ele>534.822345</ele>
        <time>2026-05-22T09:36:12.000Z</time>
      </trkpt>
      <trkpt lat="36.946641" lon="-4.660326">
        <ele>534.316371</ele>
        <time>2026-05-22T09:36:15.000Z</time>
      </trkpt>
      <trkpt lat="36.946706" lon="-4.660380">
        <ele>533.422396</ele>
        <time>2026-05-22T09:36:22.000Z</time>
      </trkpt>
      <trkpt lat="36.946784" lon="-4.660492">
        <ele>532.062035</ele>
        <time>2026-05-22T09:36:32.000Z</time>
      </trkpt>
      <trkpt lat="36.946797" lon="-4.660501">
        <ele>531.891802</ele>
        <time>2026-05-22T09:36:33.000Z</time>
      </trkpt>
      <trkpt lat="36.946837" lon="-4.660573">
        <ele>531.088841</ele>
        <time>2026-05-22T09:36:39.000Z</time>
      </trkpt>
      <trkpt lat="36.946844" lon="-4.660590">
        <ele>530.913723</ele>
        <time>2026-05-22T09:36:40.000Z</time>
      </trkpt>
      <trkpt lat="36.946901" lon="-4.660683">
        <ele>529.840512</ele>
        <time>2026-05-22T09:36:47.000Z</time>
      </trkpt>
      <trkpt lat="36.946916" lon="-4.660714">
        <ele>529.508667</ele>
        <time>2026-05-22T09:36:49.000Z</time>
      </trkpt>
      <trkpt lat="36.946967" lon="-4.660782">
        <ele>528.654733</ele>
        <time>2026-05-22T09:36:54.000Z</time>
      </trkpt>
      <trkpt lat="36.946983" lon="-4.660812">
        <ele>528.324466</ele>
        <time>2026-05-22T09:36:56.000Z</time>
      </trkpt>
      <trkpt lat="36.947013" lon="-4.660845">
        <ele>527.877145</ele>
        <time>2026-05-22T09:36:59.000Z</time>
      </trkpt>
      <trkpt lat="36.947053" lon="-4.660895">
        <ele>527.406109</ele>
        <time>2026-05-22T09:37:04.000Z</time>
      </trkpt>
      <trkpt lat="36.947063" lon="-4.660904">
        <ele>527.303487</ele>
        <time>2026-05-22T09:37:05.000Z</time>
      </trkpt>
      <trkpt lat="36.947137" lon="-4.660955">
        <ele>526.599663</ele>
        <time>2026-05-22T09:37:12.000Z</time>
      </trkpt>
      <trkpt lat="36.947150" lon="-4.660960">
        <ele>526.486359</ele>
        <time>2026-05-22T09:37:13.000Z</time>
      </trkpt>
      <trkpt lat="36.947229" lon="-4.661002">
        <ele>525.771265</ele>
        <time>2026-05-22T09:37:18.000Z</time>
      </trkpt>
      <trkpt lat="36.947298" lon="-4.661061">
        <ele>525.075023</ele>
        <time>2026-05-22T09:37:26.000Z</time>
      </trkpt>
      <trkpt lat="36.947394" lon="-4.661116">
        <ele>524.195397</ele>
        <time>2026-05-22T09:37:34.000Z</time>
      </trkpt>
      <trkpt lat="36.947467" lon="-4.661152">
        <ele>523.541704</ele>
        <time>2026-05-22T09:37:40.000Z</time>
      </trkpt>
      <trkpt lat="36.947490" lon="-4.661164">
        <ele>523.334101</ele>
        <time>2026-05-22T09:37:42.000Z</time>
      </trkpt>
      <trkpt lat="36.947521" lon="-4.661190">
        <ele>523.023190</ele>
        <time>2026-05-22T09:37:46.000Z</time>
      </trkpt>
      <trkpt lat="36.947541" lon="-4.661201">
        <ele>522.841184</ele>
        <time>2026-05-22T09:37:48.000Z</time>
      </trkpt>
      <trkpt lat="36.947583" lon="-4.661199">
        <ele>522.491028</ele>
        <time>2026-05-22T09:37:51.000Z</time>
      </trkpt>
      <trkpt lat="36.947622" lon="-4.661206">
        <ele>522.162792</ele>
        <time>2026-05-22T09:37:54.000Z</time>
      </trkpt>
      <trkpt lat="36.947646" lon="-4.661214">
        <ele>521.955875</ele>
        <time>2026-05-22T09:37:56.000Z</time>
      </trkpt>
      <trkpt lat="36.947677" lon="-4.661244">
        <ele>521.629386</ele>
        <time>2026-05-22T09:38:02.000Z</time>
      </trkpt>
      <trkpt lat="36.947697" lon="-4.661223">
        <ele>521.411873</ele>
        <time>2026-05-22T09:38:08.000Z</time>
      </trkpt>
      <trkpt lat="36.947714" lon="-4.661224">
        <ele>521.270090</ele>
        <time>2026-05-22T09:38:10.000Z</time>
      </trkpt>
      <trkpt lat="36.947734" lon="-4.661232">
        <ele>521.095163</ele>
        <time>2026-05-22T09:38:13.000Z</time>
      </trkpt>
      <trkpt lat="36.947761" lon="-4.661251">
        <ele>520.837094</ele>
        <time>2026-05-22T09:38:16.000Z</time>
      </trkpt>
      <trkpt lat="36.947778" lon="-4.661273">
        <ele>520.633345</ele>
        <time>2026-05-22T09:38:19.000Z</time>
      </trkpt>
      <trkpt lat="36.947787" lon="-4.661282">
        <ele>520.537363</ele>
        <time>2026-05-22T09:38:20.000Z</time>
      </trkpt>
      <trkpt lat="36.947817" lon="-4.661296">
        <ele>520.270616</ele>
        <time>2026-05-22T09:38:23.000Z</time>
      </trkpt>
      <trkpt lat="36.947859" lon="-4.661311">
        <ele>519.906740</ele>
        <time>2026-05-22T09:38:26.000Z</time>
      </trkpt>
      <trkpt lat="36.947893" lon="-4.661324">
        <ele>519.610557</ele>
        <time>2026-05-22T09:38:28.000Z</time>
      </trkpt>
      <trkpt lat="36.947940" lon="-4.661336">
        <ele>519.210931</ele>
        <time>2026-05-22T09:38:31.000Z</time>
      </trkpt>
      <trkpt lat="36.948003" lon="-4.661361">
        <ele>518.660315</ele>
        <time>2026-05-22T09:38:36.000Z</time>
      </trkpt>
      <trkpt lat="36.948042" lon="-4.661378">
        <ele>518.316255</ele>
        <time>2026-05-22T09:38:39.000Z</time>
      </trkpt>
      <trkpt lat="36.948109" lon="-4.661415">
        <ele>517.706133</ele>
        <time>2026-05-22T09:38:44.000Z</time>
      </trkpt>
      <trkpt lat="36.948123" lon="-4.661432">
        <ele>517.543608</ele>
        <time>2026-05-22T09:38:46.000Z</time>
      </trkpt>
      <trkpt lat="36.948160" lon="-4.661463">
        <ele>517.172641</ele>
        <time>2026-05-22T09:38:50.000Z</time>
      </trkpt>
      <trkpt lat="36.948191" lon="-4.661492">
        <ele>516.850183</ele>
        <time>2026-05-22T09:38:53.000Z</time>
      </trkpt>
      <trkpt lat="36.948236" lon="-4.661542">
        <ele>516.348816</ele>
        <time>2026-05-22T09:38:58.000Z</time>
      </trkpt>
      <trkpt lat="36.948245" lon="-4.661557">
        <ele>516.223933</ele>
        <time>2026-05-22T09:39:00.000Z</time>
      </trkpt>
      <trkpt lat="36.948238" lon="-4.661580">
        <ele>516.060071</ele>
        <time>2026-05-22T09:39:07.000Z</time>
      </trkpt>
      <trkpt lat="36.948235" lon="-4.661592">
        <ele>515.976357</ele>
        <time>2026-05-22T09:39:14.000Z</time>
      </trkpt>
      <trkpt lat="36.948234" lon="-4.661592">
        <ele>515.968026</ele>
        <time>2026-05-22T09:39:15.000Z</time>
      </trkpt>
      <trkpt lat="36.948234" lon="-4.661592">
        <ele>515.968026</ele>
        <time>2026-05-22T09:39:16.000Z</time>
      </trkpt>
      <trkpt lat="36.948234" lon="-4.661589">
        <ele>515.948053</ele>
        <time>2026-05-22T09:39:17.000Z</time>
      </trkpt>
      <trkpt lat="36.948236" lon="-4.661583">
        <ele>515.904769</ele>
        <time>2026-05-22T09:39:19.000Z</time>
      </trkpt>
      <trkpt lat="36.948236" lon="-4.661586">
        <ele>515.884795</ele>
        <time>2026-05-22T09:39:27.000Z</time>
      </trkpt>
      <trkpt lat="36.948249" lon="-4.661585">
        <ele>515.776288</ele>
        <time>2026-05-22T09:39:31.000Z</time>
      </trkpt>
      <trkpt lat="36.948284" lon="-4.661585">
        <ele>515.484702</ele>
        <time>2026-05-22T09:39:35.000Z</time>
      </trkpt>
      <trkpt lat="36.948296" lon="-4.661572">
        <ele>515.352468</ele>
        <time>2026-05-22T09:39:39.000Z</time>
      </trkpt>
      <trkpt lat="36.948298" lon="-4.661565">
        <ele>515.302973</ele>
        <time>2026-05-22T09:39:42.000Z</time>
      </trkpt>
      <trkpt lat="36.948297" lon="-4.661576">
        <ele>515.229263</ele>
        <time>2026-05-22T09:39:48.000Z</time>
      </trkpt>
      <trkpt lat="36.948308" lon="-4.661604">
        <ele>515.021533</ele>
        <time>2026-05-22T09:39:54.000Z</time>
      </trkpt>
      <trkpt lat="36.948326" lon="-4.661619">
        <ele>514.841363</ele>
        <time>2026-05-22T09:39:56.000Z</time>
      </trkpt>
      <trkpt lat="36.948366" lon="-4.661692">
        <ele>514.252062</ele>
        <time>2026-05-22T09:40:02.000Z</time>
      </trkpt>
      <trkpt lat="36.948373" lon="-4.661703">
        <ele>514.158442</ele>
        <time>2026-05-22T09:40:03.000Z</time>
      </trkpt>
      <trkpt lat="36.948386" lon="-4.661736">
        <ele>513.913486</ele>
        <time>2026-05-22T09:40:06.000Z</time>
      </trkpt>
      <trkpt lat="36.948413" lon="-4.661806">
        <ele>513.395987</ele>
        <time>2026-05-22T09:40:10.000Z</time>
      </trkpt>
      <trkpt lat="36.948426" lon="-4.661843">
        <ele>513.126886</ele>
        <time>2026-05-22T09:40:13.000Z</time>
      </trkpt>
      <trkpt lat="36.948439" lon="-4.661877">
        <ele>512.961221</ele>
        <time>2026-05-22T09:40:16.000Z</time>
      </trkpt>
      <trkpt lat="36.948445" lon="-4.661889">
        <ele>513.048503</ele>
        <time>2026-05-22T09:40:17.000Z</time>
      </trkpt>
      <trkpt lat="36.948479" lon="-4.661943">
        <ele>513.472398</ele>
        <time>2026-05-22T09:40:21.000Z</time>
      </trkpt>
      <trkpt lat="36.948485" lon="-4.661957">
        <ele>513.570353</ele>
        <time>2026-05-22T09:40:23.000Z</time>
      </trkpt>
      <trkpt lat="36.948511" lon="-4.662000">
        <ele>513.902835</ele>
        <time>2026-05-22T09:40:26.000Z</time>
      </trkpt>
      <trkpt lat="36.948534" lon="-4.662020">
        <ele>514.118937</ele>
        <time>2026-05-22T09:40:28.000Z</time>
      </trkpt>
      <trkpt lat="36.948590" lon="-4.662036">
        <ele>514.562131</ele>
        <time>2026-05-22T09:40:32.000Z</time>
      </trkpt>
      <trkpt lat="36.948605" lon="-4.662038">
        <ele>514.678520</ele>
        <time>2026-05-22T09:40:33.000Z</time>
      </trkpt>
      <trkpt lat="36.948618" lon="-4.662038">
        <ele>514.778823</ele>
        <time>2026-05-22T09:40:34.000Z</time>
      </trkpt>
      <trkpt lat="36.948630" lon="-4.662042">
        <ele>514.874639</ele>
        <time>2026-05-22T09:40:35.000Z</time>
      </trkpt>
      <trkpt lat="36.948658" lon="-4.662044">
        <ele>515.091028</ele>
        <time>2026-05-22T09:40:37.000Z</time>
      </trkpt>
      <trkpt lat="36.948686" lon="-4.662047">
        <ele>515.307856</ele>
        <time>2026-05-22T09:40:39.000Z</time>
      </trkpt>
      <trkpt lat="36.948752" lon="-4.662053">
        <ele>515.818428</ele>
        <time>2026-05-22T09:40:44.000Z</time>
      </trkpt>
      <trkpt lat="36.948829" lon="-4.662042">
        <ele>516.416389</ele>
        <time>2026-05-22T09:40:51.000Z</time>
      </trkpt>
      <trkpt lat="36.948866" lon="-4.662038">
        <ele>516.702930</ele>
        <time>2026-05-22T09:40:54.000Z</time>
      </trkpt>
      <trkpt lat="36.948910" lon="-4.662036">
        <ele>517.042641</ele>
        <time>2026-05-22T09:40:58.000Z</time>
      </trkpt>
      <trkpt lat="36.948972" lon="-4.662031">
        <ele>517.522001</ele>
        <time>2026-05-22T09:41:02.000Z</time>
      </trkpt>
      <trkpt lat="36.949008" lon="-4.662033">
        <ele>517.800036</ele>
        <time>2026-05-22T09:41:05.000Z</time>
      </trkpt>
      <trkpt lat="36.949027" lon="-4.662036">
        <ele>517.947795</ele>
        <time>2026-05-22T09:41:07.000Z</time>
      </trkpt>
      <trkpt lat="36.949069" lon="-4.662053">
        <ele>518.288383</ele>
        <time>2026-05-22T09:41:12.000Z</time>
      </trkpt>
      <trkpt lat="36.949085" lon="-4.662053">
        <ele>518.411832</ele>
        <time>2026-05-22T09:41:13.000Z</time>
      </trkpt>
      <trkpt lat="36.949101" lon="-4.662052">
        <ele>518.535436</ele>
        <time>2026-05-22T09:41:14.000Z</time>
      </trkpt>
      <trkpt lat="36.949149" lon="-4.662046">
        <ele>518.907628</ele>
        <time>2026-05-22T09:41:18.000Z</time>
      </trkpt>
      <trkpt lat="36.949160" lon="-4.662048">
        <ele>518.993391</ele>
        <time>2026-05-22T09:41:19.000Z</time>
      </trkpt>
      <trkpt lat="36.949185" lon="-4.662050">
        <ele>519.186675</ele>
        <time>2026-05-22T09:41:21.000Z</time>
      </trkpt>
      <trkpt lat="36.949195" lon="-4.662051">
        <ele>519.264077</ele>
        <time>2026-05-22T09:41:22.000Z</time>
      </trkpt>
      <trkpt lat="36.949229" lon="-4.662038">
        <ele>519.538382</ele>
        <time>2026-05-22T09:41:29.000Z</time>
      </trkpt>
      <trkpt lat="36.949229" lon="-4.662039">
        <ele>519.544548</ele>
        <time>2026-05-22T09:41:30.000Z</time>
      </trkpt>
      <trkpt lat="36.949216" lon="-4.662048">
        <ele>519.659179</ele>
        <time>2026-05-22T09:41:38.000Z</time>
      </trkpt>
      <trkpt lat="36.949213" lon="-4.662057">
        <ele>519.719308</ele>
        <time>2026-05-22T09:41:42.000Z</time>
      </trkpt>
      <trkpt lat="36.949218" lon="-4.662056">
        <ele>519.758375</ele>
        <time>2026-05-22T09:41:46.000Z</time>
      </trkpt>
      <trkpt lat="36.949234" lon="-4.662051">
        <ele>519.885616</ele>
        <time>2026-05-22T09:41:51.000Z</time>
      </trkpt>
      <trkpt lat="36.949227" lon="-4.662051">
        <ele>519.939626</ele>
        <time>2026-05-22T09:41:55.000Z</time>
      </trkpt>
      <trkpt lat="36.949213" lon="-4.662068">
        <ele>520.090144</ele>
        <time>2026-05-22T09:42:00.000Z</time>
      </trkpt>
      <trkpt lat="36.949221" lon="-4.662075">
        <ele>520.165464</ele>
        <time>2026-05-22T09:42:04.000Z</time>
      </trkpt>
      <trkpt lat="36.949222" lon="-4.662077">
        <ele>520.180010</ele>
        <time>2026-05-22T09:42:05.000Z</time>
      </trkpt>
      <trkpt lat="36.949224" lon="-4.662080">
        <ele>520.204100</ele>
        <time>2026-05-22T09:42:06.000Z</time>
      </trkpt>
      <trkpt lat="36.949225" lon="-4.662080">
        <ele>520.211816</ele>
        <time>2026-05-22T09:42:07.000Z</time>
      </trkpt>
      <trkpt lat="36.949222" lon="-4.662078">
        <ele>520.238043</ele>
        <time>2026-05-22T09:42:10.000Z</time>
      </trkpt>
      <trkpt lat="36.949216" lon="-4.662078">
        <ele>520.284336</ele>
        <time>2026-05-22T09:42:13.000Z</time>
      </trkpt>
      <trkpt lat="36.949235" lon="-4.662083">
        <ele>520.434140</ele>
        <time>2026-05-22T09:42:18.000Z</time>
      </trkpt>
      <trkpt lat="36.949239" lon="-4.662082">
        <ele>520.465612</ele>
        <time>2026-05-22T09:42:20.000Z</time>
      </trkpt>
      <trkpt lat="36.949231" lon="-4.662105">
        <ele>520.620282</ele>
        <time>2026-05-22T09:42:31.000Z</time>
      </trkpt>
      <trkpt lat="36.949242" lon="-4.662114">
        <ele>520.721686</ele>
        <time>2026-05-22T09:42:33.000Z</time>
      </trkpt>
      <trkpt lat="36.949239" lon="-4.662115">
        <ele>520.745640</ele>
        <time>2026-05-22T09:42:34.000Z</time>
      </trkpt>
      <trkpt lat="36.949232" lon="-4.662115">
        <ele>520.799650</ele>
        <time>2026-05-22T09:42:35.000Z</time>
      </trkpt>
      <trkpt lat="36.949219" lon="-4.662115">
        <ele>520.899952</ele>
        <time>2026-05-22T09:42:36.000Z</time>
      </trkpt>
      <trkpt lat="36.949190" lon="-4.662110">
        <ele>521.125819</ele>
        <time>2026-05-22T09:42:39.000Z</time>
      </trkpt>
      <trkpt lat="36.949199" lon="-4.662110">
        <ele>521.195260</ele>
        <time>2026-05-22T09:42:41.000Z</time>
      </trkpt>
      <trkpt lat="36.949229" lon="-4.662115">
        <ele>521.428772</ele>
        <time>2026-05-22T09:42:45.000Z</time>
      </trkpt>
      <trkpt lat="36.949204" lon="-4.662083">
        <ele>521.704706</ele>
        <time>2026-05-22T09:42:54.000Z</time>
      </trkpt>
      <trkpt lat="36.949224" lon="-4.662073">
        <ele>521.870881</ele>
        <time>2026-05-22T09:43:02.000Z</time>
      </trkpt>
      <trkpt lat="36.949215" lon="-4.662041">
        <ele>522.080058</ele>
        <time>2026-05-22T09:43:12.000Z</time>
      </trkpt>
      <trkpt lat="36.949223" lon="-4.662051">
        <ele>522.167305</ele>
        <time>2026-05-22T09:43:22.000Z</time>
      </trkpt>
      <trkpt lat="36.949233" lon="-4.662041">
        <ele>522.266073</ele>
        <time>2026-05-22T09:43:32.000Z</time>
      </trkpt>
      <trkpt lat="36.949223" lon="-4.662049">
        <ele>522.357650</ele>
        <time>2026-05-22T09:43:41.000Z</time>
      </trkpt>
      <trkpt lat="36.949224" lon="-4.662050">
        <ele>522.367527</ele>
        <time>2026-05-22T09:43:44.000Z</time>
      </trkpt>
      <trkpt lat="36.949226" lon="-4.662047">
        <ele>522.391616</ele>
        <time>2026-05-22T09:43:45.000Z</time>
      </trkpt>
      <trkpt lat="36.949226" lon="-4.662046">
        <ele>522.397782</ele>
        <time>2026-05-22T09:43:46.000Z</time>
      </trkpt>
      <trkpt lat="36.949227" lon="-4.662041">
        <ele>522.429563</ele>
        <time>2026-05-22T09:43:48.000Z</time>
      </trkpt>
      <trkpt lat="36.949225" lon="-4.662036">
        <ele>522.464040</ele>
        <time>2026-05-22T09:43:51.000Z</time>
      </trkpt>
      <trkpt lat="36.949223" lon="-4.662036">
        <ele>522.479471</ele>
        <time>2026-05-22T09:43:53.000Z</time>
      </trkpt>
      <trkpt lat="36.949232" lon="-4.662043">
        <ele>522.561233</ele>
        <time>2026-05-22T09:44:03.000Z</time>
      </trkpt>
      <trkpt lat="36.949234" lon="-4.662045">
        <ele>522.580986</ele>
        <time>2026-05-22T09:44:04.000Z</time>
      </trkpt>
      <trkpt lat="36.949279" lon="-4.662066">
        <ele>522.951549</ele>
        <time>2026-05-22T09:44:17.000Z</time>
      </trkpt>
      <trkpt lat="36.949333" lon="-4.662061">
        <ele>523.369331</ele>
        <time>2026-05-22T09:44:21.000Z</time>
      </trkpt>
      <trkpt lat="36.949361" lon="-4.662064">
        <ele>523.586158</ele>
        <time>2026-05-22T09:44:24.000Z</time>
      </trkpt>
      <trkpt lat="36.949401" lon="-4.662066">
        <ele>523.895029</ele>
        <time>2026-05-22T09:44:28.000Z</time>
      </trkpt>
      <trkpt lat="36.949449" lon="-4.662060">
        <ele>524.267221</ele>
        <time>2026-05-22T09:44:32.000Z</time>
      </trkpt>
      <trkpt lat="36.949461" lon="-4.662056">
        <ele>524.363037</ele>
        <time>2026-05-22T09:44:33.000Z</time>
      </trkpt>
      <trkpt lat="36.949485" lon="-4.662058">
        <ele>524.548622</ele>
        <time>2026-05-22T09:44:35.000Z</time>
      </trkpt>
      <trkpt lat="36.949514" lon="-4.662059">
        <ele>524.772460</ele>
        <time>2026-05-22T09:44:37.000Z</time>
      </trkpt>
      <trkpt lat="36.949540" lon="-4.662054">
        <ele>524.975421</ele>
        <time>2026-05-22T09:44:39.000Z</time>
      </trkpt>
      <trkpt lat="36.949575" lon="-4.662052">
        <ele>525.245748</ele>
        <time>2026-05-22T09:44:42.000Z</time>
      </trkpt>
      <trkpt lat="36.949597" lon="-4.662055">
        <ele>525.416497</ele>
        <time>2026-05-22T09:44:44.000Z</time>
      </trkpt>
      <trkpt lat="36.949661" lon="-4.662055">
        <ele>525.910295</ele>
        <time>2026-05-22T09:44:49.000Z</time>
      </trkpt>
      <trkpt lat="36.949672" lon="-4.662057">
        <ele>525.996058</ele>
        <time>2026-05-22T09:44:50.000Z</time>
      </trkpt>
      <trkpt lat="36.949684" lon="-4.662058">
        <ele>526.088851</ele>
        <time>2026-05-22T09:44:51.000Z</time>
      </trkpt>
      <trkpt lat="36.949708" lon="-4.662065">
        <ele>526.278989</ele>
        <time>2026-05-22T09:44:53.000Z</time>
      </trkpt>
      <trkpt lat="36.949732" lon="-4.662071">
        <ele>526.467823</ele>
        <time>2026-05-22T09:44:55.000Z</time>
      </trkpt>
      <trkpt lat="36.949754" lon="-4.662078">
        <ele>526.642968</ele>
        <time>2026-05-22T09:44:57.000Z</time>
      </trkpt>
      <trkpt lat="36.949788" lon="-4.662094">
        <ele>527.066286</ele>
        <time>2026-05-22T09:45:00.000Z</time>
      </trkpt>
      <trkpt lat="36.949819" lon="-4.662110">
        <ele>527.620171</ele>
        <time>2026-05-22T09:45:03.000Z</time>
      </trkpt>
      <trkpt lat="36.949830" lon="-4.662117">
        <ele>527.824008</ele>
        <time>2026-05-22T09:45:04.000Z</time>
      </trkpt>
      <trkpt lat="36.949872" lon="-4.662138">
        <ele>528.571070</ele>
        <time>2026-05-22T09:45:09.000Z</time>
      </trkpt>
      <trkpt lat="36.949885" lon="-4.662149">
        <ele>528.830281</ele>
        <time>2026-05-22T09:45:11.000Z</time>
      </trkpt>
      <trkpt lat="36.949925" lon="-4.662181">
        <ele>529.614462</ele>
        <time>2026-05-22T09:45:16.000Z</time>
      </trkpt>
      <trkpt lat="36.949939" lon="-4.662188">
        <ele>529.863483</ele>
        <time>2026-05-22T09:45:17.000Z</time>
      </trkpt>
      <trkpt lat="36.949951" lon="-4.662194">
        <ele>530.076929</ele>
        <time>2026-05-22T09:45:18.000Z</time>
      </trkpt>
      <trkpt lat="36.949997" lon="-4.662202">
        <ele>530.844031</ele>
        <time>2026-05-22T09:45:22.000Z</time>
      </trkpt>
      <trkpt lat="36.950002" lon="-4.662204">
        <ele>530.930735</ele>
        <time>2026-05-22T09:45:23.000Z</time>
      </trkpt>
      <trkpt lat="36.950008" lon="-4.662204">
        <ele>531.029839</ele>
        <time>2026-05-22T09:45:24.000Z</time>
      </trkpt>
      <trkpt lat="36.950016" lon="-4.662210">
        <ele>531.183895</ele>
        <time>2026-05-22T09:45:28.000Z</time>
      </trkpt>
      <trkpt lat="36.950020" lon="-4.662210">
        <ele>531.249965</ele>
        <time>2026-05-22T09:45:29.000Z</time>
      </trkpt>
      <trkpt lat="36.950015" lon="-4.662219">
        <ele>531.394651</ele>
        <time>2026-05-22T09:45:32.000Z</time>
      </trkpt>
      <trkpt lat="36.950010" lon="-4.662222">
        <ele>531.486241</ele>
        <time>2026-05-22T09:45:34.000Z</time>
      </trkpt>
      <trkpt lat="36.949993" lon="-4.662216">
        <ele>531.777992</ele>
        <time>2026-05-22T09:45:42.000Z</time>
      </trkpt>
      <trkpt lat="36.950000" lon="-4.662212">
        <ele>531.905099</ele>
        <time>2026-05-22T09:45:44.000Z</time>
      </trkpt>
      <trkpt lat="36.950001" lon="-4.662209">
        <ele>531.948006</ele>
        <time>2026-05-22T09:45:47.000Z</time>
      </trkpt>
      <trkpt lat="36.950000" lon="-4.662217">
        <ele>532.054890</ele>
        <time>2026-05-22T09:45:53.000Z</time>
      </trkpt>
      <trkpt lat="36.950005" lon="-4.662217">
        <ele>532.137477</ele>
        <time>2026-05-22T09:45:59.000Z</time>
      </trkpt>
      <trkpt lat="36.950017" lon="-4.662199">
        <ele>532.446897</ele>
        <time>2026-05-22T09:46:04.000Z</time>
      </trkpt>
      <trkpt lat="36.950058" lon="-4.662154">
        <ele>533.347704</ele>
        <time>2026-05-22T09:46:10.000Z</time>
      </trkpt>
      <trkpt lat="36.950067" lon="-4.662129">
        <ele>533.709641</ele>
        <time>2026-05-22T09:46:12.000Z</time>
      </trkpt>
      <trkpt lat="36.950071" lon="-4.662117">
        <ele>533.881268</ele>
        <time>2026-05-22T09:46:13.000Z</time>
      </trkpt>
      <trkpt lat="36.950076" lon="-4.662083">
        <ele>534.337604</ele>
        <time>2026-05-22T09:46:16.000Z</time>
      </trkpt>
      <trkpt lat="36.950086" lon="-4.662009">
        <ele>535.328272</ele>
        <time>2026-05-22T09:46:21.000Z</time>
      </trkpt>
      <trkpt lat="36.950089" lon="-4.661996">
        <ele>535.506883</ele>
        <time>2026-05-22T09:46:22.000Z</time>
      </trkpt>
      <trkpt lat="36.950094" lon="-4.661979">
        <ele>535.745998</ele>
        <time>2026-05-22T09:46:24.000Z</time>
      </trkpt>
      <trkpt lat="36.950112" lon="-4.661912">
        <ele>536.679036</ele>
        <time>2026-05-22T09:46:30.000Z</time>
      </trkpt>
      <trkpt lat="36.950127" lon="-4.661841">
        <ele>537.648432</ele>
        <time>2026-05-22T09:46:36.000Z</time>
      </trkpt>
      <trkpt lat="36.950131" lon="-4.661830">
        <ele>537.807957</ele>
        <time>2026-05-22T09:46:37.000Z</time>
      </trkpt>
      <trkpt lat="36.950141" lon="-4.661807">
        <ele>538.153581</ele>
        <time>2026-05-22T09:46:40.000Z</time>
      </trkpt>
      <trkpt lat="36.950150" lon="-4.661762">
        <ele>538.765900</ele>
        <time>2026-05-22T09:46:44.000Z</time>
      </trkpt>
      <trkpt lat="36.950152" lon="-4.661742">
        <ele>539.031959</ele>
        <time>2026-05-22T09:46:46.000Z</time>
      </trkpt>
      <trkpt lat="36.950158" lon="-4.661723">
        <ele>539.301629</ele>
        <time>2026-05-22T09:46:48.000Z</time>
      </trkpt>
      <trkpt lat="36.950185" lon="-4.661656">
        <ele>540.292110</ele>
        <time>2026-05-22T09:46:54.000Z</time>
      </trkpt>
      <trkpt lat="36.950190" lon="-4.661649">
        <ele>540.416038</ele>
        <time>2026-05-22T09:46:55.000Z</time>
      </trkpt>
      <trkpt lat="36.950197" lon="-4.661641">
        <ele>540.572626</ele>
        <time>2026-05-22T09:46:57.000Z</time>
      </trkpt>
      <trkpt lat="36.950195" lon="-4.661633">
        <ele>540.683272</ele>
        <time>2026-05-22T09:47:01.000Z</time>
      </trkpt>
      <trkpt lat="36.950194" lon="-4.661601">
        <ele>541.105995</ele>
        <time>2026-05-22T09:47:04.000Z</time>
      </trkpt>
      <trkpt lat="36.950205" lon="-4.661566">
        <ele>541.602438</ele>
        <time>2026-05-22T09:47:08.000Z</time>
      </trkpt>
      <trkpt lat="36.950215" lon="-4.661560">
        <ele>541.785618</ele>
        <time>2026-05-22T09:47:10.000Z</time>
      </trkpt>
      <trkpt lat="36.950228" lon="-4.661541">
        <ele>542.115781</ele>
        <time>2026-05-22T09:47:14.000Z</time>
      </trkpt>
      <trkpt lat="36.950233" lon="-4.661534">
        <ele>542.239710</ele>
        <time>2026-05-22T09:47:15.000Z</time>
      </trkpt>
      <trkpt lat="36.950256" lon="-4.661492">
        <ele>542.911783</ele>
        <time>2026-05-22T09:47:19.000Z</time>
      </trkpt>
      <trkpt lat="36.950267" lon="-4.661463">
        <ele>543.335513</ele>
        <time>2026-05-22T09:47:21.000Z</time>
      </trkpt>
      <trkpt lat="36.950281" lon="-4.661413">
        <ele>544.034850</ele>
        <time>2026-05-22T09:47:26.000Z</time>
      </trkpt>
      <trkpt lat="36.950288" lon="-4.661399">
        <ele>544.252839</ele>
        <time>2026-05-22T09:47:28.000Z</time>
      </trkpt>
      <trkpt lat="36.950299" lon="-4.661379">
        <ele>544.573319</ele>
        <time>2026-05-22T09:47:31.000Z</time>
      </trkpt>
      <trkpt lat="36.950301" lon="-4.661366">
        <ele>544.748069</ele>
        <time>2026-05-22T09:47:34.000Z</time>
      </trkpt>
      <trkpt lat="36.950298" lon="-4.661373">
        <ele>544.852917</ele>
        <time>2026-05-22T09:47:44.000Z</time>
      </trkpt>
      <trkpt lat="36.950296" lon="-4.661372">
        <ele>544.888492</ele>
        <time>2026-05-22T09:47:45.000Z</time>
      </trkpt>
      <trkpt lat="36.950323" lon="-4.661371">
        <ele>545.334656</ele>
        <time>2026-05-22T09:47:53.000Z</time>
      </trkpt>
      <trkpt lat="36.950321" lon="-4.661376">
        <ele>545.408462</ele>
        <time>2026-05-22T09:47:54.000Z</time>
      </trkpt>
      <trkpt lat="36.950299" lon="-4.661380">
        <ele>545.775660</ele>
        <time>2026-05-22T09:47:58.000Z</time>
      </trkpt>
      <trkpt lat="36.950293" lon="-4.661385">
        <ele>545.894729</ele>
        <time>2026-05-22T09:48:00.000Z</time>
      </trkpt>
      <trkpt lat="36.950298" lon="-4.661389">
        <ele>545.992752</ele>
        <time>2026-05-22T09:48:03.000Z</time>
      </trkpt>
      <trkpt lat="36.950300" lon="-4.661387">
        <ele>546.035040</ele>
        <time>2026-05-22T09:48:06.000Z</time>
      </trkpt>
      <trkpt lat="36.950303" lon="-4.661385">
        <ele>546.091186</ele>
        <time>2026-05-22T09:48:08.000Z</time>
      </trkpt>
      <trkpt lat="36.950303" lon="-4.661386">
        <ele>546.104386</ele>
        <time>2026-05-22T09:48:09.000Z</time>
      </trkpt>
      <trkpt lat="36.950302" lon="-4.661387">
        <ele>546.125529</ele>
        <time>2026-05-22T09:48:11.000Z</time>
      </trkpt>
      <trkpt lat="36.950305" lon="-4.661389">
        <ele>546.181675</ele>
        <time>2026-05-22T09:48:13.000Z</time>
      </trkpt>
      <trkpt lat="36.950307" lon="-4.661390">
        <ele>546.217250</ele>
        <time>2026-05-22T09:48:14.000Z</time>
      </trkpt>
      <trkpt lat="36.950316" lon="-4.661389">
        <ele>546.366491</ele>
        <time>2026-05-22T09:48:17.000Z</time>
      </trkpt>
      <trkpt lat="36.950317" lon="-4.661386">
        <ele>546.409398</ele>
        <time>2026-05-22T09:48:19.000Z</time>
      </trkpt>
      <trkpt lat="36.950307" lon="-4.661367">
        <ele>546.709702</ele>
        <time>2026-05-22T09:48:24.000Z</time>
      </trkpt>
      <trkpt lat="36.950293" lon="-4.661364">
        <ele>546.944311</ele>
        <time>2026-05-22T09:48:26.000Z</time>
      </trkpt>
      <trkpt lat="36.950292" lon="-4.661361">
        <ele>546.987218</ele>
        <time>2026-05-22T09:48:30.000Z</time>
      </trkpt>
      <trkpt lat="36.950295" lon="-4.661365">
        <ele>547.059628</ele>
        <time>2026-05-22T09:48:31.000Z</time>
      </trkpt>
      <trkpt lat="36.950298" lon="-4.661367">
        <ele>547.115774</ele>
        <time>2026-05-22T09:48:32.000Z</time>
      </trkpt>
      <trkpt lat="36.950297" lon="-4.661367">
        <ele>547.132291</ele>
        <time>2026-05-22T09:48:33.000Z</time>
      </trkpt>
      <trkpt lat="36.950301" lon="-4.661369">
        <ele>547.203440</ele>
        <time>2026-05-22T09:48:38.000Z</time>
      </trkpt>
      <trkpt lat="36.950293" lon="-4.661366">
        <ele>547.341385</ele>
        <time>2026-05-22T09:48:40.000Z</time>
      </trkpt>
      <trkpt lat="36.950291" lon="-4.661363">
        <ele>547.392955</ele>
        <time>2026-05-22T09:48:41.000Z</time>
      </trkpt>
      <trkpt lat="36.950293" lon="-4.661361">
        <ele>547.435243</ele>
        <time>2026-05-22T09:48:42.000Z</time>
      </trkpt>
      <trkpt lat="36.950343" lon="-4.661314">
        <ele>548.468177</ele>
        <time>2026-05-22T09:48:48.000Z</time>
      </trkpt>
      <trkpt lat="36.950394" lon="-4.661254">
        <ele>549.624410</ele>
        <time>2026-05-22T09:48:54.000Z</time>
      </trkpt>
      <trkpt lat="36.950414" lon="-4.661236">
        <ele>550.031328</ele>
        <time>2026-05-22T09:48:57.000Z</time>
      </trkpt>
      <trkpt lat="36.950435" lon="-4.661213">
        <ele>550.492292</ele>
        <time>2026-05-22T09:49:00.000Z</time>
      </trkpt>
      <trkpt lat="36.950441" lon="-4.661209">
        <ele>550.604584</ele>
        <time>2026-05-22T09:49:01.000Z</time>
      </trkpt>
      <trkpt lat="36.950463" lon="-4.661198">
        <ele>550.995901</ele>
        <time>2026-05-22T09:49:04.000Z</time>
      </trkpt>
      <trkpt lat="36.950496" lon="-4.661189">
        <ele>551.553771</ele>
        <time>2026-05-22T09:49:07.000Z</time>
      </trkpt>
      <trkpt lat="36.950525" lon="-4.661192">
        <ele>552.034408</ele>
        <time>2026-05-22T09:49:10.000Z</time>
      </trkpt>
      <trkpt lat="36.950566" lon="-4.661203">
        <ele>552.727011</ele>
        <time>2026-05-22T09:49:14.000Z</time>
      </trkpt>
      <trkpt lat="36.950574" lon="-4.661205">
        <ele>552.861762</ele>
        <time>2026-05-22T09:49:15.000Z</time>
      </trkpt>
      <trkpt lat="36.950594" lon="-4.661220">
        <ele>553.246902</ele>
        <time>2026-05-22T09:49:18.000Z</time>
      </trkpt>
      <trkpt lat="36.950621" lon="-4.661235">
        <ele>553.734849</ele>
        <time>2026-05-22T09:49:21.000Z</time>
      </trkpt>
      <trkpt lat="36.950662" lon="-4.661264">
        <ele>554.512763</ele>
        <time>2026-05-22T09:49:25.000Z</time>
      </trkpt>
      <trkpt lat="36.950696" lon="-4.661284">
        <ele>555.133310</ele>
        <time>2026-05-22T09:49:29.000Z</time>
      </trkpt>
      <trkpt lat="36.950704" lon="-4.661290">
        <ele>555.287366</ele>
        <time>2026-05-22T09:49:30.000Z</time>
      </trkpt>
      <trkpt lat="36.950751" lon="-4.661338">
        <ele>556.289419</ele>
        <time>2026-05-22T09:49:36.000Z</time>
      </trkpt>
      <trkpt lat="36.950758" lon="-4.661339">
        <ele>556.405791</ele>
        <time>2026-05-22T09:49:38.000Z</time>
      </trkpt>
      <trkpt lat="36.950808" lon="-4.661352">
        <ele>557.081988</ele>
        <time>2026-05-22T09:49:44.000Z</time>
      </trkpt>
      <trkpt lat="36.950906" lon="-4.661371">
        <ele>558.350955</ele>
        <time>2026-05-22T09:49:51.000Z</time>
      </trkpt>
      <trkpt lat="36.950912" lon="-4.661378">
        <ele>558.455924</ele>
        <time>2026-05-22T09:49:52.000Z</time>
      </trkpt>
      <trkpt lat="36.950921" lon="-4.661383">
        <ele>558.581928</ele>
        <time>2026-05-22T09:49:53.000Z</time>
      </trkpt>
      <trkpt lat="36.950969" lon="-4.661409">
        <ele>559.251210</ele>
        <time>2026-05-22T09:49:58.000Z</time>
      </trkpt>
      <trkpt lat="36.951005" lon="-4.661436">
        <ele>559.788270</ele>
        <time>2026-05-22T09:50:02.000Z</time>
      </trkpt>
      <trkpt lat="36.951040" lon="-4.661469">
        <ele>560.349031</ele>
        <time>2026-05-22T09:50:06.000Z</time>
      </trkpt>
      <trkpt lat="36.951048" lon="-4.661478">
        <ele>560.486687</ele>
        <time>2026-05-22T09:50:07.000Z</time>
      </trkpt>
      <trkpt lat="36.951076" lon="-4.661506">
        <ele>560.945328</ele>
        <time>2026-05-22T09:50:10.000Z</time>
      </trkpt>
      <trkpt lat="36.951096" lon="-4.661528">
        <ele>561.286072</ele>
        <time>2026-05-22T09:50:12.000Z</time>
      </trkpt>
      <trkpt lat="36.951112" lon="-4.661561">
        <ele>561.680777</ele>
        <time>2026-05-22T09:50:16.000Z</time>
      </trkpt>
      <trkpt lat="36.951114" lon="-4.661585">
        <ele>561.927529</ele>
        <time>2026-05-22T09:50:19.000Z</time>
      </trkpt>
      <trkpt lat="36.951122" lon="-4.661602">
        <ele>562.129270</ele>
        <time>2026-05-22T09:50:22.000Z</time>
      </trkpt>
      <trkpt lat="36.951127" lon="-4.661606">
        <ele>562.205207</ele>
        <time>2026-05-22T09:50:23.000Z</time>
      </trkpt>
      <trkpt lat="36.951149" lon="-4.661630">
        <ele>562.578678</ele>
        <time>2026-05-22T09:50:27.000Z</time>
      </trkpt>
      <trkpt lat="36.951189" lon="-4.661684">
        <ele>563.331606</ele>
        <time>2026-05-22T09:50:32.000Z</time>
      </trkpt>
      <trkpt lat="36.951242" lon="-4.661769">
        <ele>564.434077</ele>
        <time>2026-05-22T09:50:41.000Z</time>
      </trkpt>
      <trkpt lat="36.951251" lon="-4.661802">
        <ele>564.790641</ele>
        <time>2026-05-22T09:50:44.000Z</time>
      </trkpt>
      <trkpt lat="36.951260" lon="-4.661858">
        <ele>565.374755</ele>
        <time>2026-05-22T09:50:48.000Z</time>
      </trkpt>
      <trkpt lat="36.951268" lon="-4.661886">
        <ele>565.678828</ele>
        <time>2026-05-22T09:50:50.000Z</time>
      </trkpt>
      <trkpt lat="36.951272" lon="-4.661901">
        <ele>565.840531</ele>
        <time>2026-05-22T09:50:51.000Z</time>
      </trkpt>
      <trkpt lat="36.951276" lon="-4.661914">
        <ele>565.982980</ele>
        <time>2026-05-22T09:50:52.000Z</time>
      </trkpt>
      <trkpt lat="36.951280" lon="-4.661927">
        <ele>566.125429</ele>
        <time>2026-05-22T09:50:53.000Z</time>
      </trkpt>
      <trkpt lat="36.951284" lon="-4.661940">
        <ele>566.267879</ele>
        <time>2026-05-22T09:50:54.000Z</time>
      </trkpt>
      <trkpt lat="36.951309" lon="-4.662004">
        <ele>566.996334</ele>
        <time>2026-05-22T09:51:00.000Z</time>
      </trkpt>
      <trkpt lat="36.951315" lon="-4.662027">
        <ele>567.243742</ele>
        <time>2026-05-22T09:51:02.000Z</time>
      </trkpt>
      <trkpt lat="36.951327" lon="-4.662052">
        <ele>567.541959</ele>
        <time>2026-05-22T09:51:05.000Z</time>
      </trkpt>
      <trkpt lat="36.951341" lon="-4.662075">
        <ele>567.837609</ele>
        <time>2026-05-22T09:51:07.000Z</time>
      </trkpt>
      <trkpt lat="36.951357" lon="-4.662107">
        <ele>568.223607</ele>
        <time>2026-05-22T09:51:10.000Z</time>
      </trkpt>
      <trkpt lat="36.951390" lon="-4.662149">
        <ele>568.825909</ele>
        <time>2026-05-22T09:51:14.000Z</time>
      </trkpt>
      <trkpt lat="36.951401" lon="-4.662162">
        <ele>569.019517</ele>
        <time>2026-05-22T09:51:15.000Z</time>
      </trkpt>
      <trkpt lat="36.951478" lon="-4.662212">
        <ele>570.129569</ele>
        <time>2026-05-22T09:51:23.000Z</time>
      </trkpt>
      <trkpt lat="36.951488" lon="-4.662218">
        <ele>570.271478</ele>
        <time>2026-05-22T09:51:24.000Z</time>
      </trkpt>
      <trkpt lat="36.951530" lon="-4.662248">
        <ele>570.890301</ele>
        <time>2026-05-22T09:51:28.000Z</time>
      </trkpt>
      <trkpt lat="36.951560" lon="-4.662282">
        <ele>571.408223</ele>
        <time>2026-05-22T09:51:32.000Z</time>
      </trkpt>
      <trkpt lat="36.951569" lon="-4.662293">
        <ele>571.569206</ele>
        <time>2026-05-22T09:51:34.000Z</time>
      </trkpt>
      <trkpt lat="36.951612" lon="-4.662326">
        <ele>572.214669</ele>
        <time>2026-05-22T09:51:39.000Z</time>
      </trkpt>
      <trkpt lat="36.951618" lon="-4.662332">
        <ele>572.312949</ele>
        <time>2026-05-22T09:51:40.000Z</time>
      </trkpt>
      <trkpt lat="36.951650" lon="-4.662353">
        <ele>572.775313</ele>
        <time>2026-05-22T09:51:44.000Z</time>
      </trkpt>
      <trkpt lat="36.951663" lon="-4.662359">
        <ele>572.952615</ele>
        <time>2026-05-22T09:51:45.000Z</time>
      </trkpt>
      <trkpt lat="36.951682" lon="-4.662365">
        <ele>573.203361</ele>
        <time>2026-05-22T09:51:47.000Z</time>
      </trkpt>
      <trkpt lat="36.951710" lon="-4.662378">
        <ele>573.585515</ele>
        <time>2026-05-22T09:51:50.000Z</time>
      </trkpt>
      <trkpt lat="36.951745" lon="-4.662392">
        <ele>574.055699</ele>
        <time>2026-05-22T09:51:53.000Z</time>
      </trkpt>
      <trkpt lat="36.951760" lon="-4.662398">
        <ele>574.257206</ele>
        <time>2026-05-22T09:51:54.000Z</time>
      </trkpt>
      <trkpt lat="36.951771" lon="-4.662403">
        <ele>574.406960</ele>
        <time>2026-05-22T09:51:55.000Z</time>
      </trkpt>
      <trkpt lat="36.951788" lon="-4.662421">
        <ele>574.691916</ele>
        <time>2026-05-22T09:51:58.000Z</time>
      </trkpt>
      <trkpt lat="36.951811" lon="-4.662436">
        <ele>575.023796</ele>
        <time>2026-05-22T09:52:02.000Z</time>
      </trkpt>
      <trkpt lat="36.951831" lon="-4.662444">
        <ele>575.292472</ele>
        <time>2026-05-22T09:52:05.000Z</time>
      </trkpt>
      <trkpt lat="36.951849" lon="-4.662451">
        <ele>575.533666</ele>
        <time>2026-05-22T09:52:07.000Z</time>
      </trkpt>
      <trkpt lat="36.951932" lon="-4.662466">
        <ele>576.606750</ele>
        <time>2026-05-22T09:52:12.000Z</time>
      </trkpt>
      <trkpt lat="36.951987" lon="-4.662488">
        <ele>577.345610</ele>
        <time>2026-05-22T09:52:18.000Z</time>
      </trkpt>
      <trkpt lat="36.951999" lon="-4.662486">
        <ele>577.500518</ele>
        <time>2026-05-22T09:52:19.000Z</time>
      </trkpt>
      <trkpt lat="36.952052" lon="-4.662477">
        <ele>578.184920</ele>
        <time>2026-05-22T09:52:24.000Z</time>
      </trkpt>
      <trkpt lat="36.952060" lon="-4.662475">
        <ele>578.289311</ele>
        <time>2026-05-22T09:52:25.000Z</time>
      </trkpt>
      <trkpt lat="36.952082" lon="-4.662462">
        <ele>578.600631</ele>
        <time>2026-05-22T09:52:31.000Z</time>
      </trkpt>
      <trkpt lat="36.952074" lon="-4.662469">
        <ele>578.725543</ele>
        <time>2026-05-22T09:52:35.000Z</time>
      </trkpt>
      <trkpt lat="36.952080" lon="-4.662461">
        <ele>578.837734</ele>
        <time>2026-05-22T09:52:39.000Z</time>
      </trkpt>
      <trkpt lat="36.952077" lon="-4.662464">
        <ele>578.886874</ele>
        <time>2026-05-22T09:52:42.000Z</time>
      </trkpt>
      <trkpt lat="36.952077" lon="-4.662469">
        <ele>578.938002</ele>
        <time>2026-05-22T09:52:44.000Z</time>
      </trkpt>
      <trkpt lat="36.952084" lon="-4.662467">
        <ele>579.029879</ele>
        <time>2026-05-22T09:52:46.000Z</time>
      </trkpt>
      <trkpt lat="36.952091" lon="-4.662469">
        <ele>579.121756</ele>
        <time>2026-05-22T09:52:51.000Z</time>
      </trkpt>
      <trkpt lat="36.952097" lon="-4.662462">
        <ele>579.226724</ele>
        <time>2026-05-22T09:52:55.000Z</time>
      </trkpt>
      <trkpt lat="36.952093" lon="-4.662447">
        <ele>579.388425</ele>
        <time>2026-05-22T09:53:00.000Z</time>
      </trkpt>
      <trkpt lat="36.952096" lon="-4.662440">
        <ele>579.469649</ele>
        <time>2026-05-22T09:53:03.000Z</time>
      </trkpt>
      <trkpt lat="36.952086" lon="-4.662436">
        <ele>579.600399</ele>
        <time>2026-05-22T09:53:10.000Z</time>
      </trkpt>
      <trkpt lat="36.952082" lon="-4.662435">
        <ele>579.650308</ele>
        <time>2026-05-22T09:53:12.000Z</time>
      </trkpt>
      <trkpt lat="36.952073" lon="-4.662444">
        <ele>579.791270</ele>
        <time>2026-05-22T09:53:13.000Z</time>
      </trkpt>
      <trkpt lat="36.952061" lon="-4.662452">
        <ele>579.957632</ele>
        <time>2026-05-22T09:53:15.000Z</time>
      </trkpt>
      <trkpt lat="36.952055" lon="-4.662455">
        <ele>580.036688</ele>
        <time>2026-05-22T09:53:17.000Z</time>
      </trkpt>
      <trkpt lat="36.952058" lon="-4.662436">
        <ele>580.226057</ele>
        <time>2026-05-22T09:53:26.000Z</time>
      </trkpt>
      <trkpt lat="36.952062" lon="-4.662434">
        <ele>580.278761</ele>
        <time>2026-05-22T09:53:31.000Z</time>
      </trkpt>
      <trkpt lat="36.952061" lon="-4.662432">
        <ele>580.301829</ele>
        <time>2026-05-22T09:53:34.000Z</time>
      </trkpt>
      <trkpt lat="36.952053" lon="-4.662428">
        <ele>580.407237</ele>
        <time>2026-05-22T09:53:41.000Z</time>
      </trkpt>
      <trkpt lat="36.952058" lon="-4.662447">
        <ele>580.602829</ele>
        <time>2026-05-22T09:53:44.000Z</time>
      </trkpt>
      <trkpt lat="36.952059" lon="-4.662454">
        <ele>580.672359</ele>
        <time>2026-05-22T09:53:51.000Z</time>
      </trkpt>
      <trkpt lat="36.952088" lon="-4.662446">
        <ele>581.035706</ele>
        <time>2026-05-22T09:53:54.000Z</time>
      </trkpt>
      <trkpt lat="36.952165" lon="-4.662403">
        <ele>582.067393</ele>
        <time>2026-05-22T09:54:01.000Z</time>
      </trkpt>
      <trkpt lat="36.952235" lon="-4.662316">
        <ele>583.274536</ele>
        <time>2026-05-22T09:54:10.000Z</time>
      </trkpt>
      <trkpt lat="36.952297" lon="-4.662227">
        <ele>584.428986</ele>
        <time>2026-05-22T09:54:18.000Z</time>
      </trkpt>
      <trkpt lat="36.952335" lon="-4.662178">
        <ele>585.096610</ele>
        <time>2026-05-22T09:54:24.000Z</time>
      </trkpt>
      <trkpt lat="36.952372" lon="-4.662133">
        <ele>585.727915</ele>
        <time>2026-05-22T09:54:28.000Z</time>
      </trkpt>
      <trkpt lat="36.952399" lon="-4.662114">
        <ele>586.106925</ele>
        <time>2026-05-22T09:54:31.000Z</time>
      </trkpt>
      <trkpt lat="36.952455" lon="-4.662095">
        <ele>586.816848</ele>
        <time>2026-05-22T09:54:36.000Z</time>
      </trkpt>
      <trkpt lat="36.952526" lon="-4.662071">
        <ele>587.716700</ele>
        <time>2026-05-22T09:54:42.000Z</time>
      </trkpt>
      <trkpt lat="36.952574" lon="-4.662053">
        <ele>588.329805</ele>
        <time>2026-05-22T09:54:47.000Z</time>
      </trkpt>
      <trkpt lat="36.952602" lon="-4.662039">
        <ele>588.698732</ele>
        <time>2026-05-22T09:54:50.000Z</time>
      </trkpt>
      <trkpt lat="36.952619" lon="-4.662031">
        <ele>588.920957</ele>
        <time>2026-05-22T09:54:52.000Z</time>
      </trkpt>
      <trkpt lat="36.952635" lon="-4.662015">
        <ele>589.171554</ele>
        <time>2026-05-22T09:54:55.000Z</time>
      </trkpt>
      <trkpt lat="36.952668" lon="-4.661947">
        <ele>589.949437</ele>
        <time>2026-05-22T09:55:01.000Z</time>
      </trkpt>
      <trkpt lat="36.952669" lon="-4.661921">
        <ele>590.203953</ele>
        <time>2026-05-22T09:55:04.000Z</time>
      </trkpt>
      <trkpt lat="36.952667" lon="-4.661916">
        <ele>590.258624</ele>
        <time>2026-05-22T09:55:08.000Z</time>
      </trkpt>
      <trkpt lat="36.952665" lon="-4.661913">
        <ele>590.296824</ele>
        <time>2026-05-22T09:55:09.000Z</time>
      </trkpt>
      <trkpt lat="36.952658" lon="-4.661879">
        <ele>590.640122</ele>
        <time>2026-05-22T09:55:12.000Z</time>
      </trkpt>
      <trkpt lat="36.952645" lon="-4.661874">
        <ele>590.806526</ele>
        <time>2026-05-22T09:55:15.000Z</time>
      </trkpt>
      <trkpt lat="36.952639" lon="-4.661876">
        <ele>590.882499</ele>
        <time>2026-05-22T09:55:17.000Z</time>
      </trkpt>
      <trkpt lat="36.952652" lon="-4.661896">
        <ele>591.134574</ele>
        <time>2026-05-22T09:55:23.000Z</time>
      </trkpt>
      <trkpt lat="36.952658" lon="-4.661901">
        <ele>591.222775</ele>
        <time>2026-05-22T09:55:32.000Z</time>
      </trkpt>
      <trkpt lat="36.952667" lon="-4.661900">
        <ele>591.333327</ele>
        <time>2026-05-22T09:55:37.000Z</time>
      </trkpt>
      <trkpt lat="36.952670" lon="-4.661897">
        <ele>591.380314</ele>
        <time>2026-05-22T09:55:38.000Z</time>
      </trkpt>
      <trkpt lat="36.952671" lon="-4.661894">
        <ele>591.412097</ele>
        <time>2026-05-22T09:55:40.000Z</time>
      </trkpt>
      <trkpt lat="36.952671" lon="-4.661893">
        <ele>591.421875</ele>
        <time>2026-05-22T09:55:41.000Z</time>
      </trkpt>
      <trkpt lat="36.952669" lon="-4.661895">
        <ele>591.453199</ele>
        <time>2026-05-22T09:55:42.000Z</time>
      </trkpt>
      <trkpt lat="36.952667" lon="-4.661900">
        <ele>591.507870</ele>
        <time>2026-05-22T09:55:44.000Z</time>
      </trkpt>
      <trkpt lat="36.952665" lon="-4.661904">
        <ele>591.554006</ele>
        <time>2026-05-22T09:55:45.000Z</time>
      </trkpt>
      <trkpt lat="36.952664" lon="-4.661900">
        <ele>591.594986</ele>
        <time>2026-05-22T09:55:48.000Z</time>
      </trkpt>
      <trkpt lat="36.952686" lon="-4.661866">
        <ele>592.022743</ele>
        <time>2026-05-22T09:55:51.000Z</time>
      </trkpt>
      <trkpt lat="36.952716" lon="-4.661783">
        <ele>592.913444</ele>
        <time>2026-05-22T09:55:57.000Z</time>
      </trkpt>
      <trkpt lat="36.952725" lon="-4.661760">
        <ele>593.163845</ele>
        <time>2026-05-22T09:55:59.000Z</time>
      </trkpt>
      <trkpt lat="36.952728" lon="-4.661747">
        <ele>593.296149</ele>
        <time>2026-05-22T09:56:00.000Z</time>
      </trkpt>
      <trkpt lat="36.952740" lon="-4.661711">
        <ele>593.677541</ele>
        <time>2026-05-22T09:56:03.000Z</time>
      </trkpt>
      <trkpt lat="36.952742" lon="-4.661715">
        <ele>593.723677</ele>
        <time>2026-05-22T09:56:04.000Z</time>
      </trkpt>
      <trkpt lat="36.952742" lon="-4.661699">
        <ele>593.880120</ele>
        <time>2026-05-22T09:56:06.000Z</time>
      </trkpt>
      <trkpt lat="36.952764" lon="-4.661638">
        <ele>594.534489</ele>
        <time>2026-05-22T09:56:12.000Z</time>
      </trkpt>
      <trkpt lat="36.952778" lon="-4.661598">
        <ele>594.961465</ele>
        <time>2026-05-22T09:56:15.000Z</time>
      </trkpt>
      <trkpt lat="36.952793" lon="-4.661565">
        <ele>595.332674</ele>
        <time>2026-05-22T09:56:18.000Z</time>
      </trkpt>
      <trkpt lat="36.952803" lon="-4.661554">
        <ele>595.495581</ele>
        <time>2026-05-22T09:56:19.000Z</time>
      </trkpt>
      <trkpt lat="36.952837" lon="-4.661501">
        <ele>596.160118</ele>
        <time>2026-05-22T09:56:25.000Z</time>
      </trkpt>
      <trkpt lat="36.952844" lon="-4.661492">
        <ele>596.282916</ele>
        <time>2026-05-22T09:56:26.000Z</time>
      </trkpt>
      <trkpt lat="36.952889" lon="-4.661431">
        <ele>597.094639</ele>
        <time>2026-05-22T09:56:33.000Z</time>
      </trkpt>
      <trkpt lat="36.952908" lon="-4.661409">
        <ele>597.411366</ele>
        <time>2026-05-22T09:56:36.000Z</time>
      </trkpt>
      <trkpt lat="36.952924" lon="-4.661386">
        <ele>597.709525</ele>
        <time>2026-05-22T09:56:38.000Z</time>
      </trkpt>
      <trkpt lat="36.952944" lon="-4.661362">
        <ele>598.048567</ele>
        <time>2026-05-22T09:56:41.000Z</time>
      </trkpt>
      <trkpt lat="36.952961" lon="-4.661351">
        <ele>598.282732</ele>
        <time>2026-05-22T09:56:44.000Z</time>
      </trkpt>
      <trkpt lat="36.952971" lon="-4.661350">
        <ele>598.405476</ele>
        <time>2026-05-22T09:56:51.000Z</time>
      </trkpt>
      <trkpt lat="36.952975" lon="-4.661349">
        <ele>598.455385</ele>
        <time>2026-05-22T09:56:52.000Z</time>
      </trkpt>
      <trkpt lat="36.952980" lon="-4.661352">
        <ele>598.523231</ele>
        <time>2026-05-22T09:56:53.000Z</time>
      </trkpt>
      <trkpt lat="36.952990" lon="-4.661349">
        <ele>598.649052</ele>
        <time>2026-05-22T09:56:54.000Z</time>
      </trkpt>
      <trkpt lat="36.953032" lon="-4.661334">
        <ele>599.183459</ele>
        <time>2026-05-22T09:56:59.000Z</time>
      </trkpt>
      <trkpt lat="36.953051" lon="-4.661320">
        <ele>599.453241</ele>
        <time>2026-05-22T09:57:01.000Z</time>
      </trkpt>
      <trkpt lat="36.953080" lon="-4.661290">
        <ele>599.913615</ele>
        <time>2026-05-22T09:57:05.000Z</time>
      </trkpt>
      <trkpt lat="36.953093" lon="-4.661267">
        <ele>600.189068</ele>
        <time>2026-05-22T09:57:07.000Z</time>
      </trkpt>
      <trkpt lat="36.953110" lon="-4.661254">
        <ele>600.432834</ele>
        <time>2026-05-22T09:57:09.000Z</time>
      </trkpt>
      <trkpt lat="36.953122" lon="-4.661245">
        <ele>600.604011</ele>
        <time>2026-05-22T09:57:11.000Z</time>
      </trkpt>
      <trkpt lat="36.953152" lon="-4.661229">
        <ele>601.003021</ele>
        <time>2026-05-22T09:57:14.000Z</time>
      </trkpt>
      <trkpt lat="36.953172" lon="-4.661222">
        <ele>601.257121</ele>
        <time>2026-05-22T09:57:16.000Z</time>
      </trkpt>
      <trkpt lat="36.953216" lon="-4.661197">
        <ele>601.840187</ele>
        <time>2026-05-22T09:57:21.000Z</time>
      </trkpt>
      <trkpt lat="36.953227" lon="-4.661192">
        <ele>601.979707</ele>
        <time>2026-05-22T09:57:22.000Z</time>
      </trkpt>
      <trkpt lat="36.953242" lon="-4.661183">
        <ele>602.178022</ele>
        <time>2026-05-22T09:57:25.000Z</time>
      </trkpt>
      <trkpt lat="36.953287" lon="-4.661162">
        <ele>602.750580</ele>
        <time>2026-05-22T09:57:29.000Z</time>
      </trkpt>
      <trkpt lat="36.953299" lon="-4.661156">
        <ele>602.904635</ele>
        <time>2026-05-22T09:57:30.000Z</time>
      </trkpt>
      <trkpt lat="36.953350" lon="-4.661125">
        <ele>603.580564</ele>
        <time>2026-05-22T09:57:34.000Z</time>
      </trkpt>
      <trkpt lat="36.953374" lon="-4.661123">
        <ele>603.867313</ele>
        <time>2026-05-22T09:57:37.000Z</time>
      </trkpt>
      <trkpt lat="36.953456" lon="-4.661110">
        <ele>604.852690</ele>
        <time>2026-05-22T09:57:44.000Z</time>
      </trkpt>
      <trkpt lat="36.953468" lon="-4.661103">
        <ele>605.010528</ele>
        <time>2026-05-22T09:57:45.000Z</time>
      </trkpt>
      <trkpt lat="36.953545" lon="-4.661068">
        <ele>605.987166</ele>
        <time>2026-05-22T09:57:52.000Z</time>
      </trkpt>
      <trkpt lat="36.953574" lon="-4.661056">
        <ele>606.351301</ele>
        <time>2026-05-22T09:57:55.000Z</time>
      </trkpt>
      <trkpt lat="36.953592" lon="-4.661044">
        <ele>606.594440</ele>
        <time>2026-05-22T09:57:57.000Z</time>
      </trkpt>
      <trkpt lat="36.953633" lon="-4.661029">
        <ele>607.103683</ele>
        <time>2026-05-22T09:58:01.000Z</time>
      </trkpt>
      <trkpt lat="36.953712" lon="-4.660983">
        <ele>608.142446</ele>
        <time>2026-05-22T09:58:09.000Z</time>
      </trkpt>
      <trkpt lat="36.953779" lon="-4.660920">
        <ele>609.141549</ele>
        <time>2026-05-22T09:58:15.000Z</time>
      </trkpt>
      <trkpt lat="36.953820" lon="-4.660868">
        <ele>609.837479</ele>
        <time>2026-05-22T09:58:21.000Z</time>
      </trkpt>
      <trkpt lat="36.953862" lon="-4.660794">
        <ele>610.702172</ele>
        <time>2026-05-22T09:58:28.000Z</time>
      </trkpt>
      <trkpt lat="36.953866" lon="-4.660783">
        <ele>610.817306</ele>
        <time>2026-05-22T09:58:29.000Z</time>
      </trkpt>
      <trkpt lat="36.953873" lon="-4.660741">
        <ele>611.226037</ele>
        <time>2026-05-22T09:58:36.000Z</time>
      </trkpt>
      <trkpt lat="36.953867" lon="-4.660735">
        <ele>611.317600</ele>
        <time>2026-05-22T09:58:38.000Z</time>
      </trkpt>
      <trkpt lat="36.953863" lon="-4.660726">
        <ele>611.415708</ele>
        <time>2026-05-22T09:58:44.000Z</time>
      </trkpt>
      <trkpt lat="36.953863" lon="-4.660738">
        <ele>611.530029</ele>
        <time>2026-05-22T09:58:50.000Z</time>
      </trkpt>
      <trkpt lat="36.953860" lon="-4.660738">
        <ele>611.565793</ele>
        <time>2026-05-22T09:58:53.000Z</time>
      </trkpt>
      <trkpt lat="36.953858" lon="-4.660734">
        <ele>611.610745</ele>
        <time>2026-05-22T09:58:54.000Z</time>
      </trkpt>
      <trkpt lat="36.953856" lon="-4.660728">
        <ele>611.672678</ele>
        <time>2026-05-22T09:58:55.000Z</time>
      </trkpt>
      <trkpt lat="36.953854" lon="-4.660724">
        <ele>611.717630</ele>
        <time>2026-05-22T09:58:56.000Z</time>
      </trkpt>
      <trkpt lat="36.953851" lon="-4.660725">
        <ele>611.754641</ele>
        <time>2026-05-22T09:58:59.000Z</time>
      </trkpt>
      <trkpt lat="36.953849" lon="-4.660717">
        <ele>611.834497</ele>
        <time>2026-05-22T09:59:01.000Z</time>
      </trkpt>
      <trkpt lat="36.953854" lon="-4.660719">
        <ele>611.897076</ele>
        <time>2026-05-22T09:59:04.000Z</time>
      </trkpt>
      <trkpt lat="36.953857" lon="-4.660736">
        <ele>612.062932</ele>
        <time>2026-05-22T09:59:08.000Z</time>
      </trkpt>
      <trkpt lat="36.953851" lon="-4.660746">
        <ele>612.182063</ele>
        <time>2026-05-22T09:59:12.000Z</time>
      </trkpt>
      <trkpt lat="36.953846" lon="-4.660742">
        <ele>612.252811</ele>
        <time>2026-05-22T09:59:14.000Z</time>
      </trkpt>
      <trkpt lat="36.953837" lon="-4.660735">
        <ele>612.379140</ele>
        <time>2026-05-22T09:59:21.000Z</time>
      </trkpt>
      <trkpt lat="36.953838" lon="-4.660728">
        <ele>612.446884</ele>
        <time>2026-05-22T09:59:23.000Z</time>
      </trkpt>
      <trkpt lat="36.953841" lon="-4.660718">
        <ele>612.548643</ele>
        <time>2026-05-22T09:59:27.000Z</time>
      </trkpt>
      <trkpt lat="36.953840" lon="-4.660723">
        <ele>612.597746</ele>
        <time>2026-05-22T09:59:33.000Z</time>
      </trkpt>
      <trkpt lat="36.953841" lon="-4.660724">
        <ele>612.613006</ele>
        <time>2026-05-22T09:59:36.000Z</time>
      </trkpt>
      <trkpt lat="36.953841" lon="-4.660724">
        <ele>612.613006</ele>
        <time>2026-05-22T09:59:37.000Z</time>
      </trkpt>
      <trkpt lat="36.953839" lon="-4.660724">
        <ele>612.636849</ele>
        <time>2026-05-22T09:59:39.000Z</time>
      </trkpt>
      <trkpt lat="36.953841" lon="-4.660719">
        <ele>612.690117</ele>
        <time>2026-05-22T09:59:43.000Z</time>
      </trkpt>
      <trkpt lat="36.953840" lon="-4.660732">
        <ele>612.814536</ele>
        <time>2026-05-22T09:59:47.000Z</time>
      </trkpt>
      <trkpt lat="36.953850" lon="-4.660730">
        <ele>612.935264</ele>
        <time>2026-05-22T09:59:56.000Z</time>
      </trkpt>
      <trkpt lat="36.953838" lon="-4.660716">
        <ele>613.130851</ele>
        <time>2026-05-22T10:00:05.000Z</time>
      </trkpt>
      <trkpt lat="36.953833" lon="-4.660714">
        <ele>613.193430</ele>
        <time>2026-05-22T10:00:06.000Z</time>
      </trkpt>
      <trkpt lat="36.953830" lon="-4.660722">
        <ele>613.277618</ele>
        <time>2026-05-22T10:00:11.000Z</time>
      </trkpt>
      <trkpt lat="36.953842" lon="-4.660724">
        <ele>613.421939</ele>
        <time>2026-05-22T10:00:14.000Z</time>
      </trkpt>
      <trkpt lat="36.953856" lon="-4.660731">
        <ele>613.601670</ele>
        <time>2026-05-22T10:00:22.000Z</time>
      </trkpt>
      <trkpt lat="36.953853" lon="-4.660729">
        <ele>613.642193</ele>
        <time>2026-05-22T10:00:30.000Z</time>
      </trkpt>
      <trkpt lat="36.953855" lon="-4.660746">
        <ele>613.805893</ele>
        <time>2026-05-22T10:00:39.000Z</time>
      </trkpt>
      <trkpt lat="36.953904" lon="-4.660702">
        <ele>614.524880</ele>
        <time>2026-05-22T10:00:46.000Z</time>
      </trkpt>
      <trkpt lat="36.953964" lon="-4.660636">
        <ele>615.477236</ele>
        <time>2026-05-22T10:00:52.000Z</time>
      </trkpt>
      <trkpt lat="36.953979" lon="-4.660619">
        <ele>615.718496</ele>
        <time>2026-05-22T10:00:54.000Z</time>
      </trkpt>
      <trkpt lat="36.954028" lon="-4.660583">
        <ele>616.395886</ele>
        <time>2026-05-22T10:00:59.000Z</time>
      </trkpt>
      <trkpt lat="36.954054" lon="-4.660567">
        <ele>616.741297</ele>
        <time>2026-05-22T10:01:03.000Z</time>
      </trkpt>
      <trkpt lat="36.954065" lon="-4.660557">
        <ele>616.903385</ele>
        <time>2026-05-22T10:01:04.000Z</time>
      </trkpt>
      <trkpt lat="36.954096" lon="-4.660524">
        <ele>617.388580</ele>
        <time>2026-05-22T10:01:09.000Z</time>
      </trkpt>
      <trkpt lat="36.954100" lon="-4.660516">
        <ele>617.478483</ele>
        <time>2026-05-22T10:01:10.000Z</time>
      </trkpt>
      <trkpt lat="36.954094" lon="-4.660509">
        <ele>617.576276</ele>
        <time>2026-05-22T10:01:16.000Z</time>
      </trkpt>
      <trkpt lat="36.954088" lon="-4.660502">
        <ele>617.674069</ele>
        <time>2026-05-22T10:01:25.000Z</time>
      </trkpt>
      <trkpt lat="36.954105" lon="-4.660526">
        <ele>617.979601</ele>
        <time>2026-05-22T10:01:31.000Z</time>
      </trkpt>
      <trkpt lat="36.954108" lon="-4.660480">
        <ele>618.419285</ele>
        <time>2026-05-22T10:01:38.000Z</time>
      </trkpt>
      <trkpt lat="36.954126" lon="-4.660469">
        <ele>618.658093</ele>
        <time>2026-05-22T10:01:45.000Z</time>
      </trkpt>
      <trkpt lat="36.954141" lon="-4.660469">
        <ele>618.836915</ele>
        <time>2026-05-22T10:01:47.000Z</time>
      </trkpt>
      <trkpt lat="36.954153" lon="-4.660463">
        <ele>618.990970</ele>
        <time>2026-05-22T10:01:48.000Z</time>
      </trkpt>
      <trkpt lat="36.954170" lon="-4.660455">
        <ele>619.207492</ele>
        <time>2026-05-22T10:01:49.000Z</time>
      </trkpt>
      <trkpt lat="36.954208" lon="-4.660437">
        <ele>619.691878</ele>
        <time>2026-05-22T10:01:52.000Z</time>
      </trkpt>
      <trkpt lat="36.954240" lon="-4.660423">
        <ele>620.096009</ele>
        <time>2026-05-22T10:01:55.000Z</time>
      </trkpt>
      <trkpt lat="36.954275" lon="-4.660412">
        <ele>620.526219</ele>
        <time>2026-05-22T10:01:58.000Z</time>
      </trkpt>
      <trkpt lat="36.954289" lon="-4.660406">
        <ele>620.702637</ele>
        <time>2026-05-22T10:01:59.000Z</time>
      </trkpt>
      <trkpt lat="36.954325" lon="-4.660376">
        <ele>621.218264</ele>
        <time>2026-05-22T10:02:04.000Z</time>
      </trkpt>
      <trkpt lat="36.954332" lon="-4.660371">
        <ele>621.314352</ele>
        <time>2026-05-22T10:02:05.000Z</time>
      </trkpt>
      <trkpt lat="36.954356" lon="-4.660367">
        <ele>621.602995</ele>
        <time>2026-05-22T10:02:07.000Z</time>
      </trkpt>
      <trkpt lat="36.954375" lon="-4.660364">
        <ele>621.831299</ele>
        <time>2026-05-22T10:02:09.000Z</time>
      </trkpt>
      <trkpt lat="36.954392" lon="-4.660362">
        <ele>622.034858</ele>
        <time>2026-05-22T10:02:11.000Z</time>
      </trkpt>
      <trkpt lat="36.954410" lon="-4.660362">
        <ele>622.249445</ele>
        <time>2026-05-22T10:02:13.000Z</time>
      </trkpt>
      <trkpt lat="36.954421" lon="-4.660362">
        <ele>622.380582</ele>
        <time>2026-05-22T10:02:14.000Z</time>
      </trkpt>
      <trkpt lat="36.954458" lon="-4.660363">
        <ele>622.821780</ele>
        <time>2026-05-22T10:02:17.000Z</time>
      </trkpt>
      <trkpt lat="36.954498" lon="-4.660363">
        <ele>623.330169</ele>
        <time>2026-05-22T10:02:20.000Z</time>
      </trkpt>
      <trkpt lat="36.954513" lon="-4.660360">
        <ele>623.528729</ele>
        <time>2026-05-22T10:02:21.000Z</time>
      </trkpt>
      <trkpt lat="36.954547" lon="-4.660359">
        <ele>623.973279</ele>
        <time>2026-05-22T10:02:24.000Z</time>
      </trkpt>
      <trkpt lat="36.954582" lon="-4.660340">
        <ele>624.471971</ele>
        <time>2026-05-22T10:02:29.000Z</time>
      </trkpt>
      <trkpt lat="36.954605" lon="-4.660338">
        <ele>624.773338</ele>
        <time>2026-05-22T10:02:32.000Z</time>
      </trkpt>
      <trkpt lat="36.954628" lon="-4.660333">
        <ele>625.078483</ele>
        <time>2026-05-22T10:02:35.000Z</time>
      </trkpt>
      <trkpt lat="36.954636" lon="-4.660332">
        <ele>625.183574</ele>
        <time>2026-05-22T10:02:36.000Z</time>
      </trkpt>
      <trkpt lat="36.954676" lon="-4.660334">
        <ele>625.706847</ele>
        <time>2026-05-22T10:02:39.000Z</time>
      </trkpt>
      <trkpt lat="36.954716" lon="-4.660332">
        <ele>626.230120</ele>
        <time>2026-05-22T10:02:43.000Z</time>
      </trkpt>
      <trkpt lat="36.954737" lon="-4.660327">
        <ele>626.509544</ele>
        <time>2026-05-22T10:02:45.000Z</time>
      </trkpt>
      <trkpt lat="36.954758" lon="-4.660314">
        <ele>626.815794</ele>
        <time>2026-05-22T10:02:47.000Z</time>
      </trkpt>
      <trkpt lat="36.954800" lon="-4.660314">
        <ele>627.364793</ele>
        <time>2026-05-22T10:02:51.000Z</time>
      </trkpt>
      <trkpt lat="36.954838" lon="-4.660304">
        <ele>627.872370</ele>
        <time>2026-05-22T10:02:55.000Z</time>
      </trkpt>
      <trkpt lat="36.954853" lon="-4.660303">
        <ele>628.068719</ele>
        <time>2026-05-22T10:02:57.000Z</time>
      </trkpt>
      <trkpt lat="36.954862" lon="-4.660299">
        <ele>628.193561</ele>
        <time>2026-05-22T10:02:58.000Z</time>
      </trkpt>
      <trkpt lat="36.954902" lon="-4.660293">
        <ele>628.720159</ele>
        <time>2026-05-22T10:03:02.000Z</time>
      </trkpt>
      <trkpt lat="36.954936" lon="-4.660289">
        <ele>629.166547</ele>
        <time>2026-05-22T10:03:05.000Z</time>
      </trkpt>
      <trkpt lat="36.954966" lon="-4.660281">
        <ele>629.567493</ele>
        <time>2026-05-22T10:03:08.000Z</time>
      </trkpt>
      <trkpt lat="36.955026" lon="-4.660262">
        <ele>630.376498</ele>
        <time>2026-05-22T10:03:14.000Z</time>
      </trkpt>
      <trkpt lat="36.955034" lon="-4.660256">
        <ele>630.498412</ele>
        <time>2026-05-22T10:03:15.000Z</time>
      </trkpt>
      <trkpt lat="36.955030" lon="-4.660244">
        <ele>630.634225</ele>
        <time>2026-05-22T10:03:18.000Z</time>
      </trkpt>
      <trkpt lat="36.955011" lon="-4.660239">
        <ele>630.888014</ele>
        <time>2026-05-22T10:03:21.000Z</time>
      </trkpt>
      <trkpt lat="36.955003" lon="-4.660234">
        <ele>631.004902</ele>
        <time>2026-05-22T10:03:25.000Z</time>
      </trkpt>
      <trkpt lat="36.955016" lon="-4.660236">
        <ele>631.176109</ele>
        <time>2026-05-22T10:03:28.000Z</time>
      </trkpt>
      <trkpt lat="36.955018" lon="-4.660238">
        <ele>631.209574</ele>
        <time>2026-05-22T10:03:29.000Z</time>
      </trkpt>
      <trkpt lat="36.955024" lon="-4.660242">
        <ele>631.298438</ele>
        <time>2026-05-22T10:03:33.000Z</time>
      </trkpt>
      <trkpt lat="36.955018" lon="-4.660241">
        <ele>631.377558</ele>
        <time>2026-05-22T10:03:35.000Z</time>
      </trkpt>
      <trkpt lat="36.954988" lon="-4.660239">
        <ele>631.770256</ele>
        <time>2026-05-22T10:03:40.000Z</time>
      </trkpt>
      <trkpt lat="36.954987" lon="-4.660239">
        <ele>631.783328</ele>
        <time>2026-05-22T10:03:41.000Z</time>
      </trkpt>
      <trkpt lat="36.955002" lon="-4.660218">
        <ele>632.077539</ele>
        <time>2026-05-22T10:03:48.000Z</time>
      </trkpt>
      <trkpt lat="36.955002" lon="-4.660216">
        <ele>632.098430</ele>
        <time>2026-05-22T10:03:49.000Z</time>
      </trkpt>
      <trkpt lat="36.955004" lon="-4.660213">
        <ele>632.139239</ele>
        <time>2026-05-22T10:03:50.000Z</time>
      </trkpt>
      <trkpt lat="36.955010" lon="-4.660215">
        <ele>632.220402</ele>
        <time>2026-05-22T10:03:52.000Z</time>
      </trkpt>
      <trkpt lat="36.955001" lon="-4.660226">
        <ele>632.384846</ele>
        <time>2026-05-22T10:04:02.000Z</time>
      </trkpt>
      <trkpt lat="36.954992" lon="-4.660212">
        <ele>632.572529</ele>
        <time>2026-05-22T10:04:04.000Z</time>
      </trkpt>
      <trkpt lat="36.954984" lon="-4.660203">
        <ele>632.713145</ele>
        <time>2026-05-22T10:04:07.000Z</time>
      </trkpt>
      <trkpt lat="36.955018" lon="-4.660203">
        <ele>633.157573</ele>
        <time>2026-05-22T10:04:09.000Z</time>
      </trkpt>
      <trkpt lat="36.955026" lon="-4.660199">
        <ele>633.270182</ele>
        <time>2026-05-22T10:04:10.000Z</time>
      </trkpt>
      <trkpt lat="36.955057" lon="-4.660181">
        <ele>633.716891</ele>
        <time>2026-05-22T10:04:13.000Z</time>
      </trkpt>
      <trkpt lat="36.955069" lon="-4.660171">
        <ele>633.905344</ele>
        <time>2026-05-22T10:04:16.000Z</time>
      </trkpt>
      <trkpt lat="36.955094" lon="-4.660183">
        <ele>634.255344</ele>
        <time>2026-05-22T10:04:20.000Z</time>
      </trkpt>
      <trkpt lat="36.955081" lon="-4.660206">
        <ele>634.549611</ele>
        <time>2026-05-22T10:04:24.000Z</time>
      </trkpt>
      <trkpt lat="36.955071" lon="-4.660198">
        <ele>634.704753</ele>
        <time>2026-05-22T10:04:33.000Z</time>
      </trkpt>
      <trkpt lat="36.955087" lon="-4.660190">
        <ele>634.929972</ele>
        <time>2026-05-22T10:04:41.000Z</time>
      </trkpt>
      <trkpt lat="36.955092" lon="-4.660175">
        <ele>635.099738</ele>
        <time>2026-05-22T10:04:47.000Z</time>
      </trkpt>
      <trkpt lat="36.955088" lon="-4.660165">
        <ele>635.216548</ele>
        <time>2026-05-22T10:04:49.000Z</time>
      </trkpt>
      <trkpt lat="36.955086" lon="-4.660163">
        <ele>635.250013</ele>
        <time>2026-05-22T10:04:52.000Z</time>
      </trkpt>
      <trkpt lat="36.955087" lon="-4.660164">
        <ele>635.266745</ele>
        <time>2026-05-22T10:04:53.000Z</time>
      </trkpt>
      <trkpt lat="36.955087" lon="-4.660176">
        <ele>635.392090</ele>
        <time>2026-05-22T10:04:57.000Z</time>
      </trkpt>
      <trkpt lat="36.955091" lon="-4.660182">
        <ele>635.473709</ele>
        <time>2026-05-22T10:05:04.000Z</time>
      </trkpt>
      <trkpt lat="36.955086" lon="-4.660185">
        <ele>635.546190</ele>
        <time>2026-05-22T10:05:06.000Z</time>
      </trkpt>
      <trkpt lat="36.955074" lon="-4.660194">
        <ele>635.729061</ele>
        <time>2026-05-22T10:05:14.000Z</time>
      </trkpt>
      <trkpt lat="36.955074" lon="-4.660194">
        <ele>635.729061</ele>
        <time>2026-05-22T10:05:15.000Z</time>
      </trkpt>
      <trkpt lat="36.955088" lon="-4.660183">
        <ele>635.945142</ele>
        <time>2026-05-22T10:05:26.000Z</time>
      </trkpt>
      <trkpt lat="36.955134" lon="-4.660159">
        <ele>636.596593</ele>
        <time>2026-05-22T10:05:31.000Z</time>
      </trkpt>
      <trkpt lat="36.955145" lon="-4.660156">
        <ele>636.743753</ele>
        <time>2026-05-22T10:05:32.000Z</time>
      </trkpt>
      <trkpt lat="36.955157" lon="-4.660151">
        <ele>636.909076</ele>
        <time>2026-05-22T10:05:33.000Z</time>
      </trkpt>
      <trkpt lat="36.955185" lon="-4.660157">
        <ele>637.280402</ele>
        <time>2026-05-22T10:05:35.000Z</time>
      </trkpt>
      <trkpt lat="36.955256" lon="-4.660126">
        <ele>638.263339</ele>
        <time>2026-05-22T10:05:41.000Z</time>
      </trkpt>
      <trkpt lat="36.955275" lon="-4.660119">
        <ele>638.522235</ele>
        <time>2026-05-22T10:05:43.000Z</time>
      </trkpt>
      <trkpt lat="36.955295" lon="-4.660105">
        <ele>638.821784</ele>
        <time>2026-05-22T10:05:45.000Z</time>
      </trkpt>
      <trkpt lat="36.955318" lon="-4.660087">
        <ele>639.176377</ele>
        <time>2026-05-22T10:05:47.000Z</time>
      </trkpt>
      <trkpt lat="36.955339" lon="-4.660071">
        <ele>639.497751</ele>
        <time>2026-05-22T10:05:49.000Z</time>
      </trkpt>
      <trkpt lat="36.955377" lon="-4.660042">
        <ele>640.079543</ele>
        <time>2026-05-22T10:05:54.000Z</time>
      </trkpt>
      <trkpt lat="36.955386" lon="-4.660037">
        <ele>640.208258</ele>
        <time>2026-05-22T10:05:55.000Z</time>
      </trkpt>
      <trkpt lat="36.955401" lon="-4.660027">
        <ele>640.430416</ele>
        <time>2026-05-22T10:05:57.000Z</time>
      </trkpt>
      <trkpt lat="36.955429" lon="-4.660013">
        <ele>640.824549</ele>
        <time>2026-05-22T10:06:00.000Z</time>
      </trkpt>
      <trkpt lat="36.955486" lon="-4.659989">
        <ele>641.610662</ele>
        <time>2026-05-22T10:06:05.000Z</time>
      </trkpt>
      <trkpt lat="36.955496" lon="-4.659982">
        <ele>641.760436</ele>
        <time>2026-05-22T10:06:06.000Z</time>
      </trkpt>
      <trkpt lat="36.955531" lon="-4.659957">
        <ele>642.287215</ele>
        <time>2026-05-22T10:06:09.000Z</time>
      </trkpt>
      <trkpt lat="36.955537" lon="-4.659947">
        <ele>642.417836</ele>
        <time>2026-05-22T10:06:10.000Z</time>
      </trkpt>
      <trkpt lat="36.955550" lon="-4.659928">
        <ele>642.679107</ele>
        <time>2026-05-22T10:06:12.000Z</time>
      </trkpt>
      <trkpt lat="36.955558" lon="-4.659922">
        <ele>642.801021</ele>
        <time>2026-05-22T10:06:13.000Z</time>
      </trkpt>
      <trkpt lat="36.955578" lon="-4.659902">
        <ele>643.135665</ele>
        <time>2026-05-22T10:06:16.000Z</time>
      </trkpt>
      <trkpt lat="36.955624" lon="-4.659869">
        <ele>643.828745</ele>
        <time>2026-05-22T10:06:22.000Z</time>
      </trkpt>
      <trkpt lat="36.955675" lon="-4.659832">
        <ele>644.599313</ele>
        <time>2026-05-22T10:06:27.000Z</time>
      </trkpt>
      <trkpt lat="36.955703" lon="-4.659820">
        <ele>644.986181</ele>
        <time>2026-05-22T10:06:30.000Z</time>
      </trkpt>
      <trkpt lat="36.955707" lon="-4.659794">
        <ele>645.262748</ele>
        <time>2026-05-22T10:06:33.000Z</time>
      </trkpt>
      <trkpt lat="36.955710" lon="-4.659785">
        <ele>645.364607</ele>
        <time>2026-05-22T10:06:34.000Z</time>
      </trkpt>
      <trkpt lat="36.955713" lon="-4.659777">
        <ele>645.456913</ele>
        <time>2026-05-22T10:06:35.000Z</time>
      </trkpt>
      <trkpt lat="36.955727" lon="-4.659767">
        <ele>645.667625</ele>
        <time>2026-05-22T10:06:37.000Z</time>
      </trkpt>
      <trkpt lat="36.955734" lon="-4.659760">
        <ele>645.784751</ele>
        <time>2026-05-22T10:06:38.000Z</time>
      </trkpt>
      <trkpt lat="36.955762" lon="-4.659734">
        <ele>646.240503</ele>
        <time>2026-05-22T10:06:42.000Z</time>
      </trkpt>
      <trkpt lat="36.955802" lon="-4.659712">
        <ele>646.875662</ele>
        <time>2026-05-22T10:06:46.000Z</time>
      </trkpt>
      <trkpt lat="36.955859" lon="-4.659659">
        <ele>647.984499</ele>
        <time>2026-05-22T10:06:54.000Z</time>
      </trkpt>
      <trkpt lat="36.955902" lon="-4.659640">
        <ele>648.696559</ele>
        <time>2026-05-22T10:07:00.000Z</time>
      </trkpt>
      <trkpt lat="36.955915" lon="-4.659638">
        <ele>648.901079</ele>
        <time>2026-05-22T10:07:01.000Z</time>
      </trkpt>
      <trkpt lat="36.955948" lon="-4.659633">
        <ele>649.420130</ele>
        <time>2026-05-22T10:07:04.000Z</time>
      </trkpt>
      <trkpt lat="36.955973" lon="-4.659638">
        <ele>649.815453</ele>
        <time>2026-05-22T10:07:10.000Z</time>
      </trkpt>
      <trkpt lat="36.955985" lon="-4.659652">
        <ele>650.071629</ele>
        <time>2026-05-22T10:07:16.000Z</time>
      </trkpt>
      <trkpt lat="36.955982" lon="-4.659649">
        <ele>650.131592</ele>
        <time>2026-05-22T10:07:19.000Z</time>
      </trkpt>
      <trkpt lat="36.955977" lon="-4.659632">
        <ele>650.357625</ele>
        <time>2026-05-22T10:07:22.000Z</time>
      </trkpt>
      <trkpt lat="36.955961" lon="-4.659619">
        <ele>650.655502</ele>
        <time>2026-05-22T10:07:25.000Z</time>
      </trkpt>
      <trkpt lat="36.955967" lon="-4.659618">
        <ele>650.750018</ele>
        <time>2026-05-22T10:07:27.000Z</time>
      </trkpt>
      <trkpt lat="36.955999" lon="-4.659639">
        <ele>651.314228</ele>
        <time>2026-05-22T10:07:35.000Z</time>
      </trkpt>
      <trkpt lat="36.955992" lon="-4.659641">
        <ele>651.426344</ele>
        <time>2026-05-22T10:07:38.000Z</time>
      </trkpt>
      <trkpt lat="36.955972" lon="-4.659633">
        <ele>651.754205</ele>
        <time>2026-05-22T10:07:43.000Z</time>
      </trkpt>
      <trkpt lat="36.955967" lon="-4.659621">
        <ele>651.923070</ele>
        <time>2026-05-22T10:07:47.000Z</time>
      </trkpt>
      <trkpt lat="36.955964" lon="-4.659640">
        <ele>652.164730</ele>
        <time>2026-05-22T10:07:51.000Z</time>
      </trkpt>
      <trkpt lat="36.955976" lon="-4.659637">
        <ele>652.355810</ele>
        <time>2026-05-22T10:07:59.000Z</time>
      </trkpt>
      <trkpt lat="36.956015" lon="-4.659662">
        <ele>653.040032</ele>
        <time>2026-05-22T10:08:08.000Z</time>
      </trkpt>
      <trkpt lat="36.956042" lon="-4.659678">
        <ele>653.506511</ele>
        <time>2026-05-22T10:08:11.000Z</time>
      </trkpt>
      <trkpt lat="36.956050" lon="-4.659684">
        <ele>653.652146</ele>
        <time>2026-05-22T10:08:12.000Z</time>
      </trkpt>
      <trkpt lat="36.956063" lon="-4.659694">
        <ele>653.890421</ele>
        <time>2026-05-22T10:08:14.000Z</time>
      </trkpt>
      <trkpt lat="36.956128" lon="-4.659716">
        <ele>654.941848</ele>
        <time>2026-05-22T10:08:20.000Z</time>
      </trkpt>
      <trkpt lat="36.956162" lon="-4.659716">
        <ele>655.472750</ele>
        <time>2026-05-22T10:08:22.000Z</time>
      </trkpt>
      <trkpt lat="36.956175" lon="-4.659717">
        <ele>655.676125</ele>
        <time>2026-05-22T10:08:23.000Z</time>
      </trkpt>
      <trkpt lat="36.956188" lon="-4.659724">
        <ele>655.897111</ele>
        <time>2026-05-22T10:08:26.000Z</time>
      </trkpt>
      <trkpt lat="36.956205" lon="-4.659727">
        <ele>656.165188</ele>
        <time>2026-05-22T10:08:28.000Z</time>
      </trkpt>
      <trkpt lat="36.956228" lon="-4.659736">
        <ele>656.541476</ele>
        <time>2026-05-22T10:08:31.000Z</time>
      </trkpt>
      <trkpt lat="36.956254" lon="-4.659736">
        <ele>656.947460</ele>
        <time>2026-05-22T10:08:33.000Z</time>
      </trkpt>
      <trkpt lat="36.956267" lon="-4.659738">
        <ele>657.151980</ele>
        <time>2026-05-22T10:08:35.000Z</time>
      </trkpt>
      <trkpt lat="36.956275" lon="-4.659740">
        <ele>657.279366</ele>
        <time>2026-05-22T10:08:36.000Z</time>
      </trkpt>
      <trkpt lat="36.956338" lon="-4.659741">
        <ele>658.263176</ele>
        <time>2026-05-22T10:08:41.000Z</time>
      </trkpt>
      <trkpt lat="36.956372" lon="-4.659745">
        <ele>658.796418</ele>
        <time>2026-05-22T10:08:44.000Z</time>
      </trkpt>
      <trkpt lat="36.956394" lon="-4.659747">
        <ele>659.140848</ele>
        <time>2026-05-22T10:08:47.000Z</time>
      </trkpt>
      <trkpt lat="36.956401" lon="-4.659750">
        <ele>659.256384</ele>
        <time>2026-05-22T10:08:48.000Z</time>
      </trkpt>
      <trkpt lat="36.956405" lon="-4.659753">
        <ele>659.329201</ele>
        <time>2026-05-22T10:08:49.000Z</time>
      </trkpt>
      <trkpt lat="36.956424" lon="-4.659754">
        <ele>659.626144</ele>
        <time>2026-05-22T10:08:51.000Z</time>
      </trkpt>
      <trkpt lat="36.956456" lon="-4.659749">
        <ele>660.129696</ele>
        <time>2026-05-22T10:08:53.000Z</time>
      </trkpt>
      <trkpt lat="36.956476" lon="-4.659749">
        <ele>660.441992</ele>
        <time>2026-05-22T10:08:55.000Z</time>
      </trkpt>
      <trkpt lat="36.956506" lon="-4.659744">
        <ele>660.914571</ele>
        <time>2026-05-22T10:08:57.000Z</time>
      </trkpt>
      <trkpt lat="36.956553" lon="-4.659731">
        <ele>661.666177</ele>
        <time>2026-05-22T10:09:02.000Z</time>
      </trkpt>
      <trkpt lat="36.956557" lon="-4.659731">
        <ele>661.728636</ele>
        <time>2026-05-22T10:09:03.000Z</time>
      </trkpt>
      <trkpt lat="36.956606" lon="-4.659683">
        <ele>662.700298</ele>
        <time>2026-05-22T10:09:10.000Z</time>
      </trkpt>
      <trkpt lat="36.956640" lon="-4.659617">
        <ele>663.680117</ele>
        <time>2026-05-22T10:09:16.000Z</time>
      </trkpt>
      <trkpt lat="36.956655" lon="-4.659585">
        <ele>664.143029</ele>
        <time>2026-05-22T10:09:19.000Z</time>
      </trkpt>
      <trkpt lat="36.956677" lon="-4.659542">
        <ele>664.780117</ele>
        <time>2026-05-22T10:09:23.000Z</time>
      </trkpt>
      <trkpt lat="36.956682" lon="-4.659539">
        <ele>664.866701</ele>
        <time>2026-05-22T10:09:25.000Z</time>
      </trkpt>
      <trkpt lat="36.956702" lon="-4.659484">
        <ele>665.620685</ele>
        <time>2026-05-22T10:09:29.000Z</time>
      </trkpt>
      <trkpt lat="36.956712" lon="-4.659459">
        <ele>665.969524</ele>
        <time>2026-05-22T10:09:32.000Z</time>
      </trkpt>
      <trkpt lat="36.956721" lon="-4.659426">
        <ele>666.404606</ele>
        <time>2026-05-22T10:09:35.000Z</time>
      </trkpt>
      <trkpt lat="36.956719" lon="-4.659397">
        <ele>666.767802</ele>
        <time>2026-05-22T10:09:41.000Z</time>
      </trkpt>
      <trkpt lat="36.956718" lon="-4.659399">
        <ele>666.797240</ele>
        <time>2026-05-22T10:09:43.000Z</time>
      </trkpt>
      <trkpt lat="36.956725" lon="-4.659406">
        <ele>666.937154</ele>
        <time>2026-05-22T10:09:52.000Z</time>
      </trkpt>
      <trkpt lat="36.956724" lon="-4.659411">
        <ele>667.001466</ele>
        <time>2026-05-22T10:09:54.000Z</time>
      </trkpt>
      <trkpt lat="36.956705" lon="-4.659405">
        <ele>667.307447</ele>
        <time>2026-05-22T10:10:00.000Z</time>
      </trkpt>
      <trkpt lat="36.956700" lon="-4.659399">
        <ele>667.415615</ele>
        <time>2026-05-22T10:10:02.000Z</time>
      </trkpt>
      <trkpt lat="36.956697" lon="-4.659393">
        <ele>667.503929</ele>
        <time>2026-05-22T10:10:03.000Z</time>
      </trkpt>
      <trkpt lat="36.956685" lon="-4.659418">
        <ele>667.867820</ele>
        <time>2026-05-22T10:10:07.000Z</time>
      </trkpt>
      <trkpt lat="36.956683" lon="-4.659441">
        <ele>668.156499</ele>
        <time>2026-05-22T10:10:09.000Z</time>
      </trkpt>
      <trkpt lat="36.956705" lon="-4.659457">
        <ele>668.553823</ele>
        <time>2026-05-22T10:10:11.000Z</time>
      </trkpt>
      <trkpt lat="36.956728" lon="-4.659428">
        <ele>669.063643</ele>
        <time>2026-05-22T10:10:15.000Z</time>
      </trkpt>
      <trkpt lat="36.956733" lon="-4.659406">
        <ele>669.349037</ele>
        <time>2026-05-22T10:10:16.000Z</time>
      </trkpt>
      <trkpt lat="36.956756" lon="-4.659304">
        <ele>670.671453</ele>
        <time>2026-05-22T10:10:22.000Z</time>
      </trkpt>
      <trkpt lat="36.956764" lon="-4.659249">
        <ele>671.368997</ele>
        <time>2026-05-22T10:10:25.000Z</time>
      </trkpt>
      <trkpt lat="36.956778" lon="-4.659157">
        <ele>672.537566</ele>
        <time>2026-05-22T10:10:31.000Z</time>
      </trkpt>
      <trkpt lat="36.956775" lon="-4.659129">
        <ele>672.890065</ele>
        <time>2026-05-22T10:10:33.000Z</time>
      </trkpt>
      <trkpt lat="36.956779" lon="-4.659096">
        <ele>673.306535</ele>
        <time>2026-05-22T10:10:37.000Z</time>
      </trkpt>
      <trkpt lat="36.956785" lon="-4.659091">
        <ele>673.419095</ele>
        <time>2026-05-22T10:10:38.000Z</time>
      </trkpt>
      <trkpt lat="36.956793" lon="-4.659060">
        <ele>673.825572</ele>
        <time>2026-05-22T10:10:40.000Z</time>
      </trkpt>
      <trkpt lat="36.956800" lon="-4.659015">
        <ele>674.397603</ele>
        <time>2026-05-22T10:10:43.000Z</time>
      </trkpt>
      <trkpt lat="36.956804" lon="-4.658978">
        <ele>674.813274</ele>
        <time>2026-05-22T10:10:47.000Z</time>
      </trkpt>
      <trkpt lat="36.956806" lon="-4.658969">
        <ele>674.910034</ele>
        <time>2026-05-22T10:10:48.000Z</time>
      </trkpt>
      <trkpt lat="36.956811" lon="-4.658873">
        <ele>675.906512</ele>
        <time>2026-05-22T10:10:55.000Z</time>
      </trkpt>
      <trkpt lat="36.956816" lon="-4.658796">
        <ele>676.706706</ele>
        <time>2026-05-22T10:11:02.000Z</time>
      </trkpt>
      <trkpt lat="36.956833" lon="-4.658784">
        <ele>676.959703</ele>
        <time>2026-05-22T10:11:06.000Z</time>
      </trkpt>
      <trkpt lat="36.956861" lon="-4.658774">
        <ele>677.337137</ele>
        <time>2026-05-22T10:11:09.000Z</time>
      </trkpt>
      <trkpt lat="36.956882" lon="-4.658774">
        <ele>677.609345</ele>
        <time>2026-05-22T10:11:11.000Z</time>
      </trkpt>
      <trkpt lat="36.956920" lon="-4.658783">
        <ele>678.110655</ele>
        <time>2026-05-22T10:11:15.000Z</time>
      </trkpt>
      <trkpt lat="36.956946" lon="-4.658797">
        <ele>678.477547</ele>
        <time>2026-05-22T10:11:18.000Z</time>
      </trkpt>
      <trkpt lat="36.956989" lon="-4.658837">
        <ele>679.172047</ele>
        <time>2026-05-22T10:11:23.000Z</time>
      </trkpt>
      <trkpt lat="36.956998" lon="-4.658846">
        <ele>679.321378</ele>
        <time>2026-05-22T10:11:24.000Z</time>
      </trkpt>
      <trkpt lat="36.957040" lon="-4.658897">
        <ele>680.079958</ele>
        <time>2026-05-22T10:11:29.000Z</time>
      </trkpt>
      <trkpt lat="36.957058" lon="-4.658917">
        <ele>680.391973</ele>
        <time>2026-05-22T10:11:31.000Z</time>
      </trkpt>
      <trkpt lat="36.957087" lon="-4.658954">
        <ele>680.928798</ele>
        <time>2026-05-22T10:11:35.000Z</time>
      </trkpt>
      <trkpt lat="36.957121" lon="-4.658997">
        <ele>681.555381</ele>
        <time>2026-05-22T10:11:39.000Z</time>
      </trkpt>
      <trkpt lat="36.957149" lon="-4.659040">
        <ele>682.129926</ele>
        <time>2026-05-22T10:11:43.000Z</time>
      </trkpt>
      <trkpt lat="36.957156" lon="-4.659050">
        <ele>682.267627</ele>
        <time>2026-05-22T10:11:44.000Z</time>
      </trkpt>
      <trkpt lat="36.957185" lon="-4.659062">
        <ele>682.663549</ele>
        <time>2026-05-22T10:11:48.000Z</time>
      </trkpt>
      <trkpt lat="36.957203" lon="-4.659075">
        <ele>682.932937</ele>
        <time>2026-05-22T10:11:50.000Z</time>
      </trkpt>
      <trkpt lat="36.957243" lon="-4.659113">
        <ele>683.583902</ele>
        <time>2026-05-22T10:11:55.000Z</time>
      </trkpt>
      <trkpt lat="36.957289" lon="-4.659156">
        <ele>684.328149</ele>
        <time>2026-05-22T10:12:01.000Z</time>
      </trkpt>
      <trkpt lat="36.957304" lon="-4.659165">
        <ele>684.543776</ele>
        <time>2026-05-22T10:12:02.000Z</time>
      </trkpt>
      <trkpt lat="36.957331" lon="-4.659186">
        <ele>684.955844</ele>
        <time>2026-05-22T10:12:05.000Z</time>
      </trkpt>
      <trkpt lat="36.957352" lon="-4.659202">
        <ele>685.274532</ele>
        <time>2026-05-22T10:12:08.000Z</time>
      </trkpt>
      <trkpt lat="36.957381" lon="-4.659233">
        <ele>685.768908</ele>
        <time>2026-05-22T10:12:12.000Z</time>
      </trkpt>
      <trkpt lat="36.957412" lon="-4.659259">
        <ele>686.252636</ele>
        <time>2026-05-22T10:12:15.000Z</time>
      </trkpt>
      <trkpt lat="36.957440" lon="-4.659290">
        <ele>686.737229</ele>
        <time>2026-05-22T10:12:18.000Z</time>
      </trkpt>
      <trkpt lat="36.957459" lon="-4.659304">
        <ele>687.023032</ele>
        <time>2026-05-22T10:12:21.000Z</time>
      </trkpt>
      <trkpt lat="36.957479" lon="-4.659326">
        <ele>687.368191</ele>
        <time>2026-05-22T10:12:23.000Z</time>
      </trkpt>
      <trkpt lat="36.957504" lon="-4.659363">
        <ele>687.870075</ele>
        <time>2026-05-22T10:12:27.000Z</time>
      </trkpt>
      <trkpt lat="36.957509" lon="-4.659371">
        <ele>687.975274</ele>
        <time>2026-05-22T10:12:28.000Z</time>
      </trkpt>
      <trkpt lat="36.957516" lon="-4.659403">
        <ele>688.318922</ele>
        <time>2026-05-22T10:12:32.000Z</time>
      </trkpt>
      <trkpt lat="36.957523" lon="-4.659421">
        <ele>688.526271</ele>
        <time>2026-05-22T10:12:34.000Z</time>
      </trkpt>
      <trkpt lat="36.957533" lon="-4.659440">
        <ele>688.761924</ele>
        <time>2026-05-22T10:12:37.000Z</time>
      </trkpt>
      <trkpt lat="36.957565" lon="-4.659471">
        <ele>689.286476</ele>
        <time>2026-05-22T10:12:43.000Z</time>
      </trkpt>
      <trkpt lat="36.957591" lon="-4.659489">
        <ele>689.671628</ele>
        <time>2026-05-22T10:12:47.000Z</time>
      </trkpt>
      <trkpt lat="36.957598" lon="-4.659497">
        <ele>689.794507</ele>
        <time>2026-05-22T10:12:48.000Z</time>
      </trkpt>
      <trkpt lat="36.957619" lon="-4.659526">
        <ele>690.199877</ele>
        <time>2026-05-22T10:12:51.000Z</time>
      </trkpt>
      <trkpt lat="36.957627" lon="-4.659557">
        <ele>690.537301</ele>
        <time>2026-05-22T10:12:54.000Z</time>
      </trkpt>
      <trkpt lat="36.957630" lon="-4.659553">
        <ele>690.594123</ele>
        <time>2026-05-22T10:12:56.000Z</time>
      </trkpt>
      <trkpt lat="36.957628" lon="-4.659553">
        <ele>690.620047</ele>
        <time>2026-05-22T10:12:57.000Z</time>
      </trkpt>
      <trkpt lat="36.957634" lon="-4.659543">
        <ele>690.749575</ele>
        <time>2026-05-22T10:13:01.000Z</time>
      </trkpt>
      <trkpt lat="36.957627" lon="-4.659546">
        <ele>690.845484</ele>
        <time>2026-05-22T10:13:05.000Z</time>
      </trkpt>
      <trkpt lat="36.957615" lon="-4.659580">
        <ele>691.230474</ele>
        <time>2026-05-22T10:13:11.000Z</time>
      </trkpt>
      <trkpt lat="36.957622" lon="-4.659569">
        <ele>691.376126</ele>
        <time>2026-05-22T10:13:13.000Z</time>
      </trkpt>
      <trkpt lat="36.957648" lon="-4.659529">
        <ele>691.910204</ele>
        <time>2026-05-22T10:13:20.000Z</time>
      </trkpt>
      <trkpt lat="36.957651" lon="-4.659520">
        <ele>692.011210</ele>
        <time>2026-05-22T10:13:22.000Z</time>
      </trkpt>
      <trkpt lat="36.957652" lon="-4.659522">
        <ele>692.035647</ele>
        <time>2026-05-22T10:13:24.000Z</time>
      </trkpt>
      <trkpt lat="36.957647" lon="-4.659538">
        <ele>692.213596</ele>
        <time>2026-05-22T10:13:29.000Z</time>
      </trkpt>
      <trkpt lat="36.957640" lon="-4.659547">
        <ele>692.343685</ele>
        <time>2026-05-22T10:13:32.000Z</time>
      </trkpt>
      <trkpt lat="36.957634" lon="-4.659549">
        <ele>692.424170</ele>
        <time>2026-05-22T10:13:34.000Z</time>
      </trkpt>
      <trkpt lat="36.957639" lon="-4.659535">
        <ele>692.583005</ele>
        <time>2026-05-22T10:13:37.000Z</time>
      </trkpt>
      <trkpt lat="36.957646" lon="-4.659533">
        <ele>692.676075</ele>
        <time>2026-05-22T10:13:43.000Z</time>
      </trkpt>
      <trkpt lat="36.957645" lon="-4.659535">
        <ele>692.700512</ele>
        <time>2026-05-22T10:13:44.000Z</time>
      </trkpt>
      <trkpt lat="36.957642" lon="-4.659531">
        <ele>692.757334</ele>
        <time>2026-05-22T10:13:52.000Z</time>
      </trkpt>
      <trkpt lat="36.957650" lon="-4.659541">
        <ele>692.903901</ele>
        <time>2026-05-22T10:13:58.000Z</time>
      </trkpt>
      <trkpt lat="36.957652" lon="-4.659542">
        <ele>692.931818</ele>
        <time>2026-05-22T10:13:59.000Z</time>
      </trkpt>
      <trkpt lat="36.957655" lon="-4.659561">
        <ele>693.132423</ele>
        <time>2026-05-22T10:14:02.000Z</time>
      </trkpt>
      <trkpt lat="36.957656" lon="-4.659564">
        <ele>693.166092</ele>
        <time>2026-05-22T10:14:03.000Z</time>
      </trkpt>
      <trkpt lat="36.957654" lon="-4.659542">
        <ele>693.395436</ele>
        <time>2026-05-22T10:14:10.000Z</time>
      </trkpt>
      <trkpt lat="36.957650" lon="-4.659535">
        <ele>693.484572</ele>
        <time>2026-05-22T10:14:16.000Z</time>
      </trkpt>
      <trkpt lat="36.957644" lon="-4.659545">
        <ele>693.614099</ele>
        <time>2026-05-22T10:14:19.000Z</time>
      </trkpt>
      <trkpt lat="36.957636" lon="-4.659517">
        <ele>693.922102</ele>
        <time>2026-05-22T10:14:29.000Z</time>
      </trkpt>
      <trkpt lat="36.957634" lon="-4.659518">
        <ele>693.950019</ele>
        <time>2026-05-22T10:14:31.000Z</time>
      </trkpt>
      <trkpt lat="36.957627" lon="-4.659541">
        <ele>694.204945</ele>
        <time>2026-05-22T10:14:36.000Z</time>
      </trkpt>
      <trkpt lat="36.957626" lon="-4.659549">
        <ele>694.288815</ele>
        <time>2026-05-22T10:14:38.000Z</time>
      </trkpt>
      <trkpt lat="36.957628" lon="-4.659550">
        <ele>694.316733</ele>
        <time>2026-05-22T10:14:40.000Z</time>
      </trkpt>
      <trkpt lat="36.957628" lon="-4.659550">
        <ele>694.316733</ele>
        <time>2026-05-22T10:14:45.000Z</time>
      </trkpt>
      <trkpt lat="36.957627" lon="-4.659546">
        <ele>694.360145</ele>
        <time>2026-05-22T10:14:48.000Z</time>
      </trkpt>
      <trkpt lat="36.957649" lon="-4.659568">
        <ele>694.725176</ele>
        <time>2026-05-22T10:14:58.000Z</time>
      </trkpt>
      <trkpt lat="36.957671" lon="-4.659600">
        <ele>695.162420</ele>
        <time>2026-05-22T10:15:02.000Z</time>
      </trkpt>
      <trkpt lat="36.957653" lon="-4.659562">
        <ele>695.619978</ele>
        <time>2026-05-22T10:15:05.000Z</time>
      </trkpt>
      <trkpt lat="36.957651" lon="-4.659557">
        <ele>695.677894</ele>
        <time>2026-05-22T10:15:06.000Z</time>
      </trkpt>
      <trkpt lat="36.957648" lon="-4.659578">
        <ele>695.898858</ele>
        <time>2026-05-22T10:15:14.000Z</time>
      </trkpt>
      <trkpt lat="36.957629" lon="-4.659596">
        <ele>696.207753</ele>
        <time>2026-05-22T10:15:21.000Z</time>
      </trkpt>
      <trkpt lat="36.957636" lon="-4.659576">
        <ele>696.433910</ele>
        <time>2026-05-22T10:15:24.000Z</time>
      </trkpt>
      <trkpt lat="36.957660" lon="-4.659577">
        <ele>696.745177</ele>
        <time>2026-05-22T10:15:28.000Z</time>
      </trkpt>
      <trkpt lat="36.957733" lon="-4.659555">
        <ele>697.718473</ele>
        <time>2026-05-22T10:15:34.000Z</time>
      </trkpt>
      <trkpt lat="36.957807" lon="-4.659543">
        <ele>698.610830</ele>
        <time>2026-05-22T10:15:41.000Z</time>
      </trkpt>
      <trkpt lat="36.957811" lon="-4.659547">
        <ele>698.671013</ele>
        <time>2026-05-22T10:15:42.000Z</time>
      </trkpt>
      <trkpt lat="36.957870" lon="-4.659492">
        <ele>699.535764</ele>
        <time>2026-05-22T10:15:49.000Z</time>
      </trkpt>
      <trkpt lat="36.957883" lon="-4.659475">
        <ele>699.756770</ele>
        <time>2026-05-22T10:15:50.000Z</time>
      </trkpt>
      <trkpt lat="36.957913" lon="-4.659421">
        <ele>700.374498</ele>
        <time>2026-05-22T10:15:54.000Z</time>
      </trkpt>
      <trkpt lat="36.957931" lon="-4.659382">
        <ele>700.797515</ele>
        <time>2026-05-22T10:15:57.000Z</time>
      </trkpt>
      <trkpt lat="36.957935" lon="-4.659366">
        <ele>700.954977</ele>
        <time>2026-05-22T10:15:58.000Z</time>
      </trkpt>
      <trkpt lat="36.957947" lon="-4.659319">
        <ele>701.418409</ele>
        <time>2026-05-22T10:16:02.000Z</time>
      </trkpt>
      <trkpt lat="36.957950" lon="-4.659313">
        <ele>701.484886</ele>
        <time>2026-05-22T10:16:03.000Z</time>
      </trkpt>
      <trkpt lat="36.957954" lon="-4.659301">
        <ele>701.607009</ele>
        <time>2026-05-22T10:16:04.000Z</time>
      </trkpt>
      <trkpt lat="36.957959" lon="-4.659287">
        <ele>701.751039</ele>
        <time>2026-05-22T10:16:05.000Z</time>
      </trkpt>
      <trkpt lat="36.957962" lon="-4.659275">
        <ele>701.869136</ele>
        <time>2026-05-22T10:16:06.000Z</time>
      </trkpt>
      <trkpt lat="36.957993" lon="-4.659211">
        <ele>702.572067</ele>
        <time>2026-05-22T10:16:11.000Z</time>
      </trkpt>
      <trkpt lat="36.958002" lon="-4.659181">
        <ele>702.873044</ele>
        <time>2026-05-22T10:16:13.000Z</time>
      </trkpt>
      <trkpt lat="36.958007" lon="-4.659168">
        <ele>703.008553</ele>
        <time>2026-05-22T10:16:14.000Z</time>
      </trkpt>
      <trkpt lat="36.958014" lon="-4.659144">
        <ele>703.248519</ele>
        <time>2026-05-22T10:16:16.000Z</time>
      </trkpt>
      <trkpt lat="36.958017" lon="-4.659123">
        <ele>703.448887</ele>
        <time>2026-05-22T10:16:18.000Z</time>
      </trkpt>
      <trkpt lat="36.958016" lon="-4.659035">
        <ele>704.275505</ele>
        <time>2026-05-22T10:16:25.000Z</time>
      </trkpt>
      <trkpt lat="36.958018" lon="-4.659006">
        <ele>704.548898</ele>
        <time>2026-05-22T10:16:33.000Z</time>
      </trkpt>
      <trkpt lat="36.958021" lon="-4.659011">
        <ele>704.607625</ele>
        <time>2026-05-22T10:16:34.000Z</time>
      </trkpt>
      <trkpt lat="36.958035" lon="-4.659026">
        <ele>704.824255</ele>
        <time>2026-05-22T10:16:37.000Z</time>
      </trkpt>
      <trkpt lat="36.958048" lon="-4.659000">
        <ele>705.112325</ele>
        <time>2026-05-22T10:16:40.000Z</time>
      </trkpt>
      <trkpt lat="36.958069" lon="-4.658974">
        <ele>705.459547</ele>
        <time>2026-05-22T10:16:42.000Z</time>
      </trkpt>
      <trkpt lat="36.958086" lon="-4.658911">
        <ele>706.084098</ele>
        <time>2026-05-22T10:16:46.000Z</time>
      </trkpt>
      <trkpt lat="36.958095" lon="-4.658811">
        <ele>707.029280</ele>
        <time>2026-05-22T10:16:55.000Z</time>
      </trkpt>
      <trkpt lat="36.958095" lon="-4.658799">
        <ele>707.141989</ele>
        <time>2026-05-22T10:16:56.000Z</time>
      </trkpt>
      <trkpt lat="36.958090" lon="-4.658705">
        <ele>708.026831</ele>
        <time>2026-05-22T10:17:03.000Z</time>
      </trkpt>
      <trkpt lat="36.958090" lon="-4.658667">
        <ele>708.383743</ele>
        <time>2026-05-22T10:17:05.000Z</time>
      </trkpt>
      <trkpt lat="36.958114" lon="-4.658596">
        <ele>709.107819</ele>
        <time>2026-05-22T10:17:12.000Z</time>
      </trkpt>
      <trkpt lat="36.958130" lon="-4.658579">
        <ele>709.354524</ele>
        <time>2026-05-22T10:17:14.000Z</time>
      </trkpt>
      <trkpt lat="36.958148" lon="-4.658556">
        <ele>709.656900</ele>
        <time>2026-05-22T10:17:18.000Z</time>
      </trkpt>
      <trkpt lat="36.958153" lon="-4.658549">
        <ele>709.745085</ele>
        <time>2026-05-22T10:17:19.000Z</time>
      </trkpt>
      <trkpt lat="36.958188" lon="-4.658495">
        <ele>710.398145</ele>
        <time>2026-05-22T10:17:24.000Z</time>
      </trkpt>
      <trkpt lat="36.958217" lon="-4.658478">
        <ele>710.774558</ele>
        <time>2026-05-22T10:17:29.000Z</time>
      </trkpt>
      <trkpt lat="36.958225" lon="-4.658473">
        <ele>710.879666</ele>
        <time>2026-05-22T10:17:30.000Z</time>
      </trkpt>
      <trkpt lat="36.958248" lon="-4.658462">
        <ele>711.169080</ele>
        <time>2026-05-22T10:17:32.000Z</time>
      </trkpt>
      <trkpt lat="36.958287" lon="-4.658451">
        <ele>711.638989</ele>
        <time>2026-05-22T10:17:35.000Z</time>
      </trkpt>
      <trkpt lat="36.958342" lon="-4.658448">
        <ele>712.286079</ele>
        <time>2026-05-22T10:17:38.000Z</time>
      </trkpt>
      <trkpt lat="36.958347" lon="-4.658449">
        <ele>712.345596</ele>
        <time>2026-05-22T10:17:39.000Z</time>
      </trkpt>
      <trkpt lat="36.958375" lon="-4.658467">
        <ele>712.715595</ele>
        <time>2026-05-22T10:17:46.000Z</time>
      </trkpt>
      <trkpt lat="36.958421" lon="-4.658486">
        <ele>713.284973</ele>
        <time>2026-05-22T10:17:53.000Z</time>
      </trkpt>
      <trkpt lat="36.958433" lon="-4.658489">
        <ele>713.428809</ele>
        <time>2026-05-22T10:17:54.000Z</time>
      </trkpt>
      <trkpt lat="36.958496" lon="-4.658528">
        <ele>714.254964</ele>
        <time>2026-05-22T10:18:00.000Z</time>
      </trkpt>
      <trkpt lat="36.958504" lon="-4.658535">
        <ele>714.369702</ele>
        <time>2026-05-22T10:18:01.000Z</time>
      </trkpt>
      <trkpt lat="36.958513" lon="-4.658543">
        <ele>714.499459</ele>
        <time>2026-05-22T10:18:02.000Z</time>
      </trkpt>
      <trkpt lat="36.958558" lon="-4.658593">
        <ele>715.206788</ele>
        <time>2026-05-22T10:18:09.000Z</time>
      </trkpt>
      <trkpt lat="36.958581" lon="-4.658638">
        <ele>715.708510</ele>
        <time>2026-05-22T10:18:14.000Z</time>
      </trkpt>
      <trkpt lat="36.958600" lon="-4.658675">
        <ele>716.121601</ele>
        <time>2026-05-22T10:18:16.000Z</time>
      </trkpt>
      <trkpt lat="36.958605" lon="-4.658686">
        <ele>716.240463</ele>
        <time>2026-05-22T10:18:17.000Z</time>
      </trkpt>
      <trkpt lat="36.958634" lon="-4.658726">
        <ele>716.747748</ele>
        <time>2026-05-22T10:18:22.000Z</time>
      </trkpt>
      <trkpt lat="36.958648" lon="-4.658757">
        <ele>717.082195</ele>
        <time>2026-05-22T10:18:25.000Z</time>
      </trkpt>
      <trkpt lat="36.958667" lon="-4.658798">
        <ele>717.527355</ele>
        <time>2026-05-22T10:18:29.000Z</time>
      </trkpt>
      <trkpt lat="36.958685" lon="-4.658832">
        <ele>717.910424</ele>
        <time>2026-05-22T10:18:32.000Z</time>
      </trkpt>
      <trkpt lat="36.958696" lon="-4.658865">
        <ele>718.246259</ele>
        <time>2026-05-22T10:18:35.000Z</time>
      </trkpt>
      <trkpt lat="36.958712" lon="-4.658927">
        <ele>718.858200</ele>
        <time>2026-05-22T10:18:40.000Z</time>
      </trkpt>
      <trkpt lat="36.958719" lon="-4.658947">
        <ele>719.048045</ele>
        <time>2026-05-22T10:18:42.000Z</time>
      </trkpt>
      <trkpt lat="36.958729" lon="-4.658973">
        <ele>719.214286</ele>
        <time>2026-05-22T10:18:45.000Z</time>
      </trkpt>
      <trkpt lat="36.958742" lon="-4.659015">
        <ele>719.473777</ele>
        <time>2026-05-22T10:18:48.000Z</time>
      </trkpt>
      <trkpt lat="36.958749" lon="-4.659042">
        <ele>719.637313</ele>
        <time>2026-05-22T10:18:50.000Z</time>
      </trkpt>
      <trkpt lat="36.958756" lon="-4.659069">
        <ele>719.800848</ele>
        <time>2026-05-22T10:18:52.000Z</time>
      </trkpt>
      <trkpt lat="36.958775" lon="-4.659155">
        <ele>720.314903</ele>
        <time>2026-05-22T10:18:59.000Z</time>
      </trkpt>
      <trkpt lat="36.958775" lon="-4.659169">
        <ele>720.395560</ele>
        <time>2026-05-22T10:19:00.000Z</time>
      </trkpt>
      <trkpt lat="36.958779" lon="-4.659210">
        <ele>720.633525</ele>
        <time>2026-05-22T10:19:04.000Z</time>
      </trkpt>
      <trkpt lat="36.958786" lon="-4.659238">
        <ele>720.802550</ele>
        <time>2026-05-22T10:19:06.000Z</time>
      </trkpt>
      <trkpt lat="36.958787" lon="-4.659268">
        <ele>720.975537</ele>
        <time>2026-05-22T10:19:08.000Z</time>
      </trkpt>
      <trkpt lat="36.958801" lon="-4.659345">
        <ele>721.430491</ele>
        <time>2026-05-22T10:19:14.000Z</time>
      </trkpt>
      <trkpt lat="36.958802" lon="-4.659358">
        <ele>721.505733</ele>
        <time>2026-05-22T10:19:15.000Z</time>
      </trkpt>
      <trkpt lat="36.958802" lon="-4.659412">
        <ele>721.816839</ele>
        <time>2026-05-22T10:19:19.000Z</time>
      </trkpt>
      <trkpt lat="36.958792" lon="-4.659462">
        <ele>722.113787</ele>
        <time>2026-05-22T10:19:23.000Z</time>
      </trkpt>
      <trkpt lat="36.958785" lon="-4.659512">
        <ele>722.406236</ele>
        <time>2026-05-22T10:19:27.000Z</time>
      </trkpt>
      <trkpt lat="36.958782" lon="-4.659559">
        <ele>722.677876</ele>
        <time>2026-05-22T10:19:30.000Z</time>
      </trkpt>
      <trkpt lat="36.958783" lon="-4.659572">
        <ele>722.753118</ele>
        <time>2026-05-22T10:19:31.000Z</time>
      </trkpt>
      <trkpt lat="36.958795" lon="-4.659657">
        <ele>723.250407</ele>
        <time>2026-05-22T10:19:39.000Z</time>
      </trkpt>
      <trkpt lat="36.958805" lon="-4.659754">
        <ele>723.813878</ele>
        <time>2026-05-22T10:19:50.000Z</time>
      </trkpt>
      <trkpt lat="36.958800" lon="-4.659798">
        <ele>724.069923</ele>
        <time>2026-05-22T10:19:54.000Z</time>
      </trkpt>
      <trkpt lat="36.958794" lon="-4.659845">
        <ele>724.344134</ele>
        <time>2026-05-22T10:19:58.000Z</time>
      </trkpt>
      <trkpt lat="36.958797" lon="-4.659846">
        <ele>724.366518</ele>
        <time>2026-05-22T10:19:59.000Z</time>
      </trkpt>
      <trkpt lat="36.958801" lon="-4.659868">
        <ele>724.496505</ele>
        <time>2026-05-22T10:20:05.000Z</time>
      </trkpt>
      <trkpt lat="36.958806" lon="-4.659873">
        <ele>724.542650</ele>
        <time>2026-05-22T10:20:08.000Z</time>
      </trkpt>
      <trkpt lat="36.958806" lon="-4.659877">
        <ele>724.565695</ele>
        <time>2026-05-22T10:20:09.000Z</time>
      </trkpt>
      <trkpt lat="36.958809" lon="-4.659886">
        <ele>724.621876</ele>
        <time>2026-05-22T10:20:10.000Z</time>
      </trkpt>
      <trkpt lat="36.958816" lon="-4.659922">
        <ele>724.835333</ele>
        <time>2026-05-22T10:20:12.000Z</time>
      </trkpt>
      <trkpt lat="36.958821" lon="-4.659942">
        <ele>724.956065</ele>
        <time>2026-05-22T10:20:13.000Z</time>
      </trkpt>
      <trkpt lat="36.958839" lon="-4.659996">
        <ele>725.293155</ele>
        <time>2026-05-22T10:20:18.000Z</time>
      </trkpt>
      <trkpt lat="36.958862" lon="-4.660026">
        <ele>725.532679</ele>
        <time>2026-05-22T10:20:21.000Z</time>
      </trkpt>
      <trkpt lat="36.958866" lon="-4.660048">
        <ele>725.662665</ele>
        <time>2026-05-22T10:20:29.000Z</time>
      </trkpt>
      <trkpt lat="36.958871" lon="-4.660045">
        <ele>725.702644</ele>
        <time>2026-05-22T10:20:33.000Z</time>
      </trkpt>
      <trkpt lat="36.958883" lon="-4.660057">
        <ele>725.813392</ele>
        <time>2026-05-22T10:20:38.000Z</time>
      </trkpt>
      <trkpt lat="36.958891" lon="-4.660080">
        <ele>725.957910</ele>
        <time>2026-05-22T10:20:41.000Z</time>
      </trkpt>
      <trkpt lat="36.958895" lon="-4.660088">
        <ele>726.012279</ele>
        <time>2026-05-22T10:20:42.000Z</time>
      </trkpt>
      <trkpt lat="36.958897" lon="-4.660092">
        <ele>726.039464</ele>
        <time>2026-05-22T10:20:43.000Z</time>
      </trkpt>
      <trkpt lat="36.958897" lon="-4.660097">
        <ele>726.068270</ele>
        <time>2026-05-22T10:20:46.000Z</time>
      </trkpt>
      <trkpt lat="36.958897" lon="-4.660092">
        <ele>726.097076</ele>
        <time>2026-05-22T10:20:47.000Z</time>
      </trkpt>
      <trkpt lat="36.958898" lon="-4.660089">
        <ele>726.115803</ele>
        <time>2026-05-22T10:20:48.000Z</time>
      </trkpt>
      <trkpt lat="36.958901" lon="-4.660075">
        <ele>726.199310</ele>
        <time>2026-05-22T10:20:50.000Z</time>
      </trkpt>
      <trkpt lat="36.958944" lon="-4.660079">
        <ele>726.510192</ele>
        <time>2026-05-22T10:20:55.000Z</time>
      </trkpt>
      <trkpt lat="36.958953" lon="-4.660087">
        <ele>726.589785</ele>
        <time>2026-05-22T10:20:57.000Z</time>
      </trkpt>
      <trkpt lat="36.958979" lon="-4.660107">
        <ele>726.809824</ele>
        <time>2026-05-22T10:21:00.000Z</time>
      </trkpt>
      <trkpt lat="36.958988" lon="-4.660123">
        <ele>726.922552</ele>
        <time>2026-05-22T10:21:02.000Z</time>
      </trkpt>
      <trkpt lat="36.958990" lon="-4.660128">
        <ele>726.954766</ele>
        <time>2026-05-22T10:21:03.000Z</time>
      </trkpt>
      <trkpt lat="36.959006" lon="-4.660143">
        <ele>727.098904</ele>
        <time>2026-05-22T10:21:05.000Z</time>
      </trkpt>
      <trkpt lat="36.959028" lon="-4.660162">
        <ele>727.291627</ele>
        <time>2026-05-22T10:21:07.000Z</time>
      </trkpt>
      <trkpt lat="36.959058" lon="-4.660188">
        <ele>727.554728</ele>
        <time>2026-05-22T10:21:11.000Z</time>
      </trkpt>
      <trkpt lat="36.959058" lon="-4.660194">
        <ele>727.589295</ele>
        <time>2026-05-22T10:21:12.000Z</time>
      </trkpt>
      <trkpt lat="36.959097" lon="-4.660197">
        <ele>727.871013</ele>
        <time>2026-05-22T10:21:19.000Z</time>
      </trkpt>
      <trkpt lat="36.959159" lon="-4.660224">
        <ele>728.344321</ele>
        <time>2026-05-22T10:21:25.000Z</time>
      </trkpt>
      <trkpt lat="36.959208" lon="-4.660239">
        <ele>728.708023</ele>
        <time>2026-05-22T10:21:30.000Z</time>
      </trkpt>
      <trkpt lat="36.959233" lon="-4.660254">
        <ele>728.907917</ele>
        <time>2026-05-22T10:21:33.000Z</time>
      </trkpt>
      <trkpt lat="36.959327" lon="-4.660287">
        <ele>729.611812</ele>
        <time>2026-05-22T10:21:40.000Z</time>
      </trkpt>
      <trkpt lat="36.959379" lon="-4.660291">
        <ele>729.987436</ele>
        <time>2026-05-22T10:21:44.000Z</time>
      </trkpt>
      <trkpt lat="36.959405" lon="-4.660303">
        <ele>730.187237</ele>
        <time>2026-05-22T10:21:48.000Z</time>
      </trkpt>
      <trkpt lat="36.959466" lon="-4.660331">
        <ele>730.655693</ele>
        <time>2026-05-22T10:21:54.000Z</time>
      </trkpt>
      <trkpt lat="36.959466" lon="-4.660333">
        <ele>730.667215</ele>
        <time>2026-05-22T10:21:55.000Z</time>
      </trkpt>
      <trkpt lat="36.959468" lon="-4.660333">
        <ele>730.681635</ele>
        <time>2026-05-22T10:21:58.000Z</time>
      </trkpt>
      <trkpt lat="36.959467" lon="-4.660332">
        <ele>730.690864</ele>
        <time>2026-05-22T10:21:59.000Z</time>
      </trkpt>
      <trkpt lat="36.959471" lon="-4.660335">
        <ele>730.724486</ele>
        <time>2026-05-22T10:22:03.000Z</time>
      </trkpt>
      <trkpt lat="36.959481" lon="-4.660358">
        <ele>730.875339</ele>
        <time>2026-05-22T10:22:11.000Z</time>
      </trkpt>
      <trkpt lat="36.959479" lon="-4.660355">
        <ele>730.897848</ele>
        <time>2026-05-22T10:22:13.000Z</time>
      </trkpt>
      <trkpt lat="36.959477" lon="-4.660353">
        <ele>730.916306</ele>
        <time>2026-05-22T10:22:14.000Z</time>
      </trkpt>
      <trkpt lat="36.959473" lon="-4.660350">
        <ele>730.949928</ele>
        <time>2026-05-22T10:22:15.000Z</time>
      </trkpt>
      <trkpt lat="36.959471" lon="-4.660346">
        <ele>730.977112</ele>
        <time>2026-05-22T10:22:16.000Z</time>
      </trkpt>
      <trkpt lat="36.959460" lon="-4.660336">
        <ele>731.075138</ele>
        <time>2026-05-22T10:22:19.000Z</time>
      </trkpt>
      <trkpt lat="36.959467" lon="-4.660344">
        <ele>731.143486</ele>
        <time>2026-05-22T10:22:22.000Z</time>
      </trkpt>
      <trkpt lat="36.959487" lon="-4.660348">
        <ele>731.289514</ele>
        <time>2026-05-22T10:22:30.000Z</time>
      </trkpt>
      <trkpt lat="36.959496" lon="-4.660350">
        <ele>731.355419</ele>
        <time>2026-05-22T10:22:31.000Z</time>
      </trkpt>
      <trkpt lat="36.959508" lon="-4.660348">
        <ele>731.442702</ele>
        <time>2026-05-22T10:22:34.000Z</time>
      </trkpt>
      <trkpt lat="36.959531" lon="-4.660340">
        <ele>731.614816</ele>
        <time>2026-05-22T10:22:36.000Z</time>
      </trkpt>
      <trkpt lat="36.959544" lon="-4.660347">
        <ele>731.716853</ele>
        <time>2026-05-22T10:22:40.000Z</time>
      </trkpt>
      <trkpt lat="36.959549" lon="-4.660352">
        <ele>731.762998</ele>
        <time>2026-05-22T10:22:41.000Z</time>
      </trkpt>
      <trkpt lat="36.959558" lon="-4.660352">
        <ele>731.827887</ele>
        <time>2026-05-22T10:22:42.000Z</time>
      </trkpt>
      <trkpt lat="36.959586" lon="-4.660369">
        <ele>731.968745</ele>
        <time>2026-05-22T10:22:45.000Z</time>
      </trkpt>
      <trkpt lat="36.959603" lon="-4.660371">
        <ele>731.921304</ele>
        <time>2026-05-22T10:22:46.000Z</time>
      </trkpt>
      <trkpt lat="36.959666" lon="-4.660375">
        <ele>731.746040</ele>
        <time>2026-05-22T10:22:50.000Z</time>
      </trkpt>
      <trkpt lat="36.959715" lon="-4.660375">
        <ele>731.609899</ele>
        <time>2026-05-22T10:22:54.000Z</time>
      </trkpt>
      <trkpt lat="36.959775" lon="-4.660365">
        <ele>731.441724</ele>
        <time>2026-05-22T10:23:01.000Z</time>
      </trkpt>
      <trkpt lat="36.959783" lon="-4.660360">
        <ele>731.416879</ele>
        <time>2026-05-22T10:23:02.000Z</time>
      </trkpt>
      <trkpt lat="36.959812" lon="-4.660347">
        <ele>731.331293</ele>
        <time>2026-05-22T10:23:05.000Z</time>
      </trkpt>
      <trkpt lat="36.959849" lon="-4.660330">
        <ele>731.221783</ele>
        <time>2026-05-22T10:23:08.000Z</time>
      </trkpt>
      <trkpt lat="36.959864" lon="-4.660325">
        <ele>731.178654</ele>
        <time>2026-05-22T10:23:09.000Z</time>
      </trkpt>
      <trkpt lat="36.959934" lon="-4.660305">
        <ele>730.979163</ele>
        <time>2026-05-22T10:23:15.000Z</time>
      </trkpt>
      <trkpt lat="36.959957" lon="-4.660295">
        <ele>730.911513</ele>
        <time>2026-05-22T10:23:17.000Z</time>
      </trkpt>
      <trkpt lat="36.960011" lon="-4.660248">
        <ele>730.728763</ele>
        <time>2026-05-22T10:23:21.000Z</time>
      </trkpt>
      <trkpt lat="36.960015" lon="-4.660233">
        <ele>730.693656</ele>
        <time>2026-05-22T10:23:22.000Z</time>
      </trkpt>
      <trkpt lat="36.960031" lon="-4.660200">
        <ele>730.607961</ele>
        <time>2026-05-22T10:23:26.000Z</time>
      </trkpt>
      <trkpt lat="36.960103" lon="-4.660164">
        <ele>730.392542</ele>
        <time>2026-05-22T10:23:32.000Z</time>
      </trkpt>
      <trkpt lat="36.960196" lon="-4.660070">
        <ele>730.060403</ele>
        <time>2026-05-22T10:23:42.000Z</time>
      </trkpt>
      <trkpt lat="36.960260" lon="-4.659987">
        <ele>729.804331</ele>
        <time>2026-05-22T10:23:51.000Z</time>
      </trkpt>
      <trkpt lat="36.960338" lon="-4.659914">
        <ele>729.533720</ele>
        <time>2026-05-22T10:23:59.000Z</time>
      </trkpt>
      <trkpt lat="36.960393" lon="-4.659836">
        <ele>729.302770</ele>
        <time>2026-05-22T10:24:07.000Z</time>
      </trkpt>
      <trkpt lat="36.960406" lon="-4.659810">
        <ele>729.234679</ele>
        <time>2026-05-22T10:24:09.000Z</time>
      </trkpt>
      <trkpt lat="36.960491" lon="-4.659725">
        <ele>728.932382</ele>
        <time>2026-05-22T10:24:19.000Z</time>
      </trkpt>
      <trkpt lat="36.960509" lon="-4.659710">
        <ele>728.872299</ele>
        <time>2026-05-22T10:24:21.000Z</time>
      </trkpt>
      <trkpt lat="36.960581" lon="-4.659621">
        <ele>728.591126</ele>
        <time>2026-05-22T10:24:29.000Z</time>
      </trkpt>
      <trkpt lat="36.960659" lon="-4.659530">
        <ele>728.294850</ele>
        <time>2026-05-22T10:24:36.000Z</time>
      </trkpt>
      <trkpt lat="36.960704" lon="-4.659506">
        <ele>728.158942</ele>
        <time>2026-05-22T10:24:40.000Z</time>
      </trkpt>
      <trkpt lat="36.960715" lon="-4.659495">
        <ele>728.119821</ele>
        <time>2026-05-22T10:24:41.000Z</time>
      </trkpt>
      <trkpt lat="36.960754" lon="-4.659410">
        <ele>727.902218</ele>
        <time>2026-05-22T10:24:48.000Z</time>
      </trkpt>
      <trkpt lat="36.960759" lon="-4.659383">
        <ele>727.840688</ele>
        <time>2026-05-22T10:24:50.000Z</time>
      </trkpt>
      <trkpt lat="36.960764" lon="-4.659346">
        <ele>727.757379</ele>
        <time>2026-05-22T10:24:53.000Z</time>
      </trkpt>
      <trkpt lat="36.960776" lon="-4.659286">
        <ele>727.620066</ele>
        <time>2026-05-22T10:24:59.000Z</time>
      </trkpt>
      <trkpt lat="36.960792" lon="-4.659184">
        <ele>727.389297</ele>
        <time>2026-05-22T10:25:08.000Z</time>
      </trkpt>
      <trkpt lat="36.960795" lon="-4.659174">
        <ele>727.365583</ele>
        <time>2026-05-22T10:25:09.000Z</time>
      </trkpt>
      <trkpt lat="36.960817" lon="-4.659078">
        <ele>727.143865</ele>
        <time>2026-05-22T10:25:16.000Z</time>
      </trkpt>
      <trkpt lat="36.960820" lon="-4.659060">
        <ele>727.103044</ele>
        <time>2026-05-22T10:25:17.000Z</time>
      </trkpt>
      <trkpt lat="36.960837" lon="-4.658879">
        <ele>727.058144</ele>
        <time>2026-05-22T10:25:29.000Z</time>
      </trkpt>
      <trkpt lat="36.960844" lon="-4.658749">
        <ele>727.120156</ele>
        <time>2026-05-22T10:25:39.000Z</time>
      </trkpt>
      <trkpt lat="36.960814" lon="-4.658591">
        <ele>727.197447</ele>
        <time>2026-05-22T10:25:50.000Z</time>
      </trkpt>
      <trkpt lat="36.960814" lon="-4.658579">
        <ele>727.203158</ele>
        <time>2026-05-22T10:25:51.000Z</time>
      </trkpt>
      <trkpt lat="36.960810" lon="-4.658447">
        <ele>727.266026</ele>
        <time>2026-05-22T10:26:01.000Z</time>
      </trkpt>
      <trkpt lat="36.960810" lon="-4.658275">
        <ele>727.347886</ele>
        <time>2026-05-22T10:26:12.000Z</time>
      </trkpt>
      <trkpt lat="36.960806" lon="-4.658222">
        <ele>727.373222</ele>
        <time>2026-05-22T10:26:16.000Z</time>
      </trkpt>
      <trkpt lat="36.960807" lon="-4.658177">
        <ele>727.394647</ele>
        <time>2026-05-22T10:26:20.000Z</time>
      </trkpt>
      <trkpt lat="36.960836" lon="-4.658055">
        <ele>727.455226</ele>
        <time>2026-05-22T10:26:28.000Z</time>
      </trkpt>
      <trkpt lat="36.960850" lon="-4.657937">
        <ele>727.512001</ele>
        <time>2026-05-22T10:26:36.000Z</time>
      </trkpt>
      <trkpt lat="36.960857" lon="-4.657767">
        <ele>727.593017</ele>
        <time>2026-05-22T10:26:46.000Z</time>
      </trkpt>
      <trkpt lat="36.960882" lon="-4.657606">
        <ele>727.671075</ele>
        <time>2026-05-22T10:26:58.000Z</time>
      </trkpt>
      <trkpt lat="36.960873" lon="-4.657483">
        <ele>727.729859</ele>
        <time>2026-05-22T10:27:06.000Z</time>
      </trkpt>
      <trkpt lat="36.960872" lon="-4.657466">
        <ele>727.737972</ele>
        <time>2026-05-22T10:27:07.000Z</time>
      </trkpt>
      <trkpt lat="36.960878" lon="-4.657373">
        <ele>727.782378</ele>
        <time>2026-05-22T10:27:13.000Z</time>
      </trkpt>
      <trkpt lat="36.960889" lon="-4.657386">
        <ele>727.791389</ele>
        <time>2026-05-22T10:27:18.000Z</time>
      </trkpt>
      <trkpt lat="36.960907" lon="-4.657410">
        <ele>727.807055</ele>
        <time>2026-05-22T10:27:26.000Z</time>
      </trkpt>
      <trkpt lat="36.960911" lon="-4.657407">
        <ele>727.809832</ele>
        <time>2026-05-22T10:27:27.000Z</time>
      </trkpt>
      <trkpt lat="36.960907" lon="-4.657360">
        <ele>727.832328</ele>
        <time>2026-05-22T10:27:37.000Z</time>
      </trkpt>
      <trkpt lat="36.960937" lon="-4.657319">
        <ele>727.858786</ele>
        <time>2026-05-22T10:27:46.000Z</time>
      </trkpt>
      <trkpt lat="36.960934" lon="-4.657237">
        <ele>727.897853</ele>
        <time>2026-05-22T10:27:54.000Z</time>
      </trkpt>
      <trkpt lat="36.960932" lon="-4.657154">
        <ele>727.937373</ele>
        <time>2026-05-22T10:27:59.000Z</time>
      </trkpt>
      <trkpt lat="36.960933" lon="-4.657142">
        <ele>727.943115</ele>
        <time>2026-05-22T10:28:00.000Z</time>
      </trkpt>
      <trkpt lat="36.960934" lon="-4.657104">
        <ele>727.961211</ele>
        <time>2026-05-22T10:28:03.000Z</time>
      </trkpt>
      <trkpt lat="36.960941" lon="-4.657074">
        <ele>727.976085</ele>
        <time>2026-05-22T10:28:07.000Z</time>
      </trkpt>
      <trkpt lat="36.960942" lon="-4.657077">
        <ele>727.977632</ele>
        <time>2026-05-22T10:28:10.000Z</time>
      </trkpt>
      <trkpt lat="36.960941" lon="-4.657081">
        <ele>727.979627</ele>
        <time>2026-05-22T10:28:14.000Z</time>
      </trkpt>
      <trkpt lat="36.960943" lon="-4.657053">
        <ele>727.993006</ele>
        <time>2026-05-22T10:28:23.000Z</time>
      </trkpt>
      <trkpt lat="36.960946" lon="-4.657048">
        <ele>727.995982</ele>
        <time>2026-05-22T10:28:24.000Z</time>
      </trkpt>
      <trkpt lat="36.960924" lon="-4.657076">
        <ele>728.014671</ele>
        <time>2026-05-22T10:28:37.000Z</time>
      </trkpt>
      <trkpt lat="36.960928" lon="-4.657026">
        <ele>728.038586</ele>
        <time>2026-05-22T10:28:41.000Z</time>
      </trkpt>
      <trkpt lat="36.960933" lon="-4.657031">
        <ele>728.042398</ele>
        <time>2026-05-22T10:28:42.000Z</time>
      </trkpt>
      <trkpt lat="36.960944" lon="-4.657032">
        <ele>728.048967</ele>
        <time>2026-05-22T10:28:46.000Z</time>
      </trkpt>
      <trkpt lat="36.960935" lon="-4.657065">
        <ele>728.065563</ele>
        <time>2026-05-22T10:28:51.000Z</time>
      </trkpt>
      <trkpt lat="36.960917" lon="-4.657074">
        <ele>728.086498</ele>
        <time>2026-05-22T10:29:00.000Z</time>
      </trkpt>
      <trkpt lat="36.960925" lon="-4.657057">
        <ele>728.103796</ele>
        <time>2026-05-22T10:29:01.000Z</time>
      </trkpt>
      <trkpt lat="36.960954" lon="-4.656926">
        <ele>728.222978</ele>
        <time>2026-05-22T10:29:08.000Z</time>
      </trkpt>
      <trkpt lat="36.960982" lon="-4.656824">
        <ele>728.317538</ele>
        <time>2026-05-22T10:29:16.000Z</time>
      </trkpt>
      <trkpt lat="36.961013" lon="-4.656766">
        <ele>728.378718</ele>
        <time>2026-05-22T10:29:22.000Z</time>
      </trkpt>
      <trkpt lat="36.961043" lon="-4.656696">
        <ele>728.448362</ele>
        <time>2026-05-22T10:29:28.000Z</time>
      </trkpt>
      <trkpt lat="36.961058" lon="-4.656665">
        <ele>728.480136</ele>
        <time>2026-05-22T10:29:30.000Z</time>
      </trkpt>
      <trkpt lat="36.961080" lon="-4.656616">
        <ele>728.529415</ele>
        <time>2026-05-22T10:29:33.000Z</time>
      </trkpt>
      <trkpt lat="36.961099" lon="-4.656582">
        <ele>728.565792</ele>
        <time>2026-05-22T10:29:35.000Z</time>
      </trkpt>
      <trkpt lat="36.961159" lon="-4.656525">
        <ele>728.648447</ele>
        <time>2026-05-22T10:29:42.000Z</time>
      </trkpt>
      <trkpt lat="36.961221" lon="-4.656452">
        <ele>728.741853</ele>
        <time>2026-05-22T10:29:48.000Z</time>
      </trkpt>
      <trkpt lat="36.961267" lon="-4.656336">
        <ele>728.855393</ele>
        <time>2026-05-22T10:29:57.000Z</time>
      </trkpt>
      <trkpt lat="36.961285" lon="-4.656310">
        <ele>728.885554</ele>
        <time>2026-05-22T10:29:59.000Z</time>
      </trkpt>
      <trkpt lat="36.961326" lon="-4.656254">
        <ele>728.952147</ele>
        <time>2026-05-22T10:30:04.000Z</time>
      </trkpt>
      <trkpt lat="36.961363" lon="-4.656204">
        <ele>729.011897</ele>
        <time>2026-05-22T10:30:09.000Z</time>
      </trkpt>
      <trkpt lat="36.961392" lon="-4.656165">
        <ele>729.058606</ele>
        <time>2026-05-22T10:30:12.000Z</time>
      </trkpt>
      <trkpt lat="36.961453" lon="-4.656088">
        <ele>729.153672</ele>
        <time>2026-05-22T10:30:17.000Z</time>
      </trkpt>
      <trkpt lat="36.961477" lon="-4.656044">
        <ele>729.200381</ele>
        <time>2026-05-22T10:30:20.000Z</time>
      </trkpt>
      <trkpt lat="36.961553" lon="-4.655916">
        <ele>729.340197</ele>
        <time>2026-05-22T10:30:29.000Z</time>
      </trkpt>
      <trkpt lat="36.961559" lon="-4.655903">
        <ele>729.353360</ele>
        <time>2026-05-22T10:30:30.000Z</time>
      </trkpt>
      <trkpt lat="36.961565" lon="-4.655877">
        <ele>729.377087</ele>
        <time>2026-05-22T10:30:35.000Z</time>
      </trkpt>
      <trkpt lat="36.961591" lon="-4.655836">
        <ele>729.422979</ele>
        <time>2026-05-22T10:30:41.000Z</time>
      </trkpt>
      <trkpt lat="36.961607" lon="-4.655816">
        <ele>729.447793</ele>
        <time>2026-05-22T10:30:44.000Z</time>
      </trkpt>
      <trkpt lat="36.961631" lon="-4.655782">
        <ele>729.487568</ele>
        <time>2026-05-22T10:30:47.000Z</time>
      </trkpt>
      <trkpt lat="36.961635" lon="-4.655768">
        <ele>729.500604</ele>
        <time>2026-05-22T10:30:52.000Z</time>
      </trkpt>
      <trkpt lat="36.961637" lon="-4.655767">
        <ele>729.502967</ele>
        <time>2026-05-22T10:30:56.000Z</time>
      </trkpt>
      <trkpt lat="36.961631" lon="-4.655764">
        <ele>729.510057</ele>
        <time>2026-05-22T10:30:59.000Z</time>
      </trkpt>
      <trkpt lat="36.961629" lon="-4.655756">
        <ele>729.517406</ele>
        <time>2026-05-22T10:31:01.000Z</time>
      </trkpt>
      <trkpt lat="36.961631" lon="-4.655714">
        <ele>729.554295</ele>
        <time>2026-05-22T10:31:08.000Z</time>
      </trkpt>
      <trkpt lat="36.961653" lon="-4.655774">
        <ele>729.612175</ele>
        <time>2026-05-22T10:31:15.000Z</time>
      </trkpt>
      <trkpt lat="36.961660" lon="-4.655779">
        <ele>729.621018</ele>
        <time>2026-05-22T10:31:16.000Z</time>
      </trkpt>
      <trkpt lat="36.961641" lon="-4.655781">
        <ele>729.641940</ele>
        <time>2026-05-22T10:31:25.000Z</time>
      </trkpt>
      <trkpt lat="36.961631" lon="-4.655774">
        <ele>729.654512</ele>
        <time>2026-05-22T10:31:30.000Z</time>
      </trkpt>
      <trkpt lat="36.961631" lon="-4.655757">
        <ele>729.669417</ele>
        <time>2026-05-22T10:31:33.000Z</time>
      </trkpt>
      <trkpt lat="36.961631" lon="-4.655754">
        <ele>729.672048</ele>
        <time>2026-05-22T10:31:34.000Z</time>
      </trkpt>
      <trkpt lat="36.961633" lon="-4.655749">
        <ele>729.676950</ele>
        <time>2026-05-22T10:31:35.000Z</time>
      </trkpt>
      <trkpt lat="36.961653" lon="-4.655746">
        <ele>729.699052</ele>
        <time>2026-05-22T10:31:46.000Z</time>
      </trkpt>
      <trkpt lat="36.961635" lon="-4.655755">
        <ele>729.720321</ele>
        <time>2026-05-22T10:31:56.000Z</time>
      </trkpt>
      <trkpt lat="36.961639" lon="-4.655762">
        <ele>729.727866</ele>
        <time>2026-05-22T10:32:00.000Z</time>
      </trkpt>
      <trkpt lat="36.961650" lon="-4.655755">
        <ele>729.741407</ele>
        <time>2026-05-22T10:32:07.000Z</time>
      </trkpt>
      <trkpt lat="36.961650" lon="-4.655743">
        <ele>729.751928</ele>
        <time>2026-05-22T10:32:15.000Z</time>
      </trkpt>
      <trkpt lat="36.961677" lon="-4.655703">
        <ele>729.797837</ele>
        <time>2026-05-22T10:32:20.000Z</time>
      </trkpt>
      <trkpt lat="36.961695" lon="-4.655669">
        <ele>729.833596</ele>
        <time>2026-05-22T10:32:22.000Z</time>
      </trkpt>
      <trkpt lat="36.961750" lon="-4.655592">
        <ele>729.924148</ele>
        <time>2026-05-22T10:32:29.000Z</time>
      </trkpt>
      <trkpt lat="36.961766" lon="-4.655578">
        <ele>729.945569</ele>
        <time>2026-05-22T10:32:31.000Z</time>
      </trkpt>
      <trkpt lat="36.961797" lon="-4.655532">
        <ele>729.998329</ele>
        <time>2026-05-22T10:32:35.000Z</time>
      </trkpt>
      <trkpt lat="36.961836" lon="-4.655482">
        <ele>730.056894</ele>
        <time>2026-05-22T10:32:41.000Z</time>
      </trkpt>
      <trkpt lat="36.961894" lon="-4.655394">
        <ele>730.143457</ele>
        <time>2026-05-22T10:32:46.000Z</time>
      </trkpt>
      <trkpt lat="36.961931" lon="-4.655340">
        <ele>730.197437</ele>
        <time>2026-05-22T10:32:51.000Z</time>
      </trkpt>
      <trkpt lat="36.961954" lon="-4.655292">
        <ele>730.239908</ele>
        <time>2026-05-22T10:32:55.000Z</time>
      </trkpt>
      <trkpt lat="36.961980" lon="-4.655254">
        <ele>730.277871</ele>
        <time>2026-05-22T10:32:58.000Z</time>
      </trkpt>
      <trkpt lat="36.962051" lon="-4.655194">
        <ele>730.359231</ele>
        <time>2026-05-22T10:33:06.000Z</time>
      </trkpt>
      <trkpt lat="36.962132" lon="-4.655145">
        <ele>730.444671</ele>
        <time>2026-05-22T10:33:12.000Z</time>
      </trkpt>
      <trkpt lat="36.962218" lon="-4.655108">
        <ele>730.531035</ele>
        <time>2026-05-22T10:33:18.000Z</time>
      </trkpt>
      <trkpt lat="36.962302" lon="-4.655043">
        <ele>730.624825</ele>
        <time>2026-05-22T10:33:25.000Z</time>
      </trkpt>
      <trkpt lat="36.962367" lon="-4.655004">
        <ele>730.693282</ele>
        <time>2026-05-22T10:33:31.000Z</time>
      </trkpt>
      <trkpt lat="36.962421" lon="-4.654943">
        <ele>730.762366</ele>
        <time>2026-05-22T10:33:37.000Z</time>
      </trkpt>
      <trkpt lat="36.962481" lon="-4.654875">
        <ele>730.839239</ele>
        <time>2026-05-22T10:33:43.000Z</time>
      </trkpt>
      <trkpt lat="36.962538" lon="-4.654785">
        <ele>730.926385</ele>
        <time>2026-05-22T10:33:49.000Z</time>
      </trkpt>
      <trkpt lat="36.962552" lon="-4.654718">
        <ele>730.978936</ele>
        <time>2026-05-22T10:33:54.000Z</time>
      </trkpt>
      <trkpt lat="36.962553" lon="-4.654602">
        <ele>731.066964</ele>
        <time>2026-05-22T10:34:02.000Z</time>
      </trkpt>
      <trkpt lat="36.962604" lon="-4.654484">
        <ele>731.168766</ele>
        <time>2026-05-22T10:34:10.000Z</time>
      </trkpt>
      <trkpt lat="36.962638" lon="-4.654381">
        <ele>731.253332</ele>
        <time>2026-05-22T10:34:18.000Z</time>
      </trkpt>
      <trkpt lat="36.962670" lon="-4.654279">
        <ele>731.336484</ele>
        <time>2026-05-22T10:34:25.000Z</time>
      </trkpt>
      <trkpt lat="36.962723" lon="-4.654149">
        <ele>731.447230</ele>
        <time>2026-05-22T10:34:32.000Z</time>
      </trkpt>
      <trkpt lat="36.962755" lon="-4.654102">
        <ele>731.494086</ele>
        <time>2026-05-22T10:34:37.000Z</time>
      </trkpt>
      <trkpt lat="36.962774" lon="-4.654074">
        <ele>731.521962</ele>
        <time>2026-05-22T10:34:39.000Z</time>
      </trkpt>
      <trkpt lat="36.962794" lon="-4.654026">
        <ele>731.563040</ele>
        <time>2026-05-22T10:34:42.000Z</time>
      </trkpt>
      <trkpt lat="36.962809" lon="-4.653958">
        <ele>731.616570</ele>
        <time>2026-05-22T10:34:48.000Z</time>
      </trkpt>
      <trkpt lat="36.962842" lon="-4.653866">
        <ele>731.693094</ele>
        <time>2026-05-22T10:34:54.000Z</time>
      </trkpt>
      <trkpt lat="36.962846" lon="-4.653856">
        <ele>731.701580</ele>
        <time>2026-05-22T10:34:55.000Z</time>
      </trkpt>
      <trkpt lat="36.962883" lon="-4.653789">
        <ele>731.761063</ele>
        <time>2026-05-22T10:35:01.000Z</time>
      </trkpt>
      <trkpt lat="36.962890" lon="-4.653773">
        <ele>731.772860</ele>
        <time>2026-05-22T10:35:02.000Z</time>
      </trkpt>
      <trkpt lat="36.962914" lon="-4.653729">
        <ele>731.807314</ele>
        <time>2026-05-22T10:35:05.000Z</time>
      </trkpt>
      <trkpt lat="36.962924" lon="-4.653707">
        <ele>731.823683</ele>
        <time>2026-05-22T10:35:07.000Z</time>
      </trkpt>
      <trkpt lat="36.962938" lon="-4.653672">
        <ele>731.848996</ele>
        <time>2026-05-22T10:35:10.000Z</time>
      </trkpt>
      <trkpt lat="36.962965" lon="-4.653590">
        <ele>731.906353</ele>
        <time>2026-05-22T10:35:15.000Z</time>
      </trkpt>
      <trkpt lat="36.962975" lon="-4.653538">
        <ele>731.940943</ele>
        <time>2026-05-22T10:35:18.000Z</time>
      </trkpt>
      <trkpt lat="36.963014" lon="-4.653406">
        <ele>732.031959</ele>
        <time>2026-05-22T10:35:27.000Z</time>
      </trkpt>
      <trkpt lat="36.963027" lon="-4.653341">
        <ele>732.075293</ele>
        <time>2026-05-22T10:35:32.000Z</time>
      </trkpt>
      <trkpt lat="36.963040" lon="-4.653335">
        <ele>732.086507</ele>
        <time>2026-05-22T10:35:33.000Z</time>
      </trkpt>
      <trkpt lat="36.963051" lon="-4.653314">
        <ele>732.102747</ele>
        <time>2026-05-22T10:35:35.000Z</time>
      </trkpt>
      <trkpt lat="36.963079" lon="-4.653227">
        <ele>732.163404</ele>
        <time>2026-05-22T10:35:41.000Z</time>
      </trkpt>
      <trkpt lat="36.963117" lon="-4.653162">
        <ele>732.215491</ele>
        <time>2026-05-22T10:35:47.000Z</time>
      </trkpt>
      <trkpt lat="36.963125" lon="-4.653150">
        <ele>732.225598</ele>
        <time>2026-05-22T10:35:48.000Z</time>
      </trkpt>
      <trkpt lat="36.963134" lon="-4.653134">
        <ele>732.238252</ele>
        <time>2026-05-22T10:35:49.000Z</time>
      </trkpt>
      <trkpt lat="36.963173" lon="-4.653063">
        <ele>732.293973</ele>
        <time>2026-05-22T10:35:55.000Z</time>
      </trkpt>
      <trkpt lat="36.963227" lon="-4.652985">
        <ele>732.360718</ele>
        <time>2026-05-22T10:36:02.000Z</time>
      </trkpt>
      <trkpt lat="36.963262" lon="-4.652943">
        <ele>732.399964</ele>
        <time>2026-05-22T10:36:07.000Z</time>
      </trkpt>
      <trkpt lat="36.963332" lon="-4.652869">
        <ele>732.474129</ele>
        <time>2026-05-22T10:36:13.000Z</time>
      </trkpt>
      <trkpt lat="36.963373" lon="-4.652811">
        <ele>732.524210</ele>
        <time>2026-05-22T10:36:19.000Z</time>
      </trkpt>
      <trkpt lat="36.963402" lon="-4.652759">
        <ele>732.565221</ele>
        <time>2026-05-22T10:36:22.000Z</time>
      </trkpt>
      <trkpt lat="36.963419" lon="-4.652728">
        <ele>732.589537</ele>
        <time>2026-05-22T10:36:25.000Z</time>
      </trkpt>
      <trkpt lat="36.963424" lon="-4.652720">
        <ele>732.596105</ele>
        <time>2026-05-22T10:36:26.000Z</time>
      </trkpt>
      <trkpt lat="36.963463" lon="-4.652650">
        <ele>732.651294</ele>
        <time>2026-05-22T10:36:32.000Z</time>
      </trkpt>
      <trkpt lat="36.963510" lon="-4.652531">
        <ele>732.737142</ele>
        <time>2026-05-22T10:36:40.000Z</time>
      </trkpt>
      <trkpt lat="36.963515" lon="-4.652520">
        <ele>732.745326</ele>
        <time>2026-05-22T10:36:41.000Z</time>
      </trkpt>
      <trkpt lat="36.963577" lon="-4.652401">
        <ele>732.837201</ele>
        <time>2026-05-22T10:36:50.000Z</time>
      </trkpt>
      <trkpt lat="36.963596" lon="-4.652323">
        <ele>732.889936</ele>
        <time>2026-05-22T10:36:55.000Z</time>
      </trkpt>
      <trkpt lat="36.963588" lon="-4.652323">
        <ele>732.896411</ele>
        <time>2026-05-22T10:36:56.000Z</time>
      </trkpt>
      <trkpt lat="36.963576" lon="-4.652311">
        <ele>732.908844</ele>
        <time>2026-05-22T10:36:59.000Z</time>
      </trkpt>
      <trkpt lat="36.963583" lon="-4.652322">
        <ele>732.917938</ele>
        <time>2026-05-22T10:37:04.000Z</time>
      </trkpt>
      <trkpt lat="36.963591" lon="-4.652333">
        <ele>732.927558</ele>
        <time>2026-05-22T10:37:09.000Z</time>
      </trkpt>
      <trkpt lat="36.963594" lon="-4.652333">
        <ele>732.929986</ele>
        <time>2026-05-22T10:37:10.000Z</time>
      </trkpt>
      <trkpt lat="36.963581" lon="-4.652338">
        <ele>732.940993</ele>
        <time>2026-05-22T10:37:20.000Z</time>
      </trkpt>
      <trkpt lat="36.963579" lon="-4.652337">
        <ele>732.942737</ele>
        <time>2026-05-22T10:37:21.000Z</time>
      </trkpt>
      <trkpt lat="36.963565" lon="-4.652297">
        <ele>732.970978</ele>
        <time>2026-05-22T10:37:29.000Z</time>
      </trkpt>
      <trkpt lat="36.963561" lon="-4.652297">
        <ele>732.974216</ele>
        <time>2026-05-22T10:37:31.000Z</time>
      </trkpt>
      <trkpt lat="36.963557" lon="-4.652312">
        <ele>732.984442</ele>
        <time>2026-05-22T10:37:39.000Z</time>
      </trkpt>
      <trkpt lat="36.963556" lon="-4.652305">
        <ele>732.989041</ele>
        <time>2026-05-22T10:37:40.000Z</time>
      </trkpt>
      <trkpt lat="36.963577" lon="-4.652204">
        <ele>733.056535</ele>
        <time>2026-05-22T11:10:54.000Z</time>
      </trkpt>
      <trkpt lat="36.963603" lon="-4.652170">
        <ele>733.086970</ele>
        <time>2026-05-22T11:10:56.000Z</time>
      </trkpt>
      <trkpt lat="36.963627" lon="-4.652123">
        <ele>733.123043</ele>
        <time>2026-05-22T11:10:58.000Z</time>
      </trkpt>
      <trkpt lat="36.963657" lon="-4.652082">
        <ele>733.158996</ele>
        <time>2026-05-22T11:11:01.000Z</time>
      </trkpt>
      <trkpt lat="36.963690" lon="-4.651951">
        <ele>733.215323</ele>
        <time>2026-05-22T11:11:10.000Z</time>
      </trkpt>
      <trkpt lat="36.963705" lon="-4.651854">
        <ele>733.232383</ele>
        <time>2026-05-22T11:11:19.000Z</time>
      </trkpt>
      <trkpt lat="36.963708" lon="-4.651843">
        <ele>733.234390</ele>
        <time>2026-05-22T11:11:20.000Z</time>
      </trkpt>
      <trkpt lat="36.963733" lon="-4.651709">
        <ele>733.258151</ele>
        <time>2026-05-22T11:11:31.000Z</time>
      </trkpt>
      <trkpt lat="36.963761" lon="-4.651585">
        <ele>733.280401</ele>
        <time>2026-05-22T11:11:40.000Z</time>
      </trkpt>
      <trkpt lat="36.963797" lon="-4.651424">
        <ele>733.309269</ele>
        <time>2026-05-22T11:11:50.000Z</time>
      </trkpt>
      <trkpt lat="36.963808" lon="-4.651382">
        <ele>733.316901</ele>
        <time>2026-05-22T11:11:54.000Z</time>
      </trkpt>
      <trkpt lat="36.963824" lon="-4.651322">
        <ele>733.327823</ele>
        <time>2026-05-22T11:11:59.000Z</time>
      </trkpt>
      <trkpt lat="36.963894" lon="-4.651151">
        <ele>733.361000</ele>
        <time>2026-05-22T11:12:10.000Z</time>
      </trkpt>
      <trkpt lat="36.963931" lon="-4.651054">
        <ele>733.379560</ele>
        <time>2026-05-22T11:12:18.000Z</time>
      </trkpt>
      <trkpt lat="36.963948" lon="-4.651008">
        <ele>733.388312</ele>
        <time>2026-05-22T11:12:21.000Z</time>
      </trkpt>
      <trkpt lat="36.963953" lon="-4.650993">
        <ele>733.391118</ele>
        <time>2026-05-22T11:12:22.000Z</time>
      </trkpt>
      <trkpt lat="36.963963" lon="-4.650890">
        <ele>733.409034</ele>
        <time>2026-05-22T11:12:28.000Z</time>
      </trkpt>
      <trkpt lat="36.963963" lon="-4.650841">
        <ele>733.417495</ele>
        <time>2026-05-22T11:12:31.000Z</time>
      </trkpt>
      <trkpt lat="36.963964" lon="-4.650809">
        <ele>733.423025</ele>
        <time>2026-05-22T11:12:33.000Z</time>
      </trkpt>
      <trkpt lat="36.963969" lon="-4.650766">
        <ele>733.430528</ele>
        <time>2026-05-22T11:12:36.000Z</time>
      </trkpt>
      <trkpt lat="36.963983" lon="-4.650712">
        <ele>733.440331</ele>
        <time>2026-05-22T11:12:41.000Z</time>
      </trkpt>
      <trkpt lat="36.963985" lon="-4.650699">
        <ele>733.442617</ele>
        <time>2026-05-22T11:12:42.000Z</time>
      </trkpt>
      <trkpt lat="36.963985" lon="-4.650652">
        <ele>733.450733</ele>
        <time>2026-05-22T11:12:46.000Z</time>
      </trkpt>
      <trkpt lat="36.963982" lon="-4.650608">
        <ele>733.458358</ele>
        <time>2026-05-22T11:12:49.000Z</time>
      </trkpt>
      <trkpt lat="36.963982" lon="-4.650576">
        <ele>733.463883</ele>
        <time>2026-05-22T11:12:51.000Z</time>
      </trkpt>
      <trkpt lat="36.963986" lon="-4.650504">
        <ele>733.476346</ele>
        <time>2026-05-22T11:12:56.000Z</time>
      </trkpt>
      <trkpt lat="36.963991" lon="-4.650453">
        <ele>733.485218</ele>
        <time>2026-05-22T11:13:00.000Z</time>
      </trkpt>
      <trkpt lat="36.964006" lon="-4.650331">
        <ele>733.506532</ele>
        <time>2026-05-22T11:13:07.000Z</time>
      </trkpt>
      <trkpt lat="36.964003" lon="-4.650232">
        <ele>733.523639</ele>
        <time>2026-05-22T11:13:13.000Z</time>
      </trkpt>
      <trkpt lat="36.964007" lon="-4.650117">
        <ele>733.543515</ele>
        <time>2026-05-22T11:13:21.000Z</time>
      </trkpt>
      <trkpt lat="36.964025" lon="-4.650019">
        <ele>733.560879</ele>
        <time>2026-05-22T11:13:29.000Z</time>
      </trkpt>
      <trkpt lat="36.964031" lon="-4.649969">
        <ele>733.569609</ele>
        <time>2026-05-22T11:13:32.000Z</time>
      </trkpt>
      <trkpt lat="36.964055" lon="-4.649806">
        <ele>733.655369</ele>
        <time>2026-05-22T11:13:42.000Z</time>
      </trkpt>
      <trkpt lat="36.964092" lon="-4.649631">
        <ele>733.982090</ele>
        <time>2026-05-22T11:13:53.000Z</time>
      </trkpt>
      <trkpt lat="36.964142" lon="-4.649491">
        <ele>734.258864</ele>
        <time>2026-05-22T11:14:03.000Z</time>
      </trkpt>
      <trkpt lat="36.964151" lon="-4.649438">
        <ele>734.356658</ele>
        <time>2026-05-22T11:14:08.000Z</time>
      </trkpt>
      <trkpt lat="36.964153" lon="-4.649427">
        <ele>734.377019</ele>
        <time>2026-05-22T11:14:09.000Z</time>
      </trkpt>
      <trkpt lat="36.964155" lon="-4.649415">
        <ele>734.399144</ele>
        <time>2026-05-22T11:14:10.000Z</time>
      </trkpt>
      <trkpt lat="36.964157" lon="-4.649402">
        <ele>734.423038</ele>
        <time>2026-05-22T11:14:11.000Z</time>
      </trkpt>
      <trkpt lat="36.964181" lon="-4.649289">
        <ele>734.634070</ele>
        <time>2026-05-22T11:14:18.000Z</time>
      </trkpt>
      <trkpt lat="36.964231" lon="-4.649194">
        <ele>734.839387</ele>
        <time>2026-05-22T11:14:25.000Z</time>
      </trkpt>
      <trkpt lat="36.964258" lon="-4.649135">
        <ele>734.962103</ele>
        <time>2026-05-22T11:14:31.000Z</time>
      </trkpt>
      <trkpt lat="36.964296" lon="-4.649043">
        <ele>735.149024</ele>
        <time>2026-05-22T11:14:37.000Z</time>
      </trkpt>
      <trkpt lat="36.964316" lon="-4.649004">
        <ele>735.232664</ele>
        <time>2026-05-22T11:14:40.000Z</time>
      </trkpt>
      <trkpt lat="36.964356" lon="-4.648927">
        <ele>735.398428</ele>
        <time>2026-05-22T11:14:45.000Z</time>
      </trkpt>
      <trkpt lat="36.964391" lon="-4.648850">
        <ele>735.558317</ele>
        <time>2026-05-22T11:14:51.000Z</time>
      </trkpt>
      <trkpt lat="36.964398" lon="-4.648824">
        <ele>735.607835</ele>
        <time>2026-05-22T11:14:53.000Z</time>
      </trkpt>
      <trkpt lat="36.964419" lon="-4.648775">
        <ele>735.708192</ele>
        <time>2026-05-22T11:14:56.000Z</time>
      </trkpt>
      <trkpt lat="36.964426" lon="-4.648752">
        <ele>735.752613</ele>
        <time>2026-05-22T11:14:58.000Z</time>
      </trkpt>
      <trkpt lat="36.964451" lon="-4.648643">
        <ele>735.957287</ele>
        <time>2026-05-22T11:15:05.000Z</time>
      </trkpt>
      <trkpt lat="36.964463" lon="-4.648603">
        <ele>736.034402</ele>
        <time>2026-05-22T11:15:11.000Z</time>
      </trkpt>
      <trkpt lat="36.964479" lon="-4.648588">
        <ele>736.079559</ele>
        <time>2026-05-22T11:15:18.000Z</time>
      </trkpt>
      <trkpt lat="36.964475" lon="-4.648590">
        <ele>736.089289</ele>
        <time>2026-05-22T11:15:19.000Z</time>
      </trkpt>
      <trkpt lat="36.964502" lon="-4.648582">
        <ele>736.151964</ele>
        <time>2026-05-22T11:15:30.000Z</time>
      </trkpt>
      <trkpt lat="36.964534" lon="-4.648519">
        <ele>736.286701</ele>
        <time>2026-05-22T11:15:36.000Z</time>
      </trkpt>
      <trkpt lat="36.964543" lon="-4.648448">
        <ele>736.416448</ele>
        <time>2026-05-22T11:15:42.000Z</time>
      </trkpt>
      <trkpt lat="36.964540" lon="-4.648411">
        <ele>736.483570</ele>
        <time>2026-05-22T11:15:47.000Z</time>
      </trkpt>
      <trkpt lat="36.964531" lon="-4.648406">
        <ele>736.505813</ele>
        <time>2026-05-22T11:15:52.000Z</time>
      </trkpt>
      <trkpt lat="36.964526" lon="-4.648404">
        <ele>736.517670</ele>
        <time>2026-05-22T11:15:55.000Z</time>
      </trkpt>
      <trkpt lat="36.964526" lon="-4.648411">
        <ele>736.530304</ele>
        <time>2026-05-22T11:16:10.000Z</time>
      </trkpt>
      <trkpt lat="36.964524" lon="-4.648412">
        <ele>736.535169</ele>
        <time>2026-05-22T11:16:13.000Z</time>
      </trkpt>
      <trkpt lat="36.964525" lon="-4.648405">
        <ele>736.548003</ele>
        <time>2026-05-22T11:16:15.000Z</time>
      </trkpt>
      <trkpt lat="36.964525" lon="-4.648405">
        <ele>736.548003</ele>
        <time>2026-05-22T11:16:20.000Z</time>
      </trkpt>
      <trkpt lat="36.964508" lon="-4.648344">
        <ele>736.664604</ele>
        <time>2026-05-22T11:16:26.000Z</time>
      </trkpt>
      <trkpt lat="36.964470" lon="-4.648230">
        <ele>736.887545</ele>
        <time>2026-05-22T11:16:34.000Z</time>
      </trkpt>
      <trkpt lat="36.964410" lon="-4.648145">
        <ele>737.092250</ele>
        <time>2026-05-22T11:16:40.000Z</time>
      </trkpt>
      <trkpt lat="36.964353" lon="-4.648087">
        <ele>737.258190</ele>
        <time>2026-05-22T11:16:46.000Z</time>
      </trkpt>
      <trkpt lat="36.964305" lon="-4.648049">
        <ele>737.386487</ele>
        <time>2026-05-22T11:16:52.000Z</time>
      </trkpt>
      <trkpt lat="36.964294" lon="-4.648041">
        <ele>737.415225</ele>
        <time>2026-05-22T11:16:53.000Z</time>
      </trkpt>
      <trkpt lat="36.964274" lon="-4.648027">
        <ele>737.466988</ele>
        <time>2026-05-22T11:16:55.000Z</time>
      </trkpt>
      <trkpt lat="36.964254" lon="-4.648016">
        <ele>737.516336</ele>
        <time>2026-05-22T11:16:57.000Z</time>
      </trkpt>
      <trkpt lat="36.964245" lon="-4.648010">
        <ele>737.539370</ele>
        <time>2026-05-22T11:16:58.000Z</time>
      </trkpt>
      <trkpt lat="36.964217" lon="-4.647994">
        <ele>737.608899</ele>
        <time>2026-05-22T11:17:00.000Z</time>
      </trkpt>
      <trkpt lat="36.964165" lon="-4.647947">
        <ele>737.913790</ele>
        <time>2026-05-22T11:17:04.000Z</time>
      </trkpt>
      <trkpt lat="36.964137" lon="-4.647919">
        <ele>738.125977</ele>
        <time>2026-05-22T11:17:07.000Z</time>
      </trkpt>
      <trkpt lat="36.964119" lon="-4.647906">
        <ele>738.249014</ele>
        <time>2026-05-22T11:17:09.000Z</time>
      </trkpt>
      <trkpt lat="36.964078" lon="-4.647889">
        <ele>738.504722</ele>
        <time>2026-05-22T11:17:13.000Z</time>
      </trkpt>
      <trkpt lat="36.964070" lon="-4.647883">
        <ele>738.559938</ele>
        <time>2026-05-22T11:17:14.000Z</time>
      </trkpt>
      <trkpt lat="36.964028" lon="-4.647863">
        <ele>738.825984</ele>
        <time>2026-05-22T11:17:18.000Z</time>
      </trkpt>
      <trkpt lat="36.963977" lon="-4.647849">
        <ele>739.135099</ele>
        <time>2026-05-22T11:17:23.000Z</time>
      </trkpt>
      <trkpt lat="36.963924" lon="-4.647857">
        <ele>739.451151</ele>
        <time>2026-05-22T11:17:28.000Z</time>
      </trkpt>
      <trkpt lat="36.963885" lon="-4.647857">
        <ele>739.682045</ele>
        <time>2026-05-22T11:17:31.000Z</time>
      </trkpt>
      <trkpt lat="36.963833" lon="-4.647849">
        <ele>739.992221</ele>
        <time>2026-05-22T11:17:36.000Z</time>
      </trkpt>
      <trkpt lat="36.963805" lon="-4.647848">
        <ele>740.158058</ele>
        <time>2026-05-22T11:17:38.000Z</time>
      </trkpt>
      <trkpt lat="36.963792" lon="-4.647846">
        <ele>740.235602</ele>
        <time>2026-05-22T11:17:39.000Z</time>
      </trkpt>
      <trkpt lat="36.963760" lon="-4.647838">
        <ele>740.428796</ele>
        <time>2026-05-22T11:17:43.000Z</time>
      </trkpt>
      <trkpt lat="36.963747" lon="-4.647836">
        <ele>740.506340</ele>
        <time>2026-05-22T11:17:44.000Z</time>
      </trkpt>
      <trkpt lat="36.963726" lon="-4.647831">
        <ele>740.632897</ele>
        <time>2026-05-22T11:17:46.000Z</time>
      </trkpt>
      <trkpt lat="36.963656" lon="-4.647822">
        <ele>741.049502</ele>
        <time>2026-05-22T11:17:52.000Z</time>
      </trkpt>
      <trkpt lat="36.963646" lon="-4.647821">
        <ele>741.108895</ele>
        <time>2026-05-22T11:17:53.000Z</time>
      </trkpt>
      <trkpt lat="36.963610" lon="-4.647811">
        <ele>741.327214</ele>
        <time>2026-05-22T11:17:57.000Z</time>
      </trkpt>
      <trkpt lat="36.963593" lon="-4.647804">
        <ele>741.433167</ele>
        <time>2026-05-22T11:18:00.000Z</time>
      </trkpt>
      <trkpt lat="36.963588" lon="-4.647809">
        <ele>741.471057</ele>
        <time>2026-05-22T11:18:01.000Z</time>
      </trkpt>
      <trkpt lat="36.963590" lon="-4.647821">
        <ele>741.529045</ele>
        <time>2026-05-22T11:18:03.000Z</time>
      </trkpt>
      <trkpt lat="36.963608" lon="-4.647816">
        <ele>741.638204</ele>
        <time>2026-05-22T11:18:06.000Z</time>
      </trkpt>
      <trkpt lat="36.963565" lon="-4.647801">
        <ele>741.902483</ele>
        <time>2026-05-22T11:18:11.000Z</time>
      </trkpt>
      <trkpt lat="36.963503" lon="-4.647770">
        <ele>742.297754</ele>
        <time>2026-05-22T11:18:17.000Z</time>
      </trkpt>
      <trkpt lat="36.963492" lon="-4.647763">
        <ele>742.370813</ele>
        <time>2026-05-22T11:18:18.000Z</time>
      </trkpt>
      <trkpt lat="36.963482" lon="-4.647758">
        <ele>742.434566</ele>
        <time>2026-05-22T11:18:19.000Z</time>
      </trkpt>
      <trkpt lat="36.963429" lon="-4.647721">
        <ele>742.793860</ele>
        <time>2026-05-22T11:18:25.000Z</time>
      </trkpt>
      <trkpt lat="36.963416" lon="-4.647714">
        <ele>742.877645</ele>
        <time>2026-05-22T11:18:26.000Z</time>
      </trkpt>
      <trkpt lat="36.963399" lon="-4.647702">
        <ele>742.993196</ele>
        <time>2026-05-22T11:18:28.000Z</time>
      </trkpt>
      <trkpt lat="36.963359" lon="-4.647674">
        <ele>743.264535</ele>
        <time>2026-05-22T11:18:33.000Z</time>
      </trkpt>
      <trkpt lat="36.963327" lon="-4.647646">
        <ele>743.495696</ele>
        <time>2026-05-22T11:18:36.000Z</time>
      </trkpt>
      <trkpt lat="36.963299" lon="-4.647611">
        <ele>743.729987</ele>
        <time>2026-05-22T11:18:40.000Z</time>
      </trkpt>
      <trkpt lat="36.963249" lon="-4.647559">
        <ele>744.114870</ele>
        <time>2026-05-22T11:18:46.000Z</time>
      </trkpt>
      <trkpt lat="36.963172" lon="-4.647507">
        <ele>744.632870</ele>
        <time>2026-05-22T11:18:52.000Z</time>
      </trkpt>
      <trkpt lat="36.963133" lon="-4.647466">
        <ele>744.934413</ele>
        <time>2026-05-22T11:18:57.000Z</time>
      </trkpt>
      <trkpt lat="36.963063" lon="-4.647374">
        <ele>745.535372</ele>
        <time>2026-05-22T11:19:06.000Z</time>
      </trkpt>
      <trkpt lat="36.963030" lon="-4.647328">
        <ele>745.827812</ele>
        <time>2026-05-22T11:19:10.000Z</time>
      </trkpt>
      <trkpt lat="36.963014" lon="-4.647294">
        <ele>746.014471</ele>
        <time>2026-05-22T11:19:13.000Z</time>
      </trkpt>
      <trkpt lat="36.962988" lon="-4.647251">
        <ele>746.269560</ele>
        <time>2026-05-22T11:19:17.000Z</time>
      </trkpt>
      <trkpt lat="36.962971" lon="-4.647212">
        <ele>746.479717</ele>
        <time>2026-05-22T11:19:19.000Z</time>
      </trkpt>
      <trkpt lat="36.962961" lon="-4.647133">
        <ele>746.858087</ele>
        <time>2026-05-22T11:19:25.000Z</time>
      </trkpt>
      <trkpt lat="36.962950" lon="-4.647047">
        <ele>747.270090</ele>
        <time>2026-05-22T11:19:32.000Z</time>
      </trkpt>
      <trkpt lat="36.962946" lon="-4.646951">
        <ele>747.724836</ele>
        <time>2026-05-22T11:19:38.000Z</time>
      </trkpt>
      <trkpt lat="36.962948" lon="-4.646937">
        <ele>747.792113</ele>
        <time>2026-05-22T11:19:39.000Z</time>
      </trkpt>
      <trkpt lat="36.962960" lon="-4.646850">
        <ele>748.209754</ele>
        <time>2026-05-22T11:19:46.000Z</time>
      </trkpt>
      <trkpt lat="36.962957" lon="-4.646716">
        <ele>748.278669</ele>
        <time>2026-05-22T11:19:55.000Z</time>
      </trkpt>
      <trkpt lat="36.962966" lon="-4.646674">
        <ele>748.269147</ele>
        <time>2026-05-22T11:19:58.000Z</time>
      </trkpt>
      <trkpt lat="36.962985" lon="-4.646628">
        <ele>748.257807</ele>
        <time>2026-05-22T11:20:01.000Z</time>
      </trkpt>
      <trkpt lat="36.963012" lon="-4.646543">
        <ele>748.237777</ele>
        <time>2026-05-22T11:20:07.000Z</time>
      </trkpt>
      <trkpt lat="36.963003" lon="-4.646542">
        <ele>748.235301</ele>
        <time>2026-05-22T11:20:10.000Z</time>
      </trkpt>
      <trkpt lat="36.962985" lon="-4.646547">
        <ele>748.230247</ele>
        <time>2026-05-22T11:20:15.000Z</time>
      </trkpt>
      <trkpt lat="36.963002" lon="-4.646538">
        <ele>748.225189</ele>
        <time>2026-05-22T11:20:22.000Z</time>
      </trkpt>
      <trkpt lat="36.962996" lon="-4.646525">
        <ele>748.221901</ele>
        <time>2026-05-22T11:20:31.000Z</time>
      </trkpt>
      <trkpt lat="36.962994" lon="-4.646531">
        <ele>748.220478</ele>
        <time>2026-05-22T11:20:33.000Z</time>
      </trkpt>
      <trkpt lat="36.962985" lon="-4.646563">
        <ele>748.213049</ele>
        <time>2026-05-22T11:20:44.000Z</time>
      </trkpt>
      <trkpt lat="36.962988" lon="-4.646560">
        <ele>748.211996</ele>
        <time>2026-05-22T11:20:46.000Z</time>
      </trkpt>
      <trkpt lat="36.962986" lon="-4.646508">
        <ele>748.200596</ele>
        <time>2026-05-22T11:20:56.000Z</time>
      </trkpt>
      <trkpt lat="36.962979" lon="-4.646512">
        <ele>748.198487</ele>
        <time>2026-05-22T11:21:01.000Z</time>
      </trkpt>
      <trkpt lat="36.962974" lon="-4.646512">
        <ele>748.197117</ele>
        <time>2026-05-22T11:21:03.000Z</time>
      </trkpt>
      <trkpt lat="36.962981" lon="-4.646516">
        <ele>748.195008</ele>
        <time>2026-05-22T11:21:11.000Z</time>
      </trkpt>
      <trkpt lat="36.962989" lon="-4.646534">
        <ele>748.190497</ele>
        <time>2026-05-22T11:21:16.000Z</time>
      </trkpt>
      <trkpt lat="36.963001" lon="-4.646529">
        <ele>748.187031</ele>
        <time>2026-05-22T11:21:19.000Z</time>
      </trkpt>
      <trkpt lat="36.962999" lon="-4.646526">
        <ele>748.186176</ele>
        <time>2026-05-22T11:21:29.000Z</time>
      </trkpt>
      <trkpt lat="36.963001" lon="-4.646530">
        <ele>748.185142</ele>
        <time>2026-05-22T11:21:30.000Z</time>
      </trkpt>
      <trkpt lat="36.963009" lon="-4.646530">
        <ele>748.182950</ele>
        <time>2026-05-22T11:21:32.000Z</time>
      </trkpt>
      <trkpt lat="36.962999" lon="-4.646532">
        <ele>748.180174</ele>
        <time>2026-05-22T11:21:39.000Z</time>
      </trkpt>
      <trkpt lat="36.963009" lon="-4.646542">
        <ele>748.176666</ele>
        <time>2026-05-22T11:21:49.000Z</time>
      </trkpt>
      <trkpt lat="36.963013" lon="-4.646540">
        <ele>748.175486</ele>
        <time>2026-05-22T11:21:52.000Z</time>
      </trkpt>
      <trkpt lat="36.963001" lon="-4.646538">
        <ele>748.172168</ele>
        <time>2026-05-22T11:21:56.000Z</time>
      </trkpt>
      <trkpt lat="36.962986" lon="-4.646527">
        <ele>748.167403</ele>
        <time>2026-05-22T11:22:06.000Z</time>
      </trkpt>
      <trkpt lat="36.962984" lon="-4.646526">
        <ele>748.166813</ele>
        <time>2026-05-22T11:22:07.000Z</time>
      </trkpt>
      <trkpt lat="36.962993" lon="-4.646528">
        <ele>748.164308</ele>
        <time>2026-05-22T11:22:16.000Z</time>
      </trkpt>
      <trkpt lat="36.962993" lon="-4.646534">
        <ele>748.162994</ele>
        <time>2026-05-22T11:22:25.000Z</time>
      </trkpt>
      <trkpt lat="36.962985" lon="-4.646531">
        <ele>748.160705</ele>
        <time>2026-05-22T11:22:27.000Z</time>
      </trkpt>
      <trkpt lat="36.962982" lon="-4.646534">
        <ele>748.159653</ele>
        <time>2026-05-22T11:22:29.000Z</time>
      </trkpt>
      <trkpt lat="36.962991" lon="-4.646548">
        <ele>748.155718</ele>
        <time>2026-05-22T11:22:36.000Z</time>
      </trkpt>
      <trkpt lat="36.963005" lon="-4.646556">
        <ele>748.151500</ele>
        <time>2026-05-22T11:22:43.000Z</time>
      </trkpt>
      <trkpt lat="36.963008" lon="-4.646558">
        <ele>748.150569</ele>
        <time>2026-05-22T11:22:44.000Z</time>
      </trkpt>
      <trkpt lat="36.963014" lon="-4.646528">
        <ele>748.143796</ele>
        <time>2026-05-22T11:22:54.000Z</time>
      </trkpt>
      <trkpt lat="36.963013" lon="-4.646526">
        <ele>748.143280</ele>
        <time>2026-05-22T11:22:57.000Z</time>
      </trkpt>
      <trkpt lat="36.963006" lon="-4.646526">
        <ele>748.141361</ele>
        <time>2026-05-22T11:23:03.000Z</time>
      </trkpt>
      <trkpt lat="36.962991" lon="-4.646534">
        <ele>748.136893</ele>
        <time>2026-05-22T11:23:07.000Z</time>
      </trkpt>
      <trkpt lat="36.962984" lon="-4.646537">
        <ele>748.134865</ele>
        <time>2026-05-22T11:23:18.000Z</time>
      </trkpt>
      <trkpt lat="36.962993" lon="-4.646535">
        <ele>748.132360</ele>
        <time>2026-05-22T11:23:25.000Z</time>
      </trkpt>
      <trkpt lat="36.962998" lon="-4.646541">
        <ele>748.130461</ele>
        <time>2026-05-22T11:23:26.000Z</time>
      </trkpt>
      <trkpt lat="36.963004" lon="-4.646541">
        <ele>748.128817</ele>
        <time>2026-05-22T11:23:27.000Z</time>
      </trkpt>
      <trkpt lat="36.963004" lon="-4.646541">
        <ele>748.128817</ele>
        <time>2026-05-22T11:23:32.000Z</time>
      </trkpt>
      <trkpt lat="36.963004" lon="-4.646541">
        <ele>748.128817</ele>
        <time>2026-05-22T11:26:16.000Z</time>
      </trkpt>
      <trkpt lat="36.963004" lon="-4.646541">
        <ele>748.128817</ele>
        <time>2026-05-22T11:26:17.000Z</time>
      </trkpt>
      <trkpt lat="36.962949" lon="-4.646043">
        <ele>748.018727</ele>
        <time>2026-05-22T11:26:20.000Z</time>
      </trkpt>
      <trkpt lat="36.962946" lon="-4.646020">
        <ele>748.013623</ele>
        <time>2026-05-22T11:26:22.000Z</time>
      </trkpt>
      <trkpt lat="36.962908" lon="-4.645993">
        <ele>748.001648</ele>
        <time>2026-05-22T11:26:27.000Z</time>
      </trkpt>
      <trkpt lat="36.962914" lon="-4.645986">
        <ele>747.999400</ele>
        <time>2026-05-22T11:26:33.000Z</time>
      </trkpt>
      <trkpt lat="36.962922" lon="-4.646001">
        <ele>747.995451</ele>
        <time>2026-05-22T11:26:42.000Z</time>
      </trkpt>
      <trkpt lat="36.962923" lon="-4.646002">
        <ele>747.995100</ele>
        <time>2026-05-22T11:26:44.000Z</time>
      </trkpt>
      <trkpt lat="36.962921" lon="-4.645997">
        <ele>747.993875</ele>
        <time>2026-05-22T11:26:45.000Z</time>
      </trkpt>
      <trkpt lat="36.962913" lon="-4.645983">
        <ele>747.990106</ele>
        <time>2026-05-22T11:26:50.000Z</time>
      </trkpt>
      <trkpt lat="36.962911" lon="-4.645990">
        <ele>747.988478</ele>
        <time>2026-05-22T11:26:54.000Z</time>
      </trkpt>
      <trkpt lat="36.962918" lon="-4.645991">
        <ele>747.986547</ele>
        <time>2026-05-22T11:27:01.000Z</time>
      </trkpt>
      <trkpt lat="36.962912" lon="-4.645976">
        <ele>747.982874</ele>
        <time>2026-05-22T11:27:03.000Z</time>
      </trkpt>
      <trkpt lat="36.962901" lon="-4.645949">
        <ele>747.976237</ele>
        <time>2026-05-22T11:27:05.000Z</time>
      </trkpt>
      <trkpt lat="36.962865" lon="-4.645879">
        <ele>747.958008</ele>
        <time>2026-05-22T11:27:13.000Z</time>
      </trkpt>
      <trkpt lat="36.962821" lon="-4.645782">
        <ele>747.933582</ele>
        <time>2026-05-22T11:27:20.000Z</time>
      </trkpt>
      <trkpt lat="36.962798" lon="-4.645730">
        <ele>747.920567</ele>
        <time>2026-05-22T11:27:24.000Z</time>
      </trkpt>
      <trkpt lat="36.962793" lon="-4.645717">
        <ele>747.917407</ele>
        <time>2026-05-22T11:27:25.000Z</time>
      </trkpt>
      <trkpt lat="36.962757" lon="-4.645617">
        <ele>747.893389</ele>
        <time>2026-05-22T11:27:33.000Z</time>
      </trkpt>
      <trkpt lat="36.962725" lon="-4.645460">
        <ele>747.857908</ele>
        <time>2026-05-22T11:27:44.000Z</time>
      </trkpt>
      <trkpt lat="36.962690" lon="-4.645380">
        <ele>747.837935</ele>
        <time>2026-05-22T11:27:50.000Z</time>
      </trkpt>
      <trkpt lat="36.962674" lon="-4.645364">
        <ele>747.832322</ele>
        <time>2026-05-22T11:27:54.000Z</time>
      </trkpt>
      <trkpt lat="36.962683" lon="-4.645364">
        <ele>747.829856</ele>
        <time>2026-05-22T11:27:57.000Z</time>
      </trkpt>
      <trkpt lat="36.962689" lon="-4.645364">
        <ele>747.828211</ele>
        <time>2026-05-22T11:28:00.000Z</time>
      </trkpt>
      <trkpt lat="36.962683" lon="-4.645370">
        <ele>747.826106</ele>
        <time>2026-05-22T11:28:02.000Z</time>
      </trkpt>
      <trkpt lat="36.962666" lon="-4.645362">
        <ele>747.821129</ele>
        <time>2026-05-22T11:28:11.000Z</time>
      </trkpt>
      <trkpt lat="36.962665" lon="-4.645347">
        <ele>747.817833</ele>
        <time>2026-05-22T11:28:12.000Z</time>
      </trkpt>
      <trkpt lat="36.962658" lon="-4.645250">
        <ele>748.097531</ele>
        <time>2026-05-22T11:28:18.000Z</time>
      </trkpt>
      <trkpt lat="36.962673" lon="-4.645126">
        <ele>748.650993</ele>
        <time>2026-05-22T11:28:26.000Z</time>
      </trkpt>
      <trkpt lat="36.962667" lon="-4.644985">
        <ele>749.274124</ele>
        <time>2026-05-22T11:28:36.000Z</time>
      </trkpt>
      <trkpt lat="36.962664" lon="-4.644972">
        <ele>749.333839</ele>
        <time>2026-05-22T11:28:37.000Z</time>
      </trkpt>
      <trkpt lat="36.962639" lon="-4.644872">
        <ele>749.796247</ele>
        <time>2026-05-22T11:28:44.000Z</time>
      </trkpt>
      <trkpt lat="36.962629" lon="-4.644804">
        <ele>750.101379</ele>
        <time>2026-05-22T11:28:48.000Z</time>
      </trkpt>
      <trkpt lat="36.962631" lon="-4.644786">
        <ele>750.181580</ele>
        <time>2026-05-22T11:28:49.000Z</time>
      </trkpt>
      <trkpt lat="36.962640" lon="-4.644714">
        <ele>750.503189</ele>
        <time>2026-05-22T11:28:55.000Z</time>
      </trkpt>
      <trkpt lat="36.962648" lon="-4.644644">
        <ele>750.815251</ele>
        <time>2026-05-22T11:28:59.000Z</time>
      </trkpt>
      <trkpt lat="36.962647" lon="-4.644572">
        <ele>751.133043</ele>
        <time>2026-05-22T11:29:04.000Z</time>
      </trkpt>
      <trkpt lat="36.962647" lon="-4.644510">
        <ele>751.406656</ele>
        <time>2026-05-22T11:29:10.000Z</time>
      </trkpt>
      <trkpt lat="36.962646" lon="-4.644498">
        <ele>751.459901</ele>
        <time>2026-05-22T11:29:11.000Z</time>
      </trkpt>
      <trkpt lat="36.962647" lon="-4.644481">
        <ele>751.535127</ele>
        <time>2026-05-22T11:29:12.000Z</time>
      </trkpt>
      <trkpt lat="36.962645" lon="-4.644462">
        <ele>751.619701</ele>
        <time>2026-05-22T11:29:13.000Z</time>
      </trkpt>
      <trkpt lat="36.962649" lon="-4.644412">
        <ele>751.841460</ele>
        <time>2026-05-22T11:29:16.000Z</time>
      </trkpt>
      <trkpt lat="36.962651" lon="-4.644335">
        <ele>752.181449</ele>
        <time>2026-05-22T11:29:21.000Z</time>
      </trkpt>
      <trkpt lat="36.962648" lon="-4.644288">
        <ele>752.389526</ele>
        <time>2026-05-22T11:29:23.000Z</time>
      </trkpt>
      <trkpt lat="36.962646" lon="-4.644225">
        <ele>752.667772</ele>
        <time>2026-05-22T11:29:28.000Z</time>
      </trkpt>
      <trkpt lat="36.962646" lon="-4.644193">
        <ele>752.808992</ele>
        <time>2026-05-22T11:29:30.000Z</time>
      </trkpt>
      <trkpt lat="36.962646" lon="-4.644078">
        <ele>753.316500</ele>
        <time>2026-05-22T11:29:38.000Z</time>
      </trkpt>
      <trkpt lat="36.962641" lon="-4.643978">
        <ele>753.758675</ele>
        <time>2026-05-22T11:29:45.000Z</time>
      </trkpt>
      <trkpt lat="36.962641" lon="-4.643942">
        <ele>753.917547</ele>
        <time>2026-05-22T11:29:48.000Z</time>
      </trkpt>
      <trkpt lat="36.962625" lon="-4.643800">
        <ele>754.550410</ele>
        <time>2026-05-22T11:29:57.000Z</time>
      </trkpt>
      <trkpt lat="36.962622" lon="-4.643784">
        <ele>754.622938</ele>
        <time>2026-05-22T11:29:58.000Z</time>
      </trkpt>
      <trkpt lat="36.962604" lon="-4.643715">
        <ele>754.943261</ele>
        <time>2026-05-22T11:30:02.000Z</time>
      </trkpt>
      <trkpt lat="36.962564" lon="-4.643640">
        <ele>755.341203</ele>
        <time>2026-05-22T11:30:08.000Z</time>
      </trkpt>
      <trkpt lat="36.962508" lon="-4.643593">
        <ele>755.713607</ele>
        <time>2026-05-22T11:30:15.000Z</time>
      </trkpt>
      <trkpt lat="36.962506" lon="-4.643587">
        <ele>755.742297</ele>
        <time>2026-05-22T11:30:16.000Z</time>
      </trkpt>
      <trkpt lat="36.962466" lon="-4.643552">
        <ele>756.011862</ele>
        <time>2026-05-22T11:30:21.000Z</time>
      </trkpt>
      <trkpt lat="36.962400" lon="-4.643516">
        <ele>756.409504</ele>
        <time>2026-05-22T11:30:26.000Z</time>
      </trkpt>
      <trkpt lat="36.962358" lon="-4.643494">
        <ele>756.660973</ele>
        <time>2026-05-22T11:30:30.000Z</time>
      </trkpt>
      <trkpt lat="36.962295" lon="-4.643465">
        <ele>757.031719</ele>
        <time>2026-05-22T11:30:36.000Z</time>
      </trkpt>
      <trkpt lat="36.962226" lon="-4.643403">
        <ele>757.500865</ele>
        <time>2026-05-22T11:30:45.000Z</time>
      </trkpt>
      <trkpt lat="36.962200" lon="-4.643379">
        <ele>757.679300</ele>
        <time>2026-05-22T11:30:48.000Z</time>
      </trkpt>
      <trkpt lat="36.962165" lon="-4.643351">
        <ele>757.936040</ele>
        <time>2026-05-22T11:30:52.000Z</time>
      </trkpt>
      <trkpt lat="36.962120" lon="-4.643309">
        <ele>758.297752</ele>
        <time>2026-05-22T11:30:57.000Z</time>
      </trkpt>
      <trkpt lat="36.962107" lon="-4.643292">
        <ele>758.418902</ele>
        <time>2026-05-22T11:30:59.000Z</time>
      </trkpt>
      <trkpt lat="36.962081" lon="-4.643244">
        <ele>758.717466</ele>
        <time>2026-05-22T11:31:03.000Z</time>
      </trkpt>
      <trkpt lat="36.962030" lon="-4.643155">
        <ele>759.281345</ele>
        <time>2026-05-22T11:31:10.000Z</time>
      </trkpt>
      <trkpt lat="36.961970" lon="-4.643041">
        <ele>759.984171</ele>
        <time>2026-05-22T11:31:18.000Z</time>
      </trkpt>
      <trkpt lat="36.961965" lon="-4.643012">
        <ele>760.136916</ele>
        <time>2026-05-22T11:31:20.000Z</time>
      </trkpt>
      <trkpt lat="36.961960" lon="-4.642912">
        <ele>760.652781</ele>
        <time>2026-05-22T11:31:27.000Z</time>
      </trkpt>
      <trkpt lat="36.961963" lon="-4.642838">
        <ele>761.034267</ele>
        <time>2026-05-22T11:31:32.000Z</time>
      </trkpt>
      <trkpt lat="36.961987" lon="-4.642772">
        <ele>761.407607</ele>
        <time>2026-05-22T11:31:37.000Z</time>
      </trkpt>
      <trkpt lat="36.962029" lon="-4.642687">
        <ele>761.922154</ele>
        <time>2026-05-22T11:31:45.000Z</time>
      </trkpt>
      <trkpt lat="36.962052" lon="-4.642638">
        <ele>762.214744</ele>
        <time>2026-05-22T11:31:51.000Z</time>
      </trkpt>
      <trkpt lat="36.962070" lon="-4.642632">
        <ele>762.334771</ele>
        <time>2026-05-22T11:31:54.000Z</time>
      </trkpt>
      <trkpt lat="36.962071" lon="-4.642630">
        <ele>762.346918</ele>
        <time>2026-05-22T11:31:55.000Z</time>
      </trkpt>
      <trkpt lat="36.962067" lon="-4.642618">
        <ele>762.413861</ele>
        <time>2026-05-22T11:31:56.000Z</time>
      </trkpt>
      <trkpt lat="36.962059" lon="-4.642575">
        <ele>762.641172</ele>
        <time>2026-05-22T11:32:00.000Z</time>
      </trkpt>
      <trkpt lat="36.962046" lon="-4.642540">
        <ele>762.839890</ele>
        <time>2026-05-22T11:32:07.000Z</time>
      </trkpt>
      <trkpt lat="36.962048" lon="-4.642542">
        <ele>762.856386</ele>
        <time>2026-05-22T11:32:08.000Z</time>
      </trkpt>
      <trkpt lat="36.962043" lon="-4.642549">
        <ele>762.904727</ele>
        <time>2026-05-22T11:32:13.000Z</time>
      </trkpt>
      <trkpt lat="36.962041" lon="-4.642544">
        <ele>762.933515</ele>
        <time>2026-05-22T11:32:20.000Z</time>
      </trkpt>
      <trkpt lat="36.962037" lon="-4.642540">
        <ele>762.966506</ele>
        <time>2026-05-22T11:32:22.000Z</time>
      </trkpt>
      <trkpt lat="36.962006" lon="-4.642538">
        <ele>763.166520</ele>
        <time>2026-05-22T11:32:26.000Z</time>
      </trkpt>
      <trkpt lat="36.962003" lon="-4.642538">
        <ele>763.185851</ele>
        <time>2026-05-22T11:32:28.000Z</time>
      </trkpt>
      <trkpt lat="36.962020" lon="-4.642530">
        <ele>763.302878</ele>
        <time>2026-05-22T11:32:37.000Z</time>
      </trkpt>
      <trkpt lat="36.962042" lon="-4.642516">
        <ele>763.461908</ele>
        <time>2026-05-22T11:32:44.000Z</time>
      </trkpt>
      <trkpt lat="36.962035" lon="-4.642513">
        <ele>763.509584</ele>
        <time>2026-05-22T11:32:45.000Z</time>
      </trkpt>
      <trkpt lat="36.962028" lon="-4.642514">
        <ele>763.554982</ele>
        <time>2026-05-22T11:32:46.000Z</time>
      </trkpt>
      <trkpt lat="36.962019" lon="-4.642520">
        <ele>763.620688</ele>
        <time>2026-05-22T11:32:47.000Z</time>
      </trkpt>
      <trkpt lat="36.962015" lon="-4.642528">
        <ele>763.669276</ele>
        <time>2026-05-22T11:32:49.000Z</time>
      </trkpt>
      <trkpt lat="36.962005" lon="-4.642534">
        <ele>763.740733</ele>
        <time>2026-05-22T11:32:54.000Z</time>
      </trkpt>
      <trkpt lat="36.961998" lon="-4.642542">
        <ele>763.801815</ele>
        <time>2026-05-22T11:33:00.000Z</time>
      </trkpt>
      <trkpt lat="36.961998" lon="-4.642543">
        <ele>763.806963</ele>
        <time>2026-05-22T11:33:01.000Z</time>
      </trkpt>
      <trkpt lat="36.961999" lon="-4.642544">
        <ele>763.815211</ele>
        <time>2026-05-22T11:33:02.000Z</time>
      </trkpt>
      <trkpt lat="36.962006" lon="-4.642542">
        <ele>763.861476</ele>
        <time>2026-05-22T11:33:05.000Z</time>
      </trkpt>
      <trkpt lat="36.962014" lon="-4.642531">
        <ele>763.938057</ele>
        <time>2026-05-22T11:33:11.000Z</time>
      </trkpt>
      <trkpt lat="36.962013" lon="-4.642531">
        <ele>763.944500</ele>
        <time>2026-05-22T11:33:12.000Z</time>
      </trkpt>
      <trkpt lat="36.962012" lon="-4.642531">
        <ele>763.950944</ele>
        <time>2026-05-22T11:33:13.000Z</time>
      </trkpt>
      <trkpt lat="36.962021" lon="-4.642539">
        <ele>764.022074</ele>
        <time>2026-05-22T11:33:24.000Z</time>
      </trkpt>
      <trkpt lat="36.962023" lon="-4.642540">
        <ele>764.035952</ele>
        <time>2026-05-22T11:33:26.000Z</time>
      </trkpt>
      <trkpt lat="36.962026" lon="-4.642536">
        <ele>764.064197</ele>
        <time>2026-05-22T11:33:27.000Z</time>
      </trkpt>
      <trkpt lat="36.962033" lon="-4.642528">
        <ele>764.125278</ele>
        <time>2026-05-22T11:33:34.000Z</time>
      </trkpt>
      <trkpt lat="36.962037" lon="-4.642530">
        <ele>764.153033</ele>
        <time>2026-05-22T11:33:43.000Z</time>
      </trkpt>
      <trkpt lat="36.962031" lon="-4.642536">
        <ele>764.202520</ele>
        <time>2026-05-22T11:33:45.000Z</time>
      </trkpt>
      <trkpt lat="36.962030" lon="-4.642535">
        <ele>764.210768</ele>
        <time>2026-05-22T11:33:46.000Z</time>
      </trkpt>
      <trkpt lat="36.962024" lon="-4.642464">
        <ele>764.578356</ele>
        <time>2026-05-22T11:33:52.000Z</time>
      </trkpt>
      <trkpt lat="36.962024" lon="-4.642453">
        <ele>764.634990</ele>
        <time>2026-05-22T11:33:53.000Z</time>
      </trkpt>
      <trkpt lat="36.962015" lon="-4.642368">
        <ele>765.076445</ele>
        <time>2026-05-22T11:33:58.000Z</time>
      </trkpt>
      <trkpt lat="36.962015" lon="-4.642280">
        <ele>765.529520</ele>
        <time>2026-05-22T11:34:04.000Z</time>
      </trkpt>
      <trkpt lat="36.962015" lon="-4.642197">
        <ele>765.956852</ele>
        <time>2026-05-22T11:34:10.000Z</time>
      </trkpt>
      <trkpt lat="36.962002" lon="-4.642147">
        <ele>766.227567</ele>
        <time>2026-05-22T11:34:14.000Z</time>
      </trkpt>
      <trkpt lat="36.961994" lon="-4.642119">
        <ele>766.380666</ele>
        <time>2026-05-22T11:34:16.000Z</time>
      </trkpt>
      <trkpt lat="36.961988" lon="-4.642075">
        <ele>766.610479</ele>
        <time>2026-05-22T11:34:20.000Z</time>
      </trkpt>
      <trkpt lat="36.961976" lon="-4.642051">
        <ele>766.756243</ele>
        <time>2026-05-22T11:34:22.000Z</time>
      </trkpt>
      <trkpt lat="36.961967" lon="-4.642032">
        <ele>766.869964</ele>
        <time>2026-05-22T11:34:23.000Z</time>
      </trkpt>
      <trkpt lat="36.961945" lon="-4.641958">
        <ele>767.276477</ele>
        <time>2026-05-22T11:34:27.000Z</time>
      </trkpt>
      <trkpt lat="36.961940" lon="-4.641944">
        <ele>767.355429</ele>
        <time>2026-05-22T11:34:28.000Z</time>
      </trkpt>
      <trkpt lat="36.961931" lon="-4.641916">
        <ele>767.510817</ele>
        <time>2026-05-22T11:34:30.000Z</time>
      </trkpt>
      <trkpt lat="36.961916" lon="-4.641850">
        <ele>767.864102</ele>
        <time>2026-05-22T11:34:34.000Z</time>
      </trkpt>
      <trkpt lat="36.961904" lon="-4.641799">
        <ele>768.137828</ele>
        <time>2026-05-22T11:34:38.000Z</time>
      </trkpt>
      <trkpt lat="36.961895" lon="-4.641769">
        <ele>768.302813</ele>
        <time>2026-05-22T11:34:40.000Z</time>
      </trkpt>
      <trkpt lat="36.961878" lon="-4.641735">
        <ele>768.509313</ele>
        <time>2026-05-22T11:34:43.000Z</time>
      </trkpt>
      <trkpt lat="36.961839" lon="-4.641683">
        <ele>768.876502</ele>
        <time>2026-05-22T11:34:48.000Z</time>
      </trkpt>
      <trkpt lat="36.961821" lon="-4.641657">
        <ele>769.053622</ele>
        <time>2026-05-22T11:34:50.000Z</time>
      </trkpt>
      <trkpt lat="36.961776" lon="-4.641584">
        <ele>769.421647</ele>
        <time>2026-05-22T11:34:56.000Z</time>
      </trkpt>
      <trkpt lat="36.961738" lon="-4.641561">
        <ele>769.544016</ele>
        <time>2026-05-22T11:35:04.000Z</time>
      </trkpt>
      <trkpt lat="36.961744" lon="-4.641560">
        <ele>769.561563</ele>
        <time>2026-05-22T11:35:14.000Z</time>
      </trkpt>
      <trkpt lat="36.961768" lon="-4.641539">
        <ele>769.646458</ele>
        <time>2026-05-22T11:35:22.000Z</time>
      </trkpt>
      <trkpt lat="36.961784" lon="-4.641532">
        <ele>769.695595</ele>
        <time>2026-05-22T11:35:24.000Z</time>
      </trkpt>
      <trkpt lat="36.961790" lon="-4.641526">
        <ele>769.717860</ele>
        <time>2026-05-22T11:35:26.000Z</time>
      </trkpt>
      <trkpt lat="36.961795" lon="-4.641528">
        <ele>769.733077</ele>
        <time>2026-05-22T11:35:32.000Z</time>
      </trkpt>
      <trkpt lat="36.961798" lon="-4.641523">
        <ele>769.747561</ele>
        <time>2026-05-22T11:35:33.000Z</time>
      </trkpt>
      <trkpt lat="36.961786" lon="-4.641535">
        <ele>769.792091</ele>
        <time>2026-05-22T11:35:35.000Z</time>
      </trkpt>
      <trkpt lat="36.961773" lon="-4.641545">
        <ele>769.836328</ele>
        <time>2026-05-22T11:35:41.000Z</time>
      </trkpt>
      <trkpt lat="36.961761" lon="-4.641558">
        <ele>769.882339</ele>
        <time>2026-05-22T11:35:44.000Z</time>
      </trkpt>
      <trkpt lat="36.961757" lon="-4.641560">
        <ele>769.894826</ele>
        <time>2026-05-22T11:35:45.000Z</time>
      </trkpt>
      <trkpt lat="36.961754" lon="-4.641563">
        <ele>769.905958</ele>
        <time>2026-05-22T11:35:46.000Z</time>
      </trkpt>
      <trkpt lat="36.961745" lon="-4.641563">
        <ele>769.932050</ele>
        <time>2026-05-22T11:35:49.000Z</time>
      </trkpt>
      <trkpt lat="36.961738" lon="-4.641556">
        <ele>769.958025</ele>
        <time>2026-05-22T11:35:52.000Z</time>
      </trkpt>
      <trkpt lat="36.961751" lon="-4.641545">
        <ele>770.003518</ele>
        <time>2026-05-22T11:36:01.000Z</time>
      </trkpt>
      <trkpt lat="36.961735" lon="-4.641570">
        <ele>770.077714</ele>
        <time>2026-05-22T11:36:08.000Z</time>
      </trkpt>
      <trkpt lat="36.961747" lon="-4.641539">
        <ele>770.157506</ele>
        <time>2026-05-22T11:36:19.000Z</time>
      </trkpt>
      <trkpt lat="36.961749" lon="-4.641536">
        <ele>770.166556</ele>
        <time>2026-05-22T11:36:20.000Z</time>
      </trkpt>
      <trkpt lat="36.961748" lon="-4.641532">
        <ele>770.176265</ele>
        <time>2026-05-22T11:36:23.000Z</time>
      </trkpt>
      <trkpt lat="36.961718" lon="-4.641545">
        <ele>770.268301</ele>
        <time>2026-05-22T11:36:29.000Z</time>
      </trkpt>
      <trkpt lat="36.961733" lon="-4.641556">
        <ele>770.318702</ele>
        <time>2026-05-22T11:36:39.000Z</time>
      </trkpt>
      <trkpt lat="36.961746" lon="-4.641490">
        <ele>770.476162</ele>
        <time>2026-05-22T11:36:46.000Z</time>
      </trkpt>
      <trkpt lat="36.961741" lon="-4.641434">
        <ele>770.606688</ele>
        <time>2026-05-22T11:36:50.000Z</time>
      </trkpt>
      <trkpt lat="36.961742" lon="-4.641383">
        <ele>770.724861</ele>
        <time>2026-05-22T11:36:53.000Z</time>
      </trkpt>
      <trkpt lat="36.961744" lon="-4.641345">
        <ele>770.813076</ele>
        <time>2026-05-22T11:36:55.000Z</time>
      </trkpt>
      <trkpt lat="36.961746" lon="-4.641310">
        <ele>770.894357</ele>
        <time>2026-05-22T11:36:58.000Z</time>
      </trkpt>
      <trkpt lat="36.961746" lon="-4.641299">
        <ele>770.919838</ele>
        <time>2026-05-22T11:36:59.000Z</time>
      </trkpt>
      <trkpt lat="36.961751" lon="-4.641272">
        <ele>770.984039</ele>
        <time>2026-05-22T11:37:01.000Z</time>
      </trkpt>
      <trkpt lat="36.961746" lon="-4.641160">
        <ele>771.243882</ele>
        <time>2026-05-22T11:37:08.000Z</time>
      </trkpt>
      <trkpt lat="36.961745" lon="-4.641133">
        <ele>771.306493</ele>
        <time>2026-05-22T11:37:10.000Z</time>
      </trkpt>
      <trkpt lat="36.961740" lon="-4.641103">
        <ele>771.377481</ele>
        <time>2026-05-22T11:37:12.000Z</time>
      </trkpt>
      <trkpt lat="36.961738" lon="-4.641053">
        <ele>771.493447</ele>
        <time>2026-05-22T11:37:15.000Z</time>
      </trkpt>
      <trkpt lat="36.961738" lon="-4.641039">
        <ele>771.525876</ele>
        <time>2026-05-22T11:37:16.000Z</time>
      </trkpt>
      <trkpt lat="36.961719" lon="-4.641009">
        <ele>771.614551</ele>
        <time>2026-05-22T11:37:18.000Z</time>
      </trkpt>
      <trkpt lat="36.961691" lon="-4.640945">
        <ele>771.783569</ele>
        <time>2026-05-22T11:37:22.000Z</time>
      </trkpt>
      <trkpt lat="36.961684" lon="-4.640931">
        <ele>771.821825</ele>
        <time>2026-05-22T11:37:23.000Z</time>
      </trkpt>
      <trkpt lat="36.961631" lon="-4.640806">
        <ele>772.149618</ele>
        <time>2026-05-22T11:37:33.000Z</time>
      </trkpt>
      <trkpt lat="36.961618" lon="-4.640783">
        <ele>772.214877</ele>
        <time>2026-05-22T11:37:35.000Z</time>
      </trkpt>
      <trkpt lat="36.961588" lon="-4.640716">
        <ele>772.392785</ele>
        <time>2026-05-22T11:37:40.000Z</time>
      </trkpt>
      <trkpt lat="36.961573" lon="-4.640636">
        <ele>772.583132</ele>
        <time>2026-05-22T11:37:46.000Z</time>
      </trkpt>
      <trkpt lat="36.961547" lon="-4.640552">
        <ele>772.791800</ele>
        <time>2026-05-22T11:37:52.000Z</time>
      </trkpt>
      <trkpt lat="36.961504" lon="-4.640468">
        <ele>773.022886</ele>
        <time>2026-05-22T11:37:59.000Z</time>
      </trkpt>
      <trkpt lat="36.961502" lon="-4.640452">
        <ele>773.060400</ele>
        <time>2026-05-22T11:38:00.000Z</time>
      </trkpt>
      <trkpt lat="36.961507" lon="-4.640429">
        <ele>773.115614</ele>
        <time>2026-05-22T11:38:02.000Z</time>
      </trkpt>
      <trkpt lat="36.961525" lon="-4.640394">
        <ele>773.212030</ele>
        <time>2026-05-22T11:38:05.000Z</time>
      </trkpt>
      <trkpt lat="36.961544" lon="-4.640317">
        <ele>773.398706</ele>
        <time>2026-05-22T11:38:09.000Z</time>
      </trkpt>
      <trkpt lat="36.961549" lon="-4.640300">
        <ele>773.440668</ele>
        <time>2026-05-22T11:38:10.000Z</time>
      </trkpt>
      <trkpt lat="36.961562" lon="-4.640224">
        <ele>773.620705</ele>
        <time>2026-05-22T11:38:16.000Z</time>
      </trkpt>
      <trkpt lat="36.961563" lon="-4.640210">
        <ele>773.653264</ele>
        <time>2026-05-22T11:38:17.000Z</time>
      </trkpt>
      <trkpt lat="36.961556" lon="-4.640132">
        <ele>773.835081</ele>
        <time>2026-05-22T11:38:22.000Z</time>
      </trkpt>
      <trkpt lat="36.961554" lon="-4.640116">
        <ele>773.872595</ele>
        <time>2026-05-22T11:38:23.000Z</time>
      </trkpt>
      <trkpt lat="36.961556" lon="-4.640065">
        <ele>773.990874</ele>
        <time>2026-05-22T11:38:26.000Z</time>
      </trkpt>
      <trkpt lat="36.961564" lon="-4.640038">
        <ele>774.057579</ele>
        <time>2026-05-22T11:38:28.000Z</time>
      </trkpt>
      <trkpt lat="36.961573" lon="-4.639993">
        <ele>774.165034</ele>
        <time>2026-05-22T11:38:32.000Z</time>
      </trkpt>
      <trkpt lat="36.961581" lon="-4.639990">
        <ele>774.189245</ele>
        <time>2026-05-22T11:38:35.000Z</time>
      </trkpt>
      <trkpt lat="36.961592" lon="-4.639988">
        <ele>774.221469</ele>
        <time>2026-05-22T11:38:41.000Z</time>
      </trkpt>
      <trkpt lat="36.961591" lon="-4.639984">
        <ele>774.231177</ele>
        <time>2026-05-22T11:38:43.000Z</time>
      </trkpt>
      <trkpt lat="36.961584" lon="-4.639983">
        <ele>774.251602</ele>
        <time>2026-05-22T11:38:45.000Z</time>
      </trkpt>
      <trkpt lat="36.961584" lon="-4.639986">
        <ele>774.258552</ele>
        <time>2026-05-22T11:38:54.000Z</time>
      </trkpt>
      <trkpt lat="36.961586" lon="-4.639987">
        <ele>774.264795</ele>
        <time>2026-05-22T11:38:55.000Z</time>
      </trkpt>
      <trkpt lat="36.961581" lon="-4.639991">
        <ele>774.281999</ele>
        <time>2026-05-22T11:38:58.000Z</time>
      </trkpt>
      <trkpt lat="36.961584" lon="-4.639984">
        <ele>774.300399</ele>
        <time>2026-05-22T11:39:01.000Z</time>
      </trkpt>
      <trkpt lat="36.961582" lon="-4.639959">
        <ele>774.358599</ele>
        <time>2026-05-22T11:39:03.000Z</time>
      </trkpt>
      <trkpt lat="36.961608" lon="-4.639895">
        <ele>774.524911</ele>
        <time>2026-05-22T11:39:08.000Z</time>
      </trkpt>
      <trkpt lat="36.961618" lon="-4.639883">
        <ele>774.538922</ele>
        <time>2026-05-22T11:39:09.000Z</time>
      </trkpt>
      <trkpt lat="36.961627" lon="-4.639871">
        <ele>774.516213</ele>
        <time>2026-05-22T11:39:10.000Z</time>
      </trkpt>
      <trkpt lat="36.961633" lon="-4.639818">
        <ele>774.442351</ele>
        <time>2026-05-22T11:39:13.000Z</time>
      </trkpt>
      <trkpt lat="36.961662" lon="-4.639752">
        <ele>774.338421</ele>
        <time>2026-05-22T11:39:17.000Z</time>
      </trkpt>
      <trkpt lat="36.961707" lon="-4.639665">
        <ele>774.195418</ele>
        <time>2026-05-22T11:39:23.000Z</time>
      </trkpt>
      <trkpt lat="36.961714" lon="-4.639659">
        <ele>774.180767</ele>
        <time>2026-05-22T11:39:24.000Z</time>
      </trkpt>
      <trkpt lat="36.961750" lon="-4.639610">
        <ele>774.088918</ele>
        <time>2026-05-22T11:39:29.000Z</time>
      </trkpt>
      <trkpt lat="36.961771" lon="-4.639587">
        <ele>774.040728</ele>
        <time>2026-05-22T11:39:31.000Z</time>
      </trkpt>
      <trkpt lat="36.961783" lon="-4.639567">
        <ele>774.006217</ele>
        <time>2026-05-22T11:39:33.000Z</time>
      </trkpt>
      <trkpt lat="36.961798" lon="-4.639564">
        <ele>773.979986</ele>
        <time>2026-05-22T11:39:35.000Z</time>
      </trkpt>
      <trkpt lat="36.961822" lon="-4.639553">
        <ele>773.935849</ele>
        <time>2026-05-22T11:39:37.000Z</time>
      </trkpt>
      <trkpt lat="36.961857" lon="-4.639544">
        <ele>773.874146</ele>
        <time>2026-05-22T11:39:42.000Z</time>
      </trkpt>
      <trkpt lat="36.961930" lon="-4.639524">
        <ele>773.745099</ele>
        <time>2026-05-22T11:39:48.000Z</time>
      </trkpt>
      <trkpt lat="36.961970" lon="-4.639533">
        <ele>773.674916</ele>
        <time>2026-05-22T11:39:53.000Z</time>
      </trkpt>
      <trkpt lat="36.961996" lon="-4.639541">
        <ele>773.628681</ele>
        <time>2026-05-22T11:39:55.000Z</time>
      </trkpt>
      <trkpt lat="36.962034" lon="-4.639554">
        <ele>773.560652</ele>
        <time>2026-05-22T11:39:58.000Z</time>
      </trkpt>
      <trkpt lat="36.962075" lon="-4.639568">
        <ele>773.487262</ele>
        <time>2026-05-22T11:40:01.000Z</time>
      </trkpt>
      <trkpt lat="36.962098" lon="-4.639578">
        <ele>773.445216</ele>
        <time>2026-05-22T11:40:03.000Z</time>
      </trkpt>
      <trkpt lat="36.962193" lon="-4.639556">
        <ele>773.278378</ele>
        <time>2026-05-22T11:40:11.000Z</time>
      </trkpt>
      <trkpt lat="36.962285" lon="-4.639544">
        <ele>773.118645</ele>
        <time>2026-05-22T11:40:18.000Z</time>
      </trkpt>
      <trkpt lat="36.962351" lon="-4.639512">
        <ele>772.996418</ele>
        <time>2026-05-22T11:40:25.000Z</time>
      </trkpt>
      <trkpt lat="36.962424" lon="-4.639493">
        <ele>772.867659</ele>
        <time>2026-05-22T11:40:31.000Z</time>
      </trkpt>
      <trkpt lat="36.962495" lon="-4.639457">
        <ele>772.735371</ele>
        <time>2026-05-22T11:40:37.000Z</time>
      </trkpt>
      <trkpt lat="36.962562" lon="-4.639422">
        <ele>772.609996</ele>
        <time>2026-05-22T11:40:44.000Z</time>
      </trkpt>
      <trkpt lat="36.962644" lon="-4.639362">
        <ele>772.445967</ele>
        <time>2026-05-22T11:40:53.000Z</time>
      </trkpt>
      <trkpt lat="36.962738" lon="-4.639302">
        <ele>772.263748</ele>
        <time>2026-05-22T11:41:00.000Z</time>
      </trkpt>
      <trkpt lat="36.962788" lon="-4.639256">
        <ele>772.156585</ele>
        <time>2026-05-22T11:41:05.000Z</time>
      </trkpt>
      <trkpt lat="36.962805" lon="-4.639242">
        <ele>772.121443</ele>
        <time>2026-05-22T11:41:07.000Z</time>
      </trkpt>
      <trkpt lat="36.962839" lon="-4.639173">
        <ele>772.009587</ele>
        <time>2026-05-22T11:41:14.000Z</time>
      </trkpt>
      <trkpt lat="36.962846" lon="-4.639161">
        <ele>771.989086</ele>
        <time>2026-05-22T11:41:15.000Z</time>
      </trkpt>
      <trkpt lat="36.962863" lon="-4.639131">
        <ele>771.938339</ele>
        <time>2026-05-22T11:41:17.000Z</time>
      </trkpt>
      <trkpt lat="36.962877" lon="-4.639082">
        <ele>771.866535</ele>
        <time>2026-05-22T11:41:20.000Z</time>
      </trkpt>
      <trkpt lat="36.962902" lon="-4.638971">
        <ele>771.707408</ele>
        <time>2026-05-22T11:41:28.000Z</time>
      </trkpt>
      <trkpt lat="36.962905" lon="-4.638956">
        <ele>771.686072</ele>
        <time>2026-05-22T11:41:29.000Z</time>
      </trkpt>
      <trkpt lat="36.962893" lon="-4.638937">
        <ele>771.652655</ele>
        <time>2026-05-22T11:41:31.000Z</time>
      </trkpt>
      <trkpt lat="36.962898" lon="-4.638912">
        <ele>771.617095</ele>
        <time>2026-05-22T11:41:33.000Z</time>
      </trkpt>
      <trkpt lat="36.962916" lon="-4.638899">
        <ele>771.581207</ele>
        <time>2026-05-22T11:41:35.000Z</time>
      </trkpt>
      <trkpt lat="36.962967" lon="-4.638813">
        <ele>771.479564</ele>
        <time>2026-05-22T11:41:41.000Z</time>
      </trkpt>
      <trkpt lat="36.962988" lon="-4.638730">
        <ele>771.960023</ele>
        <time>2026-05-22T11:41:48.000Z</time>
      </trkpt>
      <trkpt lat="36.963000" lon="-4.638697">
        <ele>772.160109</ele>
        <time>2026-05-22T11:41:51.000Z</time>
      </trkpt>
      <trkpt lat="36.963023" lon="-4.638658">
        <ele>772.427609</ele>
        <time>2026-05-22T11:41:54.000Z</time>
      </trkpt>
      <trkpt lat="36.963066" lon="-4.638595">
        <ele>772.884857</ele>
        <time>2026-05-22T11:41:59.000Z</time>
      </trkpt>
      <trkpt lat="36.963082" lon="-4.638586">
        <ele>773.006012</ele>
        <time>2026-05-22T11:42:01.000Z</time>
      </trkpt>
      <trkpt lat="36.963135" lon="-4.638513">
        <ele>773.550336</ele>
        <time>2026-05-22T11:42:07.000Z</time>
      </trkpt>
      <trkpt lat="36.963152" lon="-4.638493">
        <ele>773.711481</ele>
        <time>2026-05-22T11:42:09.000Z</time>
      </trkpt>
      <trkpt lat="36.963167" lon="-4.638470">
        <ele>773.875321</ele>
        <time>2026-05-22T11:42:12.000Z</time>
      </trkpt>
      <trkpt lat="36.963231" lon="-4.638381">
        <ele>774.536093</ele>
        <time>2026-05-22T11:42:18.000Z</time>
      </trkpt>
      <trkpt lat="36.963244" lon="-4.638364">
        <ele>774.665950</ele>
        <time>2026-05-22T11:42:20.000Z</time>
      </trkpt>
      <trkpt lat="36.963266" lon="-4.638327">
        <ele>774.920470</ele>
        <time>2026-05-22T11:42:24.000Z</time>
      </trkpt>
      <trkpt lat="36.963301" lon="-4.638247">
        <ele>775.423803</ele>
        <time>2026-05-22T11:42:29.000Z</time>
      </trkpt>
      <trkpt lat="36.963313" lon="-4.638216">
        <ele>775.613898</ele>
        <time>2026-05-22T11:42:31.000Z</time>
      </trkpt>
      <trkpt lat="36.963328" lon="-4.638131">
        <ele>776.094281</ele>
        <time>2026-05-22T11:42:36.000Z</time>
      </trkpt>
      <trkpt lat="36.963318" lon="-4.638115">
        <ele>776.206381</ele>
        <time>2026-05-22T11:42:38.000Z</time>
      </trkpt>
      <trkpt lat="36.963294" lon="-4.638107">
        <ele>776.377920</ele>
        <time>2026-05-22T11:42:40.000Z</time>
      </trkpt>
      <trkpt lat="36.963254" lon="-4.638126">
        <ele>776.673415</ele>
        <time>2026-05-22T11:42:43.000Z</time>
      </trkpt>
      <trkpt lat="36.963183" lon="-4.638179">
        <ele>777.244391</ele>
        <time>2026-05-22T11:42:50.000Z</time>
      </trkpt>
      <trkpt lat="36.963127" lon="-4.638251">
        <ele>777.798891</ele>
        <time>2026-05-22T11:42:56.000Z</time>
      </trkpt>
      <trkpt lat="36.963098" lon="-4.638298">
        <ele>778.126598</ele>
        <time>2026-05-22T11:43:00.000Z</time>
      </trkpt>
      <trkpt lat="36.963063" lon="-4.638348">
        <ele>778.493439</ele>
        <time>2026-05-22T11:43:04.000Z</time>
      </trkpt>
      <trkpt lat="36.963010" lon="-4.638430">
        <ele>779.075481</ele>
        <time>2026-05-22T11:43:11.000Z</time>
      </trkpt>
      <trkpt lat="36.962956" lon="-4.638490">
        <ele>779.574216</ele>
        <time>2026-05-22T11:43:18.000Z</time>
      </trkpt>
      <trkpt lat="36.962908" lon="-4.638549">
        <ele>780.038887</ele>
        <time>2026-05-22T11:43:24.000Z</time>
      </trkpt>
      <trkpt lat="36.962810" lon="-4.638608">
        <ele>780.789982</ele>
        <time>2026-05-22T11:43:31.000Z</time>
      </trkpt>
      <trkpt lat="36.962790" lon="-4.638603">
        <ele>780.930844</ele>
        <time>2026-05-22T11:43:33.000Z</time>
      </trkpt>
      <trkpt lat="36.962779" lon="-4.638605">
        <ele>781.007615</ele>
        <time>2026-05-22T11:43:34.000Z</time>
      </trkpt>
      <trkpt lat="36.962749" lon="-4.638609">
        <ele>781.215988</ele>
        <time>2026-05-22T11:43:37.000Z</time>
      </trkpt>
      <trkpt lat="36.962765" lon="-4.638614">
        <ele>781.329887</ele>
        <time>2026-05-22T11:43:42.000Z</time>
      </trkpt>
      <trkpt lat="36.962767" lon="-4.638616">
        <ele>781.347568</ele>
        <time>2026-05-22T11:43:43.000Z</time>
      </trkpt>
      <trkpt lat="36.962769" lon="-4.638618">
        <ele>781.365250</ele>
        <time>2026-05-22T11:43:44.000Z</time>
      </trkpt>
      <trkpt lat="36.962779" lon="-4.638627">
        <ele>781.450321</ele>
        <time>2026-05-22T11:43:53.000Z</time>
      </trkpt>
      <trkpt lat="36.962781" lon="-4.638645">
        <ele>781.550611</ele>
        <time>2026-05-22T11:43:59.000Z</time>
      </trkpt>
      <trkpt lat="36.962779" lon="-4.638657">
        <ele>781.618260</ele>
        <time>2026-05-22T11:44:02.000Z</time>
      </trkpt>
      <trkpt lat="36.962773" lon="-4.638662">
        <ele>781.668046</ele>
        <time>2026-05-22T11:44:04.000Z</time>
      </trkpt>
      <trkpt lat="36.962778" lon="-4.638643">
        <ele>781.778440</ele>
        <time>2026-05-22T11:44:09.000Z</time>
      </trkpt>
      <trkpt lat="36.962729" lon="-4.638631">
        <ele>782.123285</ele>
        <time>2026-05-22T11:44:11.000Z</time>
      </trkpt>
      <trkpt lat="36.962675" lon="-4.638612">
        <ele>782.510704</ele>
        <time>2026-05-22T11:44:17.000Z</time>
      </trkpt>
      <trkpt lat="36.962663" lon="-4.638612">
        <ele>782.593584</ele>
        <time>2026-05-22T11:44:19.000Z</time>
      </trkpt>
      <trkpt lat="36.962656" lon="-4.638610">
        <ele>782.643174</ele>
        <time>2026-05-22T11:44:20.000Z</time>
      </trkpt>
      <trkpt lat="36.962647" lon="-4.638607">
        <ele>782.707501</ele>
        <time>2026-05-22T11:44:21.000Z</time>
      </trkpt>
      <trkpt lat="36.962636" lon="-4.638602">
        <ele>782.788330</ele>
        <time>2026-05-22T11:44:23.000Z</time>
      </trkpt>
      <trkpt lat="36.962625" lon="-4.638592">
        <ele>782.882232</ele>
        <time>2026-05-22T11:44:25.000Z</time>
      </trkpt>
      <trkpt lat="36.962597" lon="-4.638573">
        <ele>783.102215</ele>
        <time>2026-05-22T11:44:29.000Z</time>
      </trkpt>
      <trkpt lat="36.962584" lon="-4.638567">
        <ele>783.197913</ele>
        <time>2026-05-22T11:44:30.000Z</time>
      </trkpt>
      <trkpt lat="36.962554" lon="-4.638549">
        <ele>783.427694</ele>
        <time>2026-05-22T11:44:33.000Z</time>
      </trkpt>
      <trkpt lat="36.962535" lon="-4.638525">
        <ele>783.614141</ele>
        <time>2026-05-22T11:44:36.000Z</time>
      </trkpt>
      <trkpt lat="36.962521" lon="-4.638505">
        <ele>783.760878</ele>
        <time>2026-05-22T11:44:39.000Z</time>
      </trkpt>
      <trkpt lat="36.962502" lon="-4.638373">
        <ele>784.973500</ele>
        <time>2026-05-22T11:44:49.000Z</time>
      </trkpt>
      <trkpt lat="36.962509" lon="-4.638340">
        <ele>785.301937</ele>
        <time>2026-05-22T11:44:51.000Z</time>
      </trkpt>
      <trkpt lat="36.962511" lon="-4.638317">
        <ele>785.524491</ele>
        <time>2026-05-22T11:44:53.000Z</time>
      </trkpt>
      <trkpt lat="36.962520" lon="-4.638280">
        <ele>785.896538</ele>
        <time>2026-05-22T11:44:55.000Z</time>
      </trkpt>
      <trkpt lat="36.962525" lon="-4.638247">
        <ele>786.219637</ele>
        <time>2026-05-22T11:44:57.000Z</time>
      </trkpt>
      <trkpt lat="36.962534" lon="-4.638198">
        <ele>786.703283</ele>
        <time>2026-05-22T11:45:01.000Z</time>
      </trkpt>
      <trkpt lat="36.962538" lon="-4.638179">
        <ele>786.892290</ele>
        <time>2026-05-22T11:45:03.000Z</time>
      </trkpt>
      <trkpt lat="36.962538" lon="-4.638173">
        <ele>786.950006</ele>
        <time>2026-05-22T11:45:04.000Z</time>
      </trkpt>
      <trkpt lat="36.962540" lon="-4.638164">
        <ele>787.039867</ele>
        <time>2026-05-22T11:45:06.000Z</time>
      </trkpt>
      <trkpt lat="36.962546" lon="-4.638141">
        <ele>787.272608</ele>
        <time>2026-05-22T11:45:09.000Z</time>
      </trkpt>
      <trkpt lat="36.962552" lon="-4.638118">
        <ele>787.505348</ele>
        <time>2026-05-22T11:45:11.000Z</time>
      </trkpt>
      <trkpt lat="36.962567" lon="-4.638089">
        <ele>787.837660</ele>
        <time>2026-05-22T11:45:14.000Z</time>
      </trkpt>
      <trkpt lat="36.962603" lon="-4.638007">
        <ele>788.737679</ele>
        <time>2026-05-22T11:45:19.000Z</time>
      </trkpt>
      <trkpt lat="36.962627" lon="-4.637941">
        <ele>789.435217</ele>
        <time>2026-05-22T11:45:24.000Z</time>
      </trkpt>
      <trkpt lat="36.962640" lon="-4.637914">
        <ele>789.738452</ele>
        <time>2026-05-22T11:45:26.000Z</time>
      </trkpt>
      <trkpt lat="36.962665" lon="-4.637830">
        <ele>790.600717</ele>
        <time>2026-05-22T11:45:32.000Z</time>
      </trkpt>
      <trkpt lat="36.962669" lon="-4.637816">
        <ele>790.743740</ele>
        <time>2026-05-22T11:45:33.000Z</time>
      </trkpt>
      <trkpt lat="36.962685" lon="-4.637757">
        <ele>791.343083</ele>
        <time>2026-05-22T11:45:38.000Z</time>
      </trkpt>
      <trkpt lat="36.962704" lon="-4.637717">
        <ele>791.790716</ele>
        <time>2026-05-22T11:45:43.000Z</time>
      </trkpt>
      <trkpt lat="36.962713" lon="-4.637693">
        <ele>792.045744</ele>
        <time>2026-05-22T11:45:45.000Z</time>
      </trkpt>
      <trkpt lat="36.962718" lon="-4.637680">
        <ele>792.184530</ele>
        <time>2026-05-22T11:45:46.000Z</time>
      </trkpt>
      <trkpt lat="36.962750" lon="-4.637571">
        <ele>793.301581</ele>
        <time>2026-05-22T11:45:54.000Z</time>
      </trkpt>
      <trkpt lat="36.962771" lon="-4.637538">
        <ele>793.707395</ele>
        <time>2026-05-22T11:45:59.000Z</time>
      </trkpt>
      <trkpt lat="36.962777" lon="-4.637521">
        <ele>793.886168</ele>
        <time>2026-05-22T11:46:00.000Z</time>
      </trkpt>
      <trkpt lat="36.962785" lon="-4.637500">
        <ele>794.109961</ele>
        <time>2026-05-22T11:46:02.000Z</time>
      </trkpt>
      <trkpt lat="36.962801" lon="-4.637441">
        <ele>794.709304</ele>
        <time>2026-05-22T11:46:06.000Z</time>
      </trkpt>
      <trkpt lat="36.962805" lon="-4.637426">
        <ele>794.861418</ele>
        <time>2026-05-22T11:46:07.000Z</time>
      </trkpt>
      <trkpt lat="36.962828" lon="-4.637361">
        <ele>795.545249</ele>
        <time>2026-05-22T11:46:13.000Z</time>
      </trkpt>
      <trkpt lat="36.962829" lon="-4.637327">
        <ele>795.872530</ele>
        <time>2026-05-22T11:46:21.000Z</time>
      </trkpt>
      <trkpt lat="36.962825" lon="-4.637324">
        <ele>795.928671</ele>
        <time>2026-05-22T11:46:22.000Z</time>
      </trkpt>
      <trkpt lat="36.962818" lon="-4.637277">
        <ele>796.388570</ele>
        <time>2026-05-22T11:46:30.000Z</time>
      </trkpt>
      <trkpt lat="36.962791" lon="-4.637229">
        <ele>796.953242</ele>
        <time>2026-05-22T11:46:38.000Z</time>
      </trkpt>
      <trkpt lat="36.962780" lon="-4.637177">
        <ele>797.470685</ele>
        <time>2026-05-22T11:46:43.000Z</time>
      </trkpt>
      <trkpt lat="36.962778" lon="-4.637159">
        <ele>797.645501</ele>
        <time>2026-05-22T11:46:45.000Z</time>
      </trkpt>
      <trkpt lat="36.962776" lon="-4.637085">
        <ele>798.357745</ele>
        <time>2026-05-22T11:46:51.000Z</time>
      </trkpt>
      <trkpt lat="36.962775" lon="-4.637069">
        <ele>798.512126</ele>
        <time>2026-05-22T11:46:52.000Z</time>
      </trkpt>
      <trkpt lat="36.962750" lon="-4.636978">
        <ele>799.437789</ele>
        <time>2026-05-22T11:46:58.000Z</time>
      </trkpt>
      <trkpt lat="36.962744" lon="-4.636965">
        <ele>799.582205</ele>
        <time>2026-05-22T11:46:59.000Z</time>
      </trkpt>
      <trkpt lat="36.962728" lon="-4.636923">
        <ele>800.029790</ele>
        <time>2026-05-22T11:47:03.000Z</time>
      </trkpt>
      <trkpt lat="36.962724" lon="-4.636913">
        <ele>800.137365</ele>
        <time>2026-05-22T11:47:04.000Z</time>
      </trkpt>
      <trkpt lat="36.962719" lon="-4.636902">
        <ele>800.259102</ele>
        <time>2026-05-22T11:47:05.000Z</time>
      </trkpt>
      <trkpt lat="36.962704" lon="-4.636873">
        <ele>800.591414</ele>
        <time>2026-05-22T11:47:08.000Z</time>
      </trkpt>
      <trkpt lat="36.962703" lon="-4.636869">
        <ele>800.631731</ele>
        <time>2026-05-22T11:47:11.000Z</time>
      </trkpt>
      <trkpt lat="36.962705" lon="-4.636872">
        <ele>800.669315</ele>
        <time>2026-05-22T11:47:13.000Z</time>
      </trkpt>
      <trkpt lat="36.962709" lon="-4.636876">
        <ele>800.730955</ele>
        <time>2026-05-22T11:47:22.000Z</time>
      </trkpt>
      <trkpt lat="36.962706" lon="-4.636881">
        <ele>800.791103</ele>
        <time>2026-05-22T11:47:28.000Z</time>
      </trkpt>
      <trkpt lat="36.962703" lon="-4.636881">
        <ele>800.827219</ele>
        <time>2026-05-22T11:47:31.000Z</time>
      </trkpt>
      <trkpt lat="36.962702" lon="-4.636880">
        <ele>800.842629</ele>
        <time>2026-05-22T11:47:32.000Z</time>
      </trkpt>
      <trkpt lat="36.962715" lon="-4.636876">
        <ele>801.003796</ele>
        <time>2026-05-22T11:47:35.000Z</time>
      </trkpt>
      <trkpt lat="36.962705" lon="-4.636858">
        <ele>801.214686</ele>
        <time>2026-05-22T11:47:42.000Z</time>
      </trkpt>
      <trkpt lat="36.962710" lon="-4.636865">
        <ele>801.305005</ele>
        <time>2026-05-22T11:47:52.000Z</time>
      </trkpt>
      <trkpt lat="36.962701" lon="-4.636829">
        <ele>801.667859</ele>
        <time>2026-05-22T11:47:59.000Z</time>
      </trkpt>
      <trkpt lat="36.962651" lon="-4.636759">
        <ele>802.571049</ele>
        <time>2026-05-22T11:48:06.000Z</time>
      </trkpt>
      <trkpt lat="36.962639" lon="-4.636739">
        <ele>802.811641</ele>
        <time>2026-05-22T11:48:08.000Z</time>
      </trkpt>
      <trkpt lat="36.962634" lon="-4.636725">
        <ele>802.959153</ele>
        <time>2026-05-22T11:48:09.000Z</time>
      </trkpt>
      <trkpt lat="36.962610" lon="-4.636670">
        <ele>803.561978</ele>
        <time>2026-05-22T11:48:14.000Z</time>
      </trkpt>
      <trkpt lat="36.962602" lon="-4.636650">
        <ele>803.777127</ele>
        <time>2026-05-22T11:48:16.000Z</time>
      </trkpt>
      <trkpt lat="36.962593" lon="-4.636631">
        <ele>803.989600</ele>
        <time>2026-05-22T11:48:18.000Z</time>
      </trkpt>
      <trkpt lat="36.962574" lon="-4.636607">
        <ele>804.314594</ele>
        <time>2026-05-22T11:48:21.000Z</time>
      </trkpt>
      <trkpt lat="36.962550" lon="-4.636566">
        <ele>804.803503</ele>
        <time>2026-05-22T11:48:25.000Z</time>
      </trkpt>
      <trkpt lat="36.962540" lon="-4.636543">
        <ele>805.055384</ele>
        <time>2026-05-22T11:48:27.000Z</time>
      </trkpt>
      <trkpt lat="36.962528" lon="-4.636519">
        <ele>805.327726</ele>
        <time>2026-05-22T11:48:29.000Z</time>
      </trkpt>
      <trkpt lat="36.962519" lon="-4.636493">
        <ele>805.602457</ele>
        <time>2026-05-22T11:48:31.000Z</time>
      </trkpt>
      <trkpt lat="36.962514" lon="-4.636481">
        <ele>805.736108</ele>
        <time>2026-05-22T11:48:32.000Z</time>
      </trkpt>
      <trkpt lat="36.962492" lon="-4.636403">
        <ele>806.552985</ele>
        <time>2026-05-22T11:48:38.000Z</time>
      </trkpt>
      <trkpt lat="36.962488" lon="-4.636365">
        <ele>806.931499</ele>
        <time>2026-05-22T11:48:41.000Z</time>
      </trkpt>
      <trkpt lat="36.962485" lon="-4.636337">
        <ele>807.210490</ele>
        <time>2026-05-22T11:48:43.000Z</time>
      </trkpt>
      <trkpt lat="36.962483" lon="-4.636331">
        <ele>807.274693</ele>
        <time>2026-05-22T11:48:44.000Z</time>
      </trkpt>
      <trkpt lat="36.962479" lon="-4.636323">
        <ele>807.367891</ele>
        <time>2026-05-22T11:48:45.000Z</time>
      </trkpt>
      <trkpt lat="36.962459" lon="-4.636258">
        <ele>808.055753</ele>
        <time>2026-05-22T11:48:50.000Z</time>
      </trkpt>
      <trkpt lat="36.962449" lon="-4.636234">
        <ele>808.323056</ele>
        <time>2026-05-22T11:48:53.000Z</time>
      </trkpt>
      <trkpt lat="36.962442" lon="-4.636207">
        <ele>808.603382</ele>
        <time>2026-05-22T11:48:55.000Z</time>
      </trkpt>
      <trkpt lat="36.962425" lon="-4.636140">
        <ele>809.297605</ele>
        <time>2026-05-22T11:49:01.000Z</time>
      </trkpt>
      <trkpt lat="36.962422" lon="-4.636127">
        <ele>809.431234</ele>
        <time>2026-05-22T11:49:02.000Z</time>
      </trkpt>
      <trkpt lat="36.962406" lon="-4.636063">
        <ele>810.093485</ele>
        <time>2026-05-22T11:49:08.000Z</time>
      </trkpt>
      <trkpt lat="36.962403" lon="-4.636047">
        <ele>810.255787</ele>
        <time>2026-05-22T11:49:10.000Z</time>
      </trkpt>
      <trkpt lat="36.962402" lon="-4.636035">
        <ele>810.374937</ele>
        <time>2026-05-22T11:49:11.000Z</time>
      </trkpt>
      <trkpt lat="36.962391" lon="-4.635937">
        <ele>811.352246</ele>
        <time>2026-05-22T11:49:18.000Z</time>
      </trkpt>
      <trkpt lat="36.962388" lon="-4.635909">
        <ele>811.631238</ele>
        <time>2026-05-22T11:49:20.000Z</time>
      </trkpt>
      <trkpt lat="36.962382" lon="-4.635809">
        <ele>812.621577</ele>
        <time>2026-05-22T11:49:28.000Z</time>
      </trkpt>
      <trkpt lat="36.962389" lon="-4.635804">
        <ele>812.721192</ele>
        <time>2026-05-22T11:49:34.000Z</time>
      </trkpt>
      <trkpt lat="36.962385" lon="-4.635803">
        <ele>812.771607</ele>
        <time>2026-05-22T11:49:39.000Z</time>
      </trkpt>
      <trkpt lat="36.962385" lon="-4.635805">
        <ele>812.791358</ele>
        <time>2026-05-22T11:49:42.000Z</time>
      </trkpt>
      <trkpt lat="36.962383" lon="-4.635809">
        <ele>812.837957</ele>
        <time>2026-05-22T11:49:44.000Z</time>
      </trkpt>
      <trkpt lat="36.962402" lon="-4.635767">
        <ele>813.314594</ele>
        <time>2026-05-22T11:49:53.000Z</time>
      </trkpt>
      <trkpt lat="36.962403" lon="-4.635746">
        <ele>813.522349</ele>
        <time>2026-05-22T11:49:56.000Z</time>
      </trkpt>
      <trkpt lat="36.962408" lon="-4.635739">
        <ele>813.615073</ele>
        <time>2026-05-22T11:49:58.000Z</time>
      </trkpt>
      <trkpt lat="36.962409" lon="-4.635738">
        <ele>813.630893</ele>
        <time>2026-05-22T11:50:01.000Z</time>
      </trkpt>
      <trkpt lat="36.962411" lon="-4.635734">
        <ele>813.677492</ele>
        <time>2026-05-22T11:50:03.000Z</time>
      </trkpt>
      <trkpt lat="36.962415" lon="-4.635728">
        <ele>813.754661</ele>
        <time>2026-05-22T11:50:05.000Z</time>
      </trkpt>
      <trkpt lat="36.962413" lon="-4.635726">
        <ele>813.786302</ele>
        <time>2026-05-22T11:50:08.000Z</time>
      </trkpt>
      <trkpt lat="36.962410" lon="-4.635784">
        <ele>814.360285</ele>
        <time>2026-05-22T11:50:14.000Z</time>
      </trkpt>
      <trkpt lat="36.962415" lon="-4.635785">
        <ele>814.422866</ele>
        <time>2026-05-22T11:50:15.000Z</time>
      </trkpt>
      <trkpt lat="36.962423" lon="-4.635791">
        <ele>814.538137</ele>
        <time>2026-05-22T11:50:18.000Z</time>
      </trkpt>
      <trkpt lat="36.962425" lon="-4.635772">
        <ele>814.727394</ele>
        <time>2026-05-22T11:50:22.000Z</time>
      </trkpt>
      <trkpt lat="36.962405" lon="-4.635767">
        <ele>814.979467</ele>
        <time>2026-05-22T11:50:30.000Z</time>
      </trkpt>
      <trkpt lat="36.962404" lon="-4.635780">
        <ele>815.108443</ele>
        <time>2026-05-22T11:50:33.000Z</time>
      </trkpt>
      <trkpt lat="36.962385" lon="-4.635800">
        <ele>815.415292</ele>
        <time>2026-05-22T11:50:41.000Z</time>
      </trkpt>
      <trkpt lat="36.962377" lon="-4.635784">
        <ele>815.601687</ele>
        <time>2026-05-22T11:50:42.000Z</time>
      </trkpt>
      <trkpt lat="36.962362" lon="-4.635727">
        <ele>816.194339</ele>
        <time>2026-05-22T11:50:47.000Z</time>
      </trkpt>
      <trkpt lat="36.962359" lon="-4.635695">
        <ele>816.512526</ele>
        <time>2026-05-22T11:50:49.000Z</time>
      </trkpt>
      <trkpt lat="36.962358" lon="-4.635684">
        <ele>816.621858</ele>
        <time>2026-05-22T11:50:50.000Z</time>
      </trkpt>
      <trkpt lat="36.962358" lon="-4.635670">
        <ele>816.760116</ele>
        <time>2026-05-22T11:50:51.000Z</time>
      </trkpt>
      <trkpt lat="36.962363" lon="-4.635589">
        <ele>817.562422</ele>
        <time>2026-05-22T11:50:56.000Z</time>
      </trkpt>
      <trkpt lat="36.962366" lon="-4.635562">
        <ele>817.831629</ele>
        <time>2026-05-22T11:50:58.000Z</time>
      </trkpt>
      <trkpt lat="36.962367" lon="-4.635547">
        <ele>817.980278</ele>
        <time>2026-05-22T11:50:59.000Z</time>
      </trkpt>
      <trkpt lat="36.962361" lon="-4.635508">
        <ele>818.372500</ele>
        <time>2026-05-22T11:51:02.000Z</time>
      </trkpt>
      <trkpt lat="36.962358" lon="-4.635479">
        <ele>818.661282</ele>
        <time>2026-05-22T11:51:05.000Z</time>
      </trkpt>
      <trkpt lat="36.962351" lon="-4.635441">
        <ele>819.046398</ele>
        <time>2026-05-22T11:51:08.000Z</time>
      </trkpt>
      <trkpt lat="36.962336" lon="-4.635385">
        <ele>819.629678</ele>
        <time>2026-05-22T11:51:13.000Z</time>
      </trkpt>
      <trkpt lat="36.962333" lon="-4.635371">
        <ele>819.772822</ele>
        <time>2026-05-22T11:51:14.000Z</time>
      </trkpt>
      <trkpt lat="36.962333" lon="-4.635343">
        <ele>820.049339</ele>
        <time>2026-05-22T11:51:16.000Z</time>
      </trkpt>
      <trkpt lat="36.962326" lon="-4.635286">
        <ele>820.618857</ele>
        <time>2026-05-22T11:51:20.000Z</time>
      </trkpt>
      <trkpt lat="36.962324" lon="-4.635253">
        <ele>820.945688</ele>
        <time>2026-05-22T11:51:22.000Z</time>
      </trkpt>
      <trkpt lat="36.962325" lon="-4.635245">
        <ele>821.025654</ele>
        <time>2026-05-22T11:51:23.000Z</time>
      </trkpt>
      <trkpt lat="36.962320" lon="-4.635203">
        <ele>821.445007</ele>
        <time>2026-05-22T11:51:27.000Z</time>
      </trkpt>
      <trkpt lat="36.962313" lon="-4.635155">
        <ele>821.926866</ele>
        <time>2026-05-22T11:51:31.000Z</time>
      </trkpt>
      <trkpt lat="36.962309" lon="-4.635123">
        <ele>822.246729</ele>
        <time>2026-05-22T11:51:33.000Z</time>
      </trkpt>
      <trkpt lat="36.962307" lon="-4.635055">
        <ele>822.918724</ele>
        <time>2026-05-22T11:51:39.000Z</time>
      </trkpt>
      <trkpt lat="36.962309" lon="-4.635045">
        <ele>823.020526</ele>
        <time>2026-05-22T11:51:40.000Z</time>
      </trkpt>
      <trkpt lat="36.962311" lon="-4.634974">
        <ele>823.722129</ele>
        <time>2026-05-22T11:51:45.000Z</time>
      </trkpt>
      <trkpt lat="36.962308" lon="-4.634960">
        <ele>823.865273</ele>
        <time>2026-05-22T11:51:46.000Z</time>
      </trkpt>
      <trkpt lat="36.962289" lon="-4.634920">
        <ele>824.324826</ele>
        <time>2026-05-22T11:51:50.000Z</time>
      </trkpt>
      <trkpt lat="36.962283" lon="-4.634903">
        <ele>824.508360</ele>
        <time>2026-05-22T11:51:52.000Z</time>
      </trkpt>
      <trkpt lat="36.962279" lon="-4.634885">
        <ele>824.692867</ele>
        <time>2026-05-22T11:51:53.000Z</time>
      </trkpt>
      <trkpt lat="36.962276" lon="-4.634816">
        <ele>825.375292</ele>
        <time>2026-05-22T11:51:58.000Z</time>
      </trkpt>
      <trkpt lat="36.962272" lon="-4.634799">
        <ele>825.550305</ele>
        <time>2026-05-22T11:51:59.000Z</time>
      </trkpt>
      <trkpt lat="36.962267" lon="-4.634741">
        <ele>826.126414</ele>
        <time>2026-05-22T11:52:04.000Z</time>
      </trkpt>
      <trkpt lat="36.962257" lon="-4.634692">
        <ele>826.625852</ele>
        <time>2026-05-22T11:52:08.000Z</time>
      </trkpt>
      <trkpt lat="36.962254" lon="-4.634664">
        <ele>826.904844</ele>
        <time>2026-05-22T11:52:10.000Z</time>
      </trkpt>
      <trkpt lat="36.962251" lon="-4.634648">
        <ele>827.067146</ele>
        <time>2026-05-22T11:52:11.000Z</time>
      </trkpt>
      <trkpt lat="36.962247" lon="-4.634617">
        <ele>827.377256</ele>
        <time>2026-05-22T11:52:13.000Z</time>
      </trkpt>
      <trkpt lat="36.962244" lon="-4.634577">
        <ele>827.767697</ele>
        <time>2026-05-22T11:52:17.000Z</time>
      </trkpt>
      <trkpt lat="36.962219" lon="-4.634485">
        <ele>828.482176</ele>
        <time>2026-05-22T11:52:24.000Z</time>
      </trkpt>
      <trkpt lat="36.962213" lon="-4.634442">
        <ele>828.803118</ele>
        <time>2026-05-22T11:52:29.000Z</time>
      </trkpt>
      <trkpt lat="36.962206" lon="-4.634394">
        <ele>829.161869</ele>
        <time>2026-05-22T11:52:33.000Z</time>
      </trkpt>
      <trkpt lat="36.962202" lon="-4.634361">
        <ele>829.407278</ele>
        <time>2026-05-22T11:52:35.000Z</time>
      </trkpt>
      <trkpt lat="36.962201" lon="-4.634353">
        <ele>829.466813</ele>
        <time>2026-05-22T11:52:36.000Z</time>
      </trkpt>
      <trkpt lat="36.962192" lon="-4.634333">
        <ele>829.635580</ele>
        <time>2026-05-22T11:52:38.000Z</time>
      </trkpt>
      <trkpt lat="36.962190" lon="-4.634306">
        <ele>829.834949</ele>
        <time>2026-05-22T11:52:42.000Z</time>
      </trkpt>
      <trkpt lat="36.962189" lon="-4.634299">
        <ele>829.887233</ele>
        <time>2026-05-22T11:52:44.000Z</time>
      </trkpt>
      <trkpt lat="36.962200" lon="-4.634292">
        <ele>830.000786</ele>
        <time>2026-05-22T11:52:54.000Z</time>
      </trkpt>
      <trkpt lat="36.962198" lon="-4.634287">
        <ele>830.041898</ele>
        <time>2026-05-22T11:52:56.000Z</time>
      </trkpt>
      <trkpt lat="36.962195" lon="-4.634282">
        <ele>830.087871</ele>
        <time>2026-05-22T11:52:58.000Z</time>
      </trkpt>
      <trkpt lat="36.962195" lon="-4.634283">
        <ele>830.095223</ele>
        <time>2026-05-22T11:52:59.000Z</time>
      </trkpt>
      <trkpt lat="36.962192" lon="-4.634280">
        <ele>830.130559</ele>
        <time>2026-05-22T11:53:02.000Z</time>
      </trkpt>
      <trkpt lat="36.962187" lon="-4.634274">
        <ele>830.194300</ele>
        <time>2026-05-22T11:53:06.000Z</time>
      </trkpt>
      <trkpt lat="36.962178" lon="-4.634264">
        <ele>830.305045</ele>
        <time>2026-05-22T11:53:11.000Z</time>
      </trkpt>
      <trkpt lat="36.962177" lon="-4.634265">
        <ele>830.316824</ele>
        <time>2026-05-22T11:53:12.000Z</time>
      </trkpt>
      <trkpt lat="36.962178" lon="-4.634272">
        <ele>830.369107</ele>
        <time>2026-05-22T11:53:15.000Z</time>
      </trkpt>
      <trkpt lat="36.962176" lon="-4.634296">
        <ele>830.546525</ele>
        <time>2026-05-22T11:53:18.000Z</time>
      </trkpt>
      <trkpt lat="36.962175" lon="-4.634312">
        <ele>830.664524</ele>
        <time>2026-05-22T11:53:20.000Z</time>
      </trkpt>
      <trkpt lat="36.962172" lon="-4.634314">
        <ele>830.695802</ele>
        <time>2026-05-22T11:53:22.000Z</time>
      </trkpt>
      <trkpt lat="36.962167" lon="-4.634303">
        <ele>830.788850</ele>
        <time>2026-05-22T11:53:24.000Z</time>
      </trkpt>
      <trkpt lat="36.962148" lon="-4.634256">
        <ele>831.176129</ele>
        <time>2026-05-22T11:53:29.000Z</time>
      </trkpt>
      <trkpt lat="36.962135" lon="-4.634224">
        <ele>831.440073</ele>
        <time>2026-05-22T11:53:32.000Z</time>
      </trkpt>
      <trkpt lat="36.962125" lon="-4.634200">
        <ele>831.639085</ele>
        <time>2026-05-22T11:53:35.000Z</time>
      </trkpt>
      <trkpt lat="36.962119" lon="-4.634181">
        <ele>831.789297</ele>
        <time>2026-05-22T11:53:38.000Z</time>
      </trkpt>
      <trkpt lat="36.962115" lon="-4.634175">
        <ele>831.846750</ele>
        <time>2026-05-22T11:53:39.000Z</time>
      </trkpt>
      <trkpt lat="36.962100" lon="-4.634125">
        <ele>832.239434</ele>
        <time>2026-05-22T11:53:43.000Z</time>
      </trkpt>
      <trkpt lat="36.962086" lon="-4.634067">
        <ele>832.684914</ele>
        <time>2026-05-22T11:53:47.000Z</time>
      </trkpt>
      <trkpt lat="36.962060" lon="-4.634015">
        <ele>833.135930</ele>
        <time>2026-05-22T11:53:51.000Z</time>
      </trkpt>
      <trkpt lat="36.962039" lon="-4.633979">
        <ele>833.463653</ele>
        <time>2026-05-22T11:53:54.000Z</time>
      </trkpt>
      <trkpt lat="36.961999" lon="-4.633927">
        <ele>833.994363</ele>
        <time>2026-05-22T11:54:00.000Z</time>
      </trkpt>
      <trkpt lat="36.961986" lon="-4.633912">
        <ele>834.157069</ele>
        <time>2026-05-22T11:54:02.000Z</time>
      </trkpt>
      <trkpt lat="36.961968" lon="-4.633894">
        <ele>834.369082</ele>
        <time>2026-05-22T11:54:04.000Z</time>
      </trkpt>
      <trkpt lat="36.961929" lon="-4.633862">
        <ele>834.798202</ele>
        <time>2026-05-22T11:54:09.000Z</time>
      </trkpt>
      <trkpt lat="36.961919" lon="-4.633848">
        <ele>834.936271</ele>
        <time>2026-05-22T11:54:11.000Z</time>
      </trkpt>
      <trkpt lat="36.961886" lon="-4.633794">
        <ele>835.436118</ele>
        <time>2026-05-22T11:54:15.000Z</time>
      </trkpt>
      <trkpt lat="36.961879" lon="-4.633784">
        <ele>835.533867</ele>
        <time>2026-05-22T11:54:16.000Z</time>
      </trkpt>
      <trkpt lat="36.961872" lon="-4.633774">
        <ele>835.631617</ele>
        <time>2026-05-22T11:54:17.000Z</time>
      </trkpt>
      <trkpt lat="36.961858" lon="-4.633759">
        <ele>835.801203</ele>
        <time>2026-05-22T11:54:19.000Z</time>
      </trkpt>
      <trkpt lat="36.961828" lon="-4.633712">
        <ele>836.243496</ele>
        <time>2026-05-22T11:54:24.000Z</time>
      </trkpt>
      <trkpt lat="36.961777" lon="-4.633643">
        <ele>836.934592</ele>
        <time>2026-05-22T11:54:30.000Z</time>
      </trkpt>
      <trkpt lat="36.961773" lon="-4.633634">
        <ele>837.010313</ele>
        <time>2026-05-22T11:54:31.000Z</time>
      </trkpt>
      <trkpt lat="36.961751" lon="-4.633604">
        <ele>837.309705</ele>
        <time>2026-05-22T11:54:34.000Z</time>
      </trkpt>
      <trkpt lat="36.961734" lon="-4.633580">
        <ele>837.545521</ele>
        <time>2026-05-22T11:54:37.000Z</time>
      </trkpt>
      <trkpt lat="36.961681" lon="-4.633509">
        <ele>838.259917</ele>
        <time>2026-05-22T11:54:44.000Z</time>
      </trkpt>
      <trkpt lat="36.961673" lon="-4.633496">
        <ele>838.380562</ele>
        <time>2026-05-22T11:54:45.000Z</time>
      </trkpt>
      <trkpt lat="36.961627" lon="-4.633460">
        <ele>838.879791</ele>
        <time>2026-05-22T11:54:51.000Z</time>
      </trkpt>
      <trkpt lat="36.961639" lon="-4.633441">
        <ele>839.057860</ele>
        <time>2026-05-22T11:54:55.000Z</time>
      </trkpt>
      <trkpt lat="36.961638" lon="-4.633434">
        <ele>839.110144</ele>
        <time>2026-05-22T11:54:56.000Z</time>
      </trkpt>
      <trkpt lat="36.961644" lon="-4.633425">
        <ele>839.196325</ele>
        <time>2026-05-22T11:54:58.000Z</time>
      </trkpt>
      <trkpt lat="36.961655" lon="-4.633410">
        <ele>839.346021</ele>
        <time>2026-05-22T11:55:02.000Z</time>
      </trkpt>
      <trkpt lat="36.961644" lon="-4.633419">
        <ele>839.466952</ele>
        <time>2026-05-22T11:55:06.000Z</time>
      </trkpt>
      <trkpt lat="36.961632" lon="-4.633415">
        <ele>839.581223</ele>
        <time>2026-05-22T11:55:08.000Z</time>
      </trkpt>
      <trkpt lat="36.961631" lon="-4.633411">
        <ele>839.612039</ele>
        <time>2026-05-22T11:55:10.000Z</time>
      </trkpt>
      <trkpt lat="36.961612" lon="-4.633415">
        <ele>839.789329</ele>
        <time>2026-05-22T11:55:12.000Z</time>
      </trkpt>
      <trkpt lat="36.961608" lon="-4.633418">
        <ele>839.832240</ele>
        <time>2026-05-22T11:55:13.000Z</time>
      </trkpt>
      <trkpt lat="36.961613" lon="-4.633396">
        <ele>840.000412</ele>
        <time>2026-05-22T11:55:18.000Z</time>
      </trkpt>
      <trkpt lat="36.961587" lon="-4.633356">
        <ele>840.379536</ele>
        <time>2026-05-22T11:55:27.000Z</time>
      </trkpt>
      <trkpt lat="36.961569" lon="-4.633353">
        <ele>840.546631</ele>
        <time>2026-05-22T11:55:29.000Z</time>
      </trkpt>
      <trkpt lat="36.961521" lon="-4.633384">
        <ele>841.043660</ele>
        <time>2026-05-22T11:55:35.000Z</time>
      </trkpt>
      <trkpt lat="36.961609" lon="-4.633408">
        <ele>841.872420</ele>
        <time>2026-05-22T11:55:40.000Z</time>
      </trkpt>
      <trkpt lat="36.961607" lon="-4.633412">
        <ele>841.907114</ele>
        <time>2026-05-22T11:55:41.000Z</time>
      </trkpt>
      <trkpt lat="36.961648" lon="-4.633433">
        <ele>842.314760</ele>
        <time>2026-05-22T11:55:48.000Z</time>
      </trkpt>
      <trkpt lat="36.961650" lon="-4.633437">
        <ele>842.349453</ele>
        <time>2026-05-22T11:55:49.000Z</time>
      </trkpt>
      <trkpt lat="36.961639" lon="-4.633444">
        <ele>842.463007</ele>
        <time>2026-05-22T11:55:56.000Z</time>
      </trkpt>
      <trkpt lat="36.961635" lon="-4.633436">
        <ele>842.532394</ele>
        <time>2026-05-22T11:55:59.000Z</time>
      </trkpt>
      <trkpt lat="36.961631" lon="-4.633431">
        <ele>842.584416</ele>
        <time>2026-05-22T11:56:00.000Z</time>
      </trkpt>
      <trkpt lat="36.961627" lon="-4.633426">
        <ele>842.636438</ele>
        <time>2026-05-22T11:56:02.000Z</time>
      </trkpt>
      <trkpt lat="36.961628" lon="-4.633422">
        <ele>842.667254</ele>
        <time>2026-05-22T11:56:08.000Z</time>
      </trkpt>
      <trkpt lat="36.961631" lon="-4.633420">
        <ele>842.698532</ele>
        <time>2026-05-22T11:56:09.000Z</time>
      </trkpt>
      <trkpt lat="36.961633" lon="-4.633418">
        <ele>842.722089</ele>
        <time>2026-05-22T11:56:10.000Z</time>
      </trkpt>
      <trkpt lat="36.961642" lon="-4.633421">
        <ele>842.807792</ele>
        <time>2026-05-22T11:56:13.000Z</time>
      </trkpt>
      <trkpt lat="36.961648" lon="-4.633438">
        <ele>842.944436</ele>
        <time>2026-05-22T11:56:17.000Z</time>
      </trkpt>
      <trkpt lat="36.961648" lon="-4.633441">
        <ele>842.966494</ele>
        <time>2026-05-22T11:56:19.000Z</time>
      </trkpt>
      <trkpt lat="36.961646" lon="-4.633434">
        <ele>843.021153</ele>
        <time>2026-05-22T11:56:21.000Z</time>
      </trkpt>
      <trkpt lat="36.961644" lon="-4.633430">
        <ele>843.055847</ele>
        <time>2026-05-22T11:56:32.000Z</time>
      </trkpt>
      <trkpt lat="36.961642" lon="-4.633433">
        <ele>843.084574</ele>
        <time>2026-05-22T11:56:39.000Z</time>
      </trkpt>
      <trkpt lat="36.961644" lon="-4.633441">
        <ele>843.146206</ele>
        <time>2026-05-22T11:56:43.000Z</time>
      </trkpt>
      <trkpt lat="36.961602" lon="-4.633395">
        <ele>843.659776</ele>
        <time>2026-05-22T11:56:50.000Z</time>
      </trkpt>
      <trkpt lat="36.961576" lon="-4.633354">
        <ele>844.044632</ele>
        <time>2026-05-22T11:56:53.000Z</time>
      </trkpt>
      <trkpt lat="36.961564" lon="-4.633319">
        <ele>844.329446</ele>
        <time>2026-05-22T11:56:56.000Z</time>
      </trkpt>
      <trkpt lat="36.961527" lon="-4.633267">
        <ele>844.940682</ele>
        <time>2026-05-22T11:57:02.000Z</time>
      </trkpt>
      <trkpt lat="36.961493" lon="-4.633172">
        <ele>845.854467</ele>
        <time>2026-05-22T11:57:09.000Z</time>
      </trkpt>
      <trkpt lat="36.961492" lon="-4.633148">
        <ele>846.065436</ele>
        <time>2026-05-22T11:57:11.000Z</time>
      </trkpt>
      <trkpt lat="36.961480" lon="-4.633108">
        <ele>846.440508</ele>
        <time>2026-05-22T11:57:14.000Z</time>
      </trkpt>
      <trkpt lat="36.961477" lon="-4.633094">
        <ele>846.567749</ele>
        <time>2026-05-22T11:57:15.000Z</time>
      </trkpt>
      <trkpt lat="36.961475" lon="-4.633085">
        <ele>846.649753</ele>
        <time>2026-05-22T11:57:16.000Z</time>
      </trkpt>
      <trkpt lat="36.961467" lon="-4.633031">
        <ele>847.131869</ele>
        <time>2026-05-22T11:57:20.000Z</time>
      </trkpt>
      <trkpt lat="36.961466" lon="-4.633015">
        <ele>847.272753</ele>
        <time>2026-05-22T11:57:22.000Z</time>
      </trkpt>
      <trkpt lat="36.961462" lon="-4.632968">
        <ele>847.687674</ele>
        <time>2026-05-22T11:57:25.000Z</time>
      </trkpt>
      <trkpt lat="36.961462" lon="-4.632917">
        <ele>848.135375</ele>
        <time>2026-05-22T11:57:29.000Z</time>
      </trkpt>
      <trkpt lat="36.961460" lon="-4.632912">
        <ele>848.184460</ele>
        <time>2026-05-22T11:57:30.000Z</time>
      </trkpt>
      <trkpt lat="36.961454" lon="-4.632863">
        <ele>848.619626</ele>
        <time>2026-05-22T11:57:34.000Z</time>
      </trkpt>
      <trkpt lat="36.961454" lon="-4.632842">
        <ele>848.803974</ele>
        <time>2026-05-22T11:57:36.000Z</time>
      </trkpt>
      <trkpt lat="36.961455" lon="-4.632826">
        <ele>848.944858</ele>
        <time>2026-05-22T11:57:37.000Z</time>
      </trkpt>
      <trkpt lat="36.961455" lon="-4.632806">
        <ele>849.120427</ele>
        <time>2026-05-22T11:57:38.000Z</time>
      </trkpt>
      <trkpt lat="36.961458" lon="-4.632779">
        <ele>849.359726</ele>
        <time>2026-05-22T11:57:40.000Z</time>
      </trkpt>
      <trkpt lat="36.961457" lon="-4.632775">
        <ele>849.396519</ele>
        <time>2026-05-22T11:57:41.000Z</time>
      </trkpt>
      <trkpt lat="36.961458" lon="-4.632665">
        <ele>850.362211</ele>
        <time>2026-05-22T11:57:49.000Z</time>
      </trkpt>
      <trkpt lat="36.961460" lon="-4.632650">
        <ele>850.495709</ele>
        <time>2026-05-22T11:57:50.000Z</time>
      </trkpt>
      <trkpt lat="36.961475" lon="-4.632560">
        <ele>851.302774</ele>
        <time>2026-05-22T11:57:57.000Z</time>
      </trkpt>
      <trkpt lat="36.961473" lon="-4.632543">
        <ele>851.453616</ele>
        <time>2026-05-22T11:57:58.000Z</time>
      </trkpt>
      <trkpt lat="36.961466" lon="-4.632509">
        <ele>851.761832</ele>
        <time>2026-05-22T11:58:00.000Z</time>
      </trkpt>
      <trkpt lat="36.961459" lon="-4.632481">
        <ele>852.019379</ele>
        <time>2026-05-22T11:58:03.000Z</time>
      </trkpt>
      <trkpt lat="36.961448" lon="-4.632452">
        <ele>852.301182</ele>
        <time>2026-05-22T11:58:06.000Z</time>
      </trkpt>
      <trkpt lat="36.961440" lon="-4.632385">
        <ele>852.895869</ele>
        <time>2026-05-22T11:58:11.000Z</time>
      </trkpt>
      <trkpt lat="36.961430" lon="-4.632290">
        <ele>853.737028</ele>
        <time>2026-05-22T11:58:19.000Z</time>
      </trkpt>
      <trkpt lat="36.961428" lon="-4.632245">
        <ele>854.132669</ele>
        <time>2026-05-22T11:58:22.000Z</time>
      </trkpt>
      <trkpt lat="36.961434" lon="-4.632177">
        <ele>854.733233</ele>
        <time>2026-05-22T11:58:27.000Z</time>
      </trkpt>
      <trkpt lat="36.961440" lon="-4.632140">
        <ele>855.064657</ele>
        <time>2026-05-22T11:58:31.000Z</time>
      </trkpt>
      <trkpt lat="36.961432" lon="-4.632105">
        <ele>855.384227</ele>
        <time>2026-05-22T11:58:34.000Z</time>
      </trkpt>
      <trkpt lat="36.961404" lon="-4.632014">
        <ele>856.240248</ele>
        <time>2026-05-22T11:58:41.000Z</time>
      </trkpt>
      <trkpt lat="36.961393" lon="-4.631995">
        <ele>856.446218</ele>
        <time>2026-05-22T11:58:43.000Z</time>
      </trkpt>
      <trkpt lat="36.961369" lon="-4.631930">
        <ele>857.074793</ele>
        <time>2026-05-22T11:58:49.000Z</time>
      </trkpt>
      <trkpt lat="36.961352" lon="-4.631873">
        <ele>857.608886</ele>
        <time>2026-05-22T11:58:53.000Z</time>
      </trkpt>
      <trkpt lat="36.961348" lon="-4.631845">
        <ele>857.858580</ele>
        <time>2026-05-22T11:58:55.000Z</time>
      </trkpt>
      <trkpt lat="36.961324" lon="-4.631727">
        <ele>858.927471</ele>
        <time>2026-05-22T11:59:03.000Z</time>
      </trkpt>
      <trkpt lat="36.961302" lon="-4.631672">
        <ele>859.467405</ele>
        <time>2026-05-22T11:59:07.000Z</time>
      </trkpt>
      <trkpt lat="36.961287" lon="-4.631634">
        <ele>859.839472</ele>
        <time>2026-05-22T11:59:10.000Z</time>
      </trkpt>
      <trkpt lat="36.961248" lon="-4.631567">
        <ele>860.567147</ele>
        <time>2026-05-22T11:59:17.000Z</time>
      </trkpt>
      <trkpt lat="36.961244" lon="-4.631557">
        <ele>860.665317</ele>
        <time>2026-05-22T11:59:18.000Z</time>
      </trkpt>
      <trkpt lat="36.961232" lon="-4.631509">
        <ele>861.106827</ele>
        <time>2026-05-22T11:59:22.000Z</time>
      </trkpt>
      <trkpt lat="36.961228" lon="-4.631455">
        <ele>861.582898</ele>
        <time>2026-05-22T11:59:26.000Z</time>
      </trkpt>
      <trkpt lat="36.961225" lon="-4.631440">
        <ele>861.718637</ele>
        <time>2026-05-22T11:59:27.000Z</time>
      </trkpt>
      <trkpt lat="36.961188" lon="-4.631318">
        <ele>862.864160</ele>
        <time>2026-05-22T11:59:37.000Z</time>
      </trkpt>
      <trkpt lat="36.961173" lon="-4.631280">
        <ele>863.236228</ele>
        <time>2026-05-22T11:59:40.000Z</time>
      </trkpt>
      <trkpt lat="36.961162" lon="-4.631238">
        <ele>863.624225</ele>
        <time>2026-05-22T11:59:43.000Z</time>
      </trkpt>
      <trkpt lat="36.961149" lon="-4.631199">
        <ele>863.995182</ele>
        <time>2026-05-22T11:59:46.000Z</time>
      </trkpt>
      <trkpt lat="36.961140" lon="-4.631163">
        <ele>864.183155</ele>
        <time>2026-05-22T11:59:49.000Z</time>
      </trkpt>
      <trkpt lat="36.961135" lon="-4.631122">
        <ele>864.351275</ele>
        <time>2026-05-22T11:59:52.000Z</time>
      </trkpt>
      <trkpt lat="36.961130" lon="-4.631086">
        <ele>864.499390</ele>
        <time>2026-05-22T11:59:55.000Z</time>
      </trkpt>
      <trkpt lat="36.961128" lon="-4.631077">
        <ele>864.537257</ele>
        <time>2026-05-22T11:59:56.000Z</time>
      </trkpt>
      <trkpt lat="36.961124" lon="-4.630994">
        <ele>864.874312</ele>
        <time>2026-05-22T12:00:03.000Z</time>
      </trkpt>
      <trkpt lat="36.961114" lon="-4.630938">
        <ele>865.106910</ele>
        <time>2026-05-22T12:00:08.000Z</time>
      </trkpt>
      <trkpt lat="36.961108" lon="-4.630911">
        <ele>865.220510</ele>
        <time>2026-05-22T12:00:10.000Z</time>
      </trkpt>
      <trkpt lat="36.961103" lon="-4.630877">
        <ele>865.360645</ele>
        <time>2026-05-22T12:00:13.000Z</time>
      </trkpt>
      <trkpt lat="36.961097" lon="-4.630827">
        <ele>865.565595</ele>
        <time>2026-05-22T12:00:17.000Z</time>
      </trkpt>
      <trkpt lat="36.961082" lon="-4.630773">
        <ele>865.797336</ele>
        <time>2026-05-22T12:00:21.000Z</time>
      </trkpt>
      <trkpt lat="36.961082" lon="-4.630644">
        <ele>866.320243</ele>
        <time>2026-05-22T12:00:29.000Z</time>
      </trkpt>
      <trkpt lat="36.961089" lon="-4.630546">
        <ele>866.719075</ele>
        <time>2026-05-22T12:00:36.000Z</time>
      </trkpt>
      <trkpt lat="36.961089" lon="-4.630532">
        <ele>866.775825</ele>
        <time>2026-05-22T12:00:37.000Z</time>
      </trkpt>
      <trkpt lat="36.961087" lon="-4.630484">
        <ele>866.970659</ele>
        <time>2026-05-22T12:00:41.000Z</time>
      </trkpt>
      <trkpt lat="36.961083" lon="-4.630472">
        <ele>867.023365</ele>
        <time>2026-05-22T12:00:43.000Z</time>
      </trkpt>
      <trkpt lat="36.961075" lon="-4.630462">
        <ele>867.080725</ele>
        <time>2026-05-22T12:00:52.000Z</time>
      </trkpt>
      <trkpt lat="36.961071" lon="-4.630462">
        <ele>867.101017</ele>
        <time>2026-05-22T12:01:02.000Z</time>
      </trkpt>
      <trkpt lat="36.961070" lon="-4.630410">
        <ele>867.311862</ele>
        <time>2026-05-22T12:01:08.000Z</time>
      </trkpt>
      <trkpt lat="36.961072" lon="-4.630389">
        <ele>867.397589</ele>
        <time>2026-05-22T12:01:09.000Z</time>
      </trkpt>
      <trkpt lat="36.961080" lon="-4.630359">
        <ele>867.525789</ele>
        <time>2026-05-22T12:01:11.000Z</time>
      </trkpt>
      <trkpt lat="36.961084" lon="-4.630339">
        <ele>867.609361</ele>
        <time>2026-05-22T12:01:13.000Z</time>
      </trkpt>
      <trkpt lat="36.961085" lon="-4.630310">
        <ele>867.727023</ele>
        <time>2026-05-22T12:01:15.000Z</time>
      </trkpt>
      <trkpt lat="36.961088" lon="-4.630292">
        <ele>867.801557</ele>
        <time>2026-05-22T12:01:16.000Z</time>
      </trkpt>
      <trkpt lat="36.961085" lon="-4.630278">
        <ele>867.860312</ele>
        <time>2026-05-22T12:01:17.000Z</time>
      </trkpt>
      <trkpt lat="36.961082" lon="-4.630267">
        <ele>867.907427</ele>
        <time>2026-05-22T12:01:18.000Z</time>
      </trkpt>
      <trkpt lat="36.961085" lon="-4.630251">
        <ele>867.974045</ele>
        <time>2026-05-22T12:01:19.000Z</time>
      </trkpt>
      <trkpt lat="36.961086" lon="-4.630226">
        <ele>868.075511</ele>
        <time>2026-05-22T12:01:21.000Z</time>
      </trkpt>
      <trkpt lat="36.961088" lon="-4.630200">
        <ele>868.181390</ele>
        <time>2026-05-22T12:01:23.000Z</time>
      </trkpt>
      <trkpt lat="36.961087" lon="-4.630096">
        <ele>868.602990</ele>
        <time>2026-05-22T12:01:31.000Z</time>
      </trkpt>
      <trkpt lat="36.961090" lon="-4.630055">
        <ele>868.769880</ele>
        <time>2026-05-22T12:01:35.000Z</time>
      </trkpt>
      <trkpt lat="36.961098" lon="-4.629997">
        <ele>869.008463</ele>
        <time>2026-05-22T12:01:38.000Z</time>
      </trkpt>
      <trkpt lat="36.961097" lon="-4.629927">
        <ele>869.292257</ele>
        <time>2026-05-22T12:01:44.000Z</time>
      </trkpt>
      <trkpt lat="36.961099" lon="-4.629918">
        <ele>869.330123</ele>
        <time>2026-05-22T12:01:45.000Z</time>
      </trkpt>
      <trkpt lat="36.961100" lon="-4.629909">
        <ele>869.366956</ele>
        <time>2026-05-22T12:01:46.000Z</time>
      </trkpt>
      <trkpt lat="36.961091" lon="-4.629883">
        <ele>869.481813</ele>
        <time>2026-05-22T12:01:49.000Z</time>
      </trkpt>
      <trkpt lat="36.961082" lon="-4.629869">
        <ele>869.554649</ele>
        <time>2026-05-22T12:01:50.000Z</time>
      </trkpt>
      <trkpt lat="36.961077" lon="-4.629827">
        <ele>869.726777</ele>
        <time>2026-05-22T12:01:53.000Z</time>
      </trkpt>
      <trkpt lat="36.961094" lon="-4.629737">
        <ele>870.101651</ele>
        <time>2026-05-22T12:02:00.000Z</time>
      </trkpt>
      <trkpt lat="36.961104" lon="-4.629699">
        <ele>870.263824</ele>
        <time>2026-05-22T12:02:03.000Z</time>
      </trkpt>
      <trkpt lat="36.961115" lon="-4.629639">
        <ele>870.513357</ele>
        <time>2026-05-22T12:02:08.000Z</time>
      </trkpt>
      <trkpt lat="36.961112" lon="-4.629590">
        <ele>870.712562</ele>
        <time>2026-05-22T12:02:11.000Z</time>
      </trkpt>
      <trkpt lat="36.961124" lon="-4.629487">
        <ele>871.134492</ele>
        <time>2026-05-22T12:02:20.000Z</time>
      </trkpt>
      <trkpt lat="36.961124" lon="-4.629445">
        <ele>871.304741</ele>
        <time>2026-05-22T12:02:23.000Z</time>
      </trkpt>
      <trkpt lat="36.961128" lon="-4.629372">
        <ele>871.601345</ele>
        <time>2026-05-22T12:02:28.000Z</time>
      </trkpt>
      <trkpt lat="36.961127" lon="-4.629246">
        <ele>872.112116</ele>
        <time>2026-05-22T12:02:35.000Z</time>
      </trkpt>
      <trkpt lat="36.961127" lon="-4.629230">
        <ele>872.176973</ele>
        <time>2026-05-22T12:02:36.000Z</time>
      </trkpt>
      <trkpt lat="36.961139" lon="-4.629164">
        <ele>872.451346</ele>
        <time>2026-05-22T12:02:41.000Z</time>
      </trkpt>
      <trkpt lat="36.961142" lon="-4.629133">
        <ele>872.577924</ele>
        <time>2026-05-22T12:02:43.000Z</time>
      </trkpt>
      <trkpt lat="36.961155" lon="-4.629026">
        <ele>873.016638</ele>
        <time>2026-05-22T12:02:49.000Z</time>
      </trkpt>
      <trkpt lat="36.961162" lon="-4.628968">
        <ele>873.254365</ele>
        <time>2026-05-22T12:02:54.000Z</time>
      </trkpt>
      <trkpt lat="36.961163" lon="-4.628944">
        <ele>873.351720</ele>
        <time>2026-05-22T12:02:56.000Z</time>
      </trkpt>
      <trkpt lat="36.961153" lon="-4.628878">
        <ele>873.623846</ele>
        <time>2026-05-22T12:03:02.000Z</time>
      </trkpt>
      <trkpt lat="36.961154" lon="-4.628862">
        <ele>873.688859</ele>
        <time>2026-05-22T12:03:03.000Z</time>
      </trkpt>
      <trkpt lat="36.961159" lon="-4.628759">
        <ele>874.106876</ele>
        <time>2026-05-22T12:03:10.000Z</time>
      </trkpt>
      <trkpt lat="36.961165" lon="-4.628664">
        <ele>874.492915</ele>
        <time>2026-05-22T12:03:16.000Z</time>
      </trkpt>
      <trkpt lat="36.961166" lon="-4.628626">
        <ele>874.646934</ele>
        <time>2026-05-22T12:03:18.000Z</time>
      </trkpt>
      <trkpt lat="36.961154" lon="-4.628537">
        <ele>875.012565</ele>
        <time>2026-05-22T12:03:24.000Z</time>
      </trkpt>
      <trkpt lat="36.961144" lon="-4.628443">
        <ele>875.396714</ele>
        <time>2026-05-22T12:03:31.000Z</time>
      </trkpt>
      <trkpt lat="36.961118" lon="-4.628336">
        <ele>875.849764</ele>
        <time>2026-05-22T12:03:38.000Z</time>
      </trkpt>
      <trkpt lat="36.961099" lon="-4.628273">
        <ele>876.122546</ele>
        <time>2026-05-22T12:03:43.000Z</time>
      </trkpt>
      <trkpt lat="36.961092" lon="-4.628258">
        <ele>876.192915</ele>
        <time>2026-05-22T12:03:44.000Z</time>
      </trkpt>
      <trkpt lat="36.961080" lon="-4.628233">
        <ele>876.311056</ele>
        <time>2026-05-22T12:03:46.000Z</time>
      </trkpt>
      <trkpt lat="36.961066" lon="-4.628172">
        <ele>876.568155</ele>
        <time>2026-05-22T12:03:51.000Z</time>
      </trkpt>
      <trkpt lat="36.961062" lon="-4.628136">
        <ele>876.715392</ele>
        <time>2026-05-22T12:03:53.000Z</time>
      </trkpt>
      <trkpt lat="36.961053" lon="-4.628106">
        <ele>876.845204</ele>
        <time>2026-05-22T12:03:55.000Z</time>
      </trkpt>
      <trkpt lat="36.961048" lon="-4.628088">
        <ele>876.922401</ele>
        <time>2026-05-22T12:03:56.000Z</time>
      </trkpt>
      <trkpt lat="36.961023" lon="-4.628036">
        <ele>877.168241</ele>
        <time>2026-05-22T12:04:01.000Z</time>
      </trkpt>
      <trkpt lat="36.960997" lon="-4.627997">
        <ele>877.373995</ele>
        <time>2026-05-22T12:04:07.000Z</time>
      </trkpt>
      <trkpt lat="36.960992" lon="-4.627982">
        <ele>877.439834</ele>
        <time>2026-05-22T12:04:08.000Z</time>
      </trkpt>
      <trkpt lat="36.960982" lon="-4.627973">
        <ele>877.502280</ele>
        <time>2026-05-22T12:04:09.000Z</time>
      </trkpt>
      <trkpt lat="36.960971" lon="-4.627945">
        <ele>877.628674</ele>
        <time>2026-05-22T12:04:11.000Z</time>
      </trkpt>
      <trkpt lat="36.960963" lon="-4.627921">
        <ele>877.734018</ele>
        <time>2026-05-22T12:04:13.000Z</time>
      </trkpt>
      <trkpt lat="36.960946" lon="-4.627868">
        <ele>877.965371</ele>
        <time>2026-05-22T12:04:17.000Z</time>
      </trkpt>
      <trkpt lat="36.960931" lon="-4.627817">
        <ele>878.185521</ele>
        <time>2026-05-22T12:04:20.000Z</time>
      </trkpt>
      <trkpt lat="36.960921" lon="-4.627724">
        <ele>878.565655</ele>
        <time>2026-05-22T12:04:27.000Z</time>
      </trkpt>
      <trkpt lat="36.960901" lon="-4.627649">
        <ele>878.885949</ele>
        <time>2026-05-22T12:04:33.000Z</time>
      </trkpt>
      <trkpt lat="36.960856" lon="-4.627581">
        <ele>879.243620</ele>
        <time>2026-05-22T12:04:39.000Z</time>
      </trkpt>
      <trkpt lat="36.960827" lon="-4.627529">
        <ele>879.500503</ele>
        <time>2026-05-22T12:04:44.000Z</time>
      </trkpt>
      <trkpt lat="36.960797" lon="-4.627468">
        <ele>879.790666</ele>
        <time>2026-05-22T12:04:48.000Z</time>
      </trkpt>
      <trkpt lat="36.960786" lon="-4.627441">
        <ele>879.913438</ele>
        <time>2026-05-22T12:04:50.000Z</time>
      </trkpt>
      <trkpt lat="36.960773" lon="-4.627322">
        <ele>880.399987</ele>
        <time>2026-05-22T12:04:59.000Z</time>
      </trkpt>
      <trkpt lat="36.960766" lon="-4.627283">
        <ele>880.561911</ele>
        <time>2026-05-22T12:05:02.000Z</time>
      </trkpt>
      <trkpt lat="36.960756" lon="-4.627222">
        <ele>880.814167</ele>
        <time>2026-05-22T12:05:06.000Z</time>
      </trkpt>
      <trkpt lat="36.960755" lon="-4.627209">
        <ele>880.867073</ele>
        <time>2026-05-22T12:05:07.000Z</time>
      </trkpt>
      <trkpt lat="36.960741" lon="-4.627109">
        <ele>881.278340</ele>
        <time>2026-05-22T12:05:14.000Z</time>
      </trkpt>
      <trkpt lat="36.960735" lon="-4.627064">
        <ele>881.463154</ele>
        <time>2026-05-22T12:05:17.000Z</time>
      </trkpt>
      <trkpt lat="36.960724" lon="-4.627001">
        <ele>881.724387</ele>
        <time>2026-05-22T12:05:22.000Z</time>
      </trkpt>
      <trkpt lat="36.960712" lon="-4.626944">
        <ele>881.963171</ele>
        <time>2026-05-22T12:05:26.000Z</time>
      </trkpt>
      <trkpt lat="36.960705" lon="-4.626901">
        <ele>882.140941</ele>
        <time>2026-05-22T12:05:29.000Z</time>
      </trkpt>
      <trkpt lat="36.960702" lon="-4.626820">
        <ele>882.465086</ele>
        <time>2026-05-22T12:05:35.000Z</time>
      </trkpt>
      <trkpt lat="36.960678" lon="-4.626706">
        <ele>882.930178</ele>
        <time>2026-05-22T12:05:44.000Z</time>
      </trkpt>
      <trkpt lat="36.960677" lon="-4.626626">
        <ele>883.245826</ele>
        <time>2026-05-22T12:05:50.000Z</time>
      </trkpt>
      <trkpt lat="36.960679" lon="-4.626574">
        <ele>883.451210</ele>
        <time>2026-05-22T12:05:53.000Z</time>
      </trkpt>
      <trkpt lat="36.960687" lon="-4.626452">
        <ele>883.934133</ele>
        <time>2026-05-22T12:06:01.000Z</time>
      </trkpt>
      <trkpt lat="36.960677" lon="-4.626344">
        <ele>884.363057</ele>
        <time>2026-05-22T12:06:07.000Z</time>
      </trkpt>
      <trkpt lat="36.960667" lon="-4.626235">
        <ele>884.795900</ele>
        <time>2026-05-22T12:06:14.000Z</time>
      </trkpt>
      <trkpt lat="36.960648" lon="-4.626173">
        <ele>885.057869</ele>
        <time>2026-05-22T12:06:20.000Z</time>
      </trkpt>
      <trkpt lat="36.960645" lon="-4.626160">
        <ele>885.111252</ele>
        <time>2026-05-22T12:06:21.000Z</time>
      </trkpt>
      <trkpt lat="36.960633" lon="-4.626107">
        <ele>885.328575</ele>
        <time>2026-05-22T12:06:25.000Z</time>
      </trkpt>
      <trkpt lat="36.960642" lon="-4.626065">
        <ele>885.500125</ele>
        <time>2026-05-22T12:06:28.000Z</time>
      </trkpt>
      <trkpt lat="36.960636" lon="-4.625969">
        <ele>885.880014</ele>
        <time>2026-05-22T12:06:35.000Z</time>
      </trkpt>
      <trkpt lat="36.960633" lon="-4.625940">
        <ele>885.995377</ele>
        <time>2026-05-22T12:06:37.000Z</time>
      </trkpt>
      <trkpt lat="36.960642" lon="-4.625835">
        <ele>886.411992</ele>
        <time>2026-05-22T12:06:42.000Z</time>
      </trkpt>
      <trkpt lat="36.960651" lon="-4.625751">
        <ele>886.746348</ele>
        <time>2026-05-22T12:06:48.000Z</time>
      </trkpt>
      <trkpt lat="36.960641" lon="-4.625661">
        <ele>887.104825</ele>
        <time>2026-05-22T12:06:54.000Z</time>
      </trkpt>
      <trkpt lat="36.960644" lon="-4.625621">
        <ele>887.263324</ele>
        <time>2026-05-22T12:06:56.000Z</time>
      </trkpt>
      <trkpt lat="36.960642" lon="-4.625591">
        <ele>887.382088</ele>
        <time>2026-05-22T12:07:00.000Z</time>
      </trkpt>
      <trkpt lat="36.960624" lon="-4.625509">
        <ele>887.717574</ele>
        <time>2026-05-22T12:07:07.000Z</time>
      </trkpt>
      <trkpt lat="36.960617" lon="-4.625478">
        <ele>887.844662</ele>
        <time>2026-05-22T12:07:09.000Z</time>
      </trkpt>
      <trkpt lat="36.960605" lon="-4.625439">
        <ele>888.009535</ele>
        <time>2026-05-22T12:07:12.000Z</time>
      </trkpt>
      <trkpt lat="36.960606" lon="-4.625423">
        <ele>888.072850</ele>
        <time>2026-05-22T12:07:14.000Z</time>
      </trkpt>
      <trkpt lat="36.960589" lon="-4.625353">
        <ele>888.361482</ele>
        <time>2026-05-22T12:07:20.000Z</time>
      </trkpt>
      <trkpt lat="36.960588" lon="-4.625335">
        <ele>888.432666</ele>
        <time>2026-05-22T12:07:21.000Z</time>
      </trkpt>
      <trkpt lat="36.960564" lon="-4.625275">
        <ele>888.697376</ele>
        <time>2026-05-22T12:07:26.000Z</time>
      </trkpt>
      <trkpt lat="36.960560" lon="-4.625255">
        <ele>888.778712</ele>
        <time>2026-05-22T12:07:27.000Z</time>
      </trkpt>
      <trkpt lat="36.960569" lon="-4.625213">
        <ele>888.950262</ele>
        <time>2026-05-22T12:07:31.000Z</time>
      </trkpt>
      <trkpt lat="36.960572" lon="-4.625198">
        <ele>889.011265</ele>
        <time>2026-05-22T12:07:33.000Z</time>
      </trkpt>
      <trkpt lat="36.960571" lon="-4.625193">
        <ele>889.031599</ele>
        <time>2026-05-22T12:07:39.000Z</time>
      </trkpt>
      <trkpt lat="36.960570" lon="-4.625199">
        <ele>889.055779</ele>
        <time>2026-05-22T12:07:41.000Z</time>
      </trkpt>
      <trkpt lat="36.960572" lon="-4.625201">
        <ele>889.068419</ele>
        <time>2026-05-22T12:07:43.000Z</time>
      </trkpt>
      <trkpt lat="36.960586" lon="-4.625212">
        <ele>889.150034</ele>
        <time>2026-05-22T12:07:46.000Z</time>
      </trkpt>
      <trkpt lat="36.960583" lon="-4.625211">
        <ele>889.165362</ele>
        <time>2026-05-22T12:07:50.000Z</time>
      </trkpt>
      <trkpt lat="36.960585" lon="-4.625217">
        <ele>889.191010</ele>
        <time>2026-05-22T12:07:53.000Z</time>
      </trkpt>
      <trkpt lat="36.960590" lon="-4.625208">
        <ele>889.234255</ele>
        <time>2026-05-22T12:08:02.000Z</time>
      </trkpt>
      <trkpt lat="36.960576" lon="-4.625202">
        <ele>889.307317</ele>
        <time>2026-05-22T12:08:09.000Z</time>
      </trkpt>
      <trkpt lat="36.960588" lon="-4.625195">
        <ele>889.372685</ele>
        <time>2026-05-22T12:08:17.000Z</time>
      </trkpt>
      <trkpt lat="36.960608" lon="-4.625182">
        <ele>889.483954</ele>
        <time>2026-05-22T12:08:21.000Z</time>
      </trkpt>
      <trkpt lat="36.960599" lon="-4.625177">
        <ele>889.532571</ele>
        <time>2026-05-22T12:08:24.000Z</time>
      </trkpt>
      <trkpt lat="36.960594" lon="-4.625176">
        <ele>889.557571</ele>
        <time>2026-05-22T12:08:25.000Z</time>
      </trkpt>
      <trkpt lat="36.960588" lon="-4.625178">
        <ele>889.588227</ele>
        <time>2026-05-22T12:08:26.000Z</time>
      </trkpt>
      <trkpt lat="36.960583" lon="-4.625177">
        <ele>889.613227</ele>
        <time>2026-05-22T12:08:27.000Z</time>
      </trkpt>
      <trkpt lat="36.960581" lon="-4.625161">
        <ele>889.677117</ele>
        <time>2026-05-22T12:08:35.000Z</time>
      </trkpt>
      <trkpt lat="36.960596" lon="-4.625177">
        <ele>889.774426</ele>
        <time>2026-05-22T12:08:44.000Z</time>
      </trkpt>
      <trkpt lat="36.960595" lon="-4.625180">
        <ele>889.787250</ele>
        <time>2026-05-22T12:08:45.000Z</time>
      </trkpt>
      <trkpt lat="36.960594" lon="-4.625181">
        <ele>889.793570</ele>
        <time>2026-05-22T12:08:46.000Z</time>
      </trkpt>
      <trkpt lat="36.960569" lon="-4.625198">
        <ele>889.934046</ele>
        <time>2026-05-22T12:08:52.000Z</time>
      </trkpt>
      <trkpt lat="36.960551" lon="-4.625203">
        <ele>890.025080</ele>
        <time>2026-05-22T12:08:56.000Z</time>
      </trkpt>
      <trkpt lat="36.960560" lon="-4.625172">
        <ele>890.155201</ele>
        <time>2026-05-22T12:09:06.000Z</time>
      </trkpt>
      <trkpt lat="36.960530" lon="-4.625087">
        <ele>890.521792</ele>
        <time>2026-05-22T12:09:12.000Z</time>
      </trkpt>
      <trkpt lat="36.960473" lon="-4.624992">
        <ele>890.990477</ele>
        <time>2026-05-22T12:09:19.000Z</time>
      </trkpt>
      <trkpt lat="36.960458" lon="-4.624980">
        <ele>891.078374</ele>
        <time>2026-05-22T12:09:21.000Z</time>
      </trkpt>
      <trkpt lat="36.960395" lon="-4.624921">
        <ele>891.395541</ele>
        <time>2026-05-22T12:09:28.000Z</time>
      </trkpt>
      <trkpt lat="36.960385" lon="-4.624914">
        <ele>891.437853</ele>
        <time>2026-05-22T12:09:29.000Z</time>
      </trkpt>
      <trkpt lat="36.960332" lon="-4.624873">
        <ele>891.667942</ele>
        <time>2026-05-22T12:09:35.000Z</time>
      </trkpt>
      <trkpt lat="36.960308" lon="-4.624861">
        <ele>891.763380</ele>
        <time>2026-05-22T12:09:38.000Z</time>
      </trkpt>
      <trkpt lat="36.960271" lon="-4.624837">
        <ele>891.917274</ele>
        <time>2026-05-22T12:09:42.000Z</time>
      </trkpt>
      <trkpt lat="36.960227" lon="-4.624788">
        <ele>892.134771</ele>
        <time>2026-05-22T12:09:47.000Z</time>
      </trkpt>
      <trkpt lat="36.960219" lon="-4.624780">
        <ele>892.172586</ele>
        <time>2026-05-22T12:09:48.000Z</time>
      </trkpt>
      <trkpt lat="36.960149" lon="-4.624734">
        <ele>892.464549</ele>
        <time>2026-05-22T12:09:55.000Z</time>
      </trkpt>
      <trkpt lat="36.960071" lon="-4.624692">
        <ele>892.778114</ele>
        <time>2026-05-22T12:10:02.000Z</time>
      </trkpt>
      <trkpt lat="36.960054" lon="-4.624686">
        <ele>892.843340</ele>
        <time>2026-05-22T12:10:03.000Z</time>
      </trkpt>
      <trkpt lat="36.960036" lon="-4.624678">
        <ele>892.913877</ele>
        <time>2026-05-22T12:10:04.000Z</time>
      </trkpt>
      <trkpt lat="36.960011" lon="-4.624667">
        <ele>893.011735</ele>
        <time>2026-05-22T12:10:06.000Z</time>
      </trkpt>
      <trkpt lat="36.959985" lon="-4.624659">
        <ele>893.110606</ele>
        <time>2026-05-22T12:10:09.000Z</time>
      </trkpt>
      <trkpt lat="36.959973" lon="-4.624658">
        <ele>893.155018</ele>
        <time>2026-05-22T12:10:10.000Z</time>
      </trkpt>
      <trkpt lat="36.959944" lon="-4.624664">
        <ele>893.263561</ele>
        <time>2026-05-22T12:10:13.000Z</time>
      </trkpt>
      <trkpt lat="36.959899" lon="-4.624657">
        <ele>893.431014</ele>
        <time>2026-05-22T12:10:16.000Z</time>
      </trkpt>
      <trkpt lat="36.959887" lon="-4.624651">
        <ele>893.478733</ele>
        <time>2026-05-22T12:10:17.000Z</time>
      </trkpt>
      <trkpt lat="36.959838" lon="-4.624612">
        <ele>893.693173</ele>
        <time>2026-05-22T12:10:22.000Z</time>
      </trkpt>
      <trkpt lat="36.959814" lon="-4.624602">
        <ele>893.786582</ele>
        <time>2026-05-22T12:10:24.000Z</time>
      </trkpt>
      <trkpt lat="36.959719" lon="-4.624552">
        <ele>894.167156</ele>
        <time>2026-05-22T12:10:33.000Z</time>
      </trkpt>
      <trkpt lat="36.959669" lon="-4.624546">
        <ele>894.352641</ele>
        <time>2026-05-22T12:10:37.000Z</time>
      </trkpt>
      <trkpt lat="36.959636" lon="-4.624538">
        <ele>894.476767</ele>
        <time>2026-05-22T12:10:41.000Z</time>
      </trkpt>
      <trkpt lat="36.959536" lon="-4.624511">
        <ele>894.854540</ele>
        <time>2026-05-22T12:10:49.000Z</time>
      </trkpt>
      <trkpt lat="36.959466" lon="-4.624497">
        <ele>895.116314</ele>
        <time>2026-05-22T12:10:57.000Z</time>
      </trkpt>
      <trkpt lat="36.959464" lon="-4.624492">
        <ele>895.132813</ele>
        <time>2026-05-22T12:10:58.000Z</time>
      </trkpt>
      <trkpt lat="36.959391" lon="-4.624466">
        <ele>895.413089</ele>
        <time>2026-05-22T12:11:03.000Z</time>
      </trkpt>
      <trkpt lat="36.959356" lon="-4.624455">
        <ele>895.546349</ele>
        <time>2026-05-22T12:11:06.000Z</time>
      </trkpt>
      <trkpt lat="36.959290" lon="-4.624434">
        <ele>895.797825</ele>
        <time>2026-05-22T12:11:11.000Z</time>
      </trkpt>
      <trkpt lat="36.959270" lon="-4.624426">
        <ele>895.875361</ele>
        <time>2026-05-22T12:11:13.000Z</time>
      </trkpt>
      <trkpt lat="36.959194" lon="-4.624389">
        <ele>896.176500</ele>
        <time>2026-05-22T12:11:20.000Z</time>
      </trkpt>
      <trkpt lat="36.959154" lon="-4.624368">
        <ele>896.336681</ele>
        <time>2026-05-22T12:11:24.000Z</time>
      </trkpt>
      <trkpt lat="36.959138" lon="-4.624361">
        <ele>896.399272</ele>
        <time>2026-05-22T12:11:26.000Z</time>
      </trkpt>
      <trkpt lat="36.959055" lon="-4.624337">
        <ele>896.713846</ele>
        <time>2026-05-22T12:11:32.000Z</time>
      </trkpt>
      <trkpt lat="36.959044" lon="-4.624334">
        <ele>896.755420</ele>
        <time>2026-05-22T12:11:33.000Z</time>
      </trkpt>
      <trkpt lat="36.958996" lon="-4.624312">
        <ele>896.944186</ele>
        <time>2026-05-22T12:11:39.000Z</time>
      </trkpt>
      <trkpt lat="36.958927" lon="-4.624279">
        <ele>897.216960</ele>
        <time>2026-05-22T12:11:44.000Z</time>
      </trkpt>
      <trkpt lat="36.958910" lon="-4.624269">
        <ele>897.286326</ele>
        <time>2026-05-22T12:11:46.000Z</time>
      </trkpt>
      <trkpt lat="36.958814" lon="-4.624221">
        <ele>897.668078</ele>
        <time>2026-05-22T12:11:54.000Z</time>
      </trkpt>
      <trkpt lat="36.958748" lon="-4.624200">
        <ele>897.972762</ele>
        <time>2026-05-22T12:12:01.000Z</time>
      </trkpt>
      <trkpt lat="36.958660" lon="-4.624168">
        <ele>898.503326</ele>
        <time>2026-05-22T12:12:08.000Z</time>
      </trkpt>
      <trkpt lat="36.958649" lon="-4.624167">
        <ele>898.567181</ele>
        <time>2026-05-22T12:12:09.000Z</time>
      </trkpt>
      <trkpt lat="36.958575" lon="-4.624128">
        <ele>899.032059</ele>
        <time>2026-05-22T12:12:16.000Z</time>
      </trkpt>
      <trkpt lat="36.958577" lon="-4.624069">
        <ele>899.305259</ele>
        <time>2026-05-22T12:12:22.000Z</time>
      </trkpt>
      <trkpt lat="36.958591" lon="-4.624052">
        <ele>899.418200</ele>
        <time>2026-05-22T12:12:30.000Z</time>
      </trkpt>
      <trkpt lat="36.958593" lon="-4.624046">
        <ele>899.448276</ele>
        <time>2026-05-22T12:12:36.000Z</time>
      </trkpt>
      <trkpt lat="36.958609" lon="-4.624036">
        <ele>899.551821</ele>
        <time>2026-05-22T12:12:41.000Z</time>
      </trkpt>
      <trkpt lat="36.958670" lon="-4.624005">
        <ele>899.933000</ele>
        <time>2026-05-22T12:12:48.000Z</time>
      </trkpt>
      <trkpt lat="36.958726" lon="-4.623995">
        <ele>900.260506</ele>
        <time>2026-05-22T12:12:54.000Z</time>
      </trkpt>
      <trkpt lat="36.958808" lon="-4.623985">
        <ele>900.737508</ele>
        <time>2026-05-22T12:13:01.000Z</time>
      </trkpt>
      <trkpt lat="36.958866" lon="-4.623998">
        <ele>901.078652</ele>
        <time>2026-05-22T12:13:07.000Z</time>
      </trkpt>
      <trkpt lat="36.958892" lon="-4.624001">
        <ele>901.229822</ele>
        <time>2026-05-22T12:13:09.000Z</time>
      </trkpt>
      <trkpt lat="36.958920" lon="-4.624003">
        <ele>901.392197</ele>
        <time>2026-05-22T12:13:12.000Z</time>
      </trkpt>
      <trkpt lat="36.958976" lon="-4.624009">
        <ele>901.717605</ele>
        <time>2026-05-22T12:13:18.000Z</time>
      </trkpt>
      <trkpt lat="36.959050" lon="-4.624006">
        <ele>902.146266</ele>
        <time>2026-05-22T12:13:26.000Z</time>
      </trkpt>
      <trkpt lat="36.959121" lon="-4.623998">
        <ele>902.558995</ele>
        <time>2026-05-22T12:13:32.000Z</time>
      </trkpt>
      <trkpt lat="36.959139" lon="-4.623998">
        <ele>902.663209</ele>
        <time>2026-05-22T12:13:34.000Z</time>
      </trkpt>
      <trkpt lat="36.959211" lon="-4.623979">
        <ele>903.089233</ele>
        <time>2026-05-22T12:13:41.000Z</time>
      </trkpt>
      <trkpt lat="36.959276" lon="-4.623970">
        <ele>903.467858</ele>
        <time>2026-05-22T12:13:48.000Z</time>
      </trkpt>
      <trkpt lat="36.959286" lon="-4.623969">
        <ele>903.525939</ele>
        <time>2026-05-22T12:13:49.000Z</time>
      </trkpt>
      <trkpt lat="36.959352" lon="-4.623943">
        <ele>903.926542</ele>
        <time>2026-05-22T12:13:56.000Z</time>
      </trkpt>
      <trkpt lat="36.959434" lon="-4.623943">
        <ele>904.401295</ele>
        <time>2026-05-22T12:14:04.000Z</time>
      </trkpt>
      <trkpt lat="36.959448" lon="-4.623944">
        <ele>904.482483</ele>
        <time>2026-05-22T12:14:05.000Z</time>
      </trkpt>
      <trkpt lat="36.959536" lon="-4.623922">
        <ele>905.002041</ele>
        <time>2026-05-22T12:14:12.000Z</time>
      </trkpt>
      <trkpt lat="36.959602" lon="-4.623895">
        <ele>905.404057</ele>
        <time>2026-05-22T12:14:18.000Z</time>
      </trkpt>
      <trkpt lat="36.959653" lon="-4.623875">
        <ele>905.713488</ele>
        <time>2026-05-22T12:14:22.000Z</time>
      </trkpt>
      <trkpt lat="36.959686" lon="-4.623857">
        <ele>905.921906</ele>
        <time>2026-05-22T12:14:26.000Z</time>
      </trkpt>
      <trkpt lat="36.959741" lon="-4.623820">
        <ele>906.283429</ele>
        <time>2026-05-22T12:14:33.000Z</time>
      </trkpt>
      <trkpt lat="36.959749" lon="-4.623814">
        <ele>906.337427</ele>
        <time>2026-05-22T12:14:34.000Z</time>
      </trkpt>
      <trkpt lat="36.959774" lon="-4.623782">
        <ele>906.544469</ele>
        <time>2026-05-22T12:14:38.000Z</time>
      </trkpt>
      <trkpt lat="36.959783" lon="-4.623758">
        <ele>906.667119</ele>
        <time>2026-05-22T12:14:43.000Z</time>
      </trkpt>
      <trkpt lat="36.959794" lon="-4.623742">
        <ele>906.764766</ele>
        <time>2026-05-22T12:14:46.000Z</time>
      </trkpt>
      <trkpt lat="36.959803" lon="-4.623765">
        <ele>906.883244</ele>
        <time>2026-05-22T12:14:51.000Z</time>
      </trkpt>
      <trkpt lat="36.959804" lon="-4.623749">
        <ele>906.957491</ele>
        <time>2026-05-22T12:14:55.000Z</time>
      </trkpt>
      <trkpt lat="36.959804" lon="-4.623752">
        <ele>906.971370</ele>
        <time>2026-05-22T12:14:59.000Z</time>
      </trkpt>
      <trkpt lat="36.959774" lon="-4.623768">
        <ele>907.160175</ele>
        <time>2026-05-22T12:15:11.000Z</time>
      </trkpt>
      <trkpt lat="36.959772" lon="-4.623805">
        <ele>907.331739</ele>
        <time>2026-05-22T12:15:25.000Z</time>
      </trkpt>
      <trkpt lat="36.959807" lon="-4.623809">
        <ele>907.535220</ele>
        <time>2026-05-22T12:15:33.000Z</time>
      </trkpt>
      <trkpt lat="36.959802" lon="-4.623820">
        <ele>907.593767</ele>
        <time>2026-05-22T12:15:40.000Z</time>
      </trkpt>
      <trkpt lat="36.959798" lon="-4.623822">
        <ele>907.618706</ele>
        <time>2026-05-22T12:15:41.000Z</time>
      </trkpt>
      <trkpt lat="36.959826" lon="-4.623838">
        <ele>907.796916</ele>
        <time>2026-05-22T12:15:50.000Z</time>
      </trkpt>
      <trkpt lat="36.959801" lon="-4.623797">
        <ele>908.035512</ele>
        <time>2026-05-22T12:15:58.000Z</time>
      </trkpt>
      <trkpt lat="36.959818" lon="-4.623798">
        <ele>908.134045</ele>
        <time>2026-05-22T12:16:06.000Z</time>
      </trkpt>
      <trkpt lat="36.959808" lon="-4.623794">
        <ele>908.194827</ele>
        <time>2026-05-22T12:16:10.000Z</time>
      </trkpt>
      <trkpt lat="36.959811" lon="-4.623793">
        <ele>908.212802</ele>
        <time>2026-05-22T12:16:14.000Z</time>
      </trkpt>
      <trkpt lat="36.959819" lon="-4.623796">
        <ele>908.258414</ele>
        <time>2026-05-22T12:16:16.000Z</time>
      </trkpt>
      <trkpt lat="36.959828" lon="-4.623829">
        <ele>908.399399</ele>
        <time>2026-05-22T12:16:26.000Z</time>
      </trkpt>
      <trkpt lat="36.959835" lon="-4.623838">
        <ele>908.450180</ele>
        <time>2026-05-22T12:16:29.000Z</time>
      </trkpt>
      <trkpt lat="36.959833" lon="-4.623832">
        <ele>908.476466</ele>
        <time>2026-05-22T12:16:32.000Z</time>
      </trkpt>
      <trkpt lat="36.959834" lon="-4.623824">
        <ele>908.509206</ele>
        <time>2026-05-22T12:16:34.000Z</time>
      </trkpt>
      <trkpt lat="36.959837" lon="-4.623821">
        <ele>908.528637</ele>
        <time>2026-05-22T12:16:35.000Z</time>
      </trkpt>
      <trkpt lat="36.959839" lon="-4.623821">
        <ele>908.538757</ele>
        <time>2026-05-22T12:16:36.000Z</time>
      </trkpt>
      <trkpt lat="36.959841" lon="-4.623812">
        <ele>908.576527</ele>
        <time>2026-05-22T12:16:38.000Z</time>
      </trkpt>
      <trkpt lat="36.959832" lon="-4.623797">
        <ele>908.652371</ele>
        <time>2026-05-22T12:16:44.000Z</time>
      </trkpt>
      <trkpt lat="36.959768" lon="-4.623816">
        <ele>908.985200</ele>
        <time>2026-05-22T12:16:50.000Z</time>
      </trkpt>
      <trkpt lat="36.959762" lon="-4.623817">
        <ele>909.015828</ele>
        <time>2026-05-22T12:16:51.000Z</time>
      </trkpt>
      <trkpt lat="36.959771" lon="-4.623811">
        <ele>909.067427</ele>
        <time>2026-05-22T12:16:59.000Z</time>
      </trkpt>
      <trkpt lat="36.959771" lon="-4.623811">
        <ele>909.067427</ele>
        <time>2026-05-22T12:17:04.000Z</time>
      </trkpt>
      <trkpt lat="36.959780" lon="-4.623803">
        <ele>909.123286</ele>
        <time>2026-05-22T12:17:05.000Z</time>
      </trkpt>
      <trkpt lat="36.959792" lon="-4.623798">
        <ele>909.187283</ele>
        <time>2026-05-22T12:17:07.000Z</time>
      </trkpt>
      <trkpt lat="36.959796" lon="-4.623801">
        <ele>909.210880</ele>
        <time>2026-05-22T12:17:09.000Z</time>
      </trkpt>
      <trkpt lat="36.959842" lon="-4.623799">
        <ele>909.443782</ele>
        <time>2026-05-22T12:17:18.000Z</time>
      </trkpt>
      <trkpt lat="36.959864" lon="-4.623790">
        <ele>909.560899</ele>
        <time>2026-05-22T12:17:24.000Z</time>
      </trkpt>
      <trkpt lat="36.959847" lon="-4.623795">
        <ele>909.649264</ele>
        <time>2026-05-22T12:17:27.000Z</time>
      </trkpt>
      <trkpt lat="36.959801" lon="-4.623814">
        <ele>909.894375</ele>
        <time>2026-05-22T12:17:36.000Z</time>
      </trkpt>
      <trkpt lat="36.959848" lon="-4.623773">
        <ele>910.184272</ele>
        <time>2026-05-22T12:17:43.000Z</time>
      </trkpt>
      <trkpt lat="36.959915" lon="-4.623711">
        <ele>910.605909</ele>
        <time>2026-05-22T12:17:49.000Z</time>
      </trkpt>
      <trkpt lat="36.959939" lon="-4.623620">
        <ele>910.993368</ele>
        <time>2026-05-22T12:17:56.000Z</time>
      </trkpt>
      <trkpt lat="36.959942" lon="-4.623609">
        <ele>911.040363</ele>
        <time>2026-05-22T12:17:57.000Z</time>
      </trkpt>
      <trkpt lat="36.959963" lon="-4.623541">
        <ele>911.335124</ele>
        <time>2026-05-22T12:18:03.000Z</time>
      </trkpt>
      <trkpt lat="36.959969" lon="-4.623513">
        <ele>911.452335</ele>
        <time>2026-05-22T12:18:07.000Z</time>
      </trkpt>
      <trkpt lat="36.959968" lon="-4.623495">
        <ele>911.525290</ele>
        <time>2026-05-22T12:18:09.000Z</time>
      </trkpt>
      <trkpt lat="36.959969" lon="-4.623483">
        <ele>911.574072</ele>
        <time>2026-05-22T12:18:10.000Z</time>
      </trkpt>
      <trkpt lat="36.959970" lon="-4.623472">
        <ele>911.618835</ele>
        <time>2026-05-22T12:18:11.000Z</time>
      </trkpt>
      <trkpt lat="36.959970" lon="-4.623457">
        <ele>911.679483</ele>
        <time>2026-05-22T12:18:12.000Z</time>
      </trkpt>
      <trkpt lat="36.959963" lon="-4.623414">
        <ele>911.856915</ele>
        <time>2026-05-22T12:18:16.000Z</time>
      </trkpt>
      <trkpt lat="36.959977" lon="-4.623354">
        <ele>912.109641</ele>
        <time>2026-05-22T12:18:21.000Z</time>
      </trkpt>
      <trkpt lat="36.959981" lon="-4.623342">
        <ele>912.162213</ele>
        <time>2026-05-22T12:18:22.000Z</time>
      </trkpt>
      <trkpt lat="36.959987" lon="-4.623322">
        <ele>912.248589</ele>
        <time>2026-05-22T12:18:23.000Z</time>
      </trkpt>
      <trkpt lat="36.960005" lon="-4.623268">
        <ele>912.485161</ele>
        <time>2026-05-22T12:18:27.000Z</time>
      </trkpt>
      <trkpt lat="36.960018" lon="-4.623190">
        <ele>912.807321</ele>
        <time>2026-05-22T12:18:33.000Z</time>
      </trkpt>
      <trkpt lat="36.960034" lon="-4.623105">
        <ele>913.160405</ele>
        <time>2026-05-22T12:18:40.000Z</time>
      </trkpt>
      <trkpt lat="36.960036" lon="-4.623091">
        <ele>913.217908</ele>
        <time>2026-05-22T12:18:41.000Z</time>
      </trkpt>
      <trkpt lat="36.960052" lon="-4.623019">
        <ele>913.520070</ele>
        <time>2026-05-22T12:18:47.000Z</time>
      </trkpt>
      <trkpt lat="36.960059" lon="-4.622989">
        <ele>913.646433</ele>
        <time>2026-05-22T12:18:49.000Z</time>
      </trkpt>
      <trkpt lat="36.960078" lon="-4.622931">
        <ele>913.899883</ele>
        <time>2026-05-22T12:18:53.000Z</time>
      </trkpt>
      <trkpt lat="36.960106" lon="-4.622839">
        <ele>914.297931</ele>
        <time>2026-05-22T12:19:01.000Z</time>
      </trkpt>
      <trkpt lat="36.960133" lon="-4.622785">
        <ele>914.555488</ele>
        <time>2026-05-22T12:19:07.000Z</time>
      </trkpt>
      <trkpt lat="36.960136" lon="-4.622786">
        <ele>914.571197</ele>
        <time>2026-05-22T12:19:08.000Z</time>
      </trkpt>
      <trkpt lat="36.960122" lon="-4.622770">
        <ele>914.667131</ele>
        <time>2026-05-22T12:19:16.000Z</time>
      </trkpt>
      <trkpt lat="36.960081" lon="-4.622836">
        <ele>915.005142</ele>
        <time>2026-05-22T12:19:24.000Z</time>
      </trkpt>
      <trkpt lat="36.960071" lon="-4.622847">
        <ele>915.072511</ele>
        <time>2026-05-22T12:19:25.000Z</time>
      </trkpt>
      <trkpt lat="36.960030" lon="-4.622843">
        <ele>915.280602</ele>
        <time>2026-05-22T12:19:30.000Z</time>
      </trkpt>
      <trkpt lat="36.960061" lon="-4.622816">
        <ele>915.471711</ele>
        <time>2026-05-22T12:19:33.000Z</time>
      </trkpt>
      <trkpt lat="36.960061" lon="-4.622809">
        <ele>915.500014</ele>
        <time>2026-05-22T12:19:36.000Z</time>
      </trkpt>
      <trkpt lat="36.960076" lon="-4.622790">
        <ele>915.608007</ele>
        <time>2026-05-22T12:19:41.000Z</time>
      </trkpt>
      <trkpt lat="36.960085" lon="-4.622773">
        <ele>915.690460</ele>
        <time>2026-05-22T12:19:47.000Z</time>
      </trkpt>
      <trkpt lat="36.960078" lon="-4.622795">
        <ele>915.786204</ele>
        <time>2026-05-22T12:19:53.000Z</time>
      </trkpt>
      <trkpt lat="36.960058" lon="-4.622800">
        <ele>915.889404</ele>
        <time>2026-05-22T12:19:58.000Z</time>
      </trkpt>
      <trkpt lat="36.960038" lon="-4.622788">
        <ele>916.001635</ele>
        <time>2026-05-22T12:20:07.000Z</time>
      </trkpt>
      <trkpt lat="36.960030" lon="-4.622804">
        <ele>916.077948</ele>
        <time>2026-05-22T12:20:16.000Z</time>
      </trkpt>
      <trkpt lat="36.960032" lon="-4.622808">
        <ele>916.097026</ele>
        <time>2026-05-22T12:20:20.000Z</time>
      </trkpt>
      <trkpt lat="36.960028" lon="-4.622816">
        <ele>916.135183</ele>
        <time>2026-05-22T12:20:26.000Z</time>
      </trkpt>
      <trkpt lat="36.960039" lon="-4.622815">
        <ele>916.190990</ele>
        <time>2026-05-22T12:20:33.000Z</time>
      </trkpt>
      <trkpt lat="36.960069" lon="-4.622815">
        <ele>916.342791</ele>
        <time>2026-05-22T12:20:42.000Z</time>
      </trkpt>
      <trkpt lat="36.960076" lon="-4.622813">
        <ele>916.379123</ele>
        <time>2026-05-22T12:20:44.000Z</time>
      </trkpt>
      <trkpt lat="36.960068" lon="-4.622819">
        <ele>916.426316</ele>
        <time>2026-05-22T12:20:52.000Z</time>
      </trkpt>
      <trkpt lat="36.960073" lon="-4.622757">
        <ele>916.678270</ele>
        <time>2026-05-22T12:20:57.000Z</time>
      </trkpt>
      <trkpt lat="36.960096" lon="-4.622631">
        <ele>917.200843</ele>
        <time>2026-05-22T12:21:04.000Z</time>
      </trkpt>
      <trkpt lat="36.960105" lon="-4.622580">
        <ele>917.436256</ele>
        <time>2026-05-22T12:21:07.000Z</time>
      </trkpt>
      <trkpt lat="36.960131" lon="-4.622524">
        <ele>917.787014</ele>
        <time>2026-05-22T12:21:12.000Z</time>
      </trkpt>
      <trkpt lat="36.960147" lon="-4.622484">
        <ele>918.029269</ele>
        <time>2026-05-22T12:21:15.000Z</time>
      </trkpt>
      <trkpt lat="36.960156" lon="-4.622458">
        <ele>918.182721</ele>
        <time>2026-05-22T12:21:17.000Z</time>
      </trkpt>
      <trkpt lat="36.960174" lon="-4.622415">
        <ele>918.445617</ele>
        <time>2026-05-22T12:21:20.000Z</time>
      </trkpt>
      <trkpt lat="36.960180" lon="-4.622374">
        <ele>918.671354</ele>
        <time>2026-05-22T12:21:23.000Z</time>
      </trkpt>
      <trkpt lat="36.960181" lon="-4.622297">
        <ele>919.088417</ele>
        <time>2026-05-22T12:21:30.000Z</time>
      </trkpt>
      <trkpt lat="36.960193" lon="-4.622240">
        <ele>919.407646</ele>
        <time>2026-05-22T12:21:35.000Z</time>
      </trkpt>
      <trkpt lat="36.960202" lon="-4.622238">
        <ele>919.469599</ele>
        <time>2026-05-22T12:21:37.000Z</time>
      </trkpt>
      <trkpt lat="36.960208" lon="-4.622227">
        <ele>919.541728</ele>
        <time>2026-05-22T12:21:44.000Z</time>
      </trkpt>
      <trkpt lat="36.960171" lon="-4.622274">
        <ele>919.899046</ele>
        <time>2026-05-22T12:21:54.000Z</time>
      </trkpt>
      <trkpt lat="36.960145" lon="-4.622265">
        <ele>920.081881</ele>
        <time>2026-05-22T12:22:06.000Z</time>
      </trkpt>
      <trkpt lat="36.960125" lon="-4.622245">
        <ele>920.255393</ele>
        <time>2026-05-22T12:22:15.000Z</time>
      </trkpt>
      <trkpt lat="36.960168" lon="-4.622186">
        <ele>920.687867</ele>
        <time>2026-05-22T12:22:21.000Z</time>
      </trkpt>
      <trkpt lat="36.960169" lon="-4.622183">
        <ele>920.705471</ele>
        <time>2026-05-22T12:22:22.000Z</time>
      </trkpt>
      <trkpt lat="36.960159" lon="-4.622151">
        <ele>920.891555</ele>
        <time>2026-05-22T12:22:28.000Z</time>
      </trkpt>
      <trkpt lat="36.960151" lon="-4.622137">
        <ele>920.984767</ele>
        <time>2026-05-22T12:22:29.000Z</time>
      </trkpt>
      <trkpt lat="36.960095" lon="-4.622070">
        <ele>921.509855</ele>
        <time>2026-05-22T12:22:35.000Z</time>
      </trkpt>
      <trkpt lat="36.960070" lon="-4.622024">
        <ele>921.811139</ele>
        <time>2026-05-22T12:22:39.000Z</time>
      </trkpt>
      <trkpt lat="36.960059" lon="-4.622008">
        <ele>921.925449</ele>
        <time>2026-05-22T12:22:41.000Z</time>
      </trkpt>
      <trkpt lat="36.960051" lon="-4.621997">
        <ele>922.006003</ele>
        <time>2026-05-22T12:22:42.000Z</time>
      </trkpt>
      <trkpt lat="36.959983" lon="-4.621912">
        <ele>922.657399</ele>
        <time>2026-05-22T12:22:50.000Z</time>
      </trkpt>
      <trkpt lat="36.959937" lon="-4.621832">
        <ele>923.191172</ele>
        <time>2026-05-22T12:22:57.000Z</time>
      </trkpt>
      <trkpt lat="36.959885" lon="-4.621765">
        <ele>923.697011</ele>
        <time>2026-05-22T12:23:03.000Z</time>
      </trkpt>
      <trkpt lat="36.959882" lon="-4.621757">
        <ele>923.744871</ele>
        <time>2026-05-22T12:23:04.000Z</time>
      </trkpt>
      <trkpt lat="36.959835" lon="-4.621676">
        <ele>924.287003</ele>
        <time>2026-05-22T12:23:11.000Z</time>
      </trkpt>
      <trkpt lat="36.959827" lon="-4.621640">
        <ele>924.489368</ele>
        <time>2026-05-22T12:23:13.000Z</time>
      </trkpt>
      <trkpt lat="36.959816" lon="-4.621596">
        <ele>924.739050</ele>
        <time>2026-05-22T12:23:17.000Z</time>
      </trkpt>
      <trkpt lat="36.959815" lon="-4.621501">
        <ele>925.253588</ele>
        <time>2026-05-22T12:23:23.000Z</time>
      </trkpt>
      <trkpt lat="36.959815" lon="-4.621492">
        <ele>925.302330</ele>
        <time>2026-05-22T12:23:24.000Z</time>
      </trkpt>
      <trkpt lat="36.959820" lon="-4.621426">
        <ele>925.661370</ele>
        <time>2026-05-22T12:23:29.000Z</time>
      </trkpt>
      <trkpt lat="36.959822" lon="-4.621419">
        <ele>925.701631</ele>
        <time>2026-05-22T12:23:30.000Z</time>
      </trkpt>
      <trkpt lat="36.959830" lon="-4.621358">
        <ele>926.036410</ele>
        <time>2026-05-22T12:23:35.000Z</time>
      </trkpt>
      <trkpt lat="36.959831" lon="-4.621346">
        <ele>926.101751</ele>
        <time>2026-05-22T12:23:36.000Z</time>
      </trkpt>
      <trkpt lat="36.959840" lon="-4.621266">
        <ele>926.539281</ele>
        <time>2026-05-22T12:23:42.000Z</time>
      </trkpt>
      <trkpt lat="36.959847" lon="-4.621234">
        <ele>926.718961</ele>
        <time>2026-05-22T12:23:44.000Z</time>
      </trkpt>
      <trkpt lat="36.959855" lon="-4.621204">
        <ele>926.890241</ele>
        <time>2026-05-22T12:23:47.000Z</time>
      </trkpt>
      <trkpt lat="36.959861" lon="-4.621158">
        <ele>927.142661</ele>
        <time>2026-05-22T12:23:50.000Z</time>
      </trkpt>
      <trkpt lat="36.959857" lon="-4.621108">
        <ele>927.414801</ele>
        <time>2026-05-22T12:23:54.000Z</time>
      </trkpt>
      <trkpt lat="36.959860" lon="-4.621080">
        <ele>927.567798</ele>
        <time>2026-05-22T12:23:57.000Z</time>
      </trkpt>
      <trkpt lat="36.959866" lon="-4.621000">
        <ele>928.002959</ele>
        <time>2026-05-22T12:24:03.000Z</time>
      </trkpt>
      <trkpt lat="36.959868" lon="-4.620979">
        <ele>928.117494</ele>
        <time>2026-05-22T12:24:05.000Z</time>
      </trkpt>
      <trkpt lat="36.959868" lon="-4.620925">
        <ele>928.409943</ele>
        <time>2026-05-22T12:24:09.000Z</time>
      </trkpt>
      <trkpt lat="36.959878" lon="-4.620863">
        <ele>928.752489</ele>
        <time>2026-05-22T12:24:13.000Z</time>
      </trkpt>
      <trkpt lat="36.959884" lon="-4.620839">
        <ele>928.888680</ele>
        <time>2026-05-22T12:24:15.000Z</time>
      </trkpt>
      <trkpt lat="36.959891" lon="-4.620775">
        <ele>929.238517</ele>
        <time>2026-05-22T12:24:20.000Z</time>
      </trkpt>
      <trkpt lat="36.959894" lon="-4.620766">
        <ele>929.291330</ele>
        <time>2026-05-22T12:24:21.000Z</time>
      </trkpt>
      <trkpt lat="36.959900" lon="-4.620722">
        <ele>929.531874</ele>
        <time>2026-05-22T12:24:24.000Z</time>
      </trkpt>
      <trkpt lat="36.959913" lon="-4.620659">
        <ele>929.663947</ele>
        <time>2026-05-22T12:24:29.000Z</time>
      </trkpt>
      <trkpt lat="36.959915" lon="-4.620603">
        <ele>929.777731</ele>
        <time>2026-05-22T12:24:34.000Z</time>
      </trkpt>
      <trkpt lat="36.959908" lon="-4.620478">
        <ele>930.032080</ele>
        <time>2026-05-22T12:24:42.000Z</time>
      </trkpt>
      <trkpt lat="36.959909" lon="-4.620387">
        <ele>930.216811</ele>
        <time>2026-05-22T12:24:48.000Z</time>
      </trkpt>
      <trkpt lat="36.959914" lon="-4.620346">
        <ele>930.300997</ele>
        <time>2026-05-22T12:24:51.000Z</time>
      </trkpt>
      <trkpt lat="36.959932" lon="-4.620286">
        <ele>930.431087</ele>
        <time>2026-05-22T12:24:56.000Z</time>
      </trkpt>
      <trkpt lat="36.959958" lon="-4.620210">
        <ele>930.598897</ele>
        <time>2026-05-22T12:25:02.000Z</time>
      </trkpt>
      <trkpt lat="36.959963" lon="-4.620196">
        <ele>930.630024</ele>
        <time>2026-05-22T12:25:03.000Z</time>
      </trkpt>
      <trkpt lat="36.959992" lon="-4.620138">
        <ele>930.768902</ele>
        <time>2026-05-22T12:25:08.000Z</time>
      </trkpt>
      <trkpt lat="36.960032" lon="-4.620047">
        <ele>930.979719</ele>
        <time>2026-05-22T12:25:15.000Z</time>
      </trkpt>
      <trkpt lat="36.960065" lon="-4.619985">
        <ele>931.130931</ele>
        <time>2026-05-22T12:25:20.000Z</time>
      </trkpt>
      <trkpt lat="36.960075" lon="-4.619968">
        <ele>931.173779</ele>
        <time>2026-05-22T12:25:22.000Z</time>
      </trkpt>
      <trkpt lat="36.960109" lon="-4.619917">
        <ele>931.308598</ele>
        <time>2026-05-22T12:25:26.000Z</time>
      </trkpt>
      <trkpt lat="36.960139" lon="-4.619874">
        <ele>931.424468</ele>
        <time>2026-05-22T12:25:31.000Z</time>
      </trkpt>
      <trkpt lat="36.960174" lon="-4.619812">
        <ele>931.578555</ele>
        <time>2026-05-22T12:25:37.000Z</time>
      </trkpt>
      <trkpt lat="36.960183" lon="-4.619798">
        <ele>931.615027</ele>
        <time>2026-05-22T12:25:38.000Z</time>
      </trkpt>
      <trkpt lat="36.960234" lon="-4.619695">
        <ele>931.860983</ele>
        <time>2026-05-22T12:25:45.000Z</time>
      </trkpt>
      <trkpt lat="36.960282" lon="-4.619616">
        <ele>932.062431</ele>
        <time>2026-05-22T12:25:52.000Z</time>
      </trkpt>
      <trkpt lat="36.960294" lon="-4.619597">
        <ele>932.111590</ele>
        <time>2026-05-22T12:25:54.000Z</time>
      </trkpt>
      <trkpt lat="36.960351" lon="-4.619524">
        <ele>932.318766</ele>
        <time>2026-05-22T12:26:01.000Z</time>
      </trkpt>
      <trkpt lat="36.960362" lon="-4.619490">
        <ele>932.393222</ele>
        <time>2026-05-22T12:26:08.000Z</time>
      </trkpt>
      <trkpt lat="36.960354" lon="-4.619453">
        <ele>932.471025</ele>
        <time>2026-05-22T12:26:12.000Z</time>
      </trkpt>
      <trkpt lat="36.960344" lon="-4.619455">
        <ele>932.496750</ele>
        <time>2026-05-22T12:26:14.000Z</time>
      </trkpt>
      <trkpt lat="36.960340" lon="-4.619451">
        <ele>932.509757</ele>
        <time>2026-05-22T12:26:15.000Z</time>
      </trkpt>
      <trkpt lat="36.960335" lon="-4.619448">
        <ele>932.523842</ele>
        <time>2026-05-22T12:26:17.000Z</time>
      </trkpt>
      <trkpt lat="36.960327" lon="-4.619453">
        <ele>932.546558</ele>
        <time>2026-05-22T12:26:23.000Z</time>
      </trkpt>
      <trkpt lat="36.960333" lon="-4.619455">
        <ele>932.562331</ele>
        <time>2026-05-22T12:26:28.000Z</time>
      </trkpt>
      <trkpt lat="36.960348" lon="-4.619448">
        <ele>932.602998</ele>
        <time>2026-05-22T12:26:32.000Z</time>
      </trkpt>
      <trkpt lat="36.960371" lon="-4.619437">
        <ele>932.665545</ele>
        <time>2026-05-22T12:26:37.000Z</time>
      </trkpt>
      <trkpt lat="36.960364" lon="-4.619447">
        <ele>932.692530</ele>
        <time>2026-05-22T12:26:47.000Z</time>
      </trkpt>
      <trkpt lat="36.960364" lon="-4.619447">
        <ele>932.692530</ele>
        <time>2026-05-22T12:26:49.000Z</time>
      </trkpt>
      <trkpt lat="36.960364" lon="-4.619447">
        <ele>932.692530</ele>
        <time>2026-05-22T12:37:41.000Z</time>
      </trkpt>
      <trkpt lat="36.960364" lon="-4.619447">
        <ele>932.692530</ele>
        <time>2026-05-22T12:37:42.000Z</time>
      </trkpt>
      <trkpt lat="36.960461" lon="-4.619367">
        <ele>932.987631</ele>
        <time>2026-05-22T12:37:47.000Z</time>
      </trkpt>
      <trkpt lat="36.960439" lon="-4.619332">
        <ele>933.078021</ele>
        <time>2026-05-22T12:37:49.000Z</time>
      </trkpt>
      <trkpt lat="36.960447" lon="-4.619316">
        <ele>933.116332</ele>
        <time>2026-05-22T12:37:53.000Z</time>
      </trkpt>
      <trkpt lat="36.960479" lon="-4.619226">
        <ele>933.316284</ele>
        <time>2026-05-22T12:37:59.000Z</time>
      </trkpt>
      <trkpt lat="36.960495" lon="-4.619171">
        <ele>933.435092</ele>
        <time>2026-05-22T12:38:05.000Z</time>
      </trkpt>
      <trkpt lat="36.960497" lon="-4.619159">
        <ele>933.459973</ele>
        <time>2026-05-22T12:38:06.000Z</time>
      </trkpt>
      <trkpt lat="36.960512" lon="-4.619055">
        <ele>933.674484</ele>
        <time>2026-05-22T12:38:13.000Z</time>
      </trkpt>
      <trkpt lat="36.960522" lon="-4.618976">
        <ele>933.836838</ele>
        <time>2026-05-22T12:38:18.000Z</time>
      </trkpt>
      <trkpt lat="36.960525" lon="-4.618962">
        <ele>933.866259</ele>
        <time>2026-05-22T12:38:19.000Z</time>
      </trkpt>
      <trkpt lat="36.960531" lon="-4.618887">
        <ele>934.019256</ele>
        <time>2026-05-22T12:38:25.000Z</time>
      </trkpt>
      <trkpt lat="36.960539" lon="-4.618860">
        <ele>934.077707</ele>
        <time>2026-05-22T12:38:27.000Z</time>
      </trkpt>
      <trkpt lat="36.960573" lon="-4.618778">
        <ele>934.380284</ele>
        <time>2026-05-22T12:38:33.000Z</time>
      </trkpt>
      <trkpt lat="36.960616" lon="-4.618697">
        <ele>934.715297</ele>
        <time>2026-05-22T12:38:39.000Z</time>
      </trkpt>
      <trkpt lat="36.960646" lon="-4.618615">
        <ele>935.025986</ele>
        <time>2026-05-22T12:38:45.000Z</time>
      </trkpt>
      <trkpt lat="36.960662" lon="-4.618564">
        <ele>935.214737</ele>
        <time>2026-05-22T12:38:50.000Z</time>
      </trkpt>
      <trkpt lat="36.960700" lon="-4.618502">
        <ele>935.483922</ele>
        <time>2026-05-22T12:38:56.000Z</time>
      </trkpt>
      <trkpt lat="36.960737" lon="-4.618442">
        <ele>935.745017</ele>
        <time>2026-05-22T12:39:01.000Z</time>
      </trkpt>
      <trkpt lat="36.960762" lon="-4.618377">
        <ele>935.993530</ele>
        <time>2026-05-22T12:39:07.000Z</time>
      </trkpt>
      <trkpt lat="36.960798" lon="-4.618315">
        <ele>936.257555</ele>
        <time>2026-05-22T12:39:13.000Z</time>
      </trkpt>
      <trkpt lat="36.960850" lon="-4.618260">
        <ele>936.551087</ele>
        <time>2026-05-22T12:39:19.000Z</time>
      </trkpt>
      <trkpt lat="36.960891" lon="-4.618206">
        <ele>936.807704</ele>
        <time>2026-05-22T12:39:24.000Z</time>
      </trkpt>
      <trkpt lat="36.960933" lon="-4.618148">
        <ele>937.077355</ele>
        <time>2026-05-22T12:39:29.000Z</time>
      </trkpt>
      <trkpt lat="36.960937" lon="-4.618142">
        <ele>937.104274</ele>
        <time>2026-05-22T12:39:30.000Z</time>
      </trkpt>
      <trkpt lat="36.960945" lon="-4.618136">
        <ele>937.144484</ele>
        <time>2026-05-22T12:39:31.000Z</time>
      </trkpt>
      <trkpt lat="36.960976" lon="-4.618075">
        <ele>937.393527</ele>
        <time>2026-05-22T12:39:36.000Z</time>
      </trkpt>
      <trkpt lat="36.961010" lon="-4.617999">
        <ele>937.693586</ele>
        <time>2026-05-22T12:39:42.000Z</time>
      </trkpt>
      <trkpt lat="36.961045" lon="-4.617926">
        <ele>937.986866</ele>
        <time>2026-05-22T12:39:48.000Z</time>
      </trkpt>
      <trkpt lat="36.961076" lon="-4.617832">
        <ele>938.337188</ele>
        <time>2026-05-22T12:39:54.000Z</time>
      </trkpt>
      <trkpt lat="36.961104" lon="-4.617764">
        <ele>938.600720</ele>
        <time>2026-05-22T12:40:00.000Z</time>
      </trkpt>
      <trkpt lat="36.961134" lon="-4.617669">
        <ele>938.952621</ele>
        <time>2026-05-22T12:40:06.000Z</time>
      </trkpt>
      <trkpt lat="36.961141" lon="-4.617644">
        <ele>939.043880</ele>
        <time>2026-05-22T12:40:08.000Z</time>
      </trkpt>
      <trkpt lat="36.961156" lon="-4.617596">
        <ele>939.221433</ele>
        <time>2026-05-22T12:40:13.000Z</time>
      </trkpt>
      <trkpt lat="36.961196" lon="-4.617543">
        <ele>939.472584</ele>
        <time>2026-05-22T12:40:19.000Z</time>
      </trkpt>
      <trkpt lat="36.961225" lon="-4.617482">
        <ele>939.717107</ele>
        <time>2026-05-22T12:40:24.000Z</time>
      </trkpt>
      <trkpt lat="36.961232" lon="-4.617465">
        <ele>939.782990</ele>
        <time>2026-05-22T12:40:26.000Z</time>
      </trkpt>
      <trkpt lat="36.961251" lon="-4.617410">
        <ele>939.989411</ele>
        <time>2026-05-22T12:40:31.000Z</time>
      </trkpt>
      <trkpt lat="36.961255" lon="-4.617400">
        <ele>940.027936</ele>
        <time>2026-05-22T12:40:32.000Z</time>
      </trkpt>
      <trkpt lat="36.961273" lon="-4.617340">
        <ele>940.248721</ele>
        <time>2026-05-22T12:40:37.000Z</time>
      </trkpt>
      <trkpt lat="36.961280" lon="-4.617321">
        <ele>940.320797</ele>
        <time>2026-05-22T12:40:39.000Z</time>
      </trkpt>
      <trkpt lat="36.961302" lon="-4.617263">
        <ele>940.541974</ele>
        <time>2026-05-22T12:40:45.000Z</time>
      </trkpt>
      <trkpt lat="36.961318" lon="-4.617216">
        <ele>940.717968</ele>
        <time>2026-05-22T12:40:50.000Z</time>
      </trkpt>
      <trkpt lat="36.961320" lon="-4.617195">
        <ele>940.790824</ele>
        <time>2026-05-22T12:40:52.000Z</time>
      </trkpt>
      <trkpt lat="36.961358" lon="-4.617124">
        <ele>941.085214</ele>
        <time>2026-05-22T12:40:59.000Z</time>
      </trkpt>
      <trkpt lat="36.961378" lon="-4.617090">
        <ele>941.230658</ele>
        <time>2026-05-22T12:41:02.000Z</time>
      </trkpt>
      <trkpt lat="36.961391" lon="-4.617061">
        <ele>941.345209</ele>
        <time>2026-05-22T12:41:04.000Z</time>
      </trkpt>
      <trkpt lat="36.961392" lon="-4.617053">
        <ele>941.373104</ele>
        <time>2026-05-22T12:41:05.000Z</time>
      </trkpt>
      <trkpt lat="36.961396" lon="-4.617044">
        <ele>941.408581</ele>
        <time>2026-05-22T12:41:06.000Z</time>
      </trkpt>
      <trkpt lat="36.961404" lon="-4.617012">
        <ele>941.524089</ele>
        <time>2026-05-22T12:41:09.000Z</time>
      </trkpt>
      <trkpt lat="36.961411" lon="-4.616984">
        <ele>941.625158</ele>
        <time>2026-05-22T12:41:12.000Z</time>
      </trkpt>
      <trkpt lat="36.961424" lon="-4.616953">
        <ele>941.745765</ele>
        <time>2026-05-22T12:41:15.000Z</time>
      </trkpt>
      <trkpt lat="36.961440" lon="-4.616927">
        <ele>941.857661</ele>
        <time>2026-05-22T12:41:17.000Z</time>
      </trkpt>
      <trkpt lat="36.961446" lon="-4.616915">
        <ele>941.892525</ele>
        <time>2026-05-22T12:41:18.000Z</time>
      </trkpt>
      <trkpt lat="36.961463" lon="-4.616879">
        <ele>941.995515</ele>
        <time>2026-05-22T12:41:22.000Z</time>
      </trkpt>
      <trkpt lat="36.961473" lon="-4.616851">
        <ele>942.071051</ele>
        <time>2026-05-22T12:41:24.000Z</time>
      </trkpt>
      <trkpt lat="36.961497" lon="-4.616778">
        <ele>942.265466</ele>
        <time>2026-05-22T12:41:30.000Z</time>
      </trkpt>
      <trkpt lat="36.961502" lon="-4.616759">
        <ele>942.314734</ele>
        <time>2026-05-22T12:41:32.000Z</time>
      </trkpt>
      <trkpt lat="36.961521" lon="-4.616695">
        <ele>942.482886</ele>
        <time>2026-05-22T12:41:37.000Z</time>
      </trkpt>
      <trkpt lat="36.961539" lon="-4.616658">
        <ele>942.589574</ele>
        <time>2026-05-22T12:41:40.000Z</time>
      </trkpt>
      <trkpt lat="36.961561" lon="-4.616592">
        <ele>942.765702</ele>
        <time>2026-05-22T12:41:45.000Z</time>
      </trkpt>
      <trkpt lat="36.961594" lon="-4.616504">
        <ele>943.005118</ele>
        <time>2026-05-22T12:41:51.000Z</time>
      </trkpt>
      <trkpt lat="36.961610" lon="-4.616453">
        <ele>943.140060</ele>
        <time>2026-05-22T12:41:55.000Z</time>
      </trkpt>
      <trkpt lat="36.961614" lon="-4.616440">
        <ele>943.174369</ele>
        <time>2026-05-22T12:41:56.000Z</time>
      </trkpt>
      <trkpt lat="36.961621" lon="-4.616419">
        <ele>943.230410</ele>
        <time>2026-05-22T12:41:58.000Z</time>
      </trkpt>
      <trkpt lat="36.961635" lon="-4.616370">
        <ele>943.358574</ele>
        <time>2026-05-22T12:42:02.000Z</time>
      </trkpt>
      <trkpt lat="36.961638" lon="-4.616320">
        <ele>943.482065</ele>
        <time>2026-05-22T12:42:06.000Z</time>
      </trkpt>
      <trkpt lat="36.961648" lon="-4.616283">
        <ele>943.578264</ele>
        <time>2026-05-22T12:42:09.000Z</time>
      </trkpt>
      <trkpt lat="36.961675" lon="-4.616195">
        <ele>943.810427</ele>
        <time>2026-05-22T12:42:15.000Z</time>
      </trkpt>
      <trkpt lat="36.961679" lon="-4.616180">
        <ele>943.849373</ele>
        <time>2026-05-22T12:42:16.000Z</time>
      </trkpt>
      <trkpt lat="36.961714" lon="-4.616120">
        <ele>944.032335</ele>
        <time>2026-05-22T12:42:22.000Z</time>
      </trkpt>
      <trkpt lat="36.961732" lon="-4.616062">
        <ele>944.185579</ele>
        <time>2026-05-22T12:42:26.000Z</time>
      </trkpt>
      <trkpt lat="36.961743" lon="-4.615976">
        <ele>944.400083</ele>
        <time>2026-05-22T12:42:31.000Z</time>
      </trkpt>
      <trkpt lat="36.961749" lon="-4.615819">
        <ele>944.787198</ele>
        <time>2026-05-22T12:42:41.000Z</time>
      </trkpt>
      <trkpt lat="36.961747" lon="-4.615787">
        <ele>944.866251</ele>
        <time>2026-05-22T12:42:45.000Z</time>
      </trkpt>
      <trkpt lat="36.961751" lon="-4.615710">
        <ele>945.056293</ele>
        <time>2026-05-22T12:42:50.000Z</time>
      </trkpt>
      <trkpt lat="36.961793" lon="-4.615559">
        <ele>945.450076</ele>
        <time>2026-05-22T12:43:01.000Z</time>
      </trkpt>
      <trkpt lat="36.961787" lon="-4.615404">
        <ele>945.832270</ele>
        <time>2026-05-22T12:43:12.000Z</time>
      </trkpt>
      <trkpt lat="36.961799" lon="-4.615377">
        <ele>945.908362</ele>
        <time>2026-05-22T12:43:19.000Z</time>
      </trkpt>
      <trkpt lat="36.961812" lon="-4.615367">
        <ele>945.955396</ele>
        <time>2026-05-22T12:43:25.000Z</time>
      </trkpt>
      <trkpt lat="36.961816" lon="-4.615372">
        <ele>945.972822</ele>
        <time>2026-05-22T12:43:28.000Z</time>
      </trkpt>
      <trkpt lat="36.961816" lon="-4.615382">
        <ele>945.997451</ele>
        <time>2026-05-22T12:43:31.000Z</time>
      </trkpt>
      <trkpt lat="36.961813" lon="-4.615384">
        <ele>946.007928</ele>
        <time>2026-05-22T12:43:35.000Z</time>
      </trkpt>
      <trkpt lat="36.961821" lon="-4.615384">
        <ele>946.032586</ele>
        <time>2026-05-22T12:43:36.000Z</time>
      </trkpt>
      <trkpt lat="36.961826" lon="-4.615369">
        <ele>946.072615</ele>
        <time>2026-05-22T12:43:38.000Z</time>
      </trkpt>
      <trkpt lat="36.961804" lon="-4.615270">
        <ele>946.325694</ele>
        <time>2026-05-22T12:43:44.000Z</time>
      </trkpt>
      <trkpt lat="36.961785" lon="-4.615186">
        <ele>946.540706</ele>
        <time>2026-05-22T12:43:51.000Z</time>
      </trkpt>
      <trkpt lat="36.961761" lon="-4.615057">
        <ele>946.866916</ele>
        <time>2026-05-22T12:43:59.000Z</time>
      </trkpt>
      <trkpt lat="36.961736" lon="-4.614953">
        <ele>947.134396</ele>
        <time>2026-05-22T12:44:06.000Z</time>
      </trkpt>
      <trkpt lat="36.961681" lon="-4.614835">
        <ele>947.407980</ele>
        <time>2026-05-22T12:44:15.000Z</time>
      </trkpt>
      <trkpt lat="36.961653" lon="-4.614791">
        <ele>947.425734</ele>
        <time>2026-05-22T12:44:22.000Z</time>
      </trkpt>
      <trkpt lat="36.961654" lon="-4.614790">
        <ele>947.426239</ele>
        <time>2026-05-22T12:44:23.000Z</time>
      </trkpt>
      <trkpt lat="36.961669" lon="-4.614792">
        <ele>947.432198</ele>
        <time>2026-05-22T12:44:29.000Z</time>
      </trkpt>
      <trkpt lat="36.961674" lon="-4.614785">
        <ele>947.435162</ele>
        <time>2026-05-22T12:44:32.000Z</time>
      </trkpt>
      <trkpt lat="36.961678" lon="-4.614790">
        <ele>947.437395</ele>
        <time>2026-05-22T12:44:34.000Z</time>
      </trkpt>
      <trkpt lat="36.961688" lon="-4.614790">
        <ele>947.441345</ele>
        <time>2026-05-22T12:44:40.000Z</time>
      </trkpt>
      <trkpt lat="36.961677" lon="-4.614790">
        <ele>947.445690</ele>
        <time>2026-05-22T12:44:48.000Z</time>
      </trkpt>
      <trkpt lat="36.961678" lon="-4.614768">
        <ele>947.452645</ele>
        <time>2026-05-22T12:44:58.000Z</time>
      </trkpt>
      <trkpt lat="36.961686" lon="-4.614732">
        <ele>947.464439</ele>
        <time>2026-05-22T12:45:02.000Z</time>
      </trkpt>
      <trkpt lat="36.961688" lon="-4.614727">
        <ele>947.466204</ele>
        <time>2026-05-22T12:45:04.000Z</time>
      </trkpt>
      <trkpt lat="36.961689" lon="-4.614738">
        <ele>947.469698</ele>
        <time>2026-05-22T12:45:07.000Z</time>
      </trkpt>
      <trkpt lat="36.961674" lon="-4.614770">
        <ele>947.481408</ele>
        <time>2026-05-22T12:45:18.000Z</time>
      </trkpt>
      <trkpt lat="36.961672" lon="-4.614776">
        <ele>947.483460</ele>
        <time>2026-05-22T12:45:21.000Z</time>
      </trkpt>
      <trkpt lat="36.961675" lon="-4.614777">
        <ele>947.484686</ele>
        <time>2026-05-22T12:45:23.000Z</time>
      </trkpt>
      <trkpt lat="36.961678" lon="-4.614776">
        <ele>947.485913</ele>
        <time>2026-05-22T12:45:24.000Z</time>
      </trkpt>
      <trkpt lat="36.961681" lon="-4.614777">
        <ele>947.487139</ele>
        <time>2026-05-22T12:45:26.000Z</time>
      </trkpt>
      <trkpt lat="36.961686" lon="-4.614772">
        <ele>947.489667</ele>
        <time>2026-05-22T12:45:31.000Z</time>
      </trkpt>
      <trkpt lat="36.961680" lon="-4.614757">
        <ele>947.494962</ele>
        <time>2026-05-22T12:45:39.000Z</time>
      </trkpt>
      <trkpt lat="36.961696" lon="-4.614753">
        <ele>947.501407</ele>
        <time>2026-05-22T12:45:47.000Z</time>
      </trkpt>
      <trkpt lat="36.961695" lon="-4.614751">
        <ele>947.502151</ele>
        <time>2026-05-22T12:45:48.000Z</time>
      </trkpt>
      <trkpt lat="36.961708" lon="-4.614746">
        <ele>947.507523</ele>
        <time>2026-05-22T12:45:57.000Z</time>
      </trkpt>
      <trkpt lat="36.961705" lon="-4.614754">
        <ele>947.510313</ele>
        <time>2026-05-22T12:46:06.000Z</time>
      </trkpt>
      <trkpt lat="36.961704" lon="-4.614753">
        <ele>947.510818</ele>
        <time>2026-05-22T12:46:09.000Z</time>
      </trkpt>
      <trkpt lat="36.961687" lon="-4.614731">
        <ele>947.520478</ele>
        <time>2026-05-22T12:46:18.000Z</time>
      </trkpt>
      <trkpt lat="36.961659" lon="-4.614671">
        <ele>947.542409</ele>
        <time>2026-05-22T12:46:24.000Z</time>
      </trkpt>
      <trkpt lat="36.961627" lon="-4.614587">
        <ele>947.571781</ele>
        <time>2026-05-22T12:46:30.000Z</time>
      </trkpt>
      <trkpt lat="36.961621" lon="-4.614576">
        <ele>947.575985</ele>
        <time>2026-05-22T12:46:31.000Z</time>
      </trkpt>
      <trkpt lat="36.961616" lon="-4.614566">
        <ele>947.579708</ele>
        <time>2026-05-22T12:46:32.000Z</time>
      </trkpt>
      <trkpt lat="36.961588" lon="-4.614514">
        <ele>947.599500</ele>
        <time>2026-05-22T12:46:37.000Z</time>
      </trkpt>
      <trkpt lat="36.961562" lon="-4.614448">
        <ele>947.622725</ele>
        <time>2026-05-22T12:46:43.000Z</time>
      </trkpt>
      <trkpt lat="36.961530" lon="-4.614357">
        <ele>947.654106</ele>
        <time>2026-05-22T12:46:49.000Z</time>
      </trkpt>
      <trkpt lat="36.961507" lon="-4.614279">
        <ele>947.680348</ele>
        <time>2026-05-22T12:46:55.000Z</time>
      </trkpt>
      <trkpt lat="36.961485" lon="-4.614220">
        <ele>947.700898</ele>
        <time>2026-05-22T12:47:00.000Z</time>
      </trkpt>
      <trkpt lat="36.961459" lon="-4.614133">
        <ele>947.730216</ele>
        <time>2026-05-22T12:47:06.000Z</time>
      </trkpt>
      <trkpt lat="36.961414" lon="-4.614040">
        <ele>947.764532</ele>
        <time>2026-05-22T12:47:13.000Z</time>
      </trkpt>
      <trkpt lat="36.961381" lon="-4.613966">
        <ele>947.791280</ele>
        <time>2026-05-22T12:47:19.000Z</time>
      </trkpt>
      <trkpt lat="36.961348" lon="-4.613890">
        <ele>947.818581</ele>
        <time>2026-05-22T12:47:25.000Z</time>
      </trkpt>
      <trkpt lat="36.961314" lon="-4.613811">
        <ele>947.846902</ele>
        <time>2026-05-22T12:47:30.000Z</time>
      </trkpt>
      <trkpt lat="36.961285" lon="-4.613744">
        <ele>947.870953</ele>
        <time>2026-05-22T12:47:35.000Z</time>
      </trkpt>
      <trkpt lat="36.961265" lon="-4.613720">
        <ele>947.881898</ele>
        <time>2026-05-22T12:47:38.000Z</time>
      </trkpt>
      <trkpt lat="36.961226" lon="-4.613681">
        <ele>947.901617</ele>
        <time>2026-05-22T12:47:42.000Z</time>
      </trkpt>
      <trkpt lat="36.961168" lon="-4.613622">
        <ele>947.931142</ele>
        <time>2026-05-22T12:47:48.000Z</time>
      </trkpt>
      <trkpt lat="36.961110" lon="-4.613557">
        <ele>947.961896</ele>
        <time>2026-05-22T12:47:54.000Z</time>
      </trkpt>
      <trkpt lat="36.961104" lon="-4.613544">
        <ele>947.966634</ele>
        <time>2026-05-22T12:47:55.000Z</time>
      </trkpt>
      <trkpt lat="36.961065" lon="-4.613460">
        <ele>947.997298</ele>
        <time>2026-05-22T12:48:02.000Z</time>
      </trkpt>
      <trkpt lat="36.961057" lon="-4.613444">
        <ele>948.003255</ele>
        <time>2026-05-22T12:48:03.000Z</time>
      </trkpt>
      <trkpt lat="36.961031" lon="-4.613384">
        <ele>948.024799</ele>
        <time>2026-05-22T12:48:09.000Z</time>
      </trkpt>
      <trkpt lat="36.960997" lon="-4.613270">
        <ele>948.063205</ele>
        <time>2026-05-22T12:48:17.000Z</time>
      </trkpt>
      <trkpt lat="36.960993" lon="-4.613165">
        <ele>948.096384</ele>
        <time>2026-05-22T12:48:24.000Z</time>
      </trkpt>
      <trkpt lat="36.960978" lon="-4.613077">
        <ele>948.143325</ele>
        <time>2026-05-22T12:48:30.000Z</time>
      </trkpt>
      <trkpt lat="36.960961" lon="-4.613000">
        <ele>948.198579</ele>
        <time>2026-05-22T12:48:35.000Z</time>
      </trkpt>
      <trkpt lat="36.960958" lon="-4.612991">
        <ele>948.205323</ele>
        <time>2026-05-22T12:48:36.000Z</time>
      </trkpt>
      <trkpt lat="36.960937" lon="-4.612940">
        <ele>948.245007</ele>
        <time>2026-05-22T12:48:40.000Z</time>
      </trkpt>
      <trkpt lat="36.960932" lon="-4.612918">
        <ele>948.260827</ele>
        <time>2026-05-22T12:48:42.000Z</time>
      </trkpt>
      <trkpt lat="36.960928" lon="-4.612911">
        <ele>948.266779</ele>
        <time>2026-05-22T12:48:46.000Z</time>
      </trkpt>
      <trkpt lat="36.960930" lon="-4.612900">
        <ele>948.274582</ele>
        <time>2026-05-22T12:48:50.000Z</time>
      </trkpt>
      <trkpt lat="36.960931" lon="-4.612913">
        <ele>948.283615</ele>
        <time>2026-05-22T12:48:58.000Z</time>
      </trkpt>
      <trkpt lat="36.960930" lon="-4.612908">
        <ele>948.287180</ele>
        <time>2026-05-22T12:48:59.000Z</time>
      </trkpt>
      <trkpt lat="36.960908" lon="-4.612860">
        <ele>948.325454</ele>
        <time>2026-05-22T12:49:07.000Z</time>
      </trkpt>
      <trkpt lat="36.960898" lon="-4.612837">
        <ele>948.343565</ele>
        <time>2026-05-22T12:49:09.000Z</time>
      </trkpt>
      <trkpt lat="36.960879" lon="-4.612764">
        <ele>948.396667</ele>
        <time>2026-05-22T12:49:13.000Z</time>
      </trkpt>
      <trkpt lat="36.960859" lon="-4.612695">
        <ele>948.447435</ele>
        <time>2026-05-22T12:49:18.000Z</time>
      </trkpt>
      <trkpt lat="36.960845" lon="-4.612657">
        <ele>948.476377</ele>
        <time>2026-05-22T12:49:20.000Z</time>
      </trkpt>
      <trkpt lat="36.960815" lon="-4.612597">
        <ele>948.525332</ele>
        <time>2026-05-22T12:49:25.000Z</time>
      </trkpt>
      <trkpt lat="36.960777" lon="-4.612506">
        <ele>948.596351</ele>
        <time>2026-05-22T12:49:32.000Z</time>
      </trkpt>
      <trkpt lat="36.960745" lon="-4.612416">
        <ele>948.664485</ele>
        <time>2026-05-22T12:49:39.000Z</time>
      </trkpt>
      <trkpt lat="36.960737" lon="-4.612399">
        <ele>948.678131</ele>
        <time>2026-05-22T12:49:40.000Z</time>
      </trkpt>
      <trkpt lat="36.960671" lon="-4.612277">
        <ele>948.780035</ele>
        <time>2026-05-22T12:49:48.000Z</time>
      </trkpt>
      <trkpt lat="36.960638" lon="-4.612146">
        <ele>948.875039</ele>
        <time>2026-05-22T12:49:57.000Z</time>
      </trkpt>
      <trkpt lat="36.960620" lon="-4.612066">
        <ele>948.932524</ele>
        <time>2026-05-22T12:50:04.000Z</time>
      </trkpt>
      <trkpt lat="36.960597" lon="-4.611973">
        <ele>948.999860</ele>
        <time>2026-05-22T12:50:11.000Z</time>
      </trkpt>
      <trkpt lat="36.960576" lon="-4.611882">
        <ele>949.065374</ele>
        <time>2026-05-22T12:50:17.000Z</time>
      </trkpt>
      <trkpt lat="36.960543" lon="-4.611784">
        <ele>949.138930</ele>
        <time>2026-05-22T12:50:24.000Z</time>
      </trkpt>
      <trkpt lat="36.960499" lon="-4.611685">
        <ele>949.217285</ele>
        <time>2026-05-22T12:50:30.000Z</time>
      </trkpt>
      <trkpt lat="36.960488" lon="-4.611663">
        <ele>949.235235</ele>
        <time>2026-05-22T12:50:32.000Z</time>
      </trkpt>
      <trkpt lat="36.960462" lon="-4.611597">
        <ele>949.286131</ele>
        <time>2026-05-22T12:50:37.000Z</time>
      </trkpt>
      <trkpt lat="36.960442" lon="-4.611528">
        <ele>949.336900</ele>
        <time>2026-05-22T12:50:43.000Z</time>
      </trkpt>
      <trkpt lat="36.960420" lon="-4.611442">
        <ele>949.399357</ele>
        <time>2026-05-22T12:50:48.000Z</time>
      </trkpt>
      <trkpt lat="36.960371" lon="-4.611349">
        <ele>949.476407</ele>
        <time>2026-05-22T12:50:55.000Z</time>
      </trkpt>
      <trkpt lat="36.960337" lon="-4.611280">
        <ele>949.532477</ele>
        <time>2026-05-22T12:51:01.000Z</time>
      </trkpt>
      <trkpt lat="36.960315" lon="-4.611201">
        <ele>949.590343</ele>
        <time>2026-05-22T12:51:07.000Z</time>
      </trkpt>
      <trkpt lat="36.960291" lon="-4.611115">
        <ele>949.653350</ele>
        <time>2026-05-22T12:51:13.000Z</time>
      </trkpt>
      <trkpt lat="36.960271" lon="-4.611034">
        <ele>949.620221</ele>
        <time>2026-05-22T12:51:19.000Z</time>
      </trkpt>
      <trkpt lat="36.960256" lon="-4.610968">
        <ele>949.572668</ele>
        <time>2026-05-22T12:51:24.000Z</time>
      </trkpt>
      <trkpt lat="36.960231" lon="-4.610888">
        <ele>949.513137</ele>
        <time>2026-05-22T12:51:30.000Z</time>
      </trkpt>
      <trkpt lat="36.960206" lon="-4.610840">
        <ele>949.473430</ele>
        <time>2026-05-22T12:51:36.000Z</time>
      </trkpt>
      <trkpt lat="36.960177" lon="-4.610729">
        <ele>949.392497</ele>
        <time>2026-05-22T12:51:42.000Z</time>
      </trkpt>
      <trkpt lat="36.960164" lon="-4.610620">
        <ele>949.316122</ele>
        <time>2026-05-22T12:51:49.000Z</time>
      </trkpt>
      <trkpt lat="36.960148" lon="-4.610524">
        <ele>949.248160</ele>
        <time>2026-05-22T12:51:56.000Z</time>
      </trkpt>
      <trkpt lat="36.960147" lon="-4.610497">
        <ele>949.229429</ele>
        <time>2026-05-22T12:51:58.000Z</time>
      </trkpt>
      <trkpt lat="36.960151" lon="-4.610417">
        <ele>949.173879</ele>
        <time>2026-05-22T12:52:03.000Z</time>
      </trkpt>
      <trkpt lat="36.960157" lon="-4.610334">
        <ele>949.116123</ele>
        <time>2026-05-22T12:52:09.000Z</time>
      </trkpt>
      <trkpt lat="36.960159" lon="-4.610303">
        <ele>949.094570</ele>
        <time>2026-05-22T12:52:11.000Z</time>
      </trkpt>
      <trkpt lat="36.960167" lon="-4.610257">
        <ele>949.061945</ele>
        <time>2026-05-22T12:52:14.000Z</time>
      </trkpt>
      <trkpt lat="36.960172" lon="-4.610228">
        <ele>949.041385</ele>
        <time>2026-05-22T12:52:17.000Z</time>
      </trkpt>
      <trkpt lat="36.960143" lon="-4.610195">
        <ele>949.007390</ele>
        <time>2026-05-22T12:52:26.000Z</time>
      </trkpt>
      <trkpt lat="36.960144" lon="-4.610198">
        <ele>949.005138</ele>
        <time>2026-05-22T12:52:27.000Z</time>
      </trkpt>
      <trkpt lat="36.960149" lon="-4.610199">
        <ele>949.000746</ele>
        <time>2026-05-22T12:52:28.000Z</time>
      </trkpt>
      <trkpt lat="36.960155" lon="-4.610190">
        <ele>948.992623</ele>
        <time>2026-05-22T12:52:31.000Z</time>
      </trkpt>
      <trkpt lat="36.960172" lon="-4.610187">
        <ele>948.977733</ele>
        <time>2026-05-22T12:52:36.000Z</time>
      </trkpt>
      <trkpt lat="36.960167" lon="-4.610208">
        <ele>948.962548</ele>
        <time>2026-05-22T12:52:46.000Z</time>
      </trkpt>
      <trkpt lat="36.960173" lon="-4.610208">
        <ele>948.957344</ele>
        <time>2026-05-22T12:52:57.000Z</time>
      </trkpt>
      <trkpt lat="36.960170" lon="-4.610211">
        <ele>948.954013</ele>
        <time>2026-05-22T12:53:00.000Z</time>
      </trkpt>
      <trkpt lat="36.960179" lon="-4.610204">
        <ele>948.944823</ele>
        <time>2026-05-22T12:53:04.000Z</time>
      </trkpt>
      <trkpt lat="36.960183" lon="-4.610199">
        <ele>948.939920</ele>
        <time>2026-05-22T12:53:05.000Z</time>
      </trkpt>
      <trkpt lat="36.960184" lon="-4.610196">
        <ele>948.937667</ele>
        <time>2026-05-22T12:53:08.000Z</time>
      </trkpt>
      <trkpt lat="36.960182" lon="-4.610196">
        <ele>948.935932</ele>
        <time>2026-05-22T12:53:09.000Z</time>
      </trkpt>
      <trkpt lat="36.960180" lon="-4.610196">
        <ele>948.934198</ele>
        <time>2026-05-22T12:53:11.000Z</time>
      </trkpt>
      <trkpt lat="36.960180" lon="-4.610191">
        <ele>948.930733</ele>
        <time>2026-05-22T12:53:14.000Z</time>
      </trkpt>
      <trkpt lat="36.960182" lon="-4.610192">
        <ele>948.928865</ele>
        <time>2026-05-22T12:53:22.000Z</time>
      </trkpt>
      <trkpt lat="36.960180" lon="-4.610192">
        <ele>948.927130</ele>
        <time>2026-05-22T12:53:24.000Z</time>
      </trkpt>
      <trkpt lat="36.960180" lon="-4.610192">
        <ele>948.927130</ele>
        <time>2026-05-22T12:53:26.000Z</time>
      </trkpt>
      <trkpt lat="36.960180" lon="-4.610202">
        <ele>948.920200</ele>
        <time>2026-05-22T12:53:29.000Z</time>
      </trkpt>
      <trkpt lat="36.960183" lon="-4.610201">
        <ele>948.917507</ele>
        <time>2026-05-22T12:53:35.000Z</time>
      </trkpt>
      <trkpt lat="36.960183" lon="-4.610198">
        <ele>948.915428</ele>
        <time>2026-05-22T12:53:45.000Z</time>
      </trkpt>
      <trkpt lat="36.960185" lon="-4.610201">
        <ele>948.912721</ele>
        <time>2026-05-22T12:53:47.000Z</time>
      </trkpt>
      <trkpt lat="36.960180" lon="-4.610202">
        <ele>948.908329</ele>
        <time>2026-05-22T12:53:49.000Z</time>
      </trkpt>
      <trkpt lat="36.960177" lon="-4.610198">
        <ele>948.904527</ele>
        <time>2026-05-22T12:53:55.000Z</time>
      </trkpt>
      <trkpt lat="36.960161" lon="-4.610205">
        <ele>948.889827</ele>
        <time>2026-05-22T12:54:04.000Z</time>
      </trkpt>
      <trkpt lat="36.960165" lon="-4.610210">
        <ele>948.884924</ele>
        <time>2026-05-22T12:54:05.000Z</time>
      </trkpt>
      <trkpt lat="36.960186" lon="-4.610189">
        <ele>948.861610</ele>
        <time>2026-05-22T12:54:13.000Z</time>
      </trkpt>
      <trkpt lat="36.960194" lon="-4.610200">
        <ele>948.851302</ele>
        <time>2026-05-22T12:54:22.000Z</time>
      </trkpt>
      <trkpt lat="36.960201" lon="-4.610123">
        <ele>948.797596</ele>
        <time>2026-05-22T12:54:30.000Z</time>
      </trkpt>
      <trkpt lat="36.960222" lon="-4.610032">
        <ele>948.731954</ele>
        <time>2026-05-22T12:54:37.000Z</time>
      </trkpt>
      <trkpt lat="36.960243" lon="-4.609943">
        <ele>948.667642</ele>
        <time>2026-05-22T12:54:44.000Z</time>
      </trkpt>
      <trkpt lat="36.960257" lon="-4.609865">
        <ele>948.612240</ele>
        <time>2026-05-22T12:54:49.000Z</time>
      </trkpt>
      <trkpt lat="36.960260" lon="-4.609846">
        <ele>948.598818</ele>
        <time>2026-05-22T12:54:50.000Z</time>
      </trkpt>
      <trkpt lat="36.960261" lon="-4.609834">
        <ele>948.590457</ele>
        <time>2026-05-22T12:54:51.000Z</time>
      </trkpt>
      <trkpt lat="36.960261" lon="-4.609828">
        <ele>948.586299</ele>
        <time>2026-05-22T12:54:52.000Z</time>
      </trkpt>
      <trkpt lat="36.960278" lon="-4.609781">
        <ele>948.550545</ele>
        <time>2026-05-22T12:54:57.000Z</time>
      </trkpt>
      <trkpt lat="36.960304" lon="-4.609712">
        <ele>948.497677</ele>
        <time>2026-05-22T12:55:03.000Z</time>
      </trkpt>
      <trkpt lat="36.960320" lon="-4.609601">
        <ele>948.419511</ele>
        <time>2026-05-22T12:55:10.000Z</time>
      </trkpt>
      <trkpt lat="36.960335" lon="-4.609525">
        <ele>948.365258</ele>
        <time>2026-05-22T12:55:14.000Z</time>
      </trkpt>
      <trkpt lat="36.960338" lon="-4.609505">
        <ele>948.351156</ele>
        <time>2026-05-22T12:55:16.000Z</time>
      </trkpt>
      <trkpt lat="36.960354" lon="-4.609455">
        <ele>948.313830</ele>
        <time>2026-05-22T12:55:21.000Z</time>
      </trkpt>
      <trkpt lat="36.960365" lon="-4.609390">
        <ele>948.267785</ele>
        <time>2026-05-22T12:55:26.000Z</time>
      </trkpt>
      <trkpt lat="36.960367" lon="-4.609383">
        <ele>948.262633</ele>
        <time>2026-05-22T12:55:27.000Z</time>
      </trkpt>
      <trkpt lat="36.960376" lon="-4.609306">
        <ele>948.208703</ele>
        <time>2026-05-22T12:55:33.000Z</time>
      </trkpt>
      <trkpt lat="36.960378" lon="-4.609296">
        <ele>948.201559</ele>
        <time>2026-05-22T12:55:34.000Z</time>
      </trkpt>
      <trkpt lat="36.960390" lon="-4.609244">
        <ele>948.164049</ele>
        <time>2026-05-22T12:55:38.000Z</time>
      </trkpt>
      <trkpt lat="36.960396" lon="-4.609234">
        <ele>948.155383</ele>
        <time>2026-05-22T12:55:40.000Z</time>
      </trkpt>
      <trkpt lat="36.960414" lon="-4.609133">
        <ele>948.160391</ele>
        <time>2026-05-22T12:55:48.000Z</time>
      </trkpt>
      <trkpt lat="36.960415" lon="-4.609026">
        <ele>948.338861</ele>
        <time>2026-05-22T12:55:56.000Z</time>
      </trkpt>
      <trkpt lat="36.960425" lon="-4.608990">
        <ele>948.402427</ele>
        <time>2026-05-22T12:55:58.000Z</time>
      </trkpt>
      <trkpt lat="36.960450" lon="-4.608904">
        <ele>948.555056</ele>
        <time>2026-05-22T12:56:04.000Z</time>
      </trkpt>
      <trkpt lat="36.960460" lon="-4.608857">
        <ele>948.636175</ele>
        <time>2026-05-22T12:56:07.000Z</time>
      </trkpt>
      <trkpt lat="36.960469" lon="-4.608813">
        <ele>948.711926</ele>
        <time>2026-05-22T12:56:10.000Z</time>
      </trkpt>
      <trkpt lat="36.960473" lon="-4.608792">
        <ele>948.747931</ele>
        <time>2026-05-22T12:56:12.000Z</time>
      </trkpt>
      <trkpt lat="36.960474" lon="-4.608747">
        <ele>948.823012</ele>
        <time>2026-05-22T12:56:15.000Z</time>
      </trkpt>
      <trkpt lat="36.960493" lon="-4.608601">
        <ele>949.069722</ele>
        <time>2026-05-22T12:56:26.000Z</time>
      </trkpt>
      <trkpt lat="36.960499" lon="-4.608549">
        <ele>949.157349</ele>
        <time>2026-05-22T12:56:30.000Z</time>
      </trkpt>
      <trkpt lat="36.960512" lon="-4.608485">
        <ele>949.267484</ele>
        <time>2026-05-22T12:56:35.000Z</time>
      </trkpt>
      <trkpt lat="36.960528" lon="-4.608415">
        <ele>949.388914</ele>
        <time>2026-05-22T12:56:40.000Z</time>
      </trkpt>
      <trkpt lat="36.960532" lon="-4.608379">
        <ele>949.449533</ele>
        <time>2026-05-22T12:56:43.000Z</time>
      </trkpt>
      <trkpt lat="36.960535" lon="-4.608363">
        <ele>949.476943</ele>
        <time>2026-05-22T12:56:44.000Z</time>
      </trkpt>
      <trkpt lat="36.960539" lon="-4.608349">
        <ele>949.501741</ele>
        <time>2026-05-22T12:56:45.000Z</time>
      </trkpt>
      <trkpt lat="36.960549" lon="-4.608306">
        <ele>949.576432</ele>
        <time>2026-05-22T12:56:49.000Z</time>
      </trkpt>
      <trkpt lat="36.960552" lon="-4.608287">
        <ele>949.608734</ele>
        <time>2026-05-22T12:56:50.000Z</time>
      </trkpt>
      <trkpt lat="36.960560" lon="-4.608247">
        <ele>949.677505</ele>
        <time>2026-05-22T12:56:52.000Z</time>
      </trkpt>
      <trkpt lat="36.960589" lon="-4.608152">
        <ele>949.847116</ele>
        <time>2026-05-22T12:56:59.000Z</time>
      </trkpt>
      <trkpt lat="36.960604" lon="-4.608105">
        <ele>949.931525</ele>
        <time>2026-05-22T12:57:03.000Z</time>
      </trkpt>
      <trkpt lat="36.960608" lon="-4.608039">
        <ele>950.041917</ele>
        <time>2026-05-22T12:57:09.000Z</time>
      </trkpt>
      <trkpt lat="36.960608" lon="-4.607961">
        <ele>950.172007</ele>
        <time>2026-05-22T12:57:14.000Z</time>
      </trkpt>
      <trkpt lat="36.960618" lon="-4.607928">
        <ele>950.230870</ele>
        <time>2026-05-22T12:57:16.000Z</time>
      </trkpt>
      <trkpt lat="36.960622" lon="-4.607919">
        <ele>950.248046</ele>
        <time>2026-05-22T12:57:17.000Z</time>
      </trkpt>
      <trkpt lat="36.960644" lon="-4.607898">
        <ele>950.305798</ele>
        <time>2026-05-22T12:57:20.000Z</time>
      </trkpt>
      <trkpt lat="36.960650" lon="-4.607863">
        <ele>950.365500</ele>
        <time>2026-05-22T12:57:22.000Z</time>
      </trkpt>
      <trkpt lat="36.960660" lon="-4.607761">
        <ele>950.536893</ele>
        <time>2026-05-22T12:57:29.000Z</time>
      </trkpt>
      <trkpt lat="36.960673" lon="-4.607687">
        <ele>950.663259</ele>
        <time>2026-05-22T12:57:33.000Z</time>
      </trkpt>
      <trkpt lat="36.960676" lon="-4.607666">
        <ele>950.698838</ele>
        <time>2026-05-22T12:57:35.000Z</time>
      </trkpt>
      <trkpt lat="36.960678" lon="-4.607652">
        <ele>950.722558</ele>
        <time>2026-05-22T12:57:36.000Z</time>
      </trkpt>
      <trkpt lat="36.960679" lon="-4.607635">
        <ele>950.750988</ele>
        <time>2026-05-22T12:57:37.000Z</time>
      </trkpt>
      <trkpt lat="36.960687" lon="-4.607565">
        <ele>950.868923</ele>
        <time>2026-05-22T12:57:41.000Z</time>
      </trkpt>
      <trkpt lat="36.960693" lon="-4.607492">
        <ele>950.991316</ele>
        <time>2026-05-22T12:57:47.000Z</time>
      </trkpt>
      <trkpt lat="36.960683" lon="-4.607415">
        <ele>951.121423</ele>
        <time>2026-05-22T12:57:53.000Z</time>
      </trkpt>
      <trkpt lat="36.960680" lon="-4.607407">
        <ele>951.136162</ele>
        <time>2026-05-22T12:57:54.000Z</time>
      </trkpt>
      <trkpt lat="36.960680" lon="-4.607396">
        <ele>951.154508</ele>
        <time>2026-05-22T12:57:55.000Z</time>
      </trkpt>
      <trkpt lat="36.960700" lon="-4.607274">
        <ele>951.362219</ele>
        <time>2026-05-22T12:58:03.000Z</time>
      </trkpt>
      <trkpt lat="36.960727" lon="-4.607148">
        <ele>951.579790</ele>
        <time>2026-05-22T12:58:10.000Z</time>
      </trkpt>
      <trkpt lat="36.960736" lon="-4.607089">
        <ele>951.679968</ele>
        <time>2026-05-22T12:58:14.000Z</time>
      </trkpt>
      <trkpt lat="36.960741" lon="-4.607055">
        <ele>951.737626</ele>
        <time>2026-05-22T12:58:16.000Z</time>
      </trkpt>
      <trkpt lat="36.960748" lon="-4.607022">
        <ele>951.794570</ele>
        <time>2026-05-22T12:58:18.000Z</time>
      </trkpt>
      <trkpt lat="36.960753" lon="-4.606940">
        <ele>951.878375</ele>
        <time>2026-05-22T12:58:24.000Z</time>
      </trkpt>
      <trkpt lat="36.960754" lon="-4.606905">
        <ele>951.893086</ele>
        <time>2026-05-22T12:58:29.000Z</time>
      </trkpt>
      <trkpt lat="36.960747" lon="-4.606807">
        <ele>951.934413</ele>
        <time>2026-05-22T12:58:35.000Z</time>
      </trkpt>
      <trkpt lat="36.960745" lon="-4.606737">
        <ele>951.963834</ele>
        <time>2026-05-22T12:58:40.000Z</time>
      </trkpt>
      <trkpt lat="36.960743" lon="-4.606725">
        <ele>951.968983</ele>
        <time>2026-05-22T12:58:41.000Z</time>
      </trkpt>
      <trkpt lat="36.960752" lon="-4.606704">
        <ele>951.978993</ele>
        <time>2026-05-22T12:58:48.000Z</time>
      </trkpt>
      <trkpt lat="36.960772" lon="-4.606745">
        <ele>951.999170</ele>
        <time>2026-05-22T12:58:54.000Z</time>
      </trkpt>
      <trkpt lat="36.960774" lon="-4.606737">
        <ele>952.002691</ele>
        <time>2026-05-22T12:58:56.000Z</time>
      </trkpt>
      <trkpt lat="36.960772" lon="-4.606731">
        <ele>952.005421</ele>
        <time>2026-05-22T12:58:57.000Z</time>
      </trkpt>
      <trkpt lat="36.960770" lon="-4.606729">
        <ele>952.006767</ele>
        <time>2026-05-22T12:58:58.000Z</time>
      </trkpt>
      <trkpt lat="36.960760" lon="-4.606724">
        <ele>952.012428</ele>
        <time>2026-05-22T12:59:05.000Z</time>
      </trkpt>
      <trkpt lat="36.960755" lon="-4.606712">
        <ele>952.018112</ele>
        <time>2026-05-22T12:59:14.000Z</time>
      </trkpt>
      <trkpt lat="36.960755" lon="-4.606714">
        <ele>952.018952</ele>
        <time>2026-05-22T12:59:17.000Z</time>
      </trkpt>
      <trkpt lat="36.960752" lon="-4.606711">
        <ele>952.020971</ele>
        <time>2026-05-22T12:59:24.000Z</time>
      </trkpt>
      <trkpt lat="36.960754" lon="-4.606711">
        <ele>952.022022</ele>
        <time>2026-05-22T12:59:26.000Z</time>
      </trkpt>
      <trkpt lat="36.960753" lon="-4.606650">
        <ele>952.047650</ele>
        <time>2026-05-22T12:59:33.000Z</time>
      </trkpt>
      <trkpt lat="36.960752" lon="-4.606628">
        <ele>952.056906</ele>
        <time>2026-05-22T12:59:34.000Z</time>
      </trkpt>
      <trkpt lat="36.960762" lon="-4.606522">
        <ele>952.101739</ele>
        <time>2026-05-22T12:59:41.000Z</time>
      </trkpt>
      <trkpt lat="36.960757" lon="-4.606411">
        <ele>952.148436</ele>
        <time>2026-05-22T12:59:49.000Z</time>
      </trkpt>
      <trkpt lat="36.960750" lon="-4.606322">
        <ele>952.186000</ele>
        <time>2026-05-22T12:59:56.000Z</time>
      </trkpt>
      <trkpt lat="36.960762" lon="-4.606221">
        <ele>952.228890</ele>
        <time>2026-05-22T13:00:02.000Z</time>
      </trkpt>
      <trkpt lat="36.960769" lon="-4.606156">
        <ele>952.256439</ele>
        <time>2026-05-22T13:00:06.000Z</time>
      </trkpt>
      <trkpt lat="36.960765" lon="-4.606133">
        <ele>952.266326</ele>
        <time>2026-05-22T13:00:08.000Z</time>
      </trkpt>
      <trkpt lat="36.960762" lon="-4.606110">
        <ele>952.276115</ele>
        <time>2026-05-22T13:00:10.000Z</time>
      </trkpt>
      <trkpt lat="36.960761" lon="-4.606073">
        <ele>952.291665</ele>
        <time>2026-05-22T13:00:13.000Z</time>
      </trkpt>
      <trkpt lat="36.960751" lon="-4.605976">
        <ele>952.332746</ele>
        <time>2026-05-22T13:00:19.000Z</time>
      </trkpt>
      <trkpt lat="36.960752" lon="-4.605924">
        <ele>952.354594</ele>
        <time>2026-05-22T13:00:24.000Z</time>
      </trkpt>
      <trkpt lat="36.960751" lon="-4.605860">
        <ele>952.381482</ele>
        <time>2026-05-22T13:00:29.000Z</time>
      </trkpt>
      <trkpt lat="36.960748" lon="-4.605846">
        <ele>952.387570</ele>
        <time>2026-05-22T13:00:30.000Z</time>
      </trkpt>
      <trkpt lat="36.960735" lon="-4.605777">
        <ele>952.417347</ele>
        <time>2026-05-22T13:00:34.000Z</time>
      </trkpt>
      <trkpt lat="36.960734" lon="-4.605763">
        <ele>952.423251</ele>
        <time>2026-05-22T13:00:35.000Z</time>
      </trkpt>
      <trkpt lat="36.960735" lon="-4.605662">
        <ele>952.465678</ele>
        <time>2026-05-22T13:00:42.000Z</time>
      </trkpt>
      <trkpt lat="36.960748" lon="-4.605560">
        <ele>952.509063</ele>
        <time>2026-05-22T13:00:48.000Z</time>
      </trkpt>
      <trkpt lat="36.960749" lon="-4.605530">
        <ele>952.521675</ele>
        <time>2026-05-22T13:00:51.000Z</time>
      </trkpt>
      <trkpt lat="36.960745" lon="-4.605468">
        <ele>952.547802</ele>
        <time>2026-05-22T13:00:56.000Z</time>
      </trkpt>
      <trkpt lat="36.960753" lon="-4.605317">
        <ele>952.611366</ele>
        <time>2026-05-22T13:01:07.000Z</time>
      </trkpt>
      <trkpt lat="36.960803" lon="-4.605230">
        <ele>952.656380</ele>
        <time>2026-05-22T13:01:14.000Z</time>
      </trkpt>
      <trkpt lat="36.960818" lon="-4.605180">
        <ele>952.678813</ele>
        <time>2026-05-22T13:01:18.000Z</time>
      </trkpt>
      <trkpt lat="36.960832" lon="-4.605155">
        <ele>952.691636</ele>
        <time>2026-05-22T13:01:20.000Z</time>
      </trkpt>
      <trkpt lat="36.960841" lon="-4.605142">
        <ele>952.698861</ele>
        <time>2026-05-22T13:01:21.000Z</time>
      </trkpt>
      <trkpt lat="36.960861" lon="-4.605118">
        <ele>952.713426</ele>
        <time>2026-05-22T13:01:23.000Z</time>
      </trkpt>
      <trkpt lat="36.960877" lon="-4.605084">
        <ele>952.730000</ele>
        <time>2026-05-22T13:01:27.000Z</time>
      </trkpt>
      <trkpt lat="36.960909" lon="-4.605003">
        <ele>952.767954</ele>
        <time>2026-05-22T13:01:33.000Z</time>
      </trkpt>
      <trkpt lat="36.960933" lon="-4.604970">
        <ele>952.786697</ele>
        <time>2026-05-22T13:01:36.000Z</time>
      </trkpt>
      <trkpt lat="36.960984" lon="-4.604899">
        <ele>952.861884</ele>
        <time>2026-05-22T13:01:42.000Z</time>
      </trkpt>
      <trkpt lat="36.961031" lon="-4.604824">
        <ele>952.969154</ele>
        <time>2026-05-22T13:01:48.000Z</time>
      </trkpt>
      <trkpt lat="36.961057" lon="-4.604769">
        <ele>953.041074</ele>
        <time>2026-05-22T13:01:53.000Z</time>
      </trkpt>
      <trkpt lat="36.961089" lon="-4.604697">
        <ele>953.133797</ele>
        <time>2026-05-22T13:01:58.000Z</time>
      </trkpt>
      <trkpt lat="36.961154" lon="-4.604622">
        <ele>953.258321</ele>
        <time>2026-05-22T13:02:06.000Z</time>
      </trkpt>
      <trkpt lat="36.961182" lon="-4.604576">
        <ele>953.323402</ele>
        <time>2026-05-22T13:02:12.000Z</time>
      </trkpt>
      <trkpt lat="36.961210" lon="-4.604511">
        <ele>953.406508</ele>
        <time>2026-05-22T13:02:17.000Z</time>
      </trkpt>
      <trkpt lat="36.961234" lon="-4.604472">
        <ele>953.461908</ele>
        <time>2026-05-22T13:02:20.000Z</time>
      </trkpt>
      <trkpt lat="36.961278" lon="-4.604396">
        <ele>953.567533</ele>
        <time>2026-05-22T13:02:27.000Z</time>
      </trkpt>
      <trkpt lat="36.961316" lon="-4.604320">
        <ele>953.668431</ele>
        <time>2026-05-22T13:02:33.000Z</time>
      </trkpt>
      <trkpt lat="36.961349" lon="-4.604259">
        <ele>953.751337</ele>
        <time>2026-05-22T13:02:39.000Z</time>
      </trkpt>
      <trkpt lat="36.961364" lon="-4.604233">
        <ele>953.787428</ele>
        <time>2026-05-22T13:02:42.000Z</time>
      </trkpt>
      <trkpt lat="36.961372" lon="-4.604221">
        <ele>953.805017</ele>
        <time>2026-05-22T13:02:43.000Z</time>
      </trkpt>
      <trkpt lat="36.961378" lon="-4.604209">
        <ele>953.820948</ele>
        <time>2026-05-22T13:02:44.000Z</time>
      </trkpt>
      <trkpt lat="36.961383" lon="-4.604197">
        <ele>953.836179</ele>
        <time>2026-05-22T13:02:45.000Z</time>
      </trkpt>
      <trkpt lat="36.961397" lon="-4.604175">
        <ele>953.867831</ele>
        <time>2026-05-22T13:02:47.000Z</time>
      </trkpt>
      <trkpt lat="36.961410" lon="-4.604157">
        <ele>953.895138</ele>
        <time>2026-05-22T13:02:49.000Z</time>
      </trkpt>
      <trkpt lat="36.961434" lon="-4.604133">
        <ele>953.938407</ele>
        <time>2026-05-22T13:02:52.000Z</time>
      </trkpt>
      <trkpt lat="36.961436" lon="-4.604120">
        <ele>953.953306</ele>
        <time>2026-05-22T13:02:55.000Z</time>
      </trkpt>
      <trkpt lat="36.961440" lon="-4.604109">
        <ele>953.966908</ele>
        <time>2026-05-22T13:02:56.000Z</time>
      </trkpt>
      <trkpt lat="36.961472" lon="-4.604067">
        <ele>954.032220</ele>
        <time>2026-05-22T13:03:00.000Z</time>
      </trkpt>
      <trkpt lat="36.961496" lon="-4.604053">
        <ele>954.069515</ele>
        <time>2026-05-22T13:03:06.000Z</time>
      </trkpt>
      <trkpt lat="36.961542" lon="-4.603989">
        <ele>954.166395</ele>
        <time>2026-05-22T13:03:14.000Z</time>
      </trkpt>
      <trkpt lat="36.961587" lon="-4.603900">
        <ele>954.284927</ele>
        <time>2026-05-22T13:03:22.000Z</time>
      </trkpt>
      <trkpt lat="36.961591" lon="-4.603887">
        <ele>954.300605</ele>
        <time>2026-05-22T13:03:23.000Z</time>
      </trkpt>
      <trkpt lat="36.961612" lon="-4.603774">
        <ele>954.431173</ele>
        <time>2026-05-22T13:03:32.000Z</time>
      </trkpt>
      <trkpt lat="36.961626" lon="-4.603651">
        <ele>954.570998</ele>
        <time>2026-05-22T13:03:41.000Z</time>
      </trkpt>
      <trkpt lat="36.961627" lon="-4.603627">
        <ele>954.598045</ele>
        <time>2026-05-22T13:03:43.000Z</time>
      </trkpt>
      <trkpt lat="36.961621" lon="-4.603559">
        <ele>954.675039</ele>
        <time>2026-05-22T13:03:49.000Z</time>
      </trkpt>
      <trkpt lat="36.961617" lon="-4.603539">
        <ele>954.698242</ele>
        <time>2026-05-22T13:03:50.000Z</time>
      </trkpt>
      <trkpt lat="36.961591" lon="-4.603455">
        <ele>954.799623</ele>
        <time>2026-05-22T13:03:56.000Z</time>
      </trkpt>
      <trkpt lat="36.961556" lon="-4.603348">
        <ele>954.929743</ele>
        <time>2026-05-22T13:04:03.000Z</time>
      </trkpt>
      <trkpt lat="36.961554" lon="-4.603332">
        <ele>954.947969</ele>
        <time>2026-05-22T13:04:05.000Z</time>
      </trkpt>
      <trkpt lat="36.961535" lon="-4.603251">
        <ele>955.042976</ele>
        <time>2026-05-22T13:04:11.000Z</time>
      </trkpt>
      <trkpt lat="36.961483" lon="-4.603130">
        <ele>955.197599</ele>
        <time>2026-05-22T13:04:19.000Z</time>
      </trkpt>
      <trkpt lat="36.961478" lon="-4.603121">
        <ele>955.209936</ele>
        <time>2026-05-22T13:04:21.000Z</time>
      </trkpt>
      <trkpt lat="36.961479" lon="-4.603124">
        <ele>955.213594</ele>
        <time>2026-05-22T13:04:25.000Z</time>
      </trkpt>
      <trkpt lat="36.961479" lon="-4.603126">
        <ele>955.215845</ele>
        <time>2026-05-22T13:04:26.000Z</time>
      </trkpt>
      <trkpt lat="36.961485" lon="-4.603130">
        <ele>955.225420</ele>
        <time>2026-05-22T13:04:28.000Z</time>
      </trkpt>
      <trkpt lat="36.961498" lon="-4.603114">
        <ele>955.251101</ele>
        <time>2026-05-22T13:04:36.000Z</time>
      </trkpt>
      <trkpt lat="36.961499" lon="-4.603117">
        <ele>955.254759</ele>
        <time>2026-05-22T13:04:37.000Z</time>
      </trkpt>
      <trkpt lat="36.961498" lon="-4.603121">
        <ele>955.259476</ele>
        <time>2026-05-22T13:04:38.000Z</time>
      </trkpt>
      <trkpt lat="36.961478" lon="-4.603108">
        <ele>955.291219</ele>
        <time>2026-05-22T13:04:44.000Z</time>
      </trkpt>
      <trkpt lat="36.961462" lon="-4.603103">
        <ele>955.314446</ele>
        <time>2026-05-22T13:04:47.000Z</time>
      </trkpt>
      <trkpt lat="36.961457" lon="-4.603063">
        <ele>955.347062</ele>
        <time>2026-05-22T13:04:58.000Z</time>
      </trkpt>
      <trkpt lat="36.961454" lon="-4.603041">
        <ele>955.356509</ele>
        <time>2026-05-22T13:05:00.000Z</time>
      </trkpt>
      <trkpt lat="36.961432" lon="-4.602954">
        <ele>955.395135</ele>
        <time>2026-05-22T13:05:07.000Z</time>
      </trkpt>
      <trkpt lat="36.961393" lon="-4.602823">
        <ele>955.454309</ele>
        <time>2026-05-22T13:05:15.000Z</time>
      </trkpt>
      <trkpt lat="36.961389" lon="-4.602741">
        <ele>955.489082</ele>
        <time>2026-05-22T13:05:22.000Z</time>
      </trkpt>
      <trkpt lat="36.961399" lon="-4.602713">
        <ele>955.502064</ele>
        <time>2026-05-22T13:05:27.000Z</time>
      </trkpt>
      <trkpt lat="36.961400" lon="-4.602706">
        <ele>955.505074</ele>
        <time>2026-05-22T13:05:28.000Z</time>
      </trkpt>
      <trkpt lat="36.961397" lon="-4.602694">
        <ele>955.510397</ele>
        <time>2026-05-22T13:05:29.000Z</time>
      </trkpt>
      <trkpt lat="36.961380" lon="-4.602636">
        <ele>955.536547</ele>
        <time>2026-05-22T13:05:34.000Z</time>
      </trkpt>
      <trkpt lat="36.961368" lon="-4.602602">
        <ele>955.552280</ele>
        <time>2026-05-22T13:05:36.000Z</time>
      </trkpt>
      <trkpt lat="36.961337" lon="-4.602515">
        <ele>955.592601</ele>
        <time>2026-05-22T13:05:42.000Z</time>
      </trkpt>
      <trkpt lat="36.961293" lon="-4.602436">
        <ele>955.633362</ele>
        <time>2026-05-22T13:05:48.000Z</time>
      </trkpt>
      <trkpt lat="36.961266" lon="-4.602358">
        <ele>955.669344</ele>
        <time>2026-05-22T13:05:55.000Z</time>
      </trkpt>
      <trkpt lat="36.961236" lon="-4.602274">
        <ele>955.708290</ele>
        <time>2026-05-22T13:06:02.000Z</time>
      </trkpt>
      <trkpt lat="36.961195" lon="-4.602149">
        <ele>955.765484</ele>
        <time>2026-05-22T13:06:10.000Z</time>
      </trkpt>
      <trkpt lat="36.961164" lon="-4.602063">
        <ele>955.805420</ele>
        <time>2026-05-22T13:06:16.000Z</time>
      </trkpt>
      <trkpt lat="36.961130" lon="-4.601964">
        <ele>955.851032</ele>
        <time>2026-05-22T13:06:23.000Z</time>
      </trkpt>
      <trkpt lat="36.961073" lon="-4.601892">
        <ele>955.893934</ele>
        <time>2026-05-22T13:06:30.000Z</time>
      </trkpt>
      <trkpt lat="36.961062" lon="-4.601879">
        <ele>955.901948</ele>
        <time>2026-05-22T13:06:31.000Z</time>
      </trkpt>
      <trkpt lat="36.961026" lon="-4.601804">
        <ele>955.938982</ele>
        <time>2026-05-22T13:06:37.000Z</time>
      </trkpt>
      <trkpt lat="36.961007" lon="-4.601765">
        <ele>955.958317</ele>
        <time>2026-05-22T13:06:40.000Z</time>
      </trkpt>
      <trkpt lat="36.960981" lon="-4.601710">
        <ele>955.985367</ele>
        <time>2026-05-22T13:06:44.000Z</time>
      </trkpt>
      <trkpt lat="36.960930" lon="-4.601621">
        <ele>956.031725</ele>
        <time>2026-05-22T13:06:51.000Z</time>
      </trkpt>
      <trkpt lat="36.960914" lon="-4.601595">
        <ele>956.045616</ele>
        <time>2026-05-22T13:06:53.000Z</time>
      </trkpt>
      <trkpt lat="36.960895" lon="-4.601553">
        <ele>956.066046</ele>
        <time>2026-05-22T13:06:57.000Z</time>
      </trkpt>
      <trkpt lat="36.960890" lon="-4.601544">
        <ele>956.070686</ele>
        <time>2026-05-22T13:06:58.000Z</time>
      </trkpt>
      <trkpt lat="36.960881" lon="-4.601532">
        <ele>956.077652</ele>
        <time>2026-05-22T13:06:59.000Z</time>
      </trkpt>
      <trkpt lat="36.960833" lon="-4.601460">
        <ele>956.117343</ele>
        <time>2026-05-22T13:07:04.000Z</time>
      </trkpt>
      <trkpt lat="36.960793" lon="-4.601365">
        <ele>956.162797</ele>
        <time>2026-05-22T13:07:11.000Z</time>
      </trkpt>
      <trkpt lat="36.960739" lon="-4.601275">
        <ele>956.210437</ele>
        <time>2026-05-22T13:07:18.000Z</time>
      </trkpt>
      <trkpt lat="36.960676" lon="-4.601172">
        <ele>956.265343</ele>
        <time>2026-05-22T13:07:26.000Z</time>
      </trkpt>
      <trkpt lat="36.960639" lon="-4.601093">
        <ele>956.353895</ele>
        <time>2026-05-22T13:07:33.000Z</time>
      </trkpt>
      <trkpt lat="36.960614" lon="-4.601022">
        <ele>956.522618</ele>
        <time>2026-05-22T13:07:39.000Z</time>
      </trkpt>
      <trkpt lat="36.960567" lon="-4.600939">
        <ele>956.743838</ele>
        <time>2026-05-22T13:07:45.000Z</time>
      </trkpt>
      <trkpt lat="36.960523" lon="-4.600839">
        <ele>956.992087</ele>
        <time>2026-05-22T13:07:52.000Z</time>
      </trkpt>
      <trkpt lat="36.960477" lon="-4.600705">
        <ele>957.309237</ele>
        <time>2026-05-22T13:08:03.000Z</time>
      </trkpt>
      <trkpt lat="36.960473" lon="-4.600639">
        <ele>957.453173</ele>
        <time>2026-05-22T13:08:07.000Z</time>
      </trkpt>
      <trkpt lat="36.960474" lon="-4.600584">
        <ele>957.572807</ele>
        <time>2026-05-22T13:08:10.000Z</time>
      </trkpt>
      <trkpt lat="36.960482" lon="-4.600504">
        <ele>957.748133</ele>
        <time>2026-05-22T13:08:16.000Z</time>
      </trkpt>
      <trkpt lat="36.960472" lon="-4.600398">
        <ele>957.980242</ele>
        <time>2026-05-22T13:08:22.000Z</time>
      </trkpt>
      <trkpt lat="36.960451" lon="-4.600277">
        <ele>958.249504</ele>
        <time>2026-05-22T13:08:30.000Z</time>
      </trkpt>
      <trkpt lat="36.960449" lon="-4.600186">
        <ele>958.447467</ele>
        <time>2026-05-22T13:08:36.000Z</time>
      </trkpt>
      <trkpt lat="36.960417" lon="-4.600064">
        <ele>958.726697</ele>
        <time>2026-05-22T13:08:44.000Z</time>
      </trkpt>
      <trkpt lat="36.960408" lon="-4.599948">
        <ele>958.980138</ele>
        <time>2026-05-22T13:08:54.000Z</time>
      </trkpt>
      <trkpt lat="36.960395" lon="-4.599836">
        <ele>959.226250</ele>
        <time>2026-05-22T13:09:02.000Z</time>
      </trkpt>
      <trkpt lat="36.960403" lon="-4.599754">
        <ele>959.405891</ele>
        <time>2026-05-22T13:09:08.000Z</time>
      </trkpt>
      <trkpt lat="36.960404" lon="-4.599735">
        <ele>959.447298</ele>
        <time>2026-05-22T13:09:09.000Z</time>
      </trkpt>
      <trkpt lat="36.960397" lon="-4.599698">
        <ele>959.529983</ele>
        <time>2026-05-22T13:09:15.000Z</time>
      </trkpt>
      <trkpt lat="36.960383" lon="-4.599682">
        <ele>959.581581</ele>
        <time>2026-05-22T13:09:24.000Z</time>
      </trkpt>
      <trkpt lat="36.960383" lon="-4.599674">
        <ele>959.598977</ele>
        <time>2026-05-22T13:09:25.000Z</time>
      </trkpt>
      <trkpt lat="36.960394" lon="-4.599557">
        <ele>959.855161</ele>
        <time>2026-05-22T13:09:32.000Z</time>
      </trkpt>
      <trkpt lat="36.960396" lon="-4.599467">
        <ele>960.050951</ele>
        <time>2026-05-22T13:09:38.000Z</time>
      </trkpt>
      <trkpt lat="36.960383" lon="-4.599408">
        <ele>960.184042</ele>
        <time>2026-05-22T13:09:43.000Z</time>
      </trkpt>
      <trkpt lat="36.960378" lon="-4.599390">
        <ele>960.225482</ele>
        <time>2026-05-22T13:09:44.000Z</time>
      </trkpt>
      <trkpt lat="36.960374" lon="-4.599298">
        <ele>960.425842</ele>
        <time>2026-05-22T13:09:50.000Z</time>
      </trkpt>
      <trkpt lat="36.960377" lon="-4.599181">
        <ele>960.680402</ele>
        <time>2026-05-22T13:09:59.000Z</time>
      </trkpt>
      <trkpt lat="36.960378" lon="-4.599169">
        <ele>960.706639</ele>
        <time>2026-05-22T13:10:00.000Z</time>
      </trkpt>
      <trkpt lat="36.960385" lon="-4.599097">
        <ele>960.864365</ele>
        <time>2026-05-22T13:10:04.000Z</time>
      </trkpt>
      <trkpt lat="36.960390" lon="-4.599062">
        <ele>960.941683</ele>
        <time>2026-05-22T13:10:06.000Z</time>
      </trkpt>
      <trkpt lat="36.960404" lon="-4.599014">
        <ele>961.052800</ele>
        <time>2026-05-22T13:10:09.000Z</time>
      </trkpt>
      <trkpt lat="36.960421" lon="-4.598964">
        <ele>961.170964</ele>
        <time>2026-05-22T13:10:13.000Z</time>
      </trkpt>
      <trkpt lat="36.960422" lon="-4.598880">
        <ele>961.460906</ele>
        <time>2026-05-22T13:10:19.000Z</time>
      </trkpt>
      <trkpt lat="36.960402" lon="-4.598781">
        <ele>961.825920</ele>
        <time>2026-05-22T13:10:25.000Z</time>
      </trkpt>
      <trkpt lat="36.960391" lon="-4.598670">
        <ele>962.225735</ele>
        <time>2026-05-22T13:10:32.000Z</time>
      </trkpt>
      <trkpt lat="36.960396" lon="-4.598576">
        <ele>962.562486</ele>
        <time>2026-05-22T13:10:39.000Z</time>
      </trkpt>
      <trkpt lat="36.960393" lon="-4.598471">
        <ele>962.938053</ele>
        <time>2026-05-22T13:10:45.000Z</time>
      </trkpt>
      <trkpt lat="36.960392" lon="-4.598371">
        <ele>963.295535</ele>
        <time>2026-05-22T13:10:52.000Z</time>
      </trkpt>
      <trkpt lat="36.960389" lon="-4.598343">
        <ele>963.396518</ele>
        <time>2026-05-22T13:10:55.000Z</time>
      </trkpt>
      <trkpt lat="36.960379" lon="-4.598302">
        <ele>963.549750</ele>
        <time>2026-05-22T13:10:58.000Z</time>
      </trkpt>
      <trkpt lat="36.960371" lon="-4.598231">
        <ele>963.806053</ele>
        <time>2026-05-22T13:11:04.000Z</time>
      </trkpt>
      <trkpt lat="36.960354" lon="-4.598144">
        <ele>964.126202</ele>
        <time>2026-05-22T13:11:09.000Z</time>
      </trkpt>
      <trkpt lat="36.960352" lon="-4.598131">
        <ele>964.173525</ele>
        <time>2026-05-22T13:11:10.000Z</time>
      </trkpt>
      <trkpt lat="36.960341" lon="-4.598104">
        <ele>964.281859</ele>
        <time>2026-05-22T13:11:12.000Z</time>
      </trkpt>
      <trkpt lat="36.960304" lon="-4.598012">
        <ele>964.650022</ele>
        <time>2026-05-22T13:11:18.000Z</time>
      </trkpt>
      <trkpt lat="36.960301" lon="-4.597982">
        <ele>964.758095</ele>
        <time>2026-05-22T13:11:20.000Z</time>
      </trkpt>
      <trkpt lat="36.960296" lon="-4.597918">
        <ele>964.987957</ele>
        <time>2026-05-22T13:11:24.000Z</time>
      </trkpt>
      <trkpt lat="36.960296" lon="-4.597825">
        <ele>965.320390</ele>
        <time>2026-05-22T13:11:30.000Z</time>
      </trkpt>
      <trkpt lat="36.960288" lon="-4.597742">
        <ele>965.619229</ele>
        <time>2026-05-22T13:11:36.000Z</time>
      </trkpt>
      <trkpt lat="36.960291" lon="-4.597668">
        <ele>965.884085</ele>
        <time>2026-05-22T13:11:42.000Z</time>
      </trkpt>
      <trkpt lat="36.960308" lon="-4.597574">
        <ele>966.228592</ele>
        <time>2026-05-22T13:11:48.000Z</time>
      </trkpt>
      <trkpt lat="36.960303" lon="-4.597550">
        <ele>966.317249</ele>
        <time>2026-05-22T13:11:54.000Z</time>
      </trkpt>
      <trkpt lat="36.960294" lon="-4.597549">
        <ele>966.357669</ele>
        <time>2026-05-22T13:12:00.000Z</time>
      </trkpt>
      <trkpt lat="36.960294" lon="-4.597555">
        <ele>966.379116</ele>
        <time>2026-05-22T13:12:03.000Z</time>
      </trkpt>
      <trkpt lat="36.960303" lon="-4.597563">
        <ele>966.428499</ele>
        <time>2026-05-22T13:12:08.000Z</time>
      </trkpt>
      <trkpt lat="36.960305" lon="-4.597583">
        <ele>966.500548</ele>
        <time>2026-05-22T13:12:15.000Z</time>
      </trkpt>
      <trkpt lat="36.960301" lon="-4.597570">
        <ele>966.550343</ele>
        <time>2026-05-22T13:12:22.000Z</time>
      </trkpt>
      <trkpt lat="36.960303" lon="-4.597562">
        <ele>966.580307</ele>
        <time>2026-05-22T13:12:25.000Z</time>
      </trkpt>
      <trkpt lat="36.960299" lon="-4.597555">
        <ele>966.611068</ele>
        <time>2026-05-22T13:12:30.000Z</time>
      </trkpt>
      <trkpt lat="36.960301" lon="-4.597552">
        <ele>966.625034</ele>
        <time>2026-05-22T13:12:31.000Z</time>
      </trkpt>
      <trkpt lat="36.960304" lon="-4.597541">
        <ele>966.666582</ele>
        <time>2026-05-22T13:12:36.000Z</time>
      </trkpt>
      <trkpt lat="36.960312" lon="-4.597538">
        <ele>966.703942</ele>
        <time>2026-05-22T13:12:42.000Z</time>
      </trkpt>
      <trkpt lat="36.960337" lon="-4.597543">
        <ele>966.817198</ele>
        <time>2026-05-22T13:12:49.000Z</time>
      </trkpt>
      <trkpt lat="36.960334" lon="-4.597539">
        <ele>966.836808</ele>
        <time>2026-05-22T13:12:51.000Z</time>
      </trkpt>
      <trkpt lat="36.960332" lon="-4.597540">
        <ele>966.846442</ele>
        <time>2026-05-22T13:12:53.000Z</time>
      </trkpt>
      <trkpt lat="36.960328" lon="-4.597495">
        <ele>967.008289</ele>
        <time>2026-05-22T13:13:06.000Z</time>
      </trkpt>
      <trkpt lat="36.960352" lon="-4.597387">
        <ele>967.408992</ele>
        <time>2026-05-22T13:13:14.000Z</time>
      </trkpt>
      <trkpt lat="36.960357" lon="-4.597365">
        <ele>967.490751</ele>
        <time>2026-05-22T13:13:15.000Z</time>
      </trkpt>
      <trkpt lat="36.960369" lon="-4.597329">
        <ele>967.630182</ele>
        <time>2026-05-22T13:13:19.000Z</time>
      </trkpt>
      <trkpt lat="36.960376" lon="-4.597300">
        <ele>967.738471</ele>
        <time>2026-05-22T13:13:21.000Z</time>
      </trkpt>
      <trkpt lat="36.960386" lon="-4.597269">
        <ele>967.857971</ele>
        <time>2026-05-22T13:13:23.000Z</time>
      </trkpt>
      <trkpt lat="36.960390" lon="-4.597259">
        <ele>967.897945</ele>
        <time>2026-05-22T13:13:24.000Z</time>
      </trkpt>
      <trkpt lat="36.960406" lon="-4.597219">
        <ele>968.057841</ele>
        <time>2026-05-22T13:13:28.000Z</time>
      </trkpt>
      <trkpt lat="36.960415" lon="-4.597196">
        <ele>968.149385</ele>
        <time>2026-05-22T13:13:30.000Z</time>
      </trkpt>
      <trkpt lat="36.960429" lon="-4.597156">
        <ele>968.305481</ele>
        <time>2026-05-22T13:13:33.000Z</time>
      </trkpt>
      <trkpt lat="36.960447" lon="-4.597115">
        <ele>968.472702</ele>
        <time>2026-05-22T13:13:36.000Z</time>
      </trkpt>
      <trkpt lat="36.960467" lon="-4.597062">
        <ele>968.682216</ele>
        <time>2026-05-22T13:13:40.000Z</time>
      </trkpt>
      <trkpt lat="36.960476" lon="-4.597038">
        <ele>968.776983</ele>
        <time>2026-05-22T13:13:42.000Z</time>
      </trkpt>
      <trkpt lat="36.960483" lon="-4.597007">
        <ele>968.892134</ele>
        <time>2026-05-22T13:13:45.000Z</time>
      </trkpt>
      <trkpt lat="36.960492" lon="-4.596984">
        <ele>968.983677</ele>
        <time>2026-05-22T13:13:47.000Z</time>
      </trkpt>
      <trkpt lat="36.960495" lon="-4.596974">
        <ele>969.021859</ele>
        <time>2026-05-22T13:13:49.000Z</time>
      </trkpt>
      <trkpt lat="36.960520" lon="-4.596898">
        <ele>969.327053</ele>
        <time>2026-05-22T13:13:55.000Z</time>
      </trkpt>
      <trkpt lat="36.960523" lon="-4.596890">
        <ele>969.363017</ele>
        <time>2026-05-22T13:13:56.000Z</time>
      </trkpt>
      <trkpt lat="36.960554" lon="-4.596814">
        <ele>969.710271</ele>
        <time>2026-05-22T13:14:01.000Z</time>
      </trkpt>
      <trkpt lat="36.960599" lon="-4.596746">
        <ele>970.069583</ele>
        <time>2026-05-22T13:14:07.000Z</time>
      </trkpt>
      <trkpt lat="36.960615" lon="-4.596735">
        <ele>970.162557</ele>
        <time>2026-05-22T13:14:09.000Z</time>
      </trkpt>
      <trkpt lat="36.960652" lon="-4.596648">
        <ele>970.563634</ele>
        <time>2026-05-22T13:14:16.000Z</time>
      </trkpt>
      <trkpt lat="36.960692" lon="-4.596555">
        <ele>970.993448</ele>
        <time>2026-05-22T13:14:24.000Z</time>
      </trkpt>
      <trkpt lat="36.960726" lon="-4.596479">
        <ele>971.347910</ele>
        <time>2026-05-22T13:14:30.000Z</time>
      </trkpt>
      <trkpt lat="36.960736" lon="-4.596435">
        <ele>971.534072</ele>
        <time>2026-05-22T13:14:34.000Z</time>
      </trkpt>
      <trkpt lat="36.960751" lon="-4.596367">
        <ele>971.821153</ele>
        <time>2026-05-22T13:14:40.000Z</time>
      </trkpt>
      <trkpt lat="36.960783" lon="-4.596273">
        <ele>972.236961</ele>
        <time>2026-05-22T13:14:47.000Z</time>
      </trkpt>
      <trkpt lat="36.960819" lon="-4.596217">
        <ele>972.529455</ele>
        <time>2026-05-22T13:14:51.000Z</time>
      </trkpt>
      <trkpt lat="36.960849" lon="-4.596182">
        <ele>972.738338</ele>
        <time>2026-05-22T13:14:54.000Z</time>
      </trkpt>
      <trkpt lat="36.960881" lon="-4.596111">
        <ele>973.070070</ele>
        <time>2026-05-22T13:15:00.000Z</time>
      </trkpt>
      <trkpt lat="36.960883" lon="-4.596101">
        <ele>973.112021</ele>
        <time>2026-05-22T13:15:01.000Z</time>
      </trkpt>
      <trkpt lat="36.960910" lon="-4.596019">
        <ele>973.472946</ele>
        <time>2026-05-22T13:15:07.000Z</time>
      </trkpt>
      <trkpt lat="36.960921" lon="-4.595977">
        <ele>973.652814</ele>
        <time>2026-05-22T13:15:10.000Z</time>
      </trkpt>
      <trkpt lat="36.960930" lon="-4.595944">
        <ele>973.794716</ele>
        <time>2026-05-22T13:15:13.000Z</time>
      </trkpt>
      <trkpt lat="36.960936" lon="-4.595923">
        <ele>973.885475</ele>
        <time>2026-05-22T13:15:15.000Z</time>
      </trkpt>
      <trkpt lat="36.960942" lon="-4.595891">
        <ele>974.019237</ele>
        <time>2026-05-22T13:15:17.000Z</time>
      </trkpt>
      <trkpt lat="36.960954" lon="-4.595849">
        <ele>974.200756</ele>
        <time>2026-05-22T13:15:20.000Z</time>
      </trkpt>
      <trkpt lat="36.960980" lon="-4.595768">
        <ele>974.555992</ele>
        <time>2026-05-22T13:15:26.000Z</time>
      </trkpt>
      <trkpt lat="36.961035" lon="-4.595690">
        <ele>974.979338</ele>
        <time>2026-05-22T13:15:33.000Z</time>
      </trkpt>
      <trkpt lat="36.961071" lon="-4.595605">
        <ele>975.370836</ele>
        <time>2026-05-22T13:15:39.000Z</time>
      </trkpt>
      <trkpt lat="36.961091" lon="-4.595514">
        <ele>975.754917</ele>
        <time>2026-05-22T13:15:45.000Z</time>
      </trkpt>
      <trkpt lat="36.961081" lon="-4.595475">
        <ele>975.921600</ele>
        <time>2026-05-22T13:15:48.000Z</time>
      </trkpt>
      <trkpt lat="36.961088" lon="-4.595408">
        <ele>976.196579</ele>
        <time>2026-05-22T13:15:53.000Z</time>
      </trkpt>
      <trkpt lat="36.961124" lon="-4.595320">
        <ele>976.598905</ele>
        <time>2026-05-22T13:15:59.000Z</time>
      </trkpt>
      <trkpt lat="36.961131" lon="-4.595261">
        <ele>976.841639</ele>
        <time>2026-05-22T13:16:02.000Z</time>
      </trkpt>
      <trkpt lat="36.961100" lon="-4.595193">
        <ele>977.160239</ele>
        <time>2026-05-22T13:16:07.000Z</time>
      </trkpt>
      <trkpt lat="36.961077" lon="-4.595109">
        <ele>977.521593</ele>
        <time>2026-05-22T13:16:13.000Z</time>
      </trkpt>
      <trkpt lat="36.961046" lon="-4.595026">
        <ele>977.894442</ele>
        <time>2026-05-22T13:16:20.000Z</time>
      </trkpt>
      <trkpt lat="36.961015" lon="-4.594931">
        <ele>978.312043</ele>
        <time>2026-05-22T13:16:27.000Z</time>
      </trkpt>
      <trkpt lat="36.960998" lon="-4.594858">
        <ele>978.672466</ele>
        <time>2026-05-22T13:16:32.000Z</time>
      </trkpt>
      <trkpt lat="36.960978" lon="-4.594767">
        <ele>979.142538</ele>
        <time>2026-05-22T13:16:36.000Z</time>
      </trkpt>
      <trkpt lat="36.960968" lon="-4.594706">
        <ele>979.452686</ele>
        <time>2026-05-22T13:16:42.000Z</time>
      </trkpt>
      <trkpt lat="36.960960" lon="-4.594679">
        <ele>979.596111</ele>
        <time>2026-05-22T13:16:44.000Z</time>
      </trkpt>
      <trkpt lat="36.960937" lon="-4.594601">
        <ele>980.010211</ele>
        <time>2026-05-22T13:16:50.000Z</time>
      </trkpt>
      <trkpt lat="36.960918" lon="-4.594545">
        <ele>980.313231</ele>
        <time>2026-05-22T13:16:54.000Z</time>
      </trkpt>
      <trkpt lat="36.960899" lon="-4.594513">
        <ele>980.511796</ele>
        <time>2026-05-22T13:16:57.000Z</time>
      </trkpt>
      <trkpt lat="36.960878" lon="-4.594414">
        <ele>981.021961</ele>
        <time>2026-05-22T13:17:04.000Z</time>
      </trkpt>
      <trkpt lat="36.960861" lon="-4.594311">
        <ele>981.545798</ele>
        <time>2026-05-22T13:17:11.000Z</time>
      </trkpt>
      <trkpt lat="36.960850" lon="-4.594283">
        <ele>981.701201</ele>
        <time>2026-05-22T13:17:13.000Z</time>
      </trkpt>
      <trkpt lat="36.960813" lon="-4.594211">
        <ele>982.127569</ele>
        <time>2026-05-22T13:17:20.000Z</time>
      </trkpt>
      <trkpt lat="36.960779" lon="-4.594143">
        <ele>982.527097</ele>
        <time>2026-05-22T13:17:25.000Z</time>
      </trkpt>
      <trkpt lat="36.960769" lon="-4.594110">
        <ele>982.702881</ele>
        <time>2026-05-22T13:17:27.000Z</time>
      </trkpt>
      <trkpt lat="36.960745" lon="-4.594052">
        <ele>983.028197</ele>
        <time>2026-05-22T13:17:31.000Z</time>
      </trkpt>
      <trkpt lat="36.960737" lon="-4.594017">
        <ele>983.209513</ele>
        <time>2026-05-22T13:17:34.000Z</time>
      </trkpt>
      <trkpt lat="36.960720" lon="-4.593909">
        <ele>983.757763</ele>
        <time>2026-05-22T13:17:42.000Z</time>
      </trkpt>
      <trkpt lat="36.960718" lon="-4.593894">
        <ele>983.833506</ele>
        <time>2026-05-22T13:17:43.000Z</time>
      </trkpt>
      <trkpt lat="36.960704" lon="-4.593813">
        <ele>984.246270</ele>
        <time>2026-05-22T13:17:48.000Z</time>
      </trkpt>
      <trkpt lat="36.960701" lon="-4.593796">
        <ele>984.332982</ele>
        <time>2026-05-22T13:17:49.000Z</time>
      </trkpt>
      <trkpt lat="36.960679" lon="-4.593737">
        <ele>984.657264</ele>
        <time>2026-05-22T13:17:53.000Z</time>
      </trkpt>
      <trkpt lat="36.960669" lon="-4.593690">
        <ele>984.899512</ele>
        <time>2026-05-22T13:17:56.000Z</time>
      </trkpt>
      <trkpt lat="36.960659" lon="-4.593610">
        <ele>985.302812</ele>
        <time>2026-05-22T13:18:02.000Z</time>
      </trkpt>
      <trkpt lat="36.960646" lon="-4.593528">
        <ele>985.719189</ele>
        <time>2026-05-22T13:18:07.000Z</time>
      </trkpt>
      <trkpt lat="36.960637" lon="-4.593460">
        <ele>986.062489</ele>
        <time>2026-05-22T13:18:11.000Z</time>
      </trkpt>
      <trkpt lat="36.960636" lon="-4.593449">
        <ele>986.117630</ele>
        <time>2026-05-22T13:18:12.000Z</time>
      </trkpt>
      <trkpt lat="36.960637" lon="-4.593359">
        <ele>986.565934</ele>
        <time>2026-05-22T13:18:19.000Z</time>
      </trkpt>
      <trkpt lat="36.960633" lon="-4.593338">
        <ele>986.673459</ele>
        <time>2026-05-22T13:18:21.000Z</time>
      </trkpt>
      <trkpt lat="36.960619" lon="-4.593243">
        <ele>987.154603</ele>
        <time>2026-05-22T13:18:29.000Z</time>
      </trkpt>
      <trkpt lat="36.960597" lon="-4.593257">
        <ele>987.308445</ele>
        <time>2026-05-22T13:18:37.000Z</time>
      </trkpt>
      <trkpt lat="36.960583" lon="-4.593256">
        <ele>987.395853</ele>
        <time>2026-05-22T13:18:45.000Z</time>
      </trkpt>
      <trkpt lat="36.960581" lon="-4.593250">
        <ele>987.428233</ele>
        <time>2026-05-22T13:18:46.000Z</time>
      </trkpt>
      <trkpt lat="36.960620" lon="-4.593171">
        <ele>987.890745</ele>
        <time>2026-05-22T13:18:53.000Z</time>
      </trkpt>
      <trkpt lat="36.960641" lon="-4.593061">
        <ele>988.454039</ele>
        <time>2026-05-22T13:18:59.000Z</time>
      </trkpt>
      <trkpt lat="36.960641" lon="-4.593003">
        <ele>988.742919</ele>
        <time>2026-05-22T13:19:03.000Z</time>
      </trkpt>
      <trkpt lat="36.960642" lon="-4.592966">
        <ele>988.927309</ele>
        <time>2026-05-22T13:19:06.000Z</time>
      </trkpt>
      <trkpt lat="36.960640" lon="-4.592911">
        <ele>989.201530</ele>
        <time>2026-05-22T13:19:11.000Z</time>
      </trkpt>
      <trkpt lat="36.960640" lon="-4.592893">
        <ele>989.291182</ele>
        <time>2026-05-22T13:19:12.000Z</time>
      </trkpt>
      <trkpt lat="36.960640" lon="-4.592822">
        <ele>989.645745</ele>
        <time>2026-05-22T13:19:18.000Z</time>
      </trkpt>
      <trkpt lat="36.960655" lon="-4.592737">
        <ele>990.089524</ele>
        <time>2026-05-22T13:19:25.000Z</time>
      </trkpt>
      <trkpt lat="36.960658" lon="-4.592721">
        <ele>990.173309</ele>
        <time>2026-05-22T13:19:26.000Z</time>
      </trkpt>
      <trkpt lat="36.960670" lon="-4.592658">
        <ele>990.503487</ele>
        <time>2026-05-22T13:19:30.000Z</time>
      </trkpt>
      <trkpt lat="36.960672" lon="-4.592647">
        <ele>990.560999</ele>
        <time>2026-05-22T13:19:31.000Z</time>
      </trkpt>
      <trkpt lat="36.960675" lon="-4.592634">
        <ele>990.629983</ele>
        <time>2026-05-22T13:19:32.000Z</time>
      </trkpt>
      <trkpt lat="36.960682" lon="-4.592580">
        <ele>990.908879</ele>
        <time>2026-05-22T13:19:36.000Z</time>
      </trkpt>
      <trkpt lat="36.960693" lon="-4.592516">
        <ele>991.242618</ele>
        <time>2026-05-22T13:19:39.000Z</time>
      </trkpt>
      <trkpt lat="36.960697" lon="-4.592462">
        <ele>991.519095</ele>
        <time>2026-05-22T13:19:43.000Z</time>
      </trkpt>
      <trkpt lat="36.960697" lon="-4.592424">
        <ele>991.712822</ele>
        <time>2026-05-22T13:19:45.000Z</time>
      </trkpt>
      <trkpt lat="36.960700" lon="-4.592406">
        <ele>991.806562</ele>
        <time>2026-05-22T13:19:46.000Z</time>
      </trkpt>
      <trkpt lat="36.960699" lon="-4.592362">
        <ele>992.030968</ele>
        <time>2026-05-22T13:19:49.000Z</time>
      </trkpt>
      <trkpt lat="36.960695" lon="-4.592336">
        <ele>992.165953</ele>
        <time>2026-05-22T13:19:52.000Z</time>
      </trkpt>
      <trkpt lat="36.960694" lon="-4.592306">
        <ele>992.319028</ele>
        <time>2026-05-22T13:19:54.000Z</time>
      </trkpt>
      <trkpt lat="36.960696" lon="-4.592280">
        <ele>992.452191</ele>
        <time>2026-05-22T13:19:56.000Z</time>
      </trkpt>
      <trkpt lat="36.960696" lon="-4.592255">
        <ele>992.579643</ele>
        <time>2026-05-22T13:19:58.000Z</time>
      </trkpt>
      <trkpt lat="36.960699" lon="-4.592190">
        <ele>992.911570</ele>
        <time>2026-05-22T13:20:02.000Z</time>
      </trkpt>
      <trkpt lat="36.960709" lon="-4.592171">
        <ele>993.027558</ele>
        <time>2026-05-22T13:20:04.000Z</time>
      </trkpt>
      <trkpt lat="36.960717" lon="-4.592124">
        <ele>993.272544</ele>
        <time>2026-05-22T13:20:07.000Z</time>
      </trkpt>
      <trkpt lat="36.960727" lon="-4.592083">
        <ele>993.491086</ele>
        <time>2026-05-22T13:20:10.000Z</time>
      </trkpt>
      <trkpt lat="36.960737" lon="-4.592004">
        <ele>993.898856</ele>
        <time>2026-05-22T13:20:17.000Z</time>
      </trkpt>
      <trkpt lat="36.960741" lon="-4.591978">
        <ele>994.033841</ele>
        <time>2026-05-22T13:20:19.000Z</time>
      </trkpt>
      <trkpt lat="36.960753" lon="-4.591881">
        <ele>994.534246</ele>
        <time>2026-05-22T13:20:25.000Z</time>
      </trkpt>
      <trkpt lat="36.960758" lon="-4.591824">
        <ele>994.826582</ele>
        <time>2026-05-22T13:20:29.000Z</time>
      </trkpt>
      <trkpt lat="36.960763" lon="-4.591792">
        <ele>994.992810</ele>
        <time>2026-05-22T13:20:31.000Z</time>
      </trkpt>
      <trkpt lat="36.960759" lon="-4.591777">
        <ele>995.073427</ele>
        <time>2026-05-22T13:20:34.000Z</time>
      </trkpt>
      <trkpt lat="36.960759" lon="-4.591733">
        <ele>995.297742</ele>
        <time>2026-05-22T13:20:37.000Z</time>
      </trkpt>
      <trkpt lat="36.960764" lon="-4.591672">
        <ele>995.610357</ele>
        <time>2026-05-22T13:20:41.000Z</time>
      </trkpt>
      <trkpt lat="36.960765" lon="-4.591656">
        <ele>995.692175</ele>
        <time>2026-05-22T13:20:42.000Z</time>
      </trkpt>
      <trkpt lat="36.960763" lon="-4.591602">
        <ele>995.967767</ele>
        <time>2026-05-22T13:20:45.000Z</time>
      </trkpt>
      <trkpt lat="36.960765" lon="-4.591591">
        <ele>996.025279</ele>
        <time>2026-05-22T13:20:46.000Z</time>
      </trkpt>
      <trkpt lat="36.960789" lon="-4.591475">
        <ele>996.636158</ele>
        <time>2026-05-22T13:20:54.000Z</time>
      </trkpt>
      <trkpt lat="36.960813" lon="-4.591377">
        <ele>997.158708</ele>
        <time>2026-05-22T13:21:00.000Z</time>
      </trkpt>
      <trkpt lat="36.960821" lon="-4.591320">
        <ele>997.453746</ele>
        <time>2026-05-22T13:21:06.000Z</time>
      </trkpt>
      <trkpt lat="36.960822" lon="-4.591297">
        <ele>997.571175</ele>
        <time>2026-05-22T13:21:08.000Z</time>
      </trkpt>
      <trkpt lat="36.960826" lon="-4.591240">
        <ele>997.862884</ele>
        <time>2026-05-22T13:21:12.000Z</time>
      </trkpt>
      <trkpt lat="36.960826" lon="-4.591222">
        <ele>997.954649</ele>
        <time>2026-05-22T13:21:13.000Z</time>
      </trkpt>
      <trkpt lat="36.960831" lon="-4.591110">
        <ele>998.526523</ele>
        <time>2026-05-22T13:21:20.000Z</time>
      </trkpt>
      <trkpt lat="36.960834" lon="-4.591019">
        <ele>998.990842</ele>
        <time>2026-05-22T13:21:26.000Z</time>
      </trkpt>
      <trkpt lat="36.960835" lon="-4.591006">
        <ele>999.057424</ele>
        <time>2026-05-22T13:21:27.000Z</time>
      </trkpt>
      <trkpt lat="36.960828" lon="-4.590977">
        <ele>999.211866</ele>
        <time>2026-05-22T13:21:30.000Z</time>
      </trkpt>
      <trkpt lat="36.960819" lon="-4.590886">
        <ele>999.679331</ele>
        <time>2026-05-22T13:21:37.000Z</time>
      </trkpt>
      <trkpt lat="36.960822" lon="-4.590806">
        <ele>1000.087625</ele>
        <time>2026-05-22T13:21:42.000Z</time>
      </trkpt>
      <trkpt lat="36.960832" lon="-4.590731">
        <ele>1000.475267</ele>
        <time>2026-05-22T13:21:48.000Z</time>
      </trkpt>
      <trkpt lat="36.960856" lon="-4.590631">
        <ele>1001.007573</ele>
        <time>2026-05-22T13:21:55.000Z</time>
      </trkpt>
      <trkpt lat="36.960870" lon="-4.590506">
        <ele>1001.326244</ele>
        <time>2026-05-22T13:22:03.000Z</time>
      </trkpt>
      <trkpt lat="36.960886" lon="-4.590370">
        <ele>1001.627855</ele>
        <time>2026-05-22T13:22:10.000Z</time>
      </trkpt>
      <trkpt lat="36.960889" lon="-4.590295">
        <ele>1001.792617</ele>
        <time>2026-05-22T13:22:16.000Z</time>
      </trkpt>
      <trkpt lat="36.960910" lon="-4.590215">
        <ele>1001.977372</ele>
        <time>2026-05-22T13:22:22.000Z</time>
      </trkpt>
      <trkpt lat="36.960913" lon="-4.590178">
        <ele>1002.058970</ele>
        <time>2026-05-22T13:22:25.000Z</time>
      </trkpt>
      <trkpt lat="36.960915" lon="-4.590177">
        <ele>1002.064884</ele>
        <time>2026-05-22T13:22:27.000Z</time>
      </trkpt>
      <trkpt lat="36.960900" lon="-4.590197">
        <ele>1002.125067</ele>
        <time>2026-05-22T13:22:33.000Z</time>
      </trkpt>
      <trkpt lat="36.960891" lon="-4.590213">
        <ele>1002.167999</ele>
        <time>2026-05-22T13:22:37.000Z</time>
      </trkpt>
      <trkpt lat="36.960886" lon="-4.590139">
        <ele>1002.330940</ele>
        <time>2026-05-22T13:22:42.000Z</time>
      </trkpt>
      <trkpt lat="36.960877" lon="-4.590119">
        <ele>1002.381302</ele>
        <time>2026-05-22T13:22:47.000Z</time>
      </trkpt>
      <trkpt lat="36.960872" lon="-4.590128">
        <ele>1002.405352</ele>
        <time>2026-05-22T13:22:48.000Z</time>
      </trkpt>
      <trkpt lat="36.960880" lon="-4.590136">
        <ele>1002.433470</ele>
        <time>2026-05-22T13:22:55.000Z</time>
      </trkpt>
      <trkpt lat="36.960888" lon="-4.590127">
        <ele>1002.463008</ele>
        <time>2026-05-22T13:22:57.000Z</time>
      </trkpt>
      <trkpt lat="36.960903" lon="-4.590041">
        <ele>1002.656142</ele>
        <time>2026-05-22T13:23:03.000Z</time>
      </trkpt>
      <trkpt lat="36.960908" lon="-4.589961">
        <ele>1002.832204</ele>
        <time>2026-05-22T13:23:09.000Z</time>
      </trkpt>
      <trkpt lat="36.960916" lon="-4.589881">
        <ele>1003.009099</ele>
        <time>2026-05-22T13:23:16.000Z</time>
      </trkpt>
      <trkpt lat="36.960930" lon="-4.589768">
        <ele>1003.259992</ele>
        <time>2026-05-22T13:23:23.000Z</time>
      </trkpt>
      <trkpt lat="36.960942" lon="-4.589678">
        <ele>1003.460190</ele>
        <time>2026-05-22T13:23:29.000Z</time>
      </trkpt>
      <trkpt lat="36.960967" lon="-4.589599">
        <ele>1003.646620</ele>
        <time>2026-05-22T13:23:35.000Z</time>
      </trkpt>
      <trkpt lat="36.960989" lon="-4.589493">
        <ele>1003.886909</ele>
        <time>2026-05-22T13:23:42.000Z</time>
      </trkpt>
      <trkpt lat="36.961003" lon="-4.589430">
        <ele>1004.030382</ele>
        <time>2026-05-22T13:23:46.000Z</time>
      </trkpt>
      <trkpt lat="36.961009" lon="-4.589415">
        <ele>1004.067187</ele>
        <time>2026-05-22T13:23:48.000Z</time>
      </trkpt>
      <trkpt lat="36.961010" lon="-4.589405">
        <ele>1004.089298</ele>
        <time>2026-05-22T13:23:49.000Z</time>
      </trkpt>
      <trkpt lat="36.961030" lon="-4.589345">
        <ele>1004.231938</ele>
        <time>2026-05-22T13:23:53.000Z</time>
      </trkpt>
      <trkpt lat="36.961054" lon="-4.589259">
        <ele>1004.431806</ele>
        <time>2026-05-22T13:23:59.000Z</time>
      </trkpt>
      <trkpt lat="36.961072" lon="-4.589192">
        <ele>1004.586895</ele>
        <time>2026-05-22T13:24:04.000Z</time>
      </trkpt>
      <trkpt lat="36.961091" lon="-4.589116">
        <ele>1004.761616</ele>
        <time>2026-05-22T13:24:09.000Z</time>
      </trkpt>
      <trkpt lat="36.961099" lon="-4.589093">
        <ele>1004.816653</ele>
        <time>2026-05-22T13:24:11.000Z</time>
      </trkpt>
      <trkpt lat="36.961120" lon="-4.589035">
        <ele>1004.956364</ele>
        <time>2026-05-22T13:24:15.000Z</time>
      </trkpt>
      <trkpt lat="36.961160" lon="-4.588955">
        <ele>1005.163422</ele>
        <time>2026-05-22T13:24:21.000Z</time>
      </trkpt>
      <trkpt lat="36.961195" lon="-4.588865">
        <ele>1005.383033</ele>
        <time>2026-05-22T13:24:27.000Z</time>
      </trkpt>
      <trkpt lat="36.961196" lon="-4.588856">
        <ele>1005.402970</ele>
        <time>2026-05-22T13:24:28.000Z</time>
      </trkpt>
      <trkpt lat="36.961204" lon="-4.588769">
        <ele>1005.595114</ele>
        <time>2026-05-22T13:24:34.000Z</time>
      </trkpt>
      <trkpt lat="36.961212" lon="-4.588648">
        <ele>1005.861503</ele>
        <time>2026-05-22T13:24:41.000Z</time>
      </trkpt>
      <trkpt lat="36.961217" lon="-4.588559">
        <ele>1006.068289</ele>
        <time>2026-05-22T13:24:49.000Z</time>
      </trkpt>
      <trkpt lat="36.961222" lon="-4.588533">
        <ele>1006.144186</ele>
        <time>2026-05-22T13:24:51.000Z</time>
      </trkpt>
      <trkpt lat="36.961236" lon="-4.588445">
        <ele>1006.398838</ele>
        <time>2026-05-22T13:24:57.000Z</time>
      </trkpt>
      <trkpt lat="36.961257" lon="-4.588367">
        <ele>1006.632435</ele>
        <time>2026-05-22T13:25:02.000Z</time>
      </trkpt>
      <trkpt lat="36.961284" lon="-4.588256">
        <ele>1006.961734</ele>
        <time>2026-05-22T13:25:08.000Z</time>
      </trkpt>
      <trkpt lat="36.961302" lon="-4.588213">
        <ele>1007.099503</ele>
        <time>2026-05-22T13:25:14.000Z</time>
      </trkpt>
      <trkpt lat="36.961297" lon="-4.588219">
        <ele>1007.124107</ele>
        <time>2026-05-22T13:25:21.000Z</time>
      </trkpt>
      <trkpt lat="36.961299" lon="-4.588219">
        <ele>1007.131211</ele>
        <time>2026-05-22T13:25:22.000Z</time>
      </trkpt>
      <trkpt lat="36.961304" lon="-4.588195">
        <ele>1007.201601</ele>
        <time>2026-05-22T13:25:33.000Z</time>
      </trkpt>
      <trkpt lat="36.961319" lon="-4.588154">
        <ele>1007.329579</ele>
        <time>2026-05-22T13:25:40.000Z</time>
      </trkpt>
      <trkpt lat="36.961327" lon="-4.588154">
        <ele>1007.357994</ele>
        <time>2026-05-22T13:25:42.000Z</time>
      </trkpt>
      <trkpt lat="36.961343" lon="-4.588102">
        <ele>1007.516137</ele>
        <time>2026-05-22T13:25:47.000Z</time>
      </trkpt>
      <trkpt lat="36.961344" lon="-4.588090">
        <ele>1007.550378</ele>
        <time>2026-05-22T13:25:48.000Z</time>
      </trkpt>
      <trkpt lat="36.961358" lon="-4.588029">
        <ele>1007.730500</ele>
        <time>2026-05-22T13:25:52.000Z</time>
      </trkpt>
      <trkpt lat="36.961369" lon="-4.588008">
        <ele>1007.801764</ele>
        <time>2026-05-22T13:25:54.000Z</time>
      </trkpt>
      <trkpt lat="36.961406" lon="-4.587911">
        <ele>1008.106815</ele>
        <time>2026-05-22T13:26:00.000Z</time>
      </trkpt>
      <trkpt lat="36.961428" lon="-4.587864">
        <ele>1008.261407</ele>
        <time>2026-05-22T13:26:05.000Z</time>
      </trkpt>
      <trkpt lat="36.961451" lon="-4.587756">
        <ele>1008.578617</ele>
        <time>2026-05-22T13:26:11.000Z</time>
      </trkpt>
      <trkpt lat="36.961454" lon="-4.587713">
        <ele>1008.701118</ele>
        <time>2026-05-22T13:26:13.000Z</time>
      </trkpt>
      <trkpt lat="36.961452" lon="-4.587654">
        <ele>1008.868714</ele>
        <time>2026-05-22T13:26:17.000Z</time>
      </trkpt>
      <trkpt lat="36.961453" lon="-4.587554">
        <ele>1009.152542</ele>
        <time>2026-05-22T13:26:25.000Z</time>
      </trkpt>
      <trkpt lat="36.961460" lon="-4.587512">
        <ele>1009.274306</ele>
        <time>2026-05-22T13:26:28.000Z</time>
      </trkpt>
      <trkpt lat="36.961469" lon="-4.587469">
        <ele>1009.400459</ele>
        <time>2026-05-22T13:26:31.000Z</time>
      </trkpt>
      <trkpt lat="36.961478" lon="-4.587434">
        <ele>1009.504808</ele>
        <time>2026-05-22T13:26:33.000Z</time>
      </trkpt>
      <trkpt lat="36.961489" lon="-4.587402">
        <ele>1009.603674</ele>
        <time>2026-05-22T13:26:35.000Z</time>
      </trkpt>
      <trkpt lat="36.961509" lon="-4.587349">
        <ele>1009.770021</ele>
        <time>2026-05-22T13:26:39.000Z</time>
      </trkpt>
      <trkpt lat="36.961533" lon="-4.587282">
        <ele>1009.978404</ele>
        <time>2026-05-22T13:26:44.000Z</time>
      </trkpt>
      <trkpt lat="36.961536" lon="-4.587271">
        <ele>1010.011391</ele>
        <time>2026-05-22T13:26:45.000Z</time>
      </trkpt>
      <trkpt lat="36.961556" lon="-4.587177">
        <ele>1010.287464</ele>
        <time>2026-05-22T13:26:51.000Z</time>
      </trkpt>
      <trkpt lat="36.961570" lon="-4.587127">
        <ele>1010.437827</ele>
        <time>2026-05-22T13:26:56.000Z</time>
      </trkpt>
      <trkpt lat="36.961607" lon="-4.587043">
        <ele>1010.710047</ele>
        <time>2026-05-22T13:27:02.000Z</time>
      </trkpt>
      <trkpt lat="36.961659" lon="-4.586949">
        <ele>1011.034519</ele>
        <time>2026-05-22T13:27:08.000Z</time>
      </trkpt>
      <trkpt lat="36.961689" lon="-4.586908">
        <ele>1011.192296</ele>
        <time>2026-05-22T13:27:13.000Z</time>
      </trkpt>
      <trkpt lat="36.961694" lon="-4.586893">
        <ele>1011.238423</ele>
        <time>2026-05-22T13:27:14.000Z</time>
      </trkpt>
      <trkpt lat="36.961728" lon="-4.586809">
        <ele>1011.505661</ele>
        <time>2026-05-22T13:27:19.000Z</time>
      </trkpt>
      <trkpt lat="36.961741" lon="-4.586739">
        <ele>1011.709620</ele>
        <time>2026-05-22T13:27:25.000Z</time>
      </trkpt>
      <trkpt lat="36.961745" lon="-4.586728">
        <ele>1011.743919</ele>
        <time>2026-05-22T13:27:26.000Z</time>
      </trkpt>
      <trkpt lat="36.961750" lon="-4.586705">
        <ele>1011.811567</ele>
        <time>2026-05-22T13:27:28.000Z</time>
      </trkpt>
      <trkpt lat="36.961783" lon="-4.586641">
        <ele>1012.027737</ele>
        <time>2026-05-22T13:27:33.000Z</time>
      </trkpt>
      <trkpt lat="36.961817" lon="-4.586576">
        <ele>1012.248223</ele>
        <time>2026-05-22T13:27:38.000Z</time>
      </trkpt>
      <trkpt lat="36.961827" lon="-4.586558">
        <ele>1012.310442</ele>
        <time>2026-05-22T13:27:39.000Z</time>
      </trkpt>
      <trkpt lat="36.961849" lon="-4.586503">
        <ele>1012.474696</ele>
        <time>2026-05-22T13:27:43.000Z</time>
      </trkpt>
      <trkpt lat="36.961877" lon="-4.586415">
        <ele>1012.707468</ele>
        <time>2026-05-22T13:27:50.000Z</time>
      </trkpt>
      <trkpt lat="36.961882" lon="-4.586402">
        <ele>1012.742924</ele>
        <time>2026-05-22T13:27:51.000Z</time>
      </trkpt>
      <trkpt lat="36.961910" lon="-4.586308">
        <ele>1012.989455</ele>
        <time>2026-05-22T13:27:58.000Z</time>
      </trkpt>
      <trkpt lat="36.961931" lon="-4.586214">
        <ele>1013.229316</ele>
        <time>2026-05-22T13:28:04.000Z</time>
      </trkpt>
      <trkpt lat="36.961937" lon="-4.586176">
        <ele>1013.324505</ele>
        <time>2026-05-22T13:28:07.000Z</time>
      </trkpt>
      <trkpt lat="36.961948" lon="-4.586150">
        <ele>1013.396803</ele>
        <time>2026-05-22T13:28:09.000Z</time>
      </trkpt>
      <trkpt lat="36.961960" lon="-4.586127">
        <ele>1013.464307</ele>
        <time>2026-05-22T13:28:11.000Z</time>
      </trkpt>
      <trkpt lat="36.961982" lon="-4.586099">
        <ele>1013.560810</ele>
        <time>2026-05-22T13:28:14.000Z</time>
      </trkpt>
      <trkpt lat="36.961989" lon="-4.586088">
        <ele>1013.595368</ele>
        <time>2026-05-22T13:28:15.000Z</time>
      </trkpt>
      <trkpt lat="36.962006" lon="-4.586052">
        <ele>1013.698131</ele>
        <time>2026-05-22T13:28:17.000Z</time>
      </trkpt>
      <trkpt lat="36.962060" lon="-4.585982">
        <ele>1013.937242</ele>
        <time>2026-05-22T13:28:23.000Z</time>
      </trkpt>
      <trkpt lat="36.962066" lon="-4.585964">
        <ele>1013.985171</ele>
        <time>2026-05-22T13:28:24.000Z</time>
      </trkpt>
      <trkpt lat="36.962071" lon="-4.585951">
        <ele>1014.020626</ele>
        <time>2026-05-22T13:28:25.000Z</time>
      </trkpt>
      <trkpt lat="36.962098" lon="-4.585878">
        <ele>1014.218308</ele>
        <time>2026-05-22T13:28:29.000Z</time>
      </trkpt>
      <trkpt lat="36.962114" lon="-4.585842">
        <ele>1014.319541</ele>
        <time>2026-05-22T13:28:32.000Z</time>
      </trkpt>
      <trkpt lat="36.962125" lon="-4.585813">
        <ele>1014.398430</ele>
        <time>2026-05-22T13:28:34.000Z</time>
      </trkpt>
      <trkpt lat="36.962130" lon="-4.585801">
        <ele>1014.431688</ele>
        <time>2026-05-22T13:28:35.000Z</time>
      </trkpt>
      <trkpt lat="36.962152" lon="-4.585759">
        <ele>1014.555102</ele>
        <time>2026-05-22T13:28:40.000Z</time>
      </trkpt>
      <trkpt lat="36.962163" lon="-4.585730">
        <ele>1014.633991</ele>
        <time>2026-05-22T13:28:42.000Z</time>
      </trkpt>
      <trkpt lat="36.962178" lon="-4.585714">
        <ele>1014.694607</ele>
        <time>2026-05-22T13:28:45.000Z</time>
      </trkpt>
      <trkpt lat="36.962171" lon="-4.585718">
        <ele>1014.718274</ele>
        <time>2026-05-22T13:28:52.000Z</time>
      </trkpt>
      <trkpt lat="36.962169" lon="-4.585723">
        <ele>1014.732015</ele>
        <time>2026-05-22T13:29:02.000Z</time>
      </trkpt>
      <trkpt lat="36.962178" lon="-4.585698">
        <ele>1014.799399</ele>
        <time>2026-05-22T13:29:05.000Z</time>
      </trkpt>
      <trkpt lat="36.962190" lon="-4.585649">
        <ele>1014.925343</ele>
        <time>2026-05-22T13:29:08.000Z</time>
      </trkpt>
      <trkpt lat="36.962190" lon="-4.585637">
        <ele>1014.954832</ele>
        <time>2026-05-22T13:29:09.000Z</time>
      </trkpt>
      <trkpt lat="36.962204" lon="-4.585577">
        <ele>1015.108438</ele>
        <time>2026-05-22T13:29:14.000Z</time>
      </trkpt>
      <trkpt lat="36.962237" lon="-4.585467">
        <ele>1015.397183</ele>
        <time>2026-05-22T13:29:20.000Z</time>
      </trkpt>
      <trkpt lat="36.962247" lon="-4.585431">
        <ele>1015.490845</ele>
        <time>2026-05-22T13:29:23.000Z</time>
      </trkpt>
      <trkpt lat="36.962293" lon="-4.585311">
        <ele>1015.817920</ele>
        <time>2026-05-22T13:29:31.000Z</time>
      </trkpt>
      <trkpt lat="36.962341" lon="-4.585237">
        <ele>1016.052149</ele>
        <time>2026-05-22T13:29:37.000Z</time>
      </trkpt>
      <trkpt lat="36.962361" lon="-4.585184">
        <ele>1016.196189</ele>
        <time>2026-05-22T13:29:40.000Z</time>
      </trkpt>
      <trkpt lat="36.962365" lon="-4.585169">
        <ele>1016.235049</ele>
        <time>2026-05-22T13:29:41.000Z</time>
      </trkpt>
      <trkpt lat="36.962374" lon="-4.585142">
        <ele>1016.306943</ele>
        <time>2026-05-22T13:29:43.000Z</time>
      </trkpt>
      <trkpt lat="36.962381" lon="-4.585124">
        <ele>1016.356137</ele>
        <time>2026-05-22T13:29:44.000Z</time>
      </trkpt>
      <trkpt lat="36.962417" lon="-4.585040">
        <ele>1016.590382</ele>
        <time>2026-05-22T13:29:51.000Z</time>
      </trkpt>
      <trkpt lat="36.962460" lon="-4.584960">
        <ele>1016.827320</ele>
        <time>2026-05-22T13:29:57.000Z</time>
      </trkpt>
      <trkpt lat="36.962494" lon="-4.584878">
        <ele>1017.054346</ele>
        <time>2026-05-22T13:30:03.000Z</time>
      </trkpt>
      <trkpt lat="36.962519" lon="-4.584814">
        <ele>1017.229412</ele>
        <time>2026-05-22T13:30:09.000Z</time>
      </trkpt>
      <trkpt lat="36.962561" lon="-4.584723">
        <ele>1017.487665</ele>
        <time>2026-05-22T13:30:15.000Z</time>
      </trkpt>
      <trkpt lat="36.962612" lon="-4.584641">
        <ele>1017.743026</ele>
        <time>2026-05-22T13:30:21.000Z</time>
      </trkpt>
      <trkpt lat="36.962639" lon="-4.584600">
        <ele>1017.873591</ele>
        <time>2026-05-22T13:30:26.000Z</time>
      </trkpt>
      <trkpt lat="36.962642" lon="-4.584578">
        <ele>1017.928436</ele>
        <time>2026-05-22T13:30:28.000Z</time>
      </trkpt>
      <trkpt lat="36.962656" lon="-4.584506">
        <ele>1017.772766</ele>
        <time>2026-05-22T13:30:33.000Z</time>
      </trkpt>
      <trkpt lat="36.962675" lon="-4.584440">
        <ele>1017.603794</ele>
        <time>2026-05-22T13:30:42.000Z</time>
      </trkpt>
      <trkpt lat="36.962682" lon="-4.584434">
        <ele>1017.578219</ele>
        <time>2026-05-22T13:30:48.000Z</time>
      </trkpt>
      <trkpt lat="36.962652" lon="-4.584412">
        <ele>1017.473404</ele>
        <time>2026-05-22T13:30:57.000Z</time>
      </trkpt>
      <trkpt lat="36.962657" lon="-4.584408">
        <ele>1017.455516</ele>
        <time>2026-05-22T13:31:05.000Z</time>
      </trkpt>
      <trkpt lat="36.962658" lon="-4.584407">
        <ele>1017.451658</ele>
        <time>2026-05-22T13:31:06.000Z</time>
      </trkpt>
      <trkpt lat="36.962659" lon="-4.584407">
        <ele>1017.448643</ele>
        <time>2026-05-22T13:31:07.000Z</time>
      </trkpt>
      <trkpt lat="36.962658" lon="-4.584408">
        <ele>1017.444785</ele>
        <time>2026-05-22T13:31:08.000Z</time>
      </trkpt>
      <trkpt lat="36.962649" lon="-4.584413">
        <ele>1017.415102</ele>
        <time>2026-05-22T13:31:18.000Z</time>
      </trkpt>
      <trkpt lat="36.962676" lon="-4.584436">
        <ele>1017.316647</ele>
        <time>2026-05-22T13:31:26.000Z</time>
      </trkpt>
      <trkpt lat="36.962679" lon="-4.584437">
        <ele>1017.307289</ele>
        <time>2026-05-22T13:31:27.000Z</time>
      </trkpt>
      <trkpt lat="36.962678" lon="-4.584437">
        <ele>1017.304274</ele>
        <time>2026-05-22T13:31:28.000Z</time>
      </trkpt>
      <trkpt lat="36.962659" lon="-4.584439">
        <ele>1017.246798</ele>
        <time>2026-05-22T13:31:36.000Z</time>
      </trkpt>
      <trkpt lat="36.962652" lon="-4.584472">
        <ele>1017.164560</ele>
        <time>2026-05-22T13:31:42.000Z</time>
      </trkpt>
      <trkpt lat="36.962658" lon="-4.584467">
        <ele>1017.142831</ele>
        <time>2026-05-22T13:31:51.000Z</time>
      </trkpt>
      <trkpt lat="36.962664" lon="-4.584464">
        <ele>1017.123354</ele>
        <time>2026-05-22T13:31:55.000Z</time>
      </trkpt>
      <trkpt lat="36.962666" lon="-4.584465">
        <ele>1017.116862</ele>
        <time>2026-05-22T13:32:00.000Z</time>
      </trkpt>
      <trkpt lat="36.962664" lon="-4.584468">
        <ele>1017.107451</ele>
        <time>2026-05-22T13:32:05.000Z</time>
      </trkpt>
      <trkpt lat="36.962658" lon="-4.584471">
        <ele>1017.087975</ele>
        <time>2026-05-22T13:32:10.000Z</time>
      </trkpt>
      <trkpt lat="36.962667" lon="-4.584469">
        <ele>1017.060420</ele>
        <time>2026-05-22T13:32:15.000Z</time>
      </trkpt>
      <trkpt lat="36.962666" lon="-4.584392">
        <ele>1016.874932</ele>
        <time>2026-05-22T13:32:24.000Z</time>
      </trkpt>
      <trkpt lat="36.962691" lon="-4.584294">
        <ele>1016.627150</ele>
        <time>2026-05-22T13:32:30.000Z</time>
      </trkpt>
      <trkpt lat="36.962714" lon="-4.584247">
        <ele>1016.494400</ele>
        <time>2026-05-22T13:32:34.000Z</time>
      </trkpt>
      <trkpt lat="36.962742" lon="-4.584209">
        <ele>1016.369896</ele>
        <time>2026-05-22T13:32:38.000Z</time>
      </trkpt>
      <trkpt lat="36.962786" lon="-4.584138">
        <ele>1016.153477</ele>
        <time>2026-05-22T13:32:42.000Z</time>
      </trkpt>
      <trkpt lat="36.962820" lon="-4.584091">
        <ele>1016.000769</ele>
        <time>2026-05-22T13:32:46.000Z</time>
      </trkpt>
      <trkpt lat="36.962879" lon="-4.584009">
        <ele>1015.734987</ele>
        <time>2026-05-22T13:32:52.000Z</time>
      </trkpt>
      <trkpt lat="36.962899" lon="-4.583983">
        <ele>1015.648059</ele>
        <time>2026-05-22T13:32:55.000Z</time>
      </trkpt>
      <trkpt lat="36.962964" lon="-4.583886">
        <ele>1015.343138</ele>
        <time>2026-05-22T13:33:02.000Z</time>
      </trkpt>
      <trkpt lat="36.963009" lon="-4.583841">
        <ele>1015.169504</ele>
        <time>2026-05-22T13:33:08.000Z</time>
      </trkpt>
      <trkpt lat="36.963050" lon="-4.583795">
        <ele>1015.003520</ele>
        <time>2026-05-22T13:33:14.000Z</time>
      </trkpt>
      <trkpt lat="36.963116" lon="-4.583715">
        <ele>1014.726552</ele>
        <time>2026-05-22T13:33:21.000Z</time>
      </trkpt>
      <trkpt lat="36.963141" lon="-4.583688">
        <ele>1014.627011</ele>
        <time>2026-05-22T13:33:23.000Z</time>
      </trkpt>
      <trkpt lat="36.963183" lon="-4.583632">
        <ele>1014.442018</ele>
        <time>2026-05-22T13:33:27.000Z</time>
      </trkpt>
      <trkpt lat="36.963247" lon="-4.583554">
        <ele>1014.172732</ele>
        <time>2026-05-22T13:33:34.000Z</time>
      </trkpt>
      <trkpt lat="36.963309" lon="-4.583480">
        <ele>1013.914472</ele>
        <time>2026-05-22T13:33:41.000Z</time>
      </trkpt>
      <trkpt lat="36.963392" lon="-4.583403">
        <ele>1013.603031</ele>
        <time>2026-05-22T13:33:49.000Z</time>
      </trkpt>
      <trkpt lat="36.963422" lon="-4.583375">
        <ele>1013.490220</ele>
        <time>2026-05-22T13:33:52.000Z</time>
      </trkpt>
      <trkpt lat="36.963489" lon="-4.583324">
        <ele>1013.253831</ele>
        <time>2026-05-22T13:33:59.000Z</time>
      </trkpt>
      <trkpt lat="36.963501" lon="-4.583310">
        <ele>1013.204378</ele>
        <time>2026-05-22T13:34:01.000Z</time>
      </trkpt>
      <trkpt lat="36.963544" lon="-4.583267">
        <ele>1013.038462</ele>
        <time>2026-05-22T13:34:06.000Z</time>
      </trkpt>
      <trkpt lat="36.963566" lon="-4.583249">
        <ele>1012.959230</ele>
        <time>2026-05-22T13:34:08.000Z</time>
      </trkpt>
      <trkpt lat="36.963614" lon="-4.583206">
        <ele>1012.781290</ele>
        <time>2026-05-22T13:34:12.000Z</time>
      </trkpt>
      <trkpt lat="36.963715" lon="-4.583098">
        <ele>1012.449460</ele>
        <time>2026-05-22T13:34:23.000Z</time>
      </trkpt>
      <trkpt lat="36.963773" lon="-4.583023">
        <ele>1012.323783</ele>
        <time>2026-05-22T13:34:29.000Z</time>
      </trkpt>
      <trkpt lat="36.963810" lon="-4.582958">
        <ele>1012.227687</ele>
        <time>2026-05-22T13:34:35.000Z</time>
      </trkpt>
      <trkpt lat="36.963852" lon="-4.582858">
        <ele>1012.091657</ele>
        <time>2026-05-22T13:34:41.000Z</time>
      </trkpt>
      <trkpt lat="36.963868" lon="-4.582821">
        <ele>1012.040999</ele>
        <time>2026-05-22T13:34:45.000Z</time>
      </trkpt>
      <trkpt lat="36.963904" lon="-4.582736">
        <ele>1011.925163</ele>
        <time>2026-05-22T13:34:50.000Z</time>
      </trkpt>
      <trkpt lat="36.963946" lon="-4.582673">
        <ele>1011.826368</ele>
        <time>2026-05-22T13:34:55.000Z</time>
      </trkpt>
      <trkpt lat="36.963989" lon="-4.582598">
        <ele>1011.715219</ele>
        <time>2026-05-22T13:35:00.000Z</time>
      </trkpt>
      <trkpt lat="36.963993" lon="-4.582585">
        <ele>1011.698445</ele>
        <time>2026-05-22T13:35:01.000Z</time>
      </trkpt>
      <trkpt lat="36.964029" lon="-4.582523">
        <ele>1011.606162</ele>
        <time>2026-05-22T13:35:07.000Z</time>
      </trkpt>
      <trkpt lat="36.964078" lon="-4.582435">
        <ele>1011.477011</ele>
        <time>2026-05-22T13:35:13.000Z</time>
      </trkpt>
      <trkpt lat="36.964117" lon="-4.582360">
        <ele>1011.369264</ele>
        <time>2026-05-22T13:35:19.000Z</time>
      </trkpt>
      <trkpt lat="36.964146" lon="-4.582282">
        <ele>1011.265676</ele>
        <time>2026-05-22T13:35:25.000Z</time>
      </trkpt>
      <trkpt lat="36.964171" lon="-4.582233">
        <ele>1011.195674</ele>
        <time>2026-05-22T13:35:29.000Z</time>
      </trkpt>
      <trkpt lat="36.964197" lon="-4.582194">
        <ele>1011.134515</ele>
        <time>2026-05-22T13:35:33.000Z</time>
      </trkpt>
      <trkpt lat="36.964237" lon="-4.582124">
        <ele>1011.030893</ele>
        <time>2026-05-22T13:35:39.000Z</time>
      </trkpt>
      <trkpt lat="36.964245" lon="-4.582112">
        <ele>1011.012075</ele>
        <time>2026-05-22T13:35:40.000Z</time>
      </trkpt>
      <trkpt lat="36.964268" lon="-4.582072">
        <ele>1010.952737</ele>
        <time>2026-05-22T13:35:46.000Z</time>
      </trkpt>
      <trkpt lat="36.964285" lon="-4.582057">
        <ele>1010.921392</ele>
        <time>2026-05-22T13:35:52.000Z</time>
      </trkpt>
      <trkpt lat="36.964296" lon="-4.582043">
        <ele>1010.897750</ele>
        <time>2026-05-22T13:35:54.000Z</time>
      </trkpt>
      <trkpt lat="36.964329" lon="-4.581983">
        <ele>1010.810044</ele>
        <time>2026-05-22T13:36:00.000Z</time>
      </trkpt>
      <trkpt lat="36.964370" lon="-4.581923">
        <ele>1010.714982</ele>
        <time>2026-05-22T13:36:05.000Z</time>
      </trkpt>
      <trkpt lat="36.964398" lon="-4.581899">
        <ele>1010.663840</ele>
        <time>2026-05-22T13:36:09.000Z</time>
      </trkpt>
      <trkpt lat="36.964409" lon="-4.581881">
        <ele>1010.636554</ele>
        <time>2026-05-22T13:36:11.000Z</time>
      </trkpt>
      <trkpt lat="36.964454" lon="-4.581785">
        <ele>1010.502539</ele>
        <time>2026-05-22T13:36:17.000Z</time>
      </trkpt>
      <trkpt lat="36.964492" lon="-4.581709">
        <ele>1010.394588</ele>
        <time>2026-05-22T13:36:23.000Z</time>
      </trkpt>
      <trkpt lat="36.964498" lon="-4.581700">
        <ele>1010.380475</ele>
        <time>2026-05-22T13:36:24.000Z</time>
      </trkpt>
      <trkpt lat="36.964524" lon="-4.581619">
        <ele>1010.275369</ele>
        <time>2026-05-22T13:36:29.000Z</time>
      </trkpt>
      <trkpt lat="36.964527" lon="-4.581604">
        <ele>1010.256750</ele>
        <time>2026-05-22T13:36:30.000Z</time>
      </trkpt>
      <trkpt lat="36.964534" lon="-4.581517">
        <ele>1010.151466</ele>
        <time>2026-05-22T13:36:36.000Z</time>
      </trkpt>
      <trkpt lat="36.964506" lon="-4.581431">
        <ele>1010.039648</ele>
        <time>2026-05-22T13:36:42.000Z</time>
      </trkpt>
      <trkpt lat="36.964493" lon="-4.581360">
        <ele>1009.951943</ele>
        <time>2026-05-22T13:36:48.000Z</time>
      </trkpt>
      <trkpt lat="36.964471" lon="-4.581274">
        <ele>1009.843214</ele>
        <time>2026-05-22T13:36:56.000Z</time>
      </trkpt>
      <trkpt lat="36.964470" lon="-4.581280">
        <ele>1009.835834</ele>
        <time>2026-05-22T13:37:04.000Z</time>
      </trkpt>
      <trkpt lat="36.964465" lon="-4.581294">
        <ele>1009.817370</ele>
        <time>2026-05-22T13:37:12.000Z</time>
      </trkpt>
      <trkpt lat="36.964466" lon="-4.581294">
        <ele>1009.815863</ele>
        <time>2026-05-22T13:37:13.000Z</time>
      </trkpt>
      <trkpt lat="36.964469" lon="-4.581287">
        <ele>1009.802955</ele>
        <time>2026-05-22T13:37:17.000Z</time>
      </trkpt>
      <trkpt lat="36.964473" lon="-4.581292">
        <ele>1009.771964</ele>
        <time>2026-05-22T13:37:22.000Z</time>
      </trkpt>
      <trkpt lat="36.964463" lon="-4.581292">
        <ele>1009.717146</ele>
        <time>2026-05-22T13:37:34.000Z</time>
      </trkpt>
      <trkpt lat="36.964460" lon="-4.581292">
        <ele>1009.700701</ele>
        <time>2026-05-22T13:37:35.000Z</time>
      </trkpt>
      <trkpt lat="36.964453" lon="-4.581290">
        <ele>1009.661341</ele>
        <time>2026-05-22T13:37:37.000Z</time>
      </trkpt>
      <trkpt lat="36.964445" lon="-4.581287">
        <ele>1009.615560</ele>
        <time>2026-05-22T13:37:39.000Z</time>
      </trkpt>
      <trkpt lat="36.964445" lon="-4.581279">
        <ele>1009.580520</ele>
        <time>2026-05-22T13:37:43.000Z</time>
      </trkpt>
      <trkpt lat="36.964454" lon="-4.581280">
        <ele>1009.530990</ele>
        <time>2026-05-22T13:37:44.000Z</time>
      </trkpt>
      <trkpt lat="36.964460" lon="-4.581287">
        <ele>1009.486025</ele>
        <time>2026-05-22T13:37:46.000Z</time>
      </trkpt>
      <trkpt lat="36.964467" lon="-4.581305">
        <ele>1009.398343</ele>
        <time>2026-05-22T13:37:48.000Z</time>
      </trkpt>
      <trkpt lat="36.964467" lon="-4.581308">
        <ele>1009.385203</ele>
        <time>2026-05-22T13:37:49.000Z</time>
      </trkpt>
      <trkpt lat="36.964472" lon="-4.581319">
        <ele>1009.329772</ele>
        <time>2026-05-22T13:37:56.000Z</time>
      </trkpt>
      <trkpt lat="36.964463" lon="-4.581313">
        <ele>1009.273873</ele>
        <time>2026-05-22T13:38:04.000Z</time>
      </trkpt>
      <trkpt lat="36.964459" lon="-4.581304">
        <ele>1009.228765</ele>
        <time>2026-05-22T13:38:07.000Z</time>
      </trkpt>
      <trkpt lat="36.964458" lon="-4.581300">
        <ele>1009.210407</ele>
        <time>2026-05-22T13:38:08.000Z</time>
      </trkpt>
      <trkpt lat="36.964457" lon="-4.581292">
        <ele>1009.174941</ele>
        <time>2026-05-22T13:38:13.000Z</time>
      </trkpt>
      <trkpt lat="36.964457" lon="-4.581290">
        <ele>1009.166181</ele>
        <time>2026-05-22T13:38:17.000Z</time>
      </trkpt>
      <trkpt lat="36.964472" lon="-4.581288">
        <ele>1009.083488</ele>
        <time>2026-05-22T13:38:26.000Z</time>
      </trkpt>
      <trkpt lat="36.964480" lon="-4.581293">
        <ele>1009.034470</ele>
        <time>2026-05-22T13:38:29.000Z</time>
      </trkpt>
      <trkpt lat="36.964471" lon="-4.581312">
        <ele>1008.937725</ele>
        <time>2026-05-22T13:38:36.000Z</time>
      </trkpt>
      <trkpt lat="36.964470" lon="-4.581307">
        <ele>1008.915149</ele>
        <time>2026-05-22T13:38:38.000Z</time>
      </trkpt>
      <trkpt lat="36.964461" lon="-4.581287">
        <ele>1008.814611</ele>
        <time>2026-05-22T13:38:47.000Z</time>
      </trkpt>
      <trkpt lat="36.964470" lon="-4.581257">
        <ele>1008.674254</ele>
        <time>2026-05-22T13:38:57.000Z</time>
      </trkpt>
      <trkpt lat="36.964465" lon="-4.581270">
        <ele>1008.611061</ele>
        <time>2026-05-22T13:39:02.000Z</time>
      </trkpt>
      <trkpt lat="36.964457" lon="-4.581259">
        <ele>1008.545911</ele>
        <time>2026-05-22T13:39:04.000Z</time>
      </trkpt>
      <trkpt lat="36.964449" lon="-4.581258">
        <ele>1008.501838</ele>
        <time>2026-05-22T13:39:05.000Z</time>
      </trkpt>
      <trkpt lat="36.964392" lon="-4.581203">
        <ele>1008.107293</ele>
        <time>2026-05-22T13:39:12.000Z</time>
      </trkpt>
      <trkpt lat="36.964370" lon="-4.581170">
        <ele>1007.919048</ele>
        <time>2026-05-22T13:39:14.000Z</time>
      </trkpt>
      <trkpt lat="36.964345" lon="-4.581123">
        <ele>1007.671743</ele>
        <time>2026-05-22T13:39:17.000Z</time>
      </trkpt>
      <trkpt lat="36.964341" lon="-4.581108">
        <ele>1007.602480</ele>
        <time>2026-05-22T13:39:18.000Z</time>
      </trkpt>
      <trkpt lat="36.964325" lon="-4.581039">
        <ele>1007.287789</ele>
        <time>2026-05-22T13:39:23.000Z</time>
      </trkpt>
      <trkpt lat="36.964322" lon="-4.581016">
        <ele>1007.185715</ele>
        <time>2026-05-22T13:39:25.000Z</time>
      </trkpt>
      <trkpt lat="36.964297" lon="-4.580895">
        <ele>1006.638302</ele>
        <time>2026-05-22T13:39:33.000Z</time>
      </trkpt>
      <trkpt lat="36.964296" lon="-4.580831">
        <ele>1006.357927</ele>
        <time>2026-05-22T13:39:37.000Z</time>
      </trkpt>
      <trkpt lat="36.964287" lon="-4.580783">
        <ele>1006.141975</ele>
        <time>2026-05-22T13:39:41.000Z</time>
      </trkpt>
      <trkpt lat="36.964285" lon="-4.580742">
        <ele>1005.962060</ele>
        <time>2026-05-22T13:39:45.000Z</time>
      </trkpt>
      <trkpt lat="36.964293" lon="-4.580624">
        <ele>1005.443361</ele>
        <time>2026-05-22T13:39:52.000Z</time>
      </trkpt>
      <trkpt lat="36.964282" lon="-4.580504">
        <ele>1004.914311</ele>
        <time>2026-05-22T13:40:00.000Z</time>
      </trkpt>
      <trkpt lat="36.964279" lon="-4.580480">
        <ele>1004.807912</ele>
        <time>2026-05-22T13:40:02.000Z</time>
      </trkpt>
      <trkpt lat="36.964256" lon="-4.580385">
        <ele>1004.373129</ele>
        <time>2026-05-22T13:40:08.000Z</time>
      </trkpt>
      <trkpt lat="36.964225" lon="-4.580263">
        <ele>1003.812396</ele>
        <time>2026-05-22T13:40:16.000Z</time>
      </trkpt>
      <trkpt lat="36.964217" lon="-4.580151">
        <ele>1003.319877</ele>
        <time>2026-05-22T13:40:23.000Z</time>
      </trkpt>
      <trkpt lat="36.964214" lon="-4.580137">
        <ele>1003.256390</ele>
        <time>2026-05-22T13:40:24.000Z</time>
      </trkpt>
      <trkpt lat="36.964202" lon="-4.580076">
        <ele>1002.981230</ele>
        <time>2026-05-22T13:40:28.000Z</time>
      </trkpt>
      <trkpt lat="36.964200" lon="-4.580047">
        <ele>1002.853737</ele>
        <time>2026-05-22T13:40:30.000Z</time>
      </trkpt>
      <trkpt lat="36.964193" lon="-4.580014">
        <ele>1002.704190</ele>
        <time>2026-05-22T13:40:33.000Z</time>
      </trkpt>
      <trkpt lat="36.964162" lon="-4.579952">
        <ele>1002.383840</ele>
        <time>2026-05-22T13:40:38.000Z</time>
      </trkpt>
      <trkpt lat="36.964146" lon="-4.579840">
        <ele>1001.885499</ele>
        <time>2026-05-22T13:40:44.000Z</time>
      </trkpt>
      <trkpt lat="36.964106" lon="-4.579730">
        <ele>1001.356146</ele>
        <time>2026-05-22T13:40:53.000Z</time>
      </trkpt>
      <trkpt lat="36.964095" lon="-4.579626">
        <ele>1000.896650</ele>
        <time>2026-05-22T13:41:00.000Z</time>
      </trkpt>
      <trkpt lat="36.964088" lon="-4.579574">
        <ele>1000.665678</ele>
        <time>2026-05-22T13:41:03.000Z</time>
      </trkpt>
      <trkpt lat="36.964083" lon="-4.579524">
        <ele>1000.444968</ele>
        <time>2026-05-22T13:41:07.000Z</time>
      </trkpt>
      <trkpt lat="36.964056" lon="-4.579453">
        <ele>1000.100561</ele>
        <time>2026-05-22T13:41:12.000Z</time>
      </trkpt>
      <trkpt lat="36.964047" lon="-4.579417">
        <ele>999.928981</ele>
        <time>2026-05-22T13:41:14.000Z</time>
      </trkpt>
      <trkpt lat="36.964038" lon="-4.579365">
        <ele>999.576597</ele>
        <time>2026-05-22T13:41:17.000Z</time>
      </trkpt>
      <trkpt lat="36.964026" lon="-4.579300">
        <ele>999.134759</ele>
        <time>2026-05-22T13:41:21.000Z</time>
      </trkpt>
      <trkpt lat="36.964023" lon="-4.579290">
        <ele>999.064015</ele>
        <time>2026-05-22T13:41:22.000Z</time>
      </trkpt>
      <trkpt lat="36.963998" lon="-4.579189">
        <ele>998.363727</ele>
        <time>2026-05-22T13:41:29.000Z</time>
      </trkpt>
      <trkpt lat="36.963981" lon="-4.579140">
        <ele>998.009927</ele>
        <time>2026-05-22T13:41:34.000Z</time>
      </trkpt>
      <trkpt lat="36.963974" lon="-4.579126">
        <ele>997.900546</ele>
        <time>2026-05-22T13:41:35.000Z</time>
      </trkpt>
      <trkpt lat="36.963965" lon="-4.579114">
        <ele>997.791543</ele>
        <time>2026-05-22T13:41:36.000Z</time>
      </trkpt>
      <trkpt lat="36.963934" lon="-4.579070">
        <ele>997.403021</ele>
        <time>2026-05-22T13:41:39.000Z</time>
      </trkpt>
      <trkpt lat="36.963894" lon="-4.578969">
        <ele>996.656433</ele>
        <time>2026-05-22T13:41:46.000Z</time>
      </trkpt>
      <trkpt lat="36.963850" lon="-4.578856">
        <ele>995.823893</ele>
        <time>2026-05-22T13:41:54.000Z</time>
      </trkpt>
      <trkpt lat="36.963800" lon="-4.578737">
        <ele>994.933424</ele>
        <time>2026-05-22T13:42:02.000Z</time>
      </trkpt>
      <trkpt lat="36.963794" lon="-4.578700">
        <ele>994.683376</ele>
        <time>2026-05-22T13:42:04.000Z</time>
      </trkpt>
      <trkpt lat="36.963794" lon="-4.578676">
        <ele>994.524423</ele>
        <time>2026-05-22T13:42:06.000Z</time>
      </trkpt>
      <trkpt lat="36.963798" lon="-4.578655">
        <ele>994.381442</ele>
        <time>2026-05-22T13:42:10.000Z</time>
      </trkpt>
      <trkpt lat="36.963788" lon="-4.578563">
        <ele>993.766511</ele>
        <time>2026-05-22T13:42:15.000Z</time>
      </trkpt>
      <trkpt lat="36.963789" lon="-4.578543">
        <ele>993.633791</ele>
        <time>2026-05-22T13:42:16.000Z</time>
      </trkpt>
      <trkpt lat="36.963792" lon="-4.578467">
        <ele>993.129826</ele>
        <time>2026-05-22T13:42:21.000Z</time>
      </trkpt>
      <trkpt lat="36.963784" lon="-4.578427">
        <ele>992.856732</ele>
        <time>2026-05-22T13:42:24.000Z</time>
      </trkpt>
      <trkpt lat="36.963780" lon="-4.578366">
        <ele>992.451368</ele>
        <time>2026-05-22T13:42:27.000Z</time>
      </trkpt>
      <trkpt lat="36.963769" lon="-4.578322">
        <ele>992.146023</ele>
        <time>2026-05-22T13:42:32.000Z</time>
      </trkpt>
      <trkpt lat="36.963760" lon="-4.578306">
        <ele>992.016429</ele>
        <time>2026-05-22T13:42:35.000Z</time>
      </trkpt>
      <trkpt lat="36.963739" lon="-4.578256">
        <ele>991.642315</ele>
        <time>2026-05-22T13:42:39.000Z</time>
      </trkpt>
      <trkpt lat="36.963716" lon="-4.578243">
        <ele>991.433128</ele>
        <time>2026-05-22T13:42:46.000Z</time>
      </trkpt>
      <trkpt lat="36.963677" lon="-4.578217">
        <ele>991.066854</ele>
        <time>2026-05-22T13:42:51.000Z</time>
      </trkpt>
      <trkpt lat="36.963667" lon="-4.578208">
        <ele>990.964757</ele>
        <time>2026-05-22T13:42:52.000Z</time>
      </trkpt>
      <trkpt lat="36.963649" lon="-4.578172">
        <ele>990.683492</ele>
        <time>2026-05-22T13:42:56.000Z</time>
      </trkpt>
      <trkpt lat="36.963635" lon="-4.578135">
        <ele>990.412351</ele>
        <time>2026-05-22T13:42:59.000Z</time>
      </trkpt>
      <trkpt lat="36.963570" lon="-4.578072">
        <ele>989.730890</ele>
        <time>2026-05-22T13:43:07.000Z</time>
      </trkpt>
      <trkpt lat="36.963550" lon="-4.578054">
        <ele>989.526696</ele>
        <time>2026-05-22T13:43:09.000Z</time>
      </trkpt>
      <trkpt lat="36.963524" lon="-4.578042">
        <ele>989.296995</ele>
        <time>2026-05-22T13:43:12.000Z</time>
      </trkpt>
      <trkpt lat="36.963512" lon="-4.578036">
        <ele>989.189883</ele>
        <time>2026-05-22T13:43:14.000Z</time>
      </trkpt>
      <trkpt lat="36.963447" lon="-4.578005">
        <ele>988.613304</ele>
        <time>2026-05-22T13:43:19.000Z</time>
      </trkpt>
      <trkpt lat="36.963391" lon="-4.577966">
        <ele>988.082093</ele>
        <time>2026-05-22T13:43:25.000Z</time>
      </trkpt>
      <trkpt lat="36.963384" lon="-4.577959">
        <ele>988.007823</ele>
        <time>2026-05-22T13:43:26.000Z</time>
      </trkpt>
      <trkpt lat="36.963337" lon="-4.577918">
        <ele>987.532942</ele>
        <time>2026-05-22T13:43:31.000Z</time>
      </trkpt>
      <trkpt lat="36.963330" lon="-4.577908">
        <ele>987.444890</ele>
        <time>2026-05-22T13:43:32.000Z</time>
      </trkpt>
      <trkpt lat="36.963292" lon="-4.577855">
        <ele>986.973264</ele>
        <time>2026-05-22T13:43:38.000Z</time>
      </trkpt>
      <trkpt lat="36.963278" lon="-4.577837">
        <ele>986.806895</ele>
        <time>2026-05-22T13:43:40.000Z</time>
      </trkpt>
      <trkpt lat="36.963271" lon="-4.577828">
        <ele>986.723710</ele>
        <time>2026-05-22T13:43:41.000Z</time>
      </trkpt>
      <trkpt lat="36.963205" lon="-4.577782">
        <ele>986.097524</ele>
        <time>2026-05-22T13:43:48.000Z</time>
      </trkpt>
      <trkpt lat="36.963140" lon="-4.577742">
        <ele>985.497130</ele>
        <time>2026-05-22T13:43:53.000Z</time>
      </trkpt>
      <trkpt lat="36.963128" lon="-4.577732">
        <ele>985.377629</ele>
        <time>2026-05-22T13:43:54.000Z</time>
      </trkpt>
      <trkpt lat="36.963101" lon="-4.577713">
        <ele>985.120874</ele>
        <time>2026-05-22T13:43:58.000Z</time>
      </trkpt>
      <trkpt lat="36.963085" lon="-4.577702">
        <ele>984.992895</ele>
        <time>2026-05-22T13:44:00.000Z</time>
      </trkpt>
      <trkpt lat="36.963027" lon="-4.577638">
        <ele>984.567901</ele>
        <time>2026-05-22T13:44:06.000Z</time>
      </trkpt>
      <trkpt lat="36.962953" lon="-4.577566">
        <ele>984.052728</ele>
        <time>2026-05-22T13:44:12.000Z</time>
      </trkpt>
      <trkpt lat="36.962908" lon="-4.577524">
        <ele>983.744193</ele>
        <time>2026-05-22T13:44:17.000Z</time>
      </trkpt>
      <trkpt lat="36.962897" lon="-4.577515">
        <ele>983.671961</ele>
        <time>2026-05-22T13:44:18.000Z</time>
      </trkpt>
      <trkpt lat="36.962830" lon="-4.577396">
        <ele>983.032646</ele>
        <time>2026-05-22T13:44:28.000Z</time>
      </trkpt>
      <trkpt lat="36.962866" lon="-4.577381">
        <ele>982.824104</ele>
        <time>2026-05-22T13:44:31.000Z</time>
      </trkpt>
      <trkpt lat="36.962887" lon="-4.577377">
        <ele>982.707354</ele>
        <time>2026-05-22T13:44:33.000Z</time>
      </trkpt>
      <trkpt lat="36.962993" lon="-4.577335">
        <ele>982.096251</ele>
        <time>2026-05-22T13:44:40.000Z</time>
      </trkpt>
      <trkpt lat="36.963023" lon="-4.577322">
        <ele>981.921760</ele>
        <time>2026-05-22T13:44:43.000Z</time>
      </trkpt>
      <trkpt lat="36.963041" lon="-4.577314">
        <ele>981.816775</ele>
        <time>2026-05-22T13:44:45.000Z</time>
      </trkpt>
      <trkpt lat="36.963050" lon="-4.577313">
        <ele>981.767114</ele>
        <time>2026-05-22T13:44:46.000Z</time>
      </trkpt>
      <trkpt lat="36.963167" lon="-4.577263">
        <ele>981.087597</ele>
        <time>2026-05-22T13:44:55.000Z</time>
      </trkpt>
      <trkpt lat="36.963232" lon="-4.577229">
        <ele>980.700393</ele>
        <time>2026-05-22T13:45:00.000Z</time>
      </trkpt>
      <trkpt lat="36.963258" lon="-4.577201">
        <ele>980.511869</ele>
        <time>2026-05-22T13:45:03.000Z</time>
      </trkpt>
      <trkpt lat="36.963334" lon="-4.577116">
        <ele>979.951665</ele>
        <time>2026-05-22T13:45:10.000Z</time>
      </trkpt>
      <trkpt lat="36.963374" lon="-4.577073">
        <ele>979.661847</ele>
        <time>2026-05-22T13:45:16.000Z</time>
      </trkpt>
      <trkpt lat="36.963386" lon="-4.577062">
        <ele>979.580093</ele>
        <time>2026-05-22T13:45:18.000Z</time>
      </trkpt>
      <trkpt lat="36.963467" lon="-4.577004">
        <ele>979.067182</ele>
        <time>2026-05-22T13:45:26.000Z</time>
      </trkpt>
      <trkpt lat="36.963553" lon="-4.576952">
        <ele>978.542231</ele>
        <time>2026-05-22T13:45:34.000Z</time>
      </trkpt>
      <trkpt lat="36.963644" lon="-4.576935">
        <ele>978.036532</ele>
        <time>2026-05-22T13:45:41.000Z</time>
      </trkpt>
      <trkpt lat="36.963694" lon="-4.576909">
        <ele>977.738943</ele>
        <time>2026-05-22T13:45:44.000Z</time>
      </trkpt>
      <trkpt lat="36.963759" lon="-4.576886">
        <ele>977.367683</ele>
        <time>2026-05-22T13:45:49.000Z</time>
      </trkpt>
      <trkpt lat="36.963853" lon="-4.576828">
        <ele>976.791660</ele>
        <time>2026-05-22T13:45:58.000Z</time>
      </trkpt>
      <trkpt lat="36.963954" lon="-4.576765">
        <ele>976.171414</ele>
        <time>2026-05-22T13:46:06.000Z</time>
      </trkpt>
      <trkpt lat="36.964033" lon="-4.576729">
        <ele>975.709324</ele>
        <time>2026-05-22T13:46:13.000Z</time>
      </trkpt>
      <trkpt lat="36.964055" lon="-4.576696">
        <ele>975.520583</ele>
        <time>2026-05-22T13:46:16.000Z</time>
      </trkpt>
      <trkpt lat="36.964081" lon="-4.576681">
        <ele>975.363228</ele>
        <time>2026-05-22T13:46:20.000Z</time>
      </trkpt>
      <trkpt lat="36.964176" lon="-4.576642">
        <ele>975.182987</ele>
        <time>2026-05-22T13:46:28.000Z</time>
      </trkpt>
      <trkpt lat="36.964261" lon="-4.576582">
        <ele>975.230323</ele>
        <time>2026-05-22T13:46:35.000Z</time>
      </trkpt>
      <trkpt lat="36.964367" lon="-4.576516">
        <ele>975.287750</ele>
        <time>2026-05-22T13:46:44.000Z</time>
      </trkpt>
      <trkpt lat="36.964420" lon="-4.576486">
        <ele>975.315965</ele>
        <time>2026-05-22T13:46:50.000Z</time>
      </trkpt>
      <trkpt lat="36.964503" lon="-4.576448">
        <ele>975.358833</ele>
        <time>2026-05-22T13:46:58.000Z</time>
      </trkpt>
      <trkpt lat="36.964573" lon="-4.576405">
        <ele>975.396657</ele>
        <time>2026-05-22T13:47:06.000Z</time>
      </trkpt>
      <trkpt lat="36.964559" lon="-4.576402">
        <ele>975.403546</ele>
        <time>2026-05-22T13:47:10.000Z</time>
      </trkpt>
      <trkpt lat="36.964557" lon="-4.576402">
        <ele>975.404516</ele>
        <time>2026-05-22T13:47:13.000Z</time>
      </trkpt>
      <trkpt lat="36.964555" lon="-4.576410">
        <ele>975.407765</ele>
        <time>2026-05-22T13:47:19.000Z</time>
      </trkpt>
      <trkpt lat="36.964553" lon="-4.576409">
        <ele>975.408810</ele>
        <time>2026-05-22T13:47:20.000Z</time>
      </trkpt>
      <trkpt lat="36.964559" lon="-4.576415">
        <ele>975.412535</ele>
        <time>2026-05-22T13:47:25.000Z</time>
      </trkpt>
      <trkpt lat="36.964566" lon="-4.576418">
        <ele>975.416124</ele>
        <time>2026-05-22T13:47:30.000Z</time>
      </trkpt>
      <trkpt lat="36.964568" lon="-4.576418">
        <ele>975.417094</ele>
        <time>2026-05-22T13:47:31.000Z</time>
      </trkpt>
      <trkpt lat="36.964559" lon="-4.576412">
        <ele>975.422040</ele>
        <time>2026-05-22T13:47:36.000Z</time>
      </trkpt>
      <trkpt lat="36.964562" lon="-4.576414">
        <ele>975.423689</ele>
        <time>2026-05-22T13:47:38.000Z</time>
      </trkpt>
      <trkpt lat="36.964573" lon="-4.576420">
        <ele>975.429509</ele>
        <time>2026-05-22T13:47:41.000Z</time>
      </trkpt>
      <trkpt lat="36.964574" lon="-4.576418">
        <ele>975.430424</ele>
        <time>2026-05-22T13:47:51.000Z</time>
      </trkpt>
      <trkpt lat="36.964567" lon="-4.576412">
        <ele>975.434539</ele>
        <time>2026-05-22T13:47:53.000Z</time>
      </trkpt>
      <trkpt lat="36.964563" lon="-4.576415">
        <ele>975.436801</ele>
        <time>2026-05-22T13:47:54.000Z</time>
      </trkpt>
      <trkpt lat="36.964560" lon="-4.576417">
        <ele>975.438450</ele>
        <time>2026-05-22T13:47:55.000Z</time>
      </trkpt>
      <trkpt lat="36.964566" lon="-4.576410">
        <ele>975.442428</ele>
        <time>2026-05-22T13:48:02.000Z</time>
      </trkpt>
      <trkpt lat="36.964539" lon="-4.576430">
        <ele>975.457647</ele>
        <time>2026-05-22T13:48:13.000Z</time>
      </trkpt>
      <trkpt lat="36.964550" lon="-4.576426">
        <ele>975.463203</ele>
        <time>2026-05-22T13:48:16.000Z</time>
      </trkpt>
      <trkpt lat="36.964603" lon="-4.576414">
        <ele>975.489328</ele>
        <time>2026-05-22T13:48:23.000Z</time>
      </trkpt>
      <trkpt lat="36.964722" lon="-4.576345">
        <ele>975.552943</ele>
        <time>2026-05-22T13:48:32.000Z</time>
      </trkpt>
      <trkpt lat="36.964758" lon="-4.576337">
        <ele>975.570678</ele>
        <time>2026-05-22T13:48:38.000Z</time>
      </trkpt>
      <trkpt lat="36.964773" lon="-4.576333">
        <ele>975.578118</ele>
        <time>2026-05-22T13:48:39.000Z</time>
      </trkpt>
      <trkpt lat="36.964831" lon="-4.576315">
        <ele>975.607103</ele>
        <time>2026-05-22T13:48:46.000Z</time>
      </trkpt>
      <trkpt lat="36.964912" lon="-4.576271">
        <ele>975.649933</ele>
        <time>2026-05-22T13:48:52.000Z</time>
      </trkpt>
      <trkpt lat="36.964976" lon="-4.576241">
        <ele>975.683083</ele>
        <time>2026-05-22T13:48:57.000Z</time>
      </trkpt>
      <trkpt lat="36.965007" lon="-4.576225">
        <ele>975.699348</ele>
        <time>2026-05-22T13:49:02.000Z</time>
      </trkpt>
      <trkpt lat="36.965093" lon="-4.576179">
        <ele>975.744712</ele>
        <time>2026-05-22T13:49:09.000Z</time>
      </trkpt>
      <trkpt lat="36.965174" lon="-4.576155">
        <ele>975.785088</ele>
        <time>2026-05-22T13:49:16.000Z</time>
      </trkpt>
      <trkpt lat="36.965274" lon="-4.576130">
        <ele>975.834552</ele>
        <time>2026-05-22T13:49:22.000Z</time>
      </trkpt>
      <trkpt lat="36.965322" lon="-4.576121">
        <ele>975.858094</ele>
        <time>2026-05-22T13:49:27.000Z</time>
      </trkpt>
      <trkpt lat="36.965327" lon="-4.576122">
        <ele>975.860550</ele>
        <time>2026-05-22T13:49:28.000Z</time>
      </trkpt>
      <trkpt lat="36.965335" lon="-4.576123">
        <ele>975.864450</ele>
        <time>2026-05-22T13:49:29.000Z</time>
      </trkpt>
      <trkpt lat="36.965360" lon="-4.576122">
        <ele>975.876582</ele>
        <time>2026-05-22T13:49:31.000Z</time>
      </trkpt>
      <trkpt lat="36.965416" lon="-4.576099">
        <ele>975.905171</ele>
        <time>2026-05-22T13:49:35.000Z</time>
      </trkpt>
      <trkpt lat="36.965490" lon="-4.576058">
        <ele>975.944425</ele>
        <time>2026-05-22T13:49:42.000Z</time>
      </trkpt>
      <trkpt lat="36.965504" lon="-4.576053">
        <ele>975.951486</ele>
        <time>2026-05-22T13:49:43.000Z</time>
      </trkpt>
      <trkpt lat="36.965616" lon="-4.576018">
        <ele>976.007480</ele>
        <time>2026-05-22T13:49:50.000Z</time>
      </trkpt>
      <trkpt lat="36.965641" lon="-4.576019">
        <ele>976.019613</ele>
        <time>2026-05-22T13:49:52.000Z</time>
      </trkpt>
      <trkpt lat="36.965726" lon="-4.576018">
        <ele>976.197213</ele>
        <time>2026-05-22T13:49:58.000Z</time>
      </trkpt>
      <trkpt lat="36.965817" lon="-4.576027">
        <ele>976.412237</ele>
        <time>2026-05-22T13:50:05.000Z</time>
      </trkpt>
      <trkpt lat="36.965919" lon="-4.576053">
        <ele>976.657435</ele>
        <time>2026-05-22T13:50:13.000Z</time>
      </trkpt>
      <trkpt lat="36.965969" lon="-4.576064">
        <ele>976.777019</ele>
        <time>2026-05-22T13:50:19.000Z</time>
      </trkpt>
      <trkpt lat="36.966038" lon="-4.576057">
        <ele>976.940085</ele>
        <time>2026-05-22T13:50:24.000Z</time>
      </trkpt>
      <trkpt lat="36.966070" lon="-4.576055">
        <ele>977.015557</ele>
        <time>2026-05-22T13:50:26.000Z</time>
      </trkpt>
      <trkpt lat="36.966151" lon="-4.576079">
        <ele>977.211630</ele>
        <time>2026-05-22T13:50:32.000Z</time>
      </trkpt>
      <trkpt lat="36.966216" lon="-4.576090">
        <ele>977.366134</ele>
        <time>2026-05-22T13:50:37.000Z</time>
      </trkpt>
      <trkpt lat="36.966285" lon="-4.576113">
        <ele>977.534333</ele>
        <time>2026-05-22T13:50:42.000Z</time>
      </trkpt>
      <trkpt lat="36.966392" lon="-4.576146">
        <ele>977.793917</ele>
        <time>2026-05-22T13:50:49.000Z</time>
      </trkpt>
      <trkpt lat="36.966404" lon="-4.576148">
        <ele>977.822433</ele>
        <time>2026-05-22T13:50:50.000Z</time>
      </trkpt>
      <trkpt lat="36.966454" lon="-4.576146">
        <ele>977.940270</ele>
        <time>2026-05-22T13:50:55.000Z</time>
      </trkpt>
      <trkpt lat="36.966544" lon="-4.576126">
        <ele>978.155586</ele>
        <time>2026-05-22T13:51:02.000Z</time>
      </trkpt>
      <trkpt lat="36.966550" lon="-4.576126">
        <ele>978.169719</ele>
        <time>2026-05-22T13:51:03.000Z</time>
      </trkpt>
      <trkpt lat="36.966587" lon="-4.576106">
        <ele>978.264656</ele>
        <time>2026-05-22T13:51:07.000Z</time>
      </trkpt>
      <trkpt lat="36.966657" lon="-4.576094">
        <ele>978.431084</ele>
        <time>2026-05-22T13:51:12.000Z</time>
      </trkpt>
      <trkpt lat="36.966722" lon="-4.576108">
        <ele>978.586445</ele>
        <time>2026-05-22T13:51:18.000Z</time>
      </trkpt>
      <trkpt lat="36.966829" lon="-4.576092">
        <ele>978.840282</ele>
        <time>2026-05-22T13:51:25.000Z</time>
      </trkpt>
      <trkpt lat="36.966859" lon="-4.576069">
        <ele>978.923152</ele>
        <time>2026-05-22T13:51:32.000Z</time>
      </trkpt>
      <trkpt lat="36.966919" lon="-4.576068">
        <ele>979.064498</ele>
        <time>2026-05-22T13:51:41.000Z</time>
      </trkpt>
      <trkpt lat="36.966930" lon="-4.576065">
        <ele>979.091017</ele>
        <time>2026-05-22T13:51:42.000Z</time>
      </trkpt>
      <trkpt lat="36.966995" lon="-4.576042">
        <ele>979.250129</ele>
        <time>2026-05-22T13:51:47.000Z</time>
      </trkpt>
      <trkpt lat="36.967017" lon="-4.576037">
        <ele>979.302799</ele>
        <time>2026-05-22T13:51:49.000Z</time>
      </trkpt>
      <trkpt lat="36.967107" lon="-4.576027">
        <ele>979.515633</ele>
        <time>2026-05-22T13:51:56.000Z</time>
      </trkpt>
      <trkpt lat="36.967204" lon="-4.576016">
        <ele>979.745057</ele>
        <time>2026-05-22T13:52:04.000Z</time>
      </trkpt>
      <trkpt lat="36.967304" lon="-4.576031">
        <ele>979.982298</ele>
        <time>2026-05-22T13:52:11.000Z</time>
      </trkpt>
      <trkpt lat="36.967350" lon="-4.576039">
        <ele>980.091694</ele>
        <time>2026-05-22T13:52:16.000Z</time>
      </trkpt>
      <trkpt lat="36.967365" lon="-4.576038">
        <ele>980.127078</ele>
        <time>2026-05-22T13:52:17.000Z</time>
      </trkpt>
      <trkpt lat="36.967381" lon="-4.576029">
        <ele>980.168398</ele>
        <time>2026-05-22T13:52:23.000Z</time>
      </trkpt>
      <trkpt lat="36.967358" lon="-4.576060">
        <ele>980.248017</ele>
        <time>2026-05-22T13:52:33.000Z</time>
      </trkpt>
      <trkpt lat="36.967350" lon="-4.576058">
        <ele>980.265227</ele>
        <time>2026-05-22T13:52:39.000Z</time>
      </trkpt>
      <trkpt lat="36.967356" lon="-4.576057">
        <ele>980.273710</ele>
        <time>2026-05-22T13:52:40.000Z</time>
      </trkpt>
      <trkpt lat="36.967359" lon="-4.576056">
        <ele>980.278061</ele>
        <time>2026-05-22T13:52:42.000Z</time>
      </trkpt>
      <trkpt lat="36.967371" lon="-4.576049">
        <ele>980.296615</ele>
        <time>2026-05-22T13:52:45.000Z</time>
      </trkpt>
      <trkpt lat="36.967387" lon="-4.576037">
        <ele>980.322757</ele>
        <time>2026-05-22T13:52:52.000Z</time>
      </trkpt>
      <trkpt lat="36.967393" lon="-4.576043">
        <ele>980.333520</ele>
        <time>2026-05-22T13:53:00.000Z</time>
      </trkpt>
      <trkpt lat="36.967390" lon="-4.576046">
        <ele>980.338901</ele>
        <time>2026-05-22T13:53:03.000Z</time>
      </trkpt>
      <trkpt lat="36.967379" lon="-4.576050">
        <ele>980.354955</ele>
        <time>2026-05-22T13:53:10.000Z</time>
      </trkpt>
      <trkpt lat="36.967371" lon="-4.576054">
        <ele>980.367028</ele>
        <time>2026-05-22T13:53:12.000Z</time>
      </trkpt>
      <trkpt lat="36.967364" lon="-4.576048">
        <ele>980.378918</ele>
        <time>2026-05-22T13:53:17.000Z</time>
      </trkpt>
      <trkpt lat="36.967374" lon="-4.576045">
        <ele>980.393330</ele>
        <time>2026-05-22T13:53:19.000Z</time>
      </trkpt>
      <trkpt lat="36.967370" lon="-4.576049">
        <ele>980.400506</ele>
        <time>2026-05-22T13:53:27.000Z</time>
      </trkpt>
      <trkpt lat="36.967361" lon="-4.576042">
        <ele>980.415356</ele>
        <time>2026-05-22T13:53:34.000Z</time>
      </trkpt>
      <trkpt lat="36.967363" lon="-4.576040">
        <ele>980.418944</ele>
        <time>2026-05-22T13:53:35.000Z</time>
      </trkpt>
      <trkpt lat="36.967365" lon="-4.576038">
        <ele>980.422531</ele>
        <time>2026-05-22T13:53:37.000Z</time>
      </trkpt>
      <trkpt lat="36.967399" lon="-4.576055">
        <ele>980.473843</ele>
        <time>2026-05-22T13:53:46.000Z</time>
      </trkpt>
      <trkpt lat="36.967459" lon="-4.576081">
        <ele>980.562828</ele>
        <time>2026-05-22T13:53:52.000Z</time>
      </trkpt>
      <trkpt lat="36.967540" lon="-4.576072">
        <ele>980.676793</ele>
        <time>2026-05-22T13:53:58.000Z</time>
      </trkpt>
      <trkpt lat="36.967620" lon="-4.576076">
        <ele>980.789000</ele>
        <time>2026-05-22T13:54:05.000Z</time>
      </trkpt>
      <trkpt lat="36.967640" lon="-4.576072">
        <ele>980.817385</ele>
        <time>2026-05-22T13:54:06.000Z</time>
      </trkpt>
      <trkpt lat="36.967748" lon="-4.576032">
        <ele>980.975232</ele>
        <time>2026-05-22T13:54:13.000Z</time>
      </trkpt>
      <trkpt lat="36.967771" lon="-4.576030">
        <ele>981.007543</ele>
        <time>2026-05-22T13:54:16.000Z</time>
      </trkpt>
      <trkpt lat="36.967817" lon="-4.576006">
        <ele>981.077388</ele>
        <time>2026-05-22T13:54:20.000Z</time>
      </trkpt>
      <trkpt lat="36.967831" lon="-4.575993">
        <ele>981.101818</ele>
        <time>2026-05-22T13:54:21.000Z</time>
      </trkpt>
      <trkpt lat="36.967889" lon="-4.575953">
        <ele>981.194626</ele>
        <time>2026-05-22T13:54:25.000Z</time>
      </trkpt>
      <trkpt lat="36.967913" lon="-4.575943">
        <ele>981.230077</ele>
        <time>2026-05-22T13:54:27.000Z</time>
      </trkpt>
      <trkpt lat="36.967925" lon="-4.575940">
        <ele>981.247226</ele>
        <time>2026-05-22T13:54:28.000Z</time>
      </trkpt>
      <trkpt lat="36.967983" lon="-4.575941">
        <ele>981.328519</ele>
        <time>2026-05-22T13:54:33.000Z</time>
      </trkpt>
      <trkpt lat="36.968028" lon="-4.575932">
        <ele>981.392385</ele>
        <time>2026-05-22T13:54:36.000Z</time>
      </trkpt>
      <trkpt lat="36.968102" lon="-4.575934">
        <ele>981.496118</ele>
        <time>2026-05-22T13:54:43.000Z</time>
      </trkpt>
      <trkpt lat="36.968140" lon="-4.575924">
        <ele>981.550538</ele>
        <time>2026-05-22T13:54:46.000Z</time>
      </trkpt>
      <trkpt lat="36.968170" lon="-4.575920">
        <ele>981.592820</ele>
        <time>2026-05-22T13:54:49.000Z</time>
      </trkpt>
      <trkpt lat="36.968208" lon="-4.575912">
        <ele>981.646824</ele>
        <time>2026-05-22T13:54:55.000Z</time>
      </trkpt>
      <trkpt lat="36.968252" lon="-4.575918">
        <ele>981.708854</ele>
        <time>2026-05-22T13:54:59.000Z</time>
      </trkpt>
      <trkpt lat="36.968296" lon="-4.575910">
        <ele>981.771165</ele>
        <time>2026-05-22T13:55:02.000Z</time>
      </trkpt>
      <trkpt lat="36.968361" lon="-4.575902">
        <ele>981.862700</ele>
        <time>2026-05-22T13:55:08.000Z</time>
      </trkpt>
      <trkpt lat="36.968424" lon="-4.575902">
        <ele>981.950993</ele>
        <time>2026-05-22T13:55:13.000Z</time>
      </trkpt>
      <trkpt lat="36.968438" lon="-4.575906">
        <ele>981.971118</ele>
        <time>2026-05-22T13:55:15.000Z</time>
      </trkpt>
      <trkpt lat="36.968444" lon="-4.575907">
        <ele>981.979601</ele>
        <time>2026-05-22T13:55:16.000Z</time>
      </trkpt>
      <trkpt lat="36.968484" lon="-4.575891">
        <ele>982.038453</ele>
        <time>2026-05-22T13:55:21.000Z</time>
      </trkpt>
      <trkpt lat="36.968497" lon="-4.575884">
        <ele>982.058286</ele>
        <time>2026-05-22T13:55:22.000Z</time>
      </trkpt>
      <trkpt lat="36.968513" lon="-4.575878">
        <ele>982.081695</ele>
        <time>2026-05-22T13:55:23.000Z</time>
      </trkpt>
      <trkpt lat="36.968525" lon="-4.575878">
        <ele>982.098512</ele>
        <time>2026-05-22T13:55:24.000Z</time>
      </trkpt>
      <trkpt lat="36.968576" lon="-4.575884">
        <ele>982.170302</ele>
        <time>2026-05-22T13:55:29.000Z</time>
      </trkpt>
      <trkpt lat="36.968608" lon="-4.575879">
        <ele>982.215497</ele>
        <time>2026-05-22T13:55:31.000Z</time>
      </trkpt>
      <trkpt lat="36.968647" lon="-4.575884">
        <ele>982.270441</ele>
        <time>2026-05-22T13:55:34.000Z</time>
      </trkpt>
      <trkpt lat="36.968683" lon="-4.575893">
        <ele>982.321890</ele>
        <time>2026-05-22T13:55:38.000Z</time>
      </trkpt>
      <trkpt lat="36.968700" lon="-4.575895">
        <ele>982.345820</ele>
        <time>2026-05-22T13:55:40.000Z</time>
      </trkpt>
      <trkpt lat="36.968710" lon="-4.575894">
        <ele>982.359879</ele>
        <time>2026-05-22T13:55:41.000Z</time>
      </trkpt>
      <trkpt lat="36.968792" lon="-4.575887">
        <ele>982.475067</ele>
        <time>2026-05-22T13:55:48.000Z</time>
      </trkpt>
      <trkpt lat="36.968884" lon="-4.575905">
        <ele>982.605567</ele>
        <time>2026-05-22T13:55:55.000Z</time>
      </trkpt>
      <trkpt lat="36.968935" lon="-4.575932">
        <ele>982.683173</ele>
        <time>2026-05-22T13:55:59.000Z</time>
      </trkpt>
      <trkpt lat="36.968981" lon="-4.575947">
        <ele>982.749793</ele>
        <time>2026-05-22T13:56:03.000Z</time>
      </trkpt>
      <trkpt lat="36.968987" lon="-4.575943">
        <ele>982.759320</ele>
        <time>2026-05-22T13:56:04.000Z</time>
      </trkpt>
      <trkpt lat="36.968991" lon="-4.575940">
        <ele>982.765855</ele>
        <time>2026-05-22T13:56:09.000Z</time>
      </trkpt>
      <trkpt lat="36.969033" lon="-4.575951">
        <ele>982.730185</ele>
        <time>2026-05-22T13:56:21.000Z</time>
      </trkpt>
      <trkpt lat="36.969128" lon="-4.575946">
        <ele>982.566343</ele>
        <time>2026-05-22T13:56:28.000Z</time>
      </trkpt>
      <trkpt lat="36.969260" lon="-4.575939">
        <ele>982.338685</ele>
        <time>2026-05-22T13:56:37.000Z</time>
      </trkpt>
      <trkpt lat="36.969361" lon="-4.575951">
        <ele>982.163867</ele>
        <time>2026-05-22T13:56:46.000Z</time>
      </trkpt>
      <trkpt lat="36.969455" lon="-4.575963">
        <ele>982.001052</ele>
        <time>2026-05-22T13:56:53.000Z</time>
      </trkpt>
      <trkpt lat="36.969560" lon="-4.575942">
        <ele>981.817828</ele>
        <time>2026-05-22T13:57:00.000Z</time>
      </trkpt>
      <trkpt lat="36.969652" lon="-4.575942">
        <ele>981.659300</ele>
        <time>2026-05-22T13:57:07.000Z</time>
      </trkpt>
      <trkpt lat="36.969758" lon="-4.575944">
        <ele>981.476627</ele>
        <time>2026-05-22T13:57:14.000Z</time>
      </trkpt>
      <trkpt lat="36.969819" lon="-4.575954">
        <ele>981.370618</ele>
        <time>2026-05-22T13:57:20.000Z</time>
      </trkpt>
      <trkpt lat="36.969828" lon="-4.575953">
        <ele>981.355049</ele>
        <time>2026-05-22T13:57:21.000Z</time>
      </trkpt>
      <trkpt lat="36.969923" lon="-4.575936">
        <ele>981.189687</ele>
        <time>2026-05-22T13:57:27.000Z</time>
      </trkpt>
      <trkpt lat="36.969967" lon="-4.575941">
        <ele>981.113557</ele>
        <time>2026-05-22T13:57:32.000Z</time>
      </trkpt>
      <trkpt lat="36.969977" lon="-4.575941">
        <ele>981.096326</ele>
        <time>2026-05-22T13:57:33.000Z</time>
      </trkpt>
      <trkpt lat="36.970065" lon="-4.575932">
        <ele>980.944185</ele>
        <time>2026-05-22T13:57:40.000Z</time>
      </trkpt>
      <trkpt lat="36.970162" lon="-4.575933">
        <ele>980.777035</ele>
        <time>2026-05-22T13:57:49.000Z</time>
      </trkpt>
      <trkpt lat="36.970181" lon="-4.575930">
        <ele>980.744036</ele>
        <time>2026-05-22T13:57:50.000Z</time>
      </trkpt>
      <trkpt lat="36.970298" lon="-4.575886">
        <ele>980.533526</ele>
        <time>2026-05-22T13:57:58.000Z</time>
      </trkpt>
      <trkpt lat="36.970394" lon="-4.575840">
        <ele>980.356398</ele>
        <time>2026-05-22T13:58:07.000Z</time>
      </trkpt>
      <trkpt lat="36.970510" lon="-4.575789">
        <ele>980.144542</ele>
        <time>2026-05-22T13:58:16.000Z</time>
      </trkpt>
      <trkpt lat="36.970617" lon="-4.575733">
        <ele>979.944698</ele>
        <time>2026-05-22T13:58:24.000Z</time>
      </trkpt>
      <trkpt lat="36.970679" lon="-4.575682">
        <ele>979.816858</ele>
        <time>2026-05-22T13:58:31.000Z</time>
      </trkpt>
      <trkpt lat="36.970768" lon="-4.575627">
        <ele>979.636572</ele>
        <time>2026-05-22T13:58:37.000Z</time>
      </trkpt>
      <trkpt lat="36.970784" lon="-4.575623">
        <ele>979.601593</ele>
        <time>2026-05-22T13:58:38.000Z</time>
      </trkpt>
      <trkpt lat="36.970861" lon="-4.575608">
        <ele>979.434527</ele>
        <time>2026-05-22T13:58:44.000Z</time>
      </trkpt>
      <trkpt lat="36.970869" lon="-4.575608">
        <ele>979.417376</ele>
        <time>2026-05-22T13:58:45.000Z</time>
      </trkpt>
      <trkpt lat="36.970959" lon="-4.575604">
        <ele>979.224306</ele>
        <time>2026-05-22T13:58:52.000Z</time>
      </trkpt>
      <trkpt lat="36.970989" lon="-4.575606">
        <ele>979.159899</ele>
        <time>2026-05-22T13:58:54.000Z</time>
      </trkpt>
      <trkpt lat="36.971031" lon="-4.575618">
        <ele>979.067540</ele>
        <time>2026-05-22T13:58:59.000Z</time>
      </trkpt>
      <trkpt lat="36.971124" lon="-4.575625">
        <ele>978.867800</ele>
        <time>2026-05-22T13:59:07.000Z</time>
      </trkpt>
      <trkpt lat="36.971208" lon="-4.575623">
        <ele>978.687682</ele>
        <time>2026-05-22T13:59:13.000Z</time>
      </trkpt>
      <trkpt lat="36.971265" lon="-4.575617">
        <ele>978.565050</ele>
        <time>2026-05-22T13:59:17.000Z</time>
      </trkpt>
      <trkpt lat="36.971304" lon="-4.575618">
        <ele>978.481422</ele>
        <time>2026-05-22T13:59:21.000Z</time>
      </trkpt>
      <trkpt lat="36.971387" lon="-4.575610">
        <ele>978.302954</ele>
        <time>2026-05-22T13:59:27.000Z</time>
      </trkpt>
      <trkpt lat="36.971455" lon="-4.575582">
        <ele>978.149484</ele>
        <time>2026-05-22T13:59:33.000Z</time>
      </trkpt>
      <trkpt lat="36.971531" lon="-4.575539">
        <ele>977.970677</ele>
        <time>2026-05-22T13:59:40.000Z</time>
      </trkpt>
      <trkpt lat="36.971542" lon="-4.575532">
        <ele>977.944222</ele>
        <time>2026-05-22T13:59:41.000Z</time>
      </trkpt>
      <trkpt lat="36.971631" lon="-4.575507">
        <ele>977.748671</ele>
        <time>2026-05-22T13:59:48.000Z</time>
      </trkpt>
      <trkpt lat="36.971641" lon="-4.575505">
        <ele>977.726961</ele>
        <time>2026-05-22T13:59:49.000Z</time>
      </trkpt>
      <trkpt lat="36.971761" lon="-4.575471">
        <ele>977.463187</ele>
        <time>2026-05-22T13:59:58.000Z</time>
      </trkpt>
      <trkpt lat="36.971843" lon="-4.575457">
        <ele>977.285762</ele>
        <time>2026-05-22T14:00:05.000Z</time>
      </trkpt>
      <trkpt lat="36.971934" lon="-4.575466">
        <ele>977.090061</ele>
        <time>2026-05-22T14:00:11.000Z</time>
      </trkpt>
      <trkpt lat="36.971994" lon="-4.575491">
        <ele>976.954489</ele>
        <time>2026-05-22T14:00:17.000Z</time>
      </trkpt>
      <trkpt lat="36.972062" lon="-4.575519">
        <ele>976.801020</ele>
        <time>2026-05-22T14:00:23.000Z</time>
      </trkpt>
      <trkpt lat="36.972113" lon="-4.575540">
        <ele>976.685918</ele>
        <time>2026-05-22T14:00:29.000Z</time>
      </trkpt>
      <trkpt lat="36.972172" lon="-4.575586">
        <ele>976.536898</ele>
        <time>2026-05-22T14:00:37.000Z</time>
      </trkpt>
      <trkpt lat="36.972200" lon="-4.575653">
        <ele>976.407389</ele>
        <time>2026-05-22T14:00:42.000Z</time>
      </trkpt>
      <trkpt lat="36.972207" lon="-4.575668">
        <ele>976.377635</ele>
        <time>2026-05-22T14:00:43.000Z</time>
      </trkpt>
      <trkpt lat="36.972234" lon="-4.575739">
        <ele>976.242953</ele>
        <time>2026-05-22T14:00:48.000Z</time>
      </trkpt>
      <trkpt lat="36.972242" lon="-4.575751">
        <ele>976.216183</ele>
        <time>2026-05-22T14:00:50.000Z</time>
      </trkpt>
      <trkpt lat="36.972264" lon="-4.575794">
        <ele>976.128725</ele>
        <time>2026-05-22T14:00:54.000Z</time>
      </trkpt>
      <trkpt lat="36.972300" lon="-4.575842">
        <ele>976.015961</ele>
        <time>2026-05-22T14:00:58.000Z</time>
      </trkpt>
      <trkpt lat="36.972317" lon="-4.575855">
        <ele>975.973251</ele>
        <time>2026-05-22T14:01:01.000Z</time>
      </trkpt>
      <trkpt lat="36.972382" lon="-4.575879">
        <ele>975.827963</ele>
        <time>2026-05-22T14:01:06.000Z</time>
      </trkpt>
      <trkpt lat="36.972462" lon="-4.575873">
        <ele>975.561293</ele>
        <time>2026-05-22T14:01:12.000Z</time>
      </trkpt>
      <trkpt lat="36.972524" lon="-4.575856">
        <ele>975.349969</ele>
        <time>2026-05-22T14:01:18.000Z</time>
      </trkpt>
      <trkpt lat="36.972543" lon="-4.575848">
        <ele>975.283226</ele>
        <time>2026-05-22T14:01:20.000Z</time>
      </trkpt>
      <trkpt lat="36.972577" lon="-4.575843">
        <ele>975.169244</ele>
        <time>2026-05-22T14:01:24.000Z</time>
      </trkpt>
      <trkpt lat="36.972648" lon="-4.575844">
        <ele>974.932835</ele>
        <time>2026-05-22T14:01:30.000Z</time>
      </trkpt>
      <trkpt lat="36.972718" lon="-4.575825">
        <ele>974.694353</ele>
        <time>2026-05-22T14:01:37.000Z</time>
      </trkpt>
      <trkpt lat="36.972786" lon="-4.575801">
        <ele>974.459119</ele>
        <time>2026-05-22T14:01:43.000Z</time>
      </trkpt>
      <trkpt lat="36.972791" lon="-4.575798">
        <ele>974.440657</ele>
        <time>2026-05-22T14:01:44.000Z</time>
      </trkpt>
      <trkpt lat="36.972861" lon="-4.575711">
        <ele>974.112215</ele>
        <time>2026-05-22T14:01:52.000Z</time>
      </trkpt>
      <trkpt lat="36.972929" lon="-4.575663">
        <ele>973.852288</ele>
        <time>2026-05-22T14:02:00.000Z</time>
      </trkpt>
      <trkpt lat="36.972969" lon="-4.575584">
        <ele>973.603499</ele>
        <time>2026-05-22T14:02:08.000Z</time>
      </trkpt>
      <trkpt lat="36.973004" lon="-4.575495">
        <ele>973.339633</ele>
        <time>2026-05-22T14:02:15.000Z</time>
      </trkpt>
      <trkpt lat="36.973074" lon="-4.575455">
        <ele>973.083429</ele>
        <time>2026-05-22T14:02:21.000Z</time>
      </trkpt>
      <trkpt lat="36.973144" lon="-4.575432">
        <ele>972.842468</ele>
        <time>2026-05-22T14:02:28.000Z</time>
      </trkpt>
      <trkpt lat="36.973156" lon="-4.575428">
        <ele>972.801122</ele>
        <time>2026-05-22T14:02:29.000Z</time>
      </trkpt>
      <trkpt lat="36.973197" lon="-4.575390">
        <ele>972.631263</ele>
        <time>2026-05-22T14:02:35.000Z</time>
      </trkpt>
      <trkpt lat="36.973198" lon="-4.575381">
        <ele>972.607093</ele>
        <time>2026-05-22T14:02:36.000Z</time>
      </trkpt>
      <trkpt lat="36.973220" lon="-4.575291">
        <ele>972.356738</ele>
        <time>2026-05-22T14:02:43.000Z</time>
      </trkpt>
      <trkpt lat="36.973214" lon="-4.575292">
        <ele>972.336585</ele>
        <time>2026-05-22T14:02:47.000Z</time>
      </trkpt>
      <trkpt lat="36.973210" lon="-4.575304">
        <ele>972.301998</ele>
        <time>2026-05-22T14:02:50.000Z</time>
      </trkpt>
      <trkpt lat="36.973218" lon="-4.575306">
        <ele>972.274836</ele>
        <time>2026-05-22T14:02:52.000Z</time>
      </trkpt>
      <trkpt lat="36.973248" lon="-4.575305">
        <ele>972.174916</ele>
        <time>2026-05-22T14:02:57.000Z</time>
      </trkpt>
      <trkpt lat="36.973287" lon="-4.575323">
        <ele>972.036519</ele>
        <time>2026-05-22T14:03:02.000Z</time>
      </trkpt>
      <trkpt lat="36.973309" lon="-4.575342">
        <ele>971.947527</ele>
        <time>2026-05-22T14:03:08.000Z</time>
      </trkpt>
      <trkpt lat="36.973368" lon="-4.575311">
        <ele>971.734481</ele>
        <time>2026-05-22T14:03:15.000Z</time>
      </trkpt>
      <trkpt lat="36.973415" lon="-4.575239">
        <ele>971.487160</ele>
        <time>2026-05-22T14:03:23.000Z</time>
      </trkpt>
      <trkpt lat="36.973409" lon="-4.575218">
        <ele>971.427836</ele>
        <time>2026-05-22T14:03:31.000Z</time>
      </trkpt>
      <trkpt lat="36.973408" lon="-4.575219">
        <ele>971.423574</ele>
        <time>2026-05-22T14:03:32.000Z</time>
      </trkpt>
      <trkpt lat="36.973406" lon="-4.575222">
        <ele>971.413181</ele>
        <time>2026-05-22T14:03:33.000Z</time>
      </trkpt>
      <trkpt lat="36.973402" lon="-4.575228">
        <ele>971.392394</ele>
        <time>2026-05-22T14:03:36.000Z</time>
      </trkpt>
      <trkpt lat="36.973396" lon="-4.575237">
        <ele>971.361214</ele>
        <time>2026-05-22T14:03:40.000Z</time>
      </trkpt>
      <trkpt lat="36.973403" lon="-4.575238">
        <ele>971.337756</ele>
        <time>2026-05-22T14:03:43.000Z</time>
      </trkpt>
      <trkpt lat="36.973407" lon="-4.575234">
        <ele>971.320710</ele>
        <time>2026-05-22T14:03:44.000Z</time>
      </trkpt>
      <trkpt lat="36.973418" lon="-4.575230">
        <ele>971.282571</ele>
        <time>2026-05-22T14:03:46.000Z</time>
      </trkpt>
      <trkpt lat="36.973422" lon="-4.575226">
        <ele>971.265525</ele>
        <time>2026-05-22T14:03:47.000Z</time>
      </trkpt>
      <trkpt lat="36.973430" lon="-4.575224">
        <ele>971.238363</ele>
        <time>2026-05-22T14:03:48.000Z</time>
      </trkpt>
      <trkpt lat="36.973435" lon="-4.575219">
        <ele>971.217055</ele>
        <time>2026-05-22T14:03:49.000Z</time>
      </trkpt>
      <trkpt lat="36.973463" lon="-4.575210">
        <ele>971.120804</ele>
        <time>2026-05-22T14:03:53.000Z</time>
      </trkpt>
      <trkpt lat="36.973498" lon="-4.575177">
        <ele>970.974911</ele>
        <time>2026-05-22T14:03:59.000Z</time>
      </trkpt>
      <trkpt lat="36.973527" lon="-4.575150">
        <ele>970.854574</ele>
        <time>2026-05-22T14:04:02.000Z</time>
      </trkpt>
      <trkpt lat="36.973560" lon="-4.575104">
        <ele>970.690123</ele>
        <time>2026-05-22T14:04:08.000Z</time>
      </trkpt>
      <trkpt lat="36.973568" lon="-4.575098">
        <ele>970.659072</ele>
        <time>2026-05-22T14:04:10.000Z</time>
      </trkpt>
      <trkpt lat="36.973581" lon="-4.575091">
        <ele>970.611953</ele>
        <time>2026-05-22T14:04:12.000Z</time>
      </trkpt>
      <trkpt lat="36.973586" lon="-4.575089">
        <ele>970.594476</ele>
        <time>2026-05-22T14:04:13.000Z</time>
      </trkpt>
      <trkpt lat="36.973621" lon="-4.575061">
        <ele>970.456176</ele>
        <time>2026-05-22T14:04:19.000Z</time>
      </trkpt>
      <trkpt lat="36.973640" lon="-4.575049">
        <ele>970.385319</ele>
        <time>2026-05-22T14:04:21.000Z</time>
      </trkpt>
      <trkpt lat="36.973666" lon="-4.575030">
        <ele>970.285079</ele>
        <time>2026-05-22T14:04:25.000Z</time>
      </trkpt>
      <trkpt lat="36.973668" lon="-4.575010">
        <ele>970.231464</ele>
        <time>2026-05-22T14:04:28.000Z</time>
      </trkpt>
      <trkpt lat="36.973668" lon="-4.575004">
        <ele>970.215504</ele>
        <time>2026-05-22T14:04:30.000Z</time>
      </trkpt>
      <trkpt lat="36.973695" lon="-4.574989">
        <ele>970.117151</ele>
        <time>2026-05-22T14:04:34.000Z</time>
      </trkpt>
      <trkpt lat="36.973719" lon="-4.574979">
        <ele>970.032932</ele>
        <time>2026-05-22T14:04:37.000Z</time>
      </trkpt>
      <trkpt lat="36.973775" lon="-4.574946">
        <ele>969.787164</ele>
        <time>2026-05-22T14:04:43.000Z</time>
      </trkpt>
      <trkpt lat="36.973792" lon="-4.574934">
        <ele>969.511312</ele>
        <time>2026-05-22T14:04:45.000Z</time>
      </trkpt>
      <trkpt lat="36.973820" lon="-4.574899">
        <ele>968.952015</ele>
        <time>2026-05-22T14:04:49.000Z</time>
      </trkpt>
      <trkpt lat="36.973817" lon="-4.574900">
        <ele>968.908135</ele>
        <time>2026-05-22T14:04:50.000Z</time>
      </trkpt>
      <trkpt lat="36.973828" lon="-4.574901">
        <ele>968.752251</ele>
        <time>2026-05-22T14:04:57.000Z</time>
      </trkpt>
      <trkpt lat="36.973878" lon="-4.574903">
        <ele>968.045191</ele>
        <time>2026-05-22T14:05:05.000Z</time>
      </trkpt>
      <trkpt lat="36.973929" lon="-4.574892">
        <ele>967.313733</ele>
        <time>2026-05-22T14:05:10.000Z</time>
      </trkpt>
      <trkpt lat="36.973982" lon="-4.574854">
        <ele>966.450443</ele>
        <time>2026-05-22T14:05:16.000Z</time>
      </trkpt>
      <trkpt lat="36.973985" lon="-4.574852">
        <ele>966.402402</ele>
        <time>2026-05-22T14:05:18.000Z</time>
      </trkpt>
      <trkpt lat="36.974004" lon="-4.574838">
        <ele>966.090780</ele>
        <time>2026-05-22T14:05:25.000Z</time>
      </trkpt>
      <trkpt lat="36.973999" lon="-4.574836">
        <ele>966.016590</ele>
        <time>2026-05-22T14:05:26.000Z</time>
      </trkpt>
      <trkpt lat="36.973998" lon="-4.574836">
        <ele>966.002456</ele>
        <time>2026-05-22T14:05:28.000Z</time>
      </trkpt>
      <trkpt lat="36.974003" lon="-4.574835">
        <ele>965.930889</ele>
        <time>2026-05-22T14:05:35.000Z</time>
      </trkpt>
      <trkpt lat="36.974021" lon="-4.574831">
        <ele>965.672499</ele>
        <time>2026-05-22T14:05:37.000Z</time>
      </trkpt>
      <trkpt lat="36.974036" lon="-4.574838">
        <ele>965.446234</ele>
        <time>2026-05-22T14:05:44.000Z</time>
      </trkpt>
      <trkpt lat="36.974034" lon="-4.574845">
        <ele>965.362288</ele>
        <time>2026-05-22T14:05:47.000Z</time>
      </trkpt>
      <trkpt lat="36.974038" lon="-4.574844">
        <ele>965.304636</ele>
        <time>2026-05-22T14:05:48.000Z</time>
      </trkpt>
      <trkpt lat="36.974071" lon="-4.574825">
        <ele>964.791237</ele>
        <time>2026-05-22T14:05:52.000Z</time>
      </trkpt>
      <trkpt lat="36.974089" lon="-4.574813">
        <ele>964.502990</ele>
        <time>2026-05-22T14:05:54.000Z</time>
      </trkpt>
      <trkpt lat="36.974106" lon="-4.574799">
        <ele>964.215372</ele>
        <time>2026-05-22T14:05:56.000Z</time>
      </trkpt>
      <trkpt lat="36.974154" lon="-4.574767">
        <ele>963.446715</ele>
        <time>2026-05-22T14:06:00.000Z</time>
      </trkpt>
      <trkpt lat="36.974192" lon="-4.574764">
        <ele>962.908555</ele>
        <time>2026-05-22T14:06:06.000Z</time>
      </trkpt>
      <trkpt lat="36.974200" lon="-4.574767">
        <ele>962.790518</ele>
        <time>2026-05-22T14:06:08.000Z</time>
      </trkpt>
      <trkpt lat="36.974234" lon="-4.574776">
        <ele>962.299334</ele>
        <time>2026-05-22T14:06:13.000Z</time>
      </trkpt>
      <trkpt lat="36.974248" lon="-4.574782">
        <ele>962.090181</ele>
        <time>2026-05-22T14:06:15.000Z</time>
      </trkpt>
      <trkpt lat="36.974273" lon="-4.574782">
        <ele>961.736830</ele>
        <time>2026-05-22T14:06:20.000Z</time>
      </trkpt>
      <trkpt lat="36.974325" lon="-4.574768">
        <ele>960.985053</ele>
        <time>2026-05-22T14:06:27.000Z</time>
      </trkpt>
      <trkpt lat="36.974349" lon="-4.574766">
        <ele>960.645086</ele>
        <time>2026-05-22T14:06:29.000Z</time>
      </trkpt>
      <trkpt lat="36.974379" lon="-4.574740">
        <ele>960.129349</ele>
        <time>2026-05-22T14:06:35.000Z</time>
      </trkpt>
      <trkpt lat="36.974387" lon="-4.574737">
        <ele>960.011312</ele>
        <time>2026-05-22T14:06:36.000Z</time>
      </trkpt>
      <trkpt lat="36.974416" lon="-4.574724">
        <ele>959.575933</ele>
        <time>2026-05-22T14:06:40.000Z</time>
      </trkpt>
      <trkpt lat="36.974448" lon="-4.574711">
        <ele>959.100420</ele>
        <time>2026-05-22T14:06:45.000Z</time>
      </trkpt>
      <trkpt lat="36.974458" lon="-4.574707">
        <ele>958.952039</ele>
        <time>2026-05-22T14:06:46.000Z</time>
      </trkpt>
      <trkpt lat="36.974489" lon="-4.574693">
        <ele>958.486239</ele>
        <time>2026-05-22T14:06:49.000Z</time>
      </trkpt>
      <trkpt lat="36.974497" lon="-4.574690">
        <ele>958.368201</ele>
        <time>2026-05-22T14:06:50.000Z</time>
      </trkpt>
      <trkpt lat="36.974506" lon="-4.574689">
        <ele>958.240495</ele>
        <time>2026-05-22T14:06:51.000Z</time>
      </trkpt>
      <trkpt lat="36.974515" lon="-4.574686">
        <ele>958.108856</ele>
        <time>2026-05-22T14:06:55.000Z</time>
      </trkpt>
      <trkpt lat="36.974523" lon="-4.574684">
        <ele>957.993551</ele>
        <time>2026-05-22T14:06:56.000Z</time>
      </trkpt>
      <trkpt lat="36.974588" lon="-4.574658">
        <ele>957.029072</ele>
        <time>2026-05-22T14:07:04.000Z</time>
      </trkpt>
      <trkpt lat="36.974597" lon="-4.574656">
        <ele>956.899876</ele>
        <time>2026-05-22T14:07:05.000Z</time>
      </trkpt>
      <trkpt lat="36.974618" lon="-4.574657">
        <ele>956.602848</ele>
        <time>2026-05-22T14:07:08.000Z</time>
      </trkpt>
      <trkpt lat="36.974619" lon="-4.574651">
        <ele>956.533639</ele>
        <time>2026-05-22T14:07:12.000Z</time>
      </trkpt>
      <trkpt lat="36.974622" lon="-4.574652">
        <ele>956.489759</ele>
        <time>2026-05-22T14:07:13.000Z</time>
      </trkpt>
      <trkpt lat="36.974661" lon="-4.574652">
        <ele>955.938533</ele>
        <time>2026-05-22T14:07:18.000Z</time>
      </trkpt>
      <trkpt lat="36.974670" lon="-4.574646">
        <ele>955.794410</ele>
        <time>2026-05-22T14:07:19.000Z</time>
      </trkpt>
      <trkpt lat="36.974684" lon="-4.574636">
        <ele>955.566583</ele>
        <time>2026-05-22T14:07:23.000Z</time>
      </trkpt>
      <trkpt lat="36.974693" lon="-4.574632">
        <ele>955.431596</ele>
        <time>2026-05-22T14:07:27.000Z</time>
      </trkpt>
      <trkpt lat="36.974699" lon="-4.574642">
        <ele>955.290381</ele>
        <time>2026-05-22T14:07:30.000Z</time>
      </trkpt>
      <trkpt lat="36.974727" lon="-4.574634">
        <ele>954.884450</ele>
        <time>2026-05-22T14:07:33.000Z</time>
      </trkpt>
      <trkpt lat="36.974735" lon="-4.574622">
        <ele>954.707969</ele>
        <time>2026-05-22T14:07:41.000Z</time>
      </trkpt>
      <trkpt lat="36.974768" lon="-4.574622">
        <ele>954.241547</ele>
        <time>2026-05-22T14:07:46.000Z</time>
      </trkpt>
      <trkpt lat="36.974792" lon="-4.574617">
        <ele>953.897664</ele>
        <time>2026-05-22T14:07:49.000Z</time>
      </trkpt>
      <trkpt lat="36.974801" lon="-4.574616">
        <ele>953.769958</ele>
        <time>2026-05-22T14:07:50.000Z</time>
      </trkpt>
      <trkpt lat="36.974825" lon="-4.574626">
        <ele>953.412442</ele>
        <time>2026-05-22T14:07:54.000Z</time>
      </trkpt>
      <trkpt lat="36.974854" lon="-4.574641">
        <ele>952.968940</ele>
        <time>2026-05-22T14:07:59.000Z</time>
      </trkpt>
      <trkpt lat="36.974855" lon="-4.574649">
        <ele>952.877507</ele>
        <time>2026-05-22T14:08:01.000Z</time>
      </trkpt>
      <trkpt lat="36.974883" lon="-4.574647">
        <ele>952.481111</ele>
        <time>2026-05-22T14:08:04.000Z</time>
      </trkpt>
      <trkpt lat="36.974905" lon="-4.574654">
        <ele>952.160275</ele>
        <time>2026-05-22T14:08:08.000Z</time>
      </trkpt>
      <trkpt lat="36.974913" lon="-4.574656">
        <ele>952.044969</ele>
        <time>2026-05-22T14:08:09.000Z</time>
      </trkpt>
      <trkpt lat="36.974950" lon="-4.574640">
        <ele>951.491683</ele>
        <time>2026-05-22T14:08:17.000Z</time>
      </trkpt>
      <trkpt lat="36.974950" lon="-4.574639">
        <ele>951.480392</ele>
        <time>2026-05-22T14:08:18.000Z</time>
      </trkpt>
      <trkpt lat="36.974951" lon="-4.574640">
        <ele>951.462301</ele>
        <time>2026-05-22T14:08:20.000Z</time>
      </trkpt>
      <trkpt lat="36.974969" lon="-4.574643">
        <ele>951.205644</ele>
        <time>2026-05-22T14:08:22.000Z</time>
      </trkpt>
      <trkpt lat="36.974965" lon="-4.574641">
        <ele>951.144764</ele>
        <time>2026-05-22T14:08:24.000Z</time>
      </trkpt>
      <trkpt lat="36.974947" lon="-4.574638">
        <ele>950.888107</ele>
        <time>2026-05-22T14:08:35.000Z</time>
      </trkpt>
      <trkpt lat="36.974947" lon="-4.574637">
        <ele>950.876815</ele>
        <time>2026-05-22T14:08:36.000Z</time>
      </trkpt>
      <trkpt lat="36.974954" lon="-4.574634">
        <ele>950.772239</ele>
        <time>2026-05-22T14:08:47.000Z</time>
      </trkpt>
      <trkpt lat="36.974961" lon="-4.574636">
        <ele>950.670756</ele>
        <time>2026-05-22T14:08:58.000Z</time>
      </trkpt>
      <trkpt lat="36.974959" lon="-4.574628">
        <ele>950.576103</ele>
        <time>2026-05-22T14:09:01.000Z</time>
      </trkpt>
      <trkpt lat="36.974977" lon="-4.574646">
        <ele>950.250472</ele>
        <time>2026-05-22T14:09:11.000Z</time>
      </trkpt>
      <trkpt lat="36.975006" lon="-4.574644">
        <ele>949.839964</ele>
        <time>2026-05-22T14:09:20.000Z</time>
      </trkpt>
      <trkpt lat="36.975035" lon="-4.574640">
        <ele>949.427597</ele>
        <time>2026-05-22T14:09:23.000Z</time>
      </trkpt>
      <trkpt lat="36.975055" lon="-4.574633">
        <ele>949.134074</ele>
        <time>2026-05-22T14:09:26.000Z</time>
      </trkpt>
      <trkpt lat="36.975089" lon="-4.574626">
        <ele>948.647061</ele>
        <time>2026-05-22T14:09:29.000Z</time>
      </trkpt>
      <trkpt lat="36.975099" lon="-4.574625">
        <ele>948.505271</ele>
        <time>2026-05-22T14:09:30.000Z</time>
      </trkpt>
      <trkpt lat="36.975157" lon="-4.574609">
        <ele>947.665827</ele>
        <time>2026-05-22T14:09:37.000Z</time>
      </trkpt>
      <trkpt lat="36.975149" lon="-4.574608">
        <ele>947.552192</ele>
        <time>2026-05-22T14:09:42.000Z</time>
      </trkpt>
      <trkpt lat="36.975153" lon="-4.574608">
        <ele>947.495656</ele>
        <time>2026-05-22T14:09:44.000Z</time>
      </trkpt>
      <trkpt lat="36.975152" lon="-4.574603">
        <ele>947.437456</ele>
        <time>2026-05-22T14:09:46.000Z</time>
      </trkpt>
      <trkpt lat="36.975141" lon="-4.574590">
        <ele>947.223634</ele>
        <time>2026-05-22T14:09:50.000Z</time>
      </trkpt>
      <trkpt lat="36.975141" lon="-4.574588">
        <ele>947.201051</ele>
        <time>2026-05-22T14:09:51.000Z</time>
      </trkpt>
      <trkpt lat="36.975130" lon="-4.574586">
        <ele>947.043945</ele>
        <time>2026-05-22T14:09:55.000Z</time>
      </trkpt>
      <trkpt lat="36.975126" lon="-4.574580">
        <ele>946.955705</ele>
        <time>2026-05-22T14:09:57.000Z</time>
      </trkpt>
      <trkpt lat="36.975139" lon="-4.574580">
        <ele>946.771963</ele>
        <time>2026-05-22T14:09:59.000Z</time>
      </trkpt>
      <trkpt lat="36.975154" lon="-4.574580">
        <ele>946.559953</ele>
        <time>2026-05-22T14:10:01.000Z</time>
      </trkpt>
      <trkpt lat="36.975194" lon="-4.574570">
        <ele>945.983427</ele>
        <time>2026-05-22T14:10:05.000Z</time>
      </trkpt>
      <trkpt lat="36.975200" lon="-4.574569">
        <ele>945.897875</ele>
        <time>2026-05-22T14:10:06.000Z</time>
      </trkpt>
      <trkpt lat="36.975223" lon="-4.574559">
        <ele>945.553740</ele>
        <time>2026-05-22T14:10:11.000Z</time>
      </trkpt>
      <trkpt lat="36.975244" lon="-4.574551">
        <ele>945.243485</ele>
        <time>2026-05-22T14:10:15.000Z</time>
      </trkpt>
      <trkpt lat="36.975281" lon="-4.574533">
        <ele>944.682419</ele>
        <time>2026-05-22T14:10:22.000Z</time>
      </trkpt>
      <trkpt lat="36.975281" lon="-4.574534">
        <ele>944.671127</ele>
        <time>2026-05-22T14:10:23.000Z</time>
      </trkpt>
      <trkpt lat="36.975277" lon="-4.574537">
        <ele>944.605219</ele>
        <time>2026-05-22T14:10:28.000Z</time>
      </trkpt>
      <trkpt lat="36.975274" lon="-4.574539">
        <ele>944.557178</ele>
        <time>2026-05-22T14:10:31.000Z</time>
      </trkpt>
      <trkpt lat="36.975322" lon="-4.574512">
        <ele>943.590068</ele>
        <time>2026-05-22T14:10:37.000Z</time>
      </trkpt>
      <trkpt lat="36.975371" lon="-4.574491">
        <ele>942.587217</ele>
        <time>2026-05-22T14:10:43.000Z</time>
      </trkpt>
      <trkpt lat="36.975389" lon="-4.574482">
        <ele>942.211908</ele>
        <time>2026-05-22T14:10:45.000Z</time>
      </trkpt>
      <trkpt lat="36.975418" lon="-4.574499">
        <ele>941.591857</ele>
        <time>2026-05-22T14:10:50.000Z</time>
      </trkpt>
      <trkpt lat="36.975419" lon="-4.574513">
        <ele>941.374429</ele>
        <time>2026-05-22T14:10:53.000Z</time>
      </trkpt>
      <trkpt lat="36.975418" lon="-4.574514">
        <ele>941.349646</ele>
        <time>2026-05-22T14:10:54.000Z</time>
      </trkpt>
      <trkpt lat="36.975421" lon="-4.574491">
        <ele>940.989150</ele>
        <time>2026-05-22T14:11:02.000Z</time>
      </trkpt>
      <trkpt lat="36.975457" lon="-4.574485">
        <ele>940.285935</ele>
        <time>2026-05-22T14:11:10.000Z</time>
      </trkpt>
      <trkpt lat="36.975458" lon="-4.574484">
        <ele>940.261151</ele>
        <time>2026-05-22T14:11:11.000Z</time>
      </trkpt>
      <trkpt lat="36.975468" lon="-4.574480">
        <ele>940.057876</ele>
        <time>2026-05-22T14:11:14.000Z</time>
      </trkpt>
      <trkpt lat="36.975474" lon="-4.574472">
        <ele>939.888137</ele>
        <time>2026-05-22T14:11:16.000Z</time>
      </trkpt>
      <trkpt lat="36.975479" lon="-4.574464">
        <ele>939.731015</ele>
        <time>2026-05-22T14:11:18.000Z</time>
      </trkpt>
      <trkpt lat="36.975483" lon="-4.574453">
        <ele>939.544059</ele>
        <time>2026-05-22T14:11:20.000Z</time>
      </trkpt>
      <trkpt lat="36.975486" lon="-4.574449">
        <ele>939.459190</ele>
        <time>2026-05-22T14:11:21.000Z</time>
      </trkpt>
      <trkpt lat="36.975500" lon="-4.574442">
        <ele>939.167283</ele>
        <time>2026-05-22T14:11:23.000Z</time>
      </trkpt>
      <trkpt lat="36.975546" lon="-4.574411">
        <ele>938.155706</ele>
        <time>2026-05-22T14:11:30.000Z</time>
      </trkpt>
      <trkpt lat="36.975556" lon="-4.574408">
        <ele>937.956594</ele>
        <time>2026-05-22T14:11:35.000Z</time>
      </trkpt>
      <trkpt lat="36.975556" lon="-4.574413">
        <ele>937.879250</ele>
        <time>2026-05-22T14:11:38.000Z</time>
      </trkpt>
      <trkpt lat="36.975575" lon="-4.574404">
        <ele>937.485894</ele>
        <time>2026-05-22T14:11:42.000Z</time>
      </trkpt>
      <trkpt lat="36.975604" lon="-4.574379">
        <ele>936.804086</ele>
        <time>2026-05-22T14:11:47.000Z</time>
      </trkpt>
      <trkpt lat="36.975596" lon="-4.574374">
        <ele>936.630947</ele>
        <time>2026-05-22T14:11:51.000Z</time>
      </trkpt>
      <trkpt lat="36.975604" lon="-4.574371">
        <ele>936.469242</ele>
        <time>2026-05-22T14:11:54.000Z</time>
      </trkpt>
      <trkpt lat="36.975635" lon="-4.574353">
        <ele>935.807556</ele>
        <time>2026-05-22T14:12:03.000Z</time>
      </trkpt>
      <trkpt lat="36.975638" lon="-4.574339">
        <ele>935.583337</ele>
        <time>2026-05-22T14:12:05.000Z</time>
      </trkpt>
      <trkpt lat="36.975643" lon="-4.574330">
        <ele>935.413764</ele>
        <time>2026-05-22T14:12:06.000Z</time>
      </trkpt>
      <trkpt lat="36.975648" lon="-4.574316">
        <ele>935.176545</ele>
        <time>2026-05-22T14:12:09.000Z</time>
      </trkpt>
      <trkpt lat="36.975650" lon="-4.574312">
        <ele>935.103550</ele>
        <time>2026-05-22T14:12:12.000Z</time>
      </trkpt>
      <trkpt lat="36.975665" lon="-4.574293">
        <ele>934.690344</ele>
        <time>2026-05-22T14:12:20.000Z</time>
      </trkpt>
      <trkpt lat="36.975680" lon="-4.574279">
        <ele>934.328049</ele>
        <time>2026-05-22T14:12:24.000Z</time>
      </trkpt>
      <trkpt lat="36.975694" lon="-4.574289">
        <ele>934.015939</ele>
        <time>2026-05-22T14:12:28.000Z</time>
      </trkpt>
      <trkpt lat="36.975723" lon="-4.574276">
        <ele>933.419493</ele>
        <time>2026-05-22T14:12:32.000Z</time>
      </trkpt>
      <trkpt lat="36.975739" lon="-4.574259">
        <ele>933.013127</ele>
        <time>2026-05-22T14:12:35.000Z</time>
      </trkpt>
      <trkpt lat="36.975769" lon="-4.574218">
        <ele>932.153088</ele>
        <time>2026-05-22T14:12:43.000Z</time>
      </trkpt>
      <trkpt lat="36.975787" lon="-4.574214">
        <ele>931.799107</ele>
        <time>2026-05-22T14:12:51.000Z</time>
      </trkpt>
      <trkpt lat="36.975788" lon="-4.574213">
        <ele>931.774323</ele>
        <time>2026-05-22T14:12:52.000Z</time>
      </trkpt>
      <trkpt lat="36.975804" lon="-4.574203">
        <ele>931.428046</ele>
        <time>2026-05-22T14:12:56.000Z</time>
      </trkpt>
      <trkpt lat="36.975811" lon="-4.574197">
        <ele>931.263773</ele>
        <time>2026-05-22T14:12:57.000Z</time>
      </trkpt>
      <trkpt lat="36.975823" lon="-4.574182">
        <ele>930.935402</ele>
        <time>2026-05-22T14:13:00.000Z</time>
      </trkpt>
      <trkpt lat="36.975823" lon="-4.574182">
        <ele>930.935402</ele>
        <time>2026-05-22T14:13:01.000Z</time>
      </trkpt>
      <trkpt lat="36.975825" lon="-4.574176">
        <ele>930.834834</ele>
        <time>2026-05-22T14:13:05.000Z</time>
      </trkpt>
      <trkpt lat="36.975825" lon="-4.574173">
        <ele>930.788428</ele>
        <time>2026-05-22T14:13:06.000Z</time>
      </trkpt>
      <trkpt lat="36.975834" lon="-4.574166">
        <ele>930.583261</ele>
        <time>2026-05-22T14:13:09.000Z</time>
      </trkpt>
      <trkpt lat="36.975867" lon="-4.574133">
        <ele>929.765417</ele>
        <time>2026-05-22T14:13:15.000Z</time>
      </trkpt>
      <trkpt lat="36.975884" lon="-4.574117">
        <ele>929.353581</ele>
        <time>2026-05-22T14:13:19.000Z</time>
      </trkpt>
      <trkpt lat="36.975885" lon="-4.574127">
        <ele>929.197685</ele>
        <time>2026-05-22T14:13:21.000Z</time>
      </trkpt>
      <trkpt lat="36.975885" lon="-4.574138">
        <ele>929.027529</ele>
        <time>2026-05-22T14:13:24.000Z</time>
      </trkpt>
      <trkpt lat="36.975901" lon="-4.574131">
        <ele>928.699345</ele>
        <time>2026-05-22T14:13:29.000Z</time>
      </trkpt>
      <trkpt lat="36.975904" lon="-4.574124">
        <ele>928.576466</ele>
        <time>2026-05-22T14:13:32.000Z</time>
      </trkpt>
      <trkpt lat="36.975919" lon="-4.574111">
        <ele>928.223201</ele>
        <time>2026-05-22T14:13:35.000Z</time>
      </trkpt>
      <trkpt lat="36.975943" lon="-4.574096">
        <ele>927.703784</ele>
        <time>2026-05-22T14:13:41.000Z</time>
      </trkpt>
      <trkpt lat="36.975949" lon="-4.574104">
        <ele>927.534046</ele>
        <time>2026-05-22T14:13:52.000Z</time>
      </trkpt>
      <trkpt lat="36.975950" lon="-4.574096">
        <ele>927.408790</ele>
        <time>2026-05-22T14:13:58.000Z</time>
      </trkpt>
      <trkpt lat="36.975949" lon="-4.574089">
        <ele>927.298791</ele>
        <time>2026-05-22T14:14:01.000Z</time>
      </trkpt>
      <trkpt lat="36.975952" lon="-4.574084">
        <ele>927.202062</ele>
        <time>2026-05-22T14:14:04.000Z</time>
      </trkpt>
      <trkpt lat="36.975959" lon="-4.574084">
        <ele>927.066522</ele>
        <time>2026-05-22T14:14:09.000Z</time>
      </trkpt>
      <trkpt lat="36.975967" lon="-4.574080">
        <ele>926.899718</ele>
        <time>2026-05-22T14:14:13.000Z</time>
      </trkpt>
      <trkpt lat="36.975969" lon="-4.574079">
        <ele>926.858017</ele>
        <time>2026-05-22T14:14:14.000Z</time>
      </trkpt>
      <trkpt lat="36.975960" lon="-4.574076">
        <ele>926.677678</ele>
        <time>2026-05-22T14:14:21.000Z</time>
      </trkpt>
      <trkpt lat="36.975980" lon="-4.574073">
        <ele>926.287650</ele>
        <time>2026-05-22T14:14:24.000Z</time>
      </trkpt>
      <trkpt lat="36.976020" lon="-4.574049">
        <ele>925.428755</ele>
        <time>2026-05-22T14:14:30.000Z</time>
      </trkpt>
      <trkpt lat="36.976058" lon="-4.574015">
        <ele>924.524323</ele>
        <time>2026-05-22T14:14:38.000Z</time>
      </trkpt>
      <trkpt lat="36.976081" lon="-4.574000">
        <ele>924.022155</ele>
        <time>2026-05-22T14:14:41.000Z</time>
      </trkpt>
      <trkpt lat="36.976096" lon="-4.573993">
        <ele>923.712184</ele>
        <time>2026-05-22T14:14:46.000Z</time>
      </trkpt>
      <trkpt lat="36.976145" lon="-4.573953">
        <ele>922.579472</ele>
        <time>2026-05-22T14:14:53.000Z</time>
      </trkpt>
      <trkpt lat="36.976161" lon="-4.573957">
        <ele>922.263547</ele>
        <time>2026-05-22T14:15:01.000Z</time>
      </trkpt>
      <trkpt lat="36.976202" lon="-4.573940">
        <ele>921.427249</ele>
        <time>2026-05-22T14:15:09.000Z</time>
      </trkpt>
      <trkpt lat="36.976242" lon="-4.573879">
        <ele>920.206495</ele>
        <time>2026-05-22T14:15:17.000Z</time>
      </trkpt>
      <trkpt lat="36.976248" lon="-4.573870">
        <ele>920.025169</ele>
        <time>2026-05-22T14:15:18.000Z</time>
      </trkpt>
      <trkpt lat="36.976291" lon="-4.573846">
        <ele>919.113546</ele>
        <time>2026-05-22T14:15:24.000Z</time>
      </trkpt>
      <trkpt lat="36.976300" lon="-4.573848">
        <ele>918.936556</ele>
        <time>2026-05-22T14:15:26.000Z</time>
      </trkpt>
      <trkpt lat="36.976312" lon="-4.573853">
        <ele>918.691666</ele>
        <time>2026-05-22T14:15:28.000Z</time>
      </trkpt>
      <trkpt lat="36.976342" lon="-4.573847">
        <ele>918.103412</ele>
        <time>2026-05-22T14:15:36.000Z</time>
      </trkpt>
      <trkpt lat="36.976367" lon="-4.573843">
        <ele>917.615401</ele>
        <time>2026-05-22T14:15:45.000Z</time>
      </trkpt>
      <trkpt lat="36.976385" lon="-4.573843">
        <ele>917.266869</ele>
        <time>2026-05-22T14:15:52.000Z</time>
      </trkpt>
      <trkpt lat="36.976379" lon="-4.573838">
        <ele>917.127302</ele>
        <time>2026-05-22T14:15:57.000Z</time>
      </trkpt>
      <trkpt lat="36.976370" lon="-4.573846">
        <ele>916.913567</ele>
        <time>2026-05-22T14:16:02.000Z</time>
      </trkpt>
      <trkpt lat="36.976365" lon="-4.573868">
        <ele>916.559752</ele>
        <time>2026-05-22T14:16:07.000Z</time>
      </trkpt>
      <trkpt lat="36.976364" lon="-4.573873">
        <ele>916.480022</ele>
        <time>2026-05-22T14:16:10.000Z</time>
      </trkpt>
      <trkpt lat="36.976353" lon="-4.573881">
        <ele>916.233690</ele>
        <time>2026-05-22T14:16:14.000Z</time>
      </trkpt>
      <trkpt lat="36.976312" lon="-4.573927">
        <ele>915.167594</ele>
        <time>2026-05-22T14:16:23.000Z</time>
      </trkpt>
      <trkpt lat="36.976288" lon="-4.573953">
        <ele>914.553014</ele>
        <time>2026-05-22T14:16:28.000Z</time>
      </trkpt>
      <trkpt lat="36.976271" lon="-4.573961">
        <ele>914.201351</ele>
        <time>2026-05-22T14:16:32.000Z</time>
      </trkpt>
      <trkpt lat="36.976272" lon="-4.573962">
        <ele>914.176568</ele>
        <time>2026-05-22T14:16:33.000Z</time>
      </trkpt>
      <trkpt lat="36.976245" lon="-4.574015">
        <ele>913.204221</ele>
        <time>2026-05-22T14:16:39.000Z</time>
      </trkpt>
      <trkpt lat="36.976179" lon="-4.574139">
        <ele>910.899368</ele>
        <time>2026-05-22T14:16:50.000Z</time>
      </trkpt>
      <trkpt lat="36.976171" lon="-4.574152">
        <ele>910.645530</ele>
        <time>2026-05-22T14:16:51.000Z</time>
      </trkpt>
      <trkpt lat="36.976157" lon="-4.574170">
        <ele>910.256928</ele>
        <time>2026-05-22T14:16:53.000Z</time>
      </trkpt>
      <trkpt lat="36.976156" lon="-4.574173">
        <ele>910.206644</ele>
        <time>2026-05-22T14:16:56.000Z</time>
      </trkpt>
      <trkpt lat="36.976157" lon="-4.574164">
        <ele>910.066085</ele>
        <time>2026-05-22T14:16:58.000Z</time>
      </trkpt>
      <trkpt lat="36.976150" lon="-4.574169">
        <ele>909.910030</ele>
        <time>2026-05-22T14:17:02.000Z</time>
      </trkpt>
      <trkpt lat="36.976149" lon="-4.574198">
        <ele>909.499189</ele>
        <time>2026-05-22T14:17:06.000Z</time>
      </trkpt>
      <trkpt lat="36.976162" lon="-4.574188">
        <ele>909.291088</ele>
        <time>2026-05-22T14:17:11.000Z</time>
      </trkpt>
      <trkpt lat="36.976161" lon="-4.574188">
        <ele>909.277450</ele>
        <time>2026-05-22T14:17:14.000Z</time>
      </trkpt>
      <trkpt lat="36.976150" lon="-4.574197">
        <ele>909.098223</ele>
        <time>2026-05-22T14:17:15.000Z</time>
      </trkpt>
      <trkpt lat="36.976135" lon="-4.574219">
        <ele>908.783092</ele>
        <time>2026-05-22T14:17:18.000Z</time>
      </trkpt>
      <trkpt lat="36.976120" lon="-4.574246">
        <ele>908.424774</ele>
        <time>2026-05-22T14:17:21.000Z</time>
      </trkpt>
      <trkpt lat="36.976115" lon="-4.574252">
        <ele>908.330308</ele>
        <time>2026-05-22T14:17:22.000Z</time>
      </trkpt>
      <trkpt lat="36.976090" lon="-4.574304">
        <ele>907.669060</ele>
        <time>2026-05-22T14:17:28.000Z</time>
      </trkpt>
      <trkpt lat="36.976083" lon="-4.574320">
        <ele>907.470303</ele>
        <time>2026-05-22T14:17:29.000Z</time>
      </trkpt>
      <trkpt lat="36.976075" lon="-4.574346">
        <ele>907.166735</ele>
        <time>2026-05-22T14:17:34.000Z</time>
      </trkpt>
      <trkpt lat="36.976069" lon="-4.574365">
        <ele>906.944134</ele>
        <time>2026-05-22T14:17:36.000Z</time>
      </trkpt>
      <trkpt lat="36.976067" lon="-4.574371">
        <ele>906.873299</ele>
        <time>2026-05-22T14:17:38.000Z</time>
      </trkpt>
      <trkpt lat="36.976067" lon="-4.574375">
        <ele>906.829717</ele>
        <time>2026-05-22T14:17:41.000Z</time>
      </trkpt>
      <trkpt lat="36.976067" lon="-4.574377">
        <ele>906.807926</ele>
        <time>2026-05-22T14:17:42.000Z</time>
      </trkpt>
      <trkpt lat="36.976075" lon="-4.574370">
        <ele>906.674805</ele>
        <time>2026-05-22T14:17:50.000Z</time>
      </trkpt>
      <trkpt lat="36.976078" lon="-4.574386">
        <ele>906.495740</ele>
        <time>2026-05-22T14:17:53.000Z</time>
      </trkpt>
      <trkpt lat="36.976059" lon="-4.574447">
        <ele>905.782385</ele>
        <time>2026-05-22T14:17:59.000Z</time>
      </trkpt>
      <trkpt lat="36.976047" lon="-4.574476">
        <ele>905.426546</ele>
        <time>2026-05-22T14:18:01.000Z</time>
      </trkpt>
      <trkpt lat="36.976028" lon="-4.574512">
        <ele>904.956441</ele>
        <time>2026-05-22T14:18:07.000Z</time>
      </trkpt>
      <trkpt lat="36.976025" lon="-4.574519">
        <ele>904.869891</ele>
        <time>2026-05-22T14:18:08.000Z</time>
      </trkpt>
      <trkpt lat="36.976017" lon="-4.574540">
        <ele>904.616403</ele>
        <time>2026-05-22T14:18:11.000Z</time>
      </trkpt>
      <trkpt lat="36.976012" lon="-4.574549">
        <ele>904.496964</ele>
        <time>2026-05-22T14:18:12.000Z</time>
      </trkpt>
      <trkpt lat="36.976004" lon="-4.574568">
        <ele>904.262956</ele>
        <time>2026-05-22T14:18:15.000Z</time>
      </trkpt>
      <trkpt lat="36.975994" lon="-4.574581">
        <ele>904.066328</ele>
        <time>2026-05-22T14:18:19.000Z</time>
      </trkpt>
      <trkpt lat="36.975981" lon="-4.574591">
        <ele>903.858227</ele>
        <time>2026-05-22T14:18:23.000Z</time>
      </trkpt>
      <trkpt lat="36.975979" lon="-4.574592">
        <ele>903.828855</ele>
        <time>2026-05-22T14:18:24.000Z</time>
      </trkpt>
      <trkpt lat="36.975982" lon="-4.574599">
        <ele>903.742304</ele>
        <time>2026-05-22T14:18:28.000Z</time>
      </trkpt>
      <trkpt lat="36.975981" lon="-4.574603">
        <ele>903.696638</ele>
        <time>2026-05-22T14:18:33.000Z</time>
      </trkpt>
      <trkpt lat="36.975983" lon="-4.574603">
        <ele>903.669362</ele>
        <time>2026-05-22T14:18:35.000Z</time>
      </trkpt>
      <trkpt lat="36.975983" lon="-4.574602">
        <ele>903.658466</ele>
        <time>2026-05-22T14:18:36.000Z</time>
      </trkpt>
      <trkpt lat="36.975981" lon="-4.574602">
        <ele>903.631189</ele>
        <time>2026-05-22T14:18:37.000Z</time>
      </trkpt>
      <trkpt lat="36.975980" lon="-4.574602">
        <ele>903.617551</ele>
        <time>2026-05-22T14:18:40.000Z</time>
      </trkpt>
      <trkpt lat="36.975980" lon="-4.574606">
        <ele>903.573969</ele>
        <time>2026-05-22T14:18:43.000Z</time>
      </trkpt>
      <trkpt lat="36.975961" lon="-4.574650">
        <ele>903.029015</ele>
        <time>2026-05-22T14:18:48.000Z</time>
      </trkpt>
      <trkpt lat="36.975947" lon="-4.574669">
        <ele>902.747391</ele>
        <time>2026-05-22T14:18:50.000Z</time>
      </trkpt>
      <trkpt lat="36.975950" lon="-4.574689">
        <ele>902.525673</ele>
        <time>2026-05-22T14:18:53.000Z</time>
      </trkpt>
      <trkpt lat="36.975957" lon="-4.574685">
        <ele>902.420727</ele>
        <time>2026-05-22T14:18:55.000Z</time>
      </trkpt>
      <trkpt lat="36.975940" lon="-4.574706">
        <ele>902.094986</ele>
        <time>2026-05-22T14:19:00.000Z</time>
      </trkpt>
      <trkpt lat="36.975924" lon="-4.574734">
        <ele>901.719903</ele>
        <time>2026-05-22T14:19:04.000Z</time>
      </trkpt>
      <trkpt lat="36.975918" lon="-4.574745">
        <ele>901.574781</ele>
        <time>2026-05-22T14:19:06.000Z</time>
      </trkpt>
      <trkpt lat="36.975912" lon="-4.574765">
        <ele>901.342012</ele>
        <time>2026-05-22T14:19:08.000Z</time>
      </trkpt>
      <trkpt lat="36.975905" lon="-4.574775">
        <ele>901.197149</ele>
        <time>2026-05-22T14:19:11.000Z</time>
      </trkpt>
      <trkpt lat="36.975888" lon="-4.574793">
        <ele>900.893474</ele>
        <time>2026-05-22T14:19:13.000Z</time>
      </trkpt>
      <trkpt lat="36.975883" lon="-4.574804">
        <ele>900.755582</ele>
        <time>2026-05-22T14:19:14.000Z</time>
      </trkpt>
      <trkpt lat="36.975843" lon="-4.574863">
        <ele>899.912465</ele>
        <time>2026-05-22T14:19:21.000Z</time>
      </trkpt>
      <trkpt lat="36.975808" lon="-4.574907">
        <ele>899.235942</ele>
        <time>2026-05-22T14:19:28.000Z</time>
      </trkpt>
      <trkpt lat="36.975804" lon="-4.574916">
        <ele>899.123729</ele>
        <time>2026-05-22T14:19:29.000Z</time>
      </trkpt>
      <trkpt lat="36.975794" lon="-4.574995">
        <ele>898.252244</ele>
        <time>2026-05-22T14:19:38.000Z</time>
      </trkpt>
      <trkpt lat="36.975789" lon="-4.575022">
        <ele>897.950264</ele>
        <time>2026-05-22T14:19:41.000Z</time>
      </trkpt>
      <trkpt lat="36.975795" lon="-4.575034">
        <ele>897.796021</ele>
        <time>2026-05-22T14:19:45.000Z</time>
      </trkpt>
      <trkpt lat="36.975794" lon="-4.575037">
        <ele>897.760604</ele>
        <time>2026-05-22T14:19:46.000Z</time>
      </trkpt>
      <trkpt lat="36.975787" lon="-4.575047">
        <ele>897.615740</ele>
        <time>2026-05-22T14:19:55.000Z</time>
      </trkpt>
      <trkpt lat="36.975786" lon="-4.575068">
        <ele>897.386528</ele>
        <time>2026-05-22T14:19:57.000Z</time>
      </trkpt>
      <trkpt lat="36.975789" lon="-4.575095">
        <ele>897.089516</ele>
        <time>2026-05-22T14:20:01.000Z</time>
      </trkpt>
      <trkpt lat="36.975788" lon="-4.575118">
        <ele>896.838548</ele>
        <time>2026-05-22T14:20:05.000Z</time>
      </trkpt>
      <trkpt lat="36.975787" lon="-4.575141">
        <ele>896.587580</ele>
        <time>2026-05-22T14:20:08.000Z</time>
      </trkpt>
      <trkpt lat="36.975787" lon="-4.575161">
        <ele>896.369669</ele>
        <time>2026-05-22T14:20:10.000Z</time>
      </trkpt>
      <trkpt lat="36.975790" lon="-4.575177">
        <ele>896.190603</ele>
        <time>2026-05-22T14:20:14.000Z</time>
      </trkpt>
      <trkpt lat="36.975791" lon="-4.575185">
        <ele>896.102379</ele>
        <time>2026-05-22T14:20:16.000Z</time>
      </trkpt>
      <trkpt lat="36.975792" lon="-4.575187">
        <ele>896.076672</ele>
        <time>2026-05-22T14:20:18.000Z</time>
      </trkpt>
      <trkpt lat="36.975789" lon="-4.575184">
        <ele>896.024303</ele>
        <time>2026-05-22T14:20:25.000Z</time>
      </trkpt>
      <trkpt lat="36.975793" lon="-4.575185">
        <ele>895.968672</ele>
        <time>2026-05-22T14:20:29.000Z</time>
      </trkpt>
      <trkpt lat="36.975799" lon="-4.575182">
        <ele>895.880555</ele>
        <time>2026-05-22T14:20:32.000Z</time>
      </trkpt>
      <trkpt lat="36.975804" lon="-4.575170">
        <ele>895.733094</ele>
        <time>2026-05-22T14:20:37.000Z</time>
      </trkpt>
      <trkpt lat="36.975801" lon="-4.575179">
        <ele>895.626841</ele>
        <time>2026-05-22T14:20:39.000Z</time>
      </trkpt>
      <trkpt lat="36.975795" lon="-4.575215">
        <ele>895.226157</ele>
        <time>2026-05-22T14:20:42.000Z</time>
      </trkpt>
      <trkpt lat="36.975789" lon="-4.575260">
        <ele>894.729076</ele>
        <time>2026-05-22T14:20:46.000Z</time>
      </trkpt>
      <trkpt lat="36.975788" lon="-4.575261">
        <ele>894.711620</ele>
        <time>2026-05-22T14:20:47.000Z</time>
      </trkpt>
      <trkpt lat="36.975784" lon="-4.575264">
        <ele>894.648023</ele>
        <time>2026-05-22T14:20:51.000Z</time>
      </trkpt>
      <trkpt lat="36.975786" lon="-4.575257">
        <ele>894.567024</ele>
        <time>2026-05-22T14:20:55.000Z</time>
      </trkpt>
      <trkpt lat="36.975791" lon="-4.575285">
        <ele>894.254420</ele>
        <time>2026-05-22T14:20:59.000Z</time>
      </trkpt>
      <trkpt lat="36.975792" lon="-4.575296">
        <ele>894.133796</ele>
        <time>2026-05-22T14:21:01.000Z</time>
      </trkpt>
      <trkpt lat="36.975791" lon="-4.575298">
        <ele>894.108089</ele>
        <time>2026-05-22T14:21:04.000Z</time>
      </trkpt>
      <trkpt lat="36.975793" lon="-4.575298">
        <ele>894.080812</ele>
        <time>2026-05-22T14:21:08.000Z</time>
      </trkpt>
      <trkpt lat="36.975788" lon="-4.575316">
        <ele>893.873175</ele>
        <time>2026-05-22T14:21:13.000Z</time>
      </trkpt>
      <trkpt lat="36.975785" lon="-4.575326">
        <ele>893.756791</ele>
        <time>2026-05-22T14:21:15.000Z</time>
      </trkpt>
      <trkpt lat="36.975779" lon="-4.575324">
        <ele>893.672109</ele>
        <time>2026-05-22T14:21:20.000Z</time>
      </trkpt>
      <trkpt lat="36.975776" lon="-4.575335">
        <ele>893.545467</ele>
        <time>2026-05-22T14:21:22.000Z</time>
      </trkpt>
      <trkpt lat="36.975774" lon="-4.575358">
        <ele>893.293389</ele>
        <time>2026-05-22T14:21:25.000Z</time>
      </trkpt>
      <trkpt lat="36.975775" lon="-4.575378">
        <ele>893.075052</ele>
        <time>2026-05-22T14:21:30.000Z</time>
      </trkpt>
      <trkpt lat="36.975776" lon="-4.575380">
        <ele>893.049345</ele>
        <time>2026-05-22T14:21:31.000Z</time>
      </trkpt>
      <trkpt lat="36.975767" lon="-4.575422">
        <ele>892.575556</ele>
        <time>2026-05-22T14:21:40.000Z</time>
      </trkpt>
      <trkpt lat="36.975765" lon="-4.575431">
        <ele>892.473773</ele>
        <time>2026-05-22T14:21:41.000Z</time>
      </trkpt>
      <trkpt lat="36.975763" lon="-4.575438">
        <ele>892.392774</ele>
        <time>2026-05-22T14:21:42.000Z</time>
      </trkpt>
      <trkpt lat="36.975761" lon="-4.575456">
        <ele>892.194766</ele>
        <time>2026-05-22T14:21:45.000Z</time>
      </trkpt>
      <trkpt lat="36.975766" lon="-4.575486">
        <ele>891.860862</ele>
        <time>2026-05-22T14:21:50.000Z</time>
      </trkpt>
      <trkpt lat="36.975771" lon="-4.575492">
        <ele>891.766397</ele>
        <time>2026-05-22T14:21:51.000Z</time>
      </trkpt>
      <trkpt lat="36.975805" lon="-4.575552">
        <ele>890.964906</ele>
        <time>2026-05-22T14:21:58.000Z</time>
      </trkpt>
      <trkpt lat="36.975815" lon="-4.575568">
        <ele>890.743567</ele>
        <time>2026-05-22T14:22:01.000Z</time>
      </trkpt>
      <trkpt lat="36.975815" lon="-4.575574">
        <ele>890.678194</ele>
        <time>2026-05-22T14:22:03.000Z</time>
      </trkpt>
      <trkpt lat="36.975822" lon="-4.575590">
        <ele>890.479436</ele>
        <time>2026-05-22T14:22:05.000Z</time>
      </trkpt>
      <trkpt lat="36.975829" lon="-4.575626">
        <ele>890.075746</ele>
        <time>2026-05-22T14:22:09.000Z</time>
      </trkpt>
      <trkpt lat="36.975821" lon="-4.575653">
        <ele>889.761985</ele>
        <time>2026-05-22T14:22:13.000Z</time>
      </trkpt>
      <trkpt lat="36.975807" lon="-4.575638">
        <ele>889.510654</ele>
        <time>2026-05-22T14:22:15.000Z</time>
      </trkpt>
      <trkpt lat="36.975793" lon="-4.575616">
        <ele>889.204200</ele>
        <time>2026-05-22T14:22:18.000Z</time>
      </trkpt>
      <trkpt lat="36.975794" lon="-4.575613">
        <ele>889.168783</ele>
        <time>2026-05-22T14:22:20.000Z</time>
      </trkpt>
      <trkpt lat="36.975790" lon="-4.575631">
        <ele>888.965217</ele>
        <time>2026-05-22T14:22:29.000Z</time>
      </trkpt>
      <trkpt lat="36.975750" lon="-4.575651">
        <ele>888.377771</ele>
        <time>2026-05-22T14:22:35.000Z</time>
      </trkpt>
      <trkpt lat="36.975739" lon="-4.575656">
        <ele>888.218164</ele>
        <time>2026-05-22T14:22:36.000Z</time>
      </trkpt>
      <trkpt lat="36.975726" lon="-4.575663">
        <ele>888.025157</ele>
        <time>2026-05-22T14:22:38.000Z</time>
      </trkpt>
      <trkpt lat="36.975713" lon="-4.575672">
        <ele>887.822548</ele>
        <time>2026-05-22T14:22:40.000Z</time>
      </trkpt>
      <trkpt lat="36.975688" lon="-4.575697">
        <ele>887.386144</ele>
        <time>2026-05-22T14:22:47.000Z</time>
      </trkpt>
      <trkpt lat="36.975682" lon="-4.575700">
        <ele>887.298027</ele>
        <time>2026-05-22T14:22:48.000Z</time>
      </trkpt>
      <trkpt lat="36.975602" lon="-4.575753">
        <ele>886.063566</ele>
        <time>2026-05-22T14:22:55.000Z</time>
      </trkpt>
      <trkpt lat="36.975596" lon="-4.575759">
        <ele>885.958828</ele>
        <time>2026-05-22T14:22:56.000Z</time>
      </trkpt>
      <trkpt lat="36.975582" lon="-4.575782">
        <ele>885.643779</ele>
        <time>2026-05-22T14:23:00.000Z</time>
      </trkpt>
      <trkpt lat="36.975577" lon="-4.575786">
        <ele>885.562850</ele>
        <time>2026-05-22T14:23:01.000Z</time>
      </trkpt>
      <trkpt lat="36.975575" lon="-4.575789">
        <ele>885.520277</ele>
        <time>2026-05-22T14:23:02.000Z</time>
      </trkpt>
      <trkpt lat="36.975523" lon="-4.575824">
        <ele>884.610224</ele>
        <time>2026-05-22T14:23:11.000Z</time>
      </trkpt>
      <trkpt lat="36.975512" lon="-4.575833">
        <ele>884.376465</ele>
        <time>2026-05-22T14:23:13.000Z</time>
      </trkpt>
      <trkpt lat="36.975496" lon="-4.575863">
        <ele>883.863872</ele>
        <time>2026-05-22T14:23:18.000Z</time>
      </trkpt>
      <trkpt lat="36.975490" lon="-4.575878">
        <ele>883.625485</ele>
        <time>2026-05-22T14:23:19.000Z</time>
      </trkpt>
      <trkpt lat="36.975473" lon="-4.575912">
        <ele>883.055493</ele>
        <time>2026-05-22T14:23:23.000Z</time>
      </trkpt>
      <trkpt lat="36.975466" lon="-4.575922">
        <ele>882.866552</ele>
        <time>2026-05-22T14:23:25.000Z</time>
      </trkpt>
      <trkpt lat="36.975440" lon="-4.575974">
        <ele>881.994800</ele>
        <time>2026-05-22T14:23:31.000Z</time>
      </trkpt>
      <trkpt lat="36.975426" lon="-4.575990">
        <ele>881.657584</ele>
        <time>2026-05-22T14:23:34.000Z</time>
      </trkpt>
      <trkpt lat="36.975406" lon="-4.576016">
        <ele>881.144671</ele>
        <time>2026-05-22T14:23:41.000Z</time>
      </trkpt>
      <trkpt lat="36.975370" lon="-4.576030">
        <ele>880.474109</ele>
        <time>2026-05-22T14:23:49.000Z</time>
      </trkpt>
      <trkpt lat="36.975373" lon="-4.576017">
        <ele>880.281817</ele>
        <time>2026-05-22T14:23:54.000Z</time>
      </trkpt>
      <trkpt lat="36.975412" lon="-4.576022">
        <ele>879.584456</ele>
        <time>2026-05-22T14:23:59.000Z</time>
      </trkpt>
      <trkpt lat="36.975432" lon="-4.576037">
        <ele>879.169724</ele>
        <time>2026-05-22T14:24:08.000Z</time>
      </trkpt>
      <trkpt lat="36.975425" lon="-4.575982">
        <ele>878.378278</ele>
        <time>2026-05-22T14:24:14.000Z</time>
      </trkpt>
      <trkpt lat="36.975424" lon="-4.575962">
        <ele>878.093507</ele>
        <time>2026-05-22T14:24:21.000Z</time>
      </trkpt>
      <trkpt lat="36.975424" lon="-4.575959">
        <ele>878.050875</ele>
        <time>2026-05-22T14:24:23.000Z</time>
      </trkpt>
      <trkpt lat="36.975423" lon="-4.575960">
        <ele>878.028108</ele>
        <time>2026-05-22T14:24:24.000Z</time>
      </trkpt>
      <trkpt lat="36.975406" lon="-4.575986">
        <ele>877.550658</ele>
        <time>2026-05-22T14:24:34.000Z</time>
      </trkpt>
      <trkpt lat="36.975422" lon="-4.575980">
        <ele>877.253553</ele>
        <time>2026-05-22T14:24:43.000Z</time>
      </trkpt>
      <trkpt lat="36.975431" lon="-4.575983">
        <ele>877.087882</ele>
        <time>2026-05-22T14:24:44.000Z</time>
      </trkpt>
      <trkpt lat="36.975431" lon="-4.575995">
        <ele>876.917353</ele>
        <time>2026-05-22T14:24:48.000Z</time>
      </trkpt>
      <trkpt lat="36.975424" lon="-4.576009">
        <ele>876.682650</ele>
        <time>2026-05-22T14:24:51.000Z</time>
      </trkpt>
      <trkpt lat="36.975383" lon="-4.576035">
        <ele>875.865090</ele>
        <time>2026-05-22T14:24:57.000Z</time>
      </trkpt>
      <trkpt lat="36.975374" lon="-4.576050">
        <ele>875.598506</ele>
        <time>2026-05-22T14:25:00.000Z</time>
      </trkpt>
      <trkpt lat="36.975407" lon="-4.576067">
        <ele>874.963734</ele>
        <time>2026-05-22T14:25:06.000Z</time>
      </trkpt>
      <trkpt lat="36.975466" lon="-4.576041">
        <ele>873.851103</ele>
        <time>2026-05-22T14:25:08.000Z</time>
      </trkpt>
      <trkpt lat="36.975483" lon="-4.576014">
        <ele>873.362574</ele>
        <time>2026-05-22T14:25:14.000Z</time>
      </trkpt>
      <trkpt lat="36.975479" lon="-4.576017">
        <ele>873.279627</ele>
        <time>2026-05-22T14:25:15.000Z</time>
      </trkpt>
      <trkpt lat="36.975480" lon="-4.576027">
        <ele>873.136411</ele>
        <time>2026-05-22T14:25:18.000Z</time>
      </trkpt>
      <trkpt lat="36.975480" lon="-4.576030">
        <ele>873.093779</ele>
        <time>2026-05-22T14:25:19.000Z</time>
      </trkpt>
      <trkpt lat="36.975487" lon="-4.576033">
        <ele>872.962167</ele>
        <time>2026-05-22T14:25:22.000Z</time>
      </trkpt>
      <trkpt lat="36.975491" lon="-4.576043">
        <ele>872.803243</ele>
        <time>2026-05-22T14:25:27.000Z</time>
      </trkpt>
      <trkpt lat="36.975493" lon="-4.576054">
        <ele>872.642928</ele>
        <time>2026-05-22T14:25:30.000Z</time>
      </trkpt>
      <trkpt lat="36.975506" lon="-4.576046">
        <ele>872.385249</ele>
        <time>2026-05-22T14:25:34.000Z</time>
      </trkpt>
      <trkpt lat="36.975522" lon="-4.576045">
        <ele>872.100287</ele>
        <time>2026-05-22T14:25:37.000Z</time>
      </trkpt>
      <trkpt lat="36.975535" lon="-4.576049">
        <ele>871.862159</ele>
        <time>2026-05-22T14:25:38.000Z</time>
      </trkpt>
      <trkpt lat="36.975539" lon="-4.576053">
        <ele>871.771089</ele>
        <time>2026-05-22T14:25:39.000Z</time>
      </trkpt>
      <trkpt lat="36.975542" lon="-4.576053">
        <ele>871.717725</ele>
        <time>2026-05-22T14:25:41.000Z</time>
      </trkpt>
      <trkpt lat="36.975547" lon="-4.576070">
        <ele>871.460291</ele>
        <time>2026-05-22T14:25:45.000Z</time>
      </trkpt>
      <trkpt lat="36.975541" lon="-4.576062">
        <ele>871.304358</ele>
        <time>2026-05-22T14:25:52.000Z</time>
      </trkpt>
      <trkpt lat="36.975559" lon="-4.576061">
        <ele>870.983858</ele>
        <time>2026-05-22T14:25:55.000Z</time>
      </trkpt>
      <trkpt lat="36.975599" lon="-4.576044">
        <ele>870.232445</ele>
        <time>2026-05-22T14:26:02.000Z</time>
      </trkpt>
      <trkpt lat="36.975593" lon="-4.576063">
        <ele>869.942113</ele>
        <time>2026-05-22T14:26:08.000Z</time>
      </trkpt>
      <trkpt lat="36.975584" lon="-4.576076">
        <ele>869.697659</ele>
        <time>2026-05-22T14:26:11.000Z</time>
      </trkpt>
      <trkpt lat="36.975572" lon="-4.576097">
        <ele>869.330752</ele>
        <time>2026-05-22T14:26:15.000Z</time>
      </trkpt>
      <trkpt lat="36.975581" lon="-4.576100">
        <ele>869.165081</ele>
        <time>2026-05-22T14:26:19.000Z</time>
      </trkpt>
      <trkpt lat="36.975598" lon="-4.576087">
        <ele>868.810720</ele>
        <time>2026-05-22T14:26:22.000Z</time>
      </trkpt>
      <trkpt lat="36.975614" lon="-4.576084">
        <ele>868.522936</ele>
        <time>2026-05-22T14:26:24.000Z</time>
      </trkpt>
      <trkpt lat="36.975652" lon="-4.576062">
        <ele>867.778194</ele>
        <time>2026-05-22T14:26:29.000Z</time>
      </trkpt>
      <trkpt lat="36.975657" lon="-4.576060">
        <ele>867.684823</ele>
        <time>2026-05-22T14:26:30.000Z</time>
      </trkpt>
      <trkpt lat="36.975657" lon="-4.576062">
        <ele>867.656402</ele>
        <time>2026-05-22T14:26:32.000Z</time>
      </trkpt>
      <trkpt lat="36.975664" lon="-4.576069">
        <ele>867.497030</ele>
        <time>2026-05-22T14:26:36.000Z</time>
      </trkpt>
      <trkpt lat="36.975665" lon="-4.576070">
        <ele>867.474263</ele>
        <time>2026-05-22T14:26:38.000Z</time>
      </trkpt>
      <trkpt lat="36.975671" lon="-4.576070">
        <ele>867.367535</ele>
        <time>2026-05-22T14:26:39.000Z</time>
      </trkpt>
      <trkpt lat="36.975719" lon="-4.576051">
        <ele>866.472036</ele>
        <time>2026-05-22T14:26:46.000Z</time>
      </trkpt>
      <trkpt lat="36.975742" lon="-4.576042">
        <ele>866.043388</ele>
        <time>2026-05-22T14:26:49.000Z</time>
      </trkpt>
      <trkpt lat="36.975762" lon="-4.576035">
        <ele>865.673982</ele>
        <time>2026-05-22T14:26:52.000Z</time>
      </trkpt>
      <trkpt lat="36.975753" lon="-4.576047">
        <ele>865.440082</ele>
        <time>2026-05-22T14:26:58.000Z</time>
      </trkpt>
      <trkpt lat="36.975723" lon="-4.576065">
        <ele>864.848304</ele>
        <time>2026-05-22T14:27:07.000Z</time>
      </trkpt>
      <trkpt lat="36.975730" lon="-4.576085">
        <ele>864.538012</ele>
        <time>2026-05-22T14:27:13.000Z</time>
      </trkpt>
      <trkpt lat="36.975738" lon="-4.576091">
        <ele>864.372119</ele>
        <time>2026-05-22T14:27:15.000Z</time>
      </trkpt>
      <trkpt lat="36.975774" lon="-4.576099">
        <ele>863.721738</ele>
        <time>2026-05-22T14:27:20.000Z</time>
      </trkpt>
      <trkpt lat="36.975792" lon="-4.576100">
        <ele>863.401239</ele>
        <time>2026-05-22T14:27:25.000Z</time>
      </trkpt>
      <trkpt lat="36.975816" lon="-4.576080">
        <ele>862.888374</ele>
        <time>2026-05-22T14:27:33.000Z</time>
      </trkpt>
      <trkpt lat="36.975820" lon="-4.576072">
        <ele>862.754258</ele>
        <time>2026-05-22T14:27:35.000Z</time>
      </trkpt>
      <trkpt lat="36.975799" lon="-4.576074">
        <ele>862.379631</ele>
        <time>2026-05-22T14:27:44.000Z</time>
      </trkpt>
      <trkpt lat="36.975804" lon="-4.576081">
        <ele>862.246193</ele>
        <time>2026-05-22T14:27:51.000Z</time>
      </trkpt>
      <trkpt lat="36.975805" lon="-4.576082">
        <ele>862.223426</ele>
        <time>2026-05-22T14:27:52.000Z</time>
      </trkpt>
      <trkpt lat="36.975821" lon="-4.576087">
        <ele>861.930083</ele>
        <time>2026-05-22T14:27:56.000Z</time>
      </trkpt>
      <trkpt lat="36.975831" lon="-4.576083">
        <ele>861.743341</ele>
        <time>2026-05-22T14:27:57.000Z</time>
      </trkpt>
      <trkpt lat="36.975873" lon="-4.576064">
        <ele>860.948952</ele>
        <time>2026-05-22T14:28:01.000Z</time>
      </trkpt>
      <trkpt lat="36.975877" lon="-4.576060">
        <ele>860.857883</ele>
        <time>2026-05-22T14:28:02.000Z</time>
      </trkpt>
      <trkpt lat="36.975880" lon="-4.576058">
        <ele>860.797422</ele>
        <time>2026-05-22T14:28:03.000Z</time>
      </trkpt>
      <trkpt lat="36.975921" lon="-4.576074">
        <ele>860.033493</ele>
        <time>2026-05-22T14:28:11.000Z</time>
      </trkpt>
      <trkpt lat="36.975929" lon="-4.576076">
        <ele>859.888379</ele>
        <time>2026-05-22T14:28:12.000Z</time>
      </trkpt>
      <trkpt lat="36.975904" lon="-4.576062">
        <ele>859.401205</ele>
        <time>2026-05-22T14:28:18.000Z</time>
      </trkpt>
      <trkpt lat="36.975958" lon="-4.576051">
        <ele>858.428017</ele>
        <time>2026-05-22T14:28:25.000Z</time>
      </trkpt>
      <trkpt lat="36.975968" lon="-4.576051">
        <ele>858.250137</ele>
        <time>2026-05-22T14:28:26.000Z</time>
      </trkpt>
      <trkpt lat="36.975975" lon="-4.576057">
        <ele>858.099226</ele>
        <time>2026-05-22T14:28:30.000Z</time>
      </trkpt>
      <trkpt lat="36.975967" lon="-4.576067">
        <ele>857.898117</ele>
        <time>2026-05-22T14:28:33.000Z</time>
      </trkpt>
      <trkpt lat="36.976001" lon="-4.576071">
        <ele>857.290660</ele>
        <time>2026-05-22T14:28:41.000Z</time>
      </trkpt>
      <trkpt lat="36.976020" lon="-4.576061">
        <ele>856.924028</ele>
        <time>2026-05-22T14:28:44.000Z</time>
      </trkpt>
      <trkpt lat="36.976059" lon="-4.576051">
        <ele>856.215890</ele>
        <time>2026-05-22T14:28:49.000Z</time>
      </trkpt>
      <trkpt lat="36.976070" lon="-4.576054">
        <ele>856.015632</ele>
        <time>2026-05-22T14:28:53.000Z</time>
      </trkpt>
      <trkpt lat="36.976070" lon="-4.576058">
        <ele>855.958790</ele>
        <time>2026-05-22T14:28:55.000Z</time>
      </trkpt>
      <trkpt lat="36.976076" lon="-4.576067">
        <ele>855.792212</ele>
        <time>2026-05-22T14:28:58.000Z</time>
      </trkpt>
      <trkpt lat="36.976091" lon="-4.576071">
        <ele>855.519404</ele>
        <time>2026-05-22T14:29:01.000Z</time>
      </trkpt>
      <trkpt lat="36.976118" lon="-4.576057">
        <ele>854.999553</ele>
        <time>2026-05-22T14:29:05.000Z</time>
      </trkpt>
      <trkpt lat="36.976129" lon="-4.576057">
        <ele>854.803885</ele>
        <time>2026-05-22T14:29:07.000Z</time>
      </trkpt>
      <trkpt lat="36.976153" lon="-4.576051">
        <ele>854.368542</ele>
        <time>2026-05-22T14:29:13.000Z</time>
      </trkpt>
      <trkpt lat="36.976164" lon="-4.576046">
        <ele>854.160373</ele>
        <time>2026-05-22T14:29:18.000Z</time>
      </trkpt>
      <trkpt lat="36.976169" lon="-4.576040">
        <ele>854.037165</ele>
        <time>2026-05-22T14:29:21.000Z</time>
      </trkpt>
      <trkpt lat="36.976174" lon="-4.576037">
        <ele>853.938535</ele>
        <time>2026-05-22T14:29:24.000Z</time>
      </trkpt>
      <trkpt lat="36.976174" lon="-4.576038">
        <ele>853.924324</ele>
        <time>2026-05-22T14:29:26.000Z</time>
      </trkpt>
      <trkpt lat="36.976174" lon="-4.576038">
        <ele>853.924324</ele>
        <time>2026-05-22T14:29:28.000Z</time>
      </trkpt>
      <trkpt lat="36.976158" lon="-4.576047">
        <ele>853.612301</ele>
        <time>2026-05-22T14:29:32.000Z</time>
      </trkpt>
      <trkpt lat="36.976181" lon="-4.576045">
        <ele>853.202191</ele>
        <time>2026-05-22T14:29:34.000Z</time>
      </trkpt>
      <trkpt lat="36.976212" lon="-4.576046">
        <ele>852.637100</ele>
        <time>2026-05-22T14:29:44.000Z</time>
      </trkpt>
      <trkpt lat="36.976224" lon="-4.576044">
        <ele>852.414761</ele>
        <time>2026-05-22T14:29:49.000Z</time>
      </trkpt>
      <trkpt lat="36.976235" lon="-4.576032">
        <ele>852.146778</ele>
        <time>2026-05-22T14:29:52.000Z</time>
      </trkpt>
      <trkpt lat="36.976241" lon="-4.576018">
        <ele>851.913672</ele>
        <time>2026-05-22T14:29:55.000Z</time>
      </trkpt>
      <trkpt lat="36.976262" lon="-4.575997">
        <ele>851.420019</ele>
        <time>2026-05-22T14:30:01.000Z</time>
      </trkpt>
      <trkpt lat="36.976261" lon="-4.575999">
        <ele>851.385400</ele>
        <time>2026-05-22T14:30:04.000Z</time>
      </trkpt>
      <trkpt lat="36.976245" lon="-4.575998">
        <ele>851.091176</ele>
        <time>2026-05-22T14:30:09.000Z</time>
      </trkpt>
      <trkpt lat="36.976255" lon="-4.575984">
        <ele>850.815629</ele>
        <time>2026-05-22T14:30:19.000Z</time>
      </trkpt>
      <trkpt lat="36.976255" lon="-4.575989">
        <ele>850.742267</ele>
        <time>2026-05-22T14:30:27.000Z</time>
      </trkpt>
      <trkpt lat="36.976229" lon="-4.576005">
        <ele>850.210162</ele>
        <time>2026-05-22T14:30:34.000Z</time>
      </trkpt>
      <trkpt lat="36.976238" lon="-4.576003">
        <ele>850.042282</ele>
        <time>2026-05-22T14:30:36.000Z</time>
      </trkpt>
      <trkpt lat="36.976237" lon="-4.576003">
        <ele>850.023916</ele>
        <time>2026-05-22T14:30:38.000Z</time>
      </trkpt>
      <trkpt lat="36.976246" lon="-4.576010">
        <ele>849.829311</ele>
        <time>2026-05-22T14:30:42.000Z</time>
      </trkpt>
      <trkpt lat="36.976276" lon="-4.575996">
        <ele>849.241282</ele>
        <time>2026-05-22T14:30:49.000Z</time>
      </trkpt>
      <trkpt lat="36.976272" lon="-4.575994">
        <ele>849.162174</ele>
        <time>2026-05-22T14:30:51.000Z</time>
      </trkpt>
      <trkpt lat="36.976275" lon="-4.575990">
        <ele>849.081673</ele>
        <time>2026-05-22T14:30:53.000Z</time>
      </trkpt>
      <trkpt lat="36.976313" lon="-4.575978">
        <ele>848.361894</ele>
        <time>2026-05-22T14:30:59.000Z</time>
      </trkpt>
      <trkpt lat="36.976316" lon="-4.575987">
        <ele>848.218809</ele>
        <time>2026-05-22T14:31:05.000Z</time>
      </trkpt>
      <trkpt lat="36.976320" lon="-4.575990">
        <ele>848.133167</ele>
        <time>2026-05-22T14:31:09.000Z</time>
      </trkpt>
      <trkpt lat="36.976322" lon="-4.575984">
        <ele>848.037776</ele>
        <time>2026-05-22T14:31:11.000Z</time>
      </trkpt>
      <trkpt lat="36.976315" lon="-4.575980">
        <ele>847.896451</ele>
        <time>2026-05-22T14:31:15.000Z</time>
      </trkpt>
      <trkpt lat="36.976307" lon="-4.575985">
        <ele>847.732225</ele>
        <time>2026-05-22T14:31:17.000Z</time>
      </trkpt>
      <trkpt lat="36.976310" lon="-4.575986">
        <ele>847.675207</ele>
        <time>2026-05-22T14:31:22.000Z</time>
      </trkpt>
      <trkpt lat="36.976319" lon="-4.575979">
        <ele>847.480602</ele>
        <time>2026-05-22T14:31:25.000Z</time>
      </trkpt>
      <trkpt lat="36.976321" lon="-4.575966">
        <ele>847.286356</ele>
        <time>2026-05-22T14:31:27.000Z</time>
      </trkpt>
      <trkpt lat="36.976339" lon="-4.575944">
        <ele>846.824311</ele>
        <time>2026-05-22T14:31:30.000Z</time>
      </trkpt>
      <trkpt lat="36.976367" lon="-4.575939">
        <ele>846.304854</ele>
        <time>2026-05-22T14:31:33.000Z</time>
      </trkpt>
      <trkpt lat="36.976372" lon="-4.575925">
        <ele>846.079848</ele>
        <time>2026-05-22T14:31:37.000Z</time>
      </trkpt>
      <trkpt lat="36.976391" lon="-4.575921">
        <ele>845.725991</ele>
        <time>2026-05-22T14:31:42.000Z</time>
      </trkpt>
      <trkpt lat="36.976420" lon="-4.575914">
        <ele>845.183561</ele>
        <time>2026-05-22T14:31:47.000Z</time>
      </trkpt>
      <trkpt lat="36.976415" lon="-4.575909">
        <ele>845.066025</ele>
        <time>2026-05-22T14:31:51.000Z</time>
      </trkpt>
      <trkpt lat="36.976408" lon="-4.575926">
        <ele>844.785411</ele>
        <time>2026-05-22T14:31:56.000Z</time>
      </trkpt>
      <trkpt lat="36.976411" lon="-4.575923">
        <ele>844.714889</ele>
        <time>2026-05-22T14:32:00.000Z</time>
      </trkpt>
      <trkpt lat="36.976415" lon="-4.575910">
        <ele>844.510490</ele>
        <time>2026-05-22T14:32:04.000Z</time>
      </trkpt>
      <trkpt lat="36.976425" lon="-4.575895">
        <ele>844.223838</ele>
        <time>2026-05-22T14:32:11.000Z</time>
      </trkpt>
      <trkpt lat="36.976439" lon="-4.575905">
        <ele>843.927795</ele>
        <time>2026-05-22T14:32:21.000Z</time>
      </trkpt>
      <trkpt lat="36.976444" lon="-4.575901">
        <ele>843.818812</ele>
        <time>2026-05-22T14:32:23.000Z</time>
      </trkpt>
      <trkpt lat="36.976461" lon="-4.575872">
        <ele>843.291050</ele>
        <time>2026-05-22T14:32:31.000Z</time>
      </trkpt>
      <trkpt lat="36.976488" lon="-4.575850">
        <ele>842.699360</ele>
        <time>2026-05-22T14:32:41.000Z</time>
      </trkpt>
      <trkpt lat="36.976500" lon="-4.575847">
        <ele>842.474614</ele>
        <time>2026-05-22T14:32:44.000Z</time>
      </trkpt>
      <trkpt lat="36.976507" lon="-4.575840">
        <ele>842.310063</ele>
        <time>2026-05-22T14:32:47.000Z</time>
      </trkpt>
      <trkpt lat="36.976531" lon="-4.575825">
        <ele>841.817386</ele>
        <time>2026-05-22T14:32:51.000Z</time>
      </trkpt>
      <trkpt lat="36.976534" lon="-4.575824">
        <ele>841.760367</ele>
        <time>2026-05-22T14:32:52.000Z</time>
      </trkpt>
      <trkpt lat="36.976539" lon="-4.575803">
        <ele>841.438855</ele>
        <time>2026-05-22T14:33:01.000Z</time>
      </trkpt>
      <trkpt lat="36.976537" lon="-4.575803">
        <ele>841.402122</ele>
        <time>2026-05-22T14:33:02.000Z</time>
      </trkpt>
      <trkpt lat="36.976539" lon="-4.575813">
        <ele>841.250871</ele>
        <time>2026-05-22T14:33:09.000Z</time>
      </trkpt>
      <trkpt lat="36.976552" lon="-4.575813">
        <ele>841.012111</ele>
        <time>2026-05-22T14:33:14.000Z</time>
      </trkpt>
      <trkpt lat="36.976567" lon="-4.575809">
        <ele>840.730437</ele>
        <time>2026-05-22T14:33:19.000Z</time>
      </trkpt>
      <trkpt lat="36.976577" lon="-4.575803">
        <ele>840.526767</ele>
        <time>2026-05-22T14:33:21.000Z</time>
      </trkpt>
      <trkpt lat="36.976599" lon="-4.575797">
        <ele>840.113234</ele>
        <time>2026-05-22T14:33:28.000Z</time>
      </trkpt>
      <trkpt lat="36.976568" lon="-4.575794">
        <ele>839.542185</ele>
        <time>2026-05-22T14:33:37.000Z</time>
      </trkpt>
      <trkpt lat="36.976649" lon="-4.575736">
        <ele>837.828326</ele>
        <time>2026-05-22T14:33:46.000Z</time>
      </trkpt>
      <trkpt lat="36.976695" lon="-4.575733">
        <ele>836.982339</ele>
        <time>2026-05-22T14:33:55.000Z</time>
      </trkpt>
      <trkpt lat="36.976708" lon="-4.575731">
        <ele>836.741783</ele>
        <time>2026-05-22T14:33:57.000Z</time>
      </trkpt>
      <trkpt lat="36.976723" lon="-4.575704">
        <ele>836.259255</ele>
        <time>2026-05-22T14:34:01.000Z</time>
      </trkpt>
      <trkpt lat="36.976744" lon="-4.575663">
        <ele>835.544667</ele>
        <time>2026-05-22T14:34:04.000Z</time>
      </trkpt>
      <trkpt lat="36.976754" lon="-4.575638">
        <ele>835.134448</ele>
        <time>2026-05-22T14:34:06.000Z</time>
      </trkpt>
      <trkpt lat="36.976765" lon="-4.575618">
        <ele>834.778182</ele>
        <time>2026-05-22T14:34:09.000Z</time>
      </trkpt>
      <trkpt lat="36.976775" lon="-4.575597">
        <ele>834.419478</ele>
        <time>2026-05-22T14:34:14.000Z</time>
      </trkpt>
      <trkpt lat="36.976773" lon="-4.575595">
        <ele>834.372464</ele>
        <time>2026-05-22T14:34:15.000Z</time>
      </trkpt>
      <trkpt lat="36.976821" lon="-4.575553">
        <ele>833.296861</ele>
        <time>2026-05-22T14:34:24.000Z</time>
      </trkpt>
      <trkpt lat="36.976891" lon="-4.575493">
        <ele>831.738710</ele>
        <time>2026-05-22T14:34:33.000Z</time>
      </trkpt>
      <trkpt lat="36.976910" lon="-4.575447">
        <ele>830.978911</ele>
        <time>2026-05-22T14:34:42.000Z</time>
      </trkpt>
      <trkpt lat="36.976915" lon="-4.575445">
        <ele>830.882506</ele>
        <time>2026-05-22T14:34:43.000Z</time>
      </trkpt>
      <trkpt lat="36.976917" lon="-4.575443">
        <ele>830.835492</ele>
        <time>2026-05-22T14:34:45.000Z</time>
      </trkpt>
      <trkpt lat="36.976949" lon="-4.575441">
        <ele>830.247044</ele>
        <time>2026-05-22T14:34:53.000Z</time>
      </trkpt>
      <trkpt lat="36.976967" lon="-4.575435">
        <ele>829.904933</ele>
        <time>2026-05-22T14:34:56.000Z</time>
      </trkpt>
      <trkpt lat="36.976964" lon="-4.575439">
        <ele>829.824433</ele>
        <time>2026-05-22T14:35:02.000Z</time>
      </trkpt>
      <trkpt lat="36.976965" lon="-4.575424">
        <ele>829.603584</ele>
        <time>2026-05-22T14:35:10.000Z</time>
      </trkpt>
      <trkpt lat="36.976982" lon="-4.575396">
        <ele>829.087580</ele>
        <time>2026-05-22T14:35:15.000Z</time>
      </trkpt>
      <trkpt lat="36.977014" lon="-4.575368">
        <ele>828.370513</ele>
        <time>2026-05-22T14:35:21.000Z</time>
      </trkpt>
      <trkpt lat="36.977059" lon="-4.575322">
        <ele>827.303468</ele>
        <time>2026-05-22T14:35:27.000Z</time>
      </trkpt>
      <trkpt lat="36.977064" lon="-4.575315">
        <ele>827.165696</ele>
        <time>2026-05-22T14:35:29.000Z</time>
      </trkpt>
      <trkpt lat="36.977075" lon="-4.575305">
        <ele>826.916011</ele>
        <time>2026-05-22T14:35:31.000Z</time>
      </trkpt>
      <trkpt lat="36.977093" lon="-4.575292">
        <ele>826.534342</ele>
        <time>2026-05-22T14:35:36.000Z</time>
      </trkpt>
      <trkpt lat="36.977079" lon="-4.575305">
        <ele>826.214193</ele>
        <time>2026-05-22T14:35:38.000Z</time>
      </trkpt>
      <trkpt lat="36.977069" lon="-4.575307">
        <ele>826.028202</ele>
        <time>2026-05-22T14:35:41.000Z</time>
      </trkpt>
      <trkpt lat="36.977067" lon="-4.575302">
        <ele>825.946159</ele>
        <time>2026-05-22T14:35:43.000Z</time>
      </trkpt>
      <trkpt lat="36.977068" lon="-4.575293">
        <ele>825.812838</ele>
        <time>2026-05-22T14:35:45.000Z</time>
      </trkpt>
      <trkpt lat="36.977074" lon="-4.575278">
        <ele>825.566707</ele>
        <time>2026-05-22T14:35:51.000Z</time>
      </trkpt>
      <trkpt lat="36.977077" lon="-4.575275">
        <ele>825.496185</ele>
        <time>2026-05-22T14:35:52.000Z</time>
      </trkpt>
      <trkpt lat="36.977080" lon="-4.575270">
        <ele>825.404437</ele>
        <time>2026-05-22T14:35:53.000Z</time>
      </trkpt>
      <trkpt lat="36.977147" lon="-4.575233">
        <ele>824.059478</ele>
        <time>2026-05-22T14:36:01.000Z</time>
      </trkpt>
      <trkpt lat="36.977150" lon="-4.575231">
        <ele>823.997053</ele>
        <time>2026-05-22T14:36:02.000Z</time>
      </trkpt>
      <trkpt lat="36.977139" lon="-4.575225">
        <ele>823.776678</ele>
        <time>2026-05-22T14:36:07.000Z</time>
      </trkpt>
      <trkpt lat="36.977155" lon="-4.575223">
        <ele>823.481359</ele>
        <time>2026-05-22T14:36:10.000Z</time>
      </trkpt>
      <trkpt lat="36.977166" lon="-4.575260">
        <ele>822.902113</ele>
        <time>2026-05-22T14:36:16.000Z</time>
      </trkpt>
      <trkpt lat="36.977167" lon="-4.575269">
        <ele>822.768792</ele>
        <time>2026-05-22T14:36:17.000Z</time>
      </trkpt>
      <trkpt lat="36.977167" lon="-4.575291">
        <ele>822.446003</ele>
        <time>2026-05-22T14:36:21.000Z</time>
      </trkpt>
      <trkpt lat="36.977167" lon="-4.575301">
        <ele>822.299280</ele>
        <time>2026-05-22T14:36:22.000Z</time>
      </trkpt>
      <trkpt lat="36.977167" lon="-4.575335">
        <ele>821.800424</ele>
        <time>2026-05-22T14:36:27.000Z</time>
      </trkpt>
      <trkpt lat="36.977166" lon="-4.575340">
        <ele>821.724799</ele>
        <time>2026-05-22T14:36:28.000Z</time>
      </trkpt>
      <trkpt lat="36.977161" lon="-4.575366">
        <ele>821.332424</ele>
        <time>2026-05-22T14:36:31.000Z</time>
      </trkpt>
      <trkpt lat="36.977160" lon="-4.575373">
        <ele>821.228089</ele>
        <time>2026-05-22T14:36:32.000Z</time>
      </trkpt>
      <trkpt lat="36.977159" lon="-4.575377">
        <ele>821.166593</ele>
        <time>2026-05-22T14:36:36.000Z</time>
      </trkpt>
      <trkpt lat="36.977160" lon="-4.575379">
        <ele>821.131975</ele>
        <time>2026-05-22T14:36:37.000Z</time>
      </trkpt>
      <trkpt lat="36.977168" lon="-4.575380">
        <ele>820.984315</ele>
        <time>2026-05-22T14:36:42.000Z</time>
      </trkpt>
      <trkpt lat="36.977162" lon="-4.575400">
        <ele>820.670862</ele>
        <time>2026-05-22T14:36:45.000Z</time>
      </trkpt>
      <trkpt lat="36.977142" lon="-4.575446">
        <ele>819.926598</ele>
        <time>2026-05-22T14:36:51.000Z</time>
      </trkpt>
      <trkpt lat="36.977133" lon="-4.575459">
        <ele>819.721515</ele>
        <time>2026-05-22T14:36:54.000Z</time>
      </trkpt>
      <trkpt lat="36.977128" lon="-4.575463">
        <ele>819.632962</ele>
        <time>2026-05-22T14:36:55.000Z</time>
      </trkpt>
      <trkpt lat="36.977129" lon="-4.575466">
        <ele>819.594208</ele>
        <time>2026-05-22T14:37:03.000Z</time>
      </trkpt>
      <trkpt lat="36.977133" lon="-4.575466">
        <ele>819.534515</ele>
        <time>2026-05-22T14:37:05.000Z</time>
      </trkpt>
      <trkpt lat="36.977132" lon="-4.575467">
        <ele>819.515414</ele>
        <time>2026-05-22T14:37:07.000Z</time>
      </trkpt>
      <trkpt lat="36.977103" lon="-4.575503">
        <ele>818.905910</ele>
        <time>2026-05-22T14:37:12.000Z</time>
      </trkpt>
      <trkpt lat="36.977076" lon="-4.575533">
        <ele>818.367144</ele>
        <time>2026-05-22T14:37:20.000Z</time>
      </trkpt>
      <trkpt lat="36.977075" lon="-4.575537">
        <ele>818.317176</ele>
        <time>2026-05-22T14:37:21.000Z</time>
      </trkpt>
      <trkpt lat="36.977075" lon="-4.575568">
        <ele>817.947599</ele>
        <time>2026-05-22T14:37:26.000Z</time>
      </trkpt>
      <trkpt lat="36.977075" lon="-4.575571">
        <ele>817.911833</ele>
        <time>2026-05-22T14:37:27.000Z</time>
      </trkpt>
      <trkpt lat="36.977077" lon="-4.575574">
        <ele>817.865250</ele>
        <time>2026-05-22T14:37:28.000Z</time>
      </trkpt>
      <trkpt lat="36.977137" lon="-4.575568">
        <ele>816.967001</ele>
        <time>2026-05-22T14:37:36.000Z</time>
      </trkpt>
      <trkpt lat="36.977120" lon="-4.575561">
        <ele>816.699932</ele>
        <time>2026-05-22T14:37:43.000Z</time>
      </trkpt>
      <trkpt lat="36.977142" lon="-4.575558">
        <ele>816.369677</ele>
        <time>2026-05-22T14:37:46.000Z</time>
      </trkpt>
      <trkpt lat="36.977174" lon="-4.575546">
        <ele>815.871164</ele>
        <time>2026-05-22T14:37:49.000Z</time>
      </trkpt>
      <trkpt lat="36.977191" lon="-4.575517">
        <ele>815.442336</ele>
        <time>2026-05-22T14:37:56.000Z</time>
      </trkpt>
      <trkpt lat="36.977211" lon="-4.575505">
        <ele>815.111355</ele>
        <time>2026-05-22T14:38:07.000Z</time>
      </trkpt>
      <trkpt lat="36.977225" lon="-4.575496">
        <ele>814.876488</ele>
        <time>2026-05-22T14:38:09.000Z</time>
      </trkpt>
      <trkpt lat="36.977241" lon="-4.575484">
        <ele>814.598138</ele>
        <time>2026-05-22T14:38:16.000Z</time>
      </trkpt>
      <trkpt lat="36.977261" lon="-4.575470">
        <ele>814.256174</ele>
        <time>2026-05-22T14:38:23.000Z</time>
      </trkpt>
      <trkpt lat="36.977310" lon="-4.575457">
        <ele>813.508690</ele>
        <time>2026-05-22T14:38:30.000Z</time>
      </trkpt>
      <trkpt lat="36.977350" lon="-4.575451">
        <ele>812.907488</ele>
        <time>2026-05-22T14:38:40.000Z</time>
      </trkpt>
      <trkpt lat="36.977354" lon="-4.575447">
        <ele>812.831086</ele>
        <time>2026-05-22T14:38:45.000Z</time>
      </trkpt>
      <trkpt lat="36.977354" lon="-4.575436">
        <ele>812.699946</ele>
        <time>2026-05-22T14:38:47.000Z</time>
      </trkpt>
      <trkpt lat="36.977346" lon="-4.575426">
        <ele>812.531227</ele>
        <time>2026-05-22T14:38:53.000Z</time>
      </trkpt>
      <trkpt lat="36.977343" lon="-4.575413">
        <ele>812.369907</ele>
        <time>2026-05-22T14:38:56.000Z</time>
      </trkpt>
      <trkpt lat="36.977361" lon="-4.575409">
        <ele>812.097088</ele>
        <time>2026-05-22T14:39:00.000Z</time>
      </trkpt>
      <trkpt lat="36.977377" lon="-4.575408">
        <ele>811.858018</ele>
        <time>2026-05-22T14:39:03.000Z</time>
      </trkpt>
      <trkpt lat="36.977386" lon="-4.575407">
        <ele>811.723181</ele>
        <time>2026-05-22T14:39:04.000Z</time>
      </trkpt>
      <trkpt lat="36.977398" lon="-4.575405">
        <ele>811.542521</ele>
        <time>2026-05-22T14:39:06.000Z</time>
      </trkpt>
      <trkpt lat="36.977408" lon="-4.575413">
        <ele>811.365414</ele>
        <time>2026-05-22T14:39:09.000Z</time>
      </trkpt>
      <trkpt lat="36.977408" lon="-4.575415">
        <ele>811.341571</ele>
        <time>2026-05-22T14:39:10.000Z</time>
      </trkpt>
      <trkpt lat="36.977408" lon="-4.575411">
        <ele>811.293884</ele>
        <time>2026-05-22T14:39:13.000Z</time>
      </trkpt>
      <trkpt lat="36.977408" lon="-4.575401">
        <ele>811.174666</ele>
        <time>2026-05-22T14:39:17.000Z</time>
      </trkpt>
      <trkpt lat="36.977411" lon="-4.575399">
        <ele>811.123942</ele>
        <time>2026-05-22T14:39:18.000Z</time>
      </trkpt>
      <trkpt lat="36.977437" lon="-4.575360">
        <ele>810.518363</ele>
        <time>2026-05-22T14:39:25.000Z</time>
      </trkpt>
      <trkpt lat="36.977446" lon="-4.575346">
        <ele>810.304129</ele>
        <time>2026-05-22T14:39:27.000Z</time>
      </trkpt>
      <trkpt lat="36.977448" lon="-4.575327">
        <ele>810.075657</ele>
        <time>2026-05-22T14:39:31.000Z</time>
      </trkpt>
      <trkpt lat="36.977440" lon="-4.575306">
        <ele>809.798290</ele>
        <time>2026-05-22T14:39:36.000Z</time>
      </trkpt>
      <trkpt lat="36.977447" lon="-4.575316">
        <ele>809.639780</ele>
        <time>2026-05-22T14:39:41.000Z</time>
      </trkpt>
      <trkpt lat="36.977457" lon="-4.575323">
        <ele>809.468799</ele>
        <time>2026-05-22T14:39:44.000Z</time>
      </trkpt>
      <trkpt lat="36.977486" lon="-4.575357">
        <ele>808.875844</ele>
        <time>2026-05-22T14:39:52.000Z</time>
      </trkpt>
      <trkpt lat="36.977500" lon="-4.575402">
        <ele>808.300117</ele>
        <time>2026-05-22T14:39:57.000Z</time>
      </trkpt>
      <trkpt lat="36.977504" lon="-4.575410">
        <ele>808.187603</ele>
        <time>2026-05-22T14:39:59.000Z</time>
      </trkpt>
      <trkpt lat="36.977520" lon="-4.575416">
        <ele>807.938346</ele>
        <time>2026-05-22T14:40:07.000Z</time>
      </trkpt>
      <trkpt lat="36.977517" lon="-4.575372">
        <ele>807.411881</ele>
        <time>2026-05-22T14:40:18.000Z</time>
      </trkpt>
      <trkpt lat="36.977527" lon="-4.575382">
        <ele>807.220875</ele>
        <time>2026-05-22T14:40:24.000Z</time>
      </trkpt>
      <trkpt lat="36.977524" lon="-4.575410">
        <ele>806.884076</ele>
        <time>2026-05-22T14:40:26.000Z</time>
      </trkpt>
      <trkpt lat="36.977520" lon="-4.575421">
        <ele>806.739990</ele>
        <time>2026-05-22T14:40:27.000Z</time>
      </trkpt>
      <trkpt lat="36.977508" lon="-4.575503">
        <ele>805.746136</ele>
        <time>2026-05-22T14:40:34.000Z</time>
      </trkpt>
      <trkpt lat="36.977489" lon="-4.575560">
        <ele>805.009812</ele>
        <time>2026-05-22T14:40:40.000Z</time>
      </trkpt>
      <trkpt lat="36.977486" lon="-4.575565">
        <ele>804.935263</ele>
        <time>2026-05-22T14:40:42.000Z</time>
      </trkpt>
      <trkpt lat="36.977476" lon="-4.575612">
        <ele>804.355407</ele>
        <time>2026-05-22T14:40:46.000Z</time>
      </trkpt>
      <trkpt lat="36.977471" lon="-4.575625">
        <ele>804.183397</ele>
        <time>2026-05-22T14:40:47.000Z</time>
      </trkpt>
      <trkpt lat="36.977459" lon="-4.575634">
        <ele>803.974634</ele>
        <time>2026-05-22T14:40:49.000Z</time>
      </trkpt>
      <trkpt lat="36.977444" lon="-4.575652">
        <ele>803.664540</ele>
        <time>2026-05-22T14:40:52.000Z</time>
      </trkpt>
      <trkpt lat="36.977434" lon="-4.575658">
        <ele>803.499050</ele>
        <time>2026-05-22T14:40:54.000Z</time>
      </trkpt>
      <trkpt lat="36.977422" lon="-4.575695">
        <ele>803.022978</ele>
        <time>2026-05-22T14:41:01.000Z</time>
      </trkpt>
      <trkpt lat="36.977418" lon="-4.575699">
        <ele>802.946576</ele>
        <time>2026-05-22T14:41:02.000Z</time>
      </trkpt>
      <trkpt lat="36.977386" lon="-4.575746">
        <ele>802.210361</ele>
        <time>2026-05-22T14:41:10.000Z</time>
      </trkpt>
      <trkpt lat="36.977367" lon="-4.575780">
        <ele>801.715691</ele>
        <time>2026-05-22T14:41:16.000Z</time>
      </trkpt>
      <trkpt lat="36.977352" lon="-4.575794">
        <ele>801.436468</ele>
        <time>2026-05-22T14:41:19.000Z</time>
      </trkpt>
      <trkpt lat="36.977342" lon="-4.575806">
        <ele>801.229738</ele>
        <time>2026-05-22T14:41:22.000Z</time>
      </trkpt>
      <trkpt lat="36.977342" lon="-4.575810">
        <ele>801.182051</ele>
        <time>2026-05-22T14:41:23.000Z</time>
      </trkpt>
      <trkpt lat="36.977327" lon="-4.575842">
        <ele>800.739729</ele>
        <time>2026-05-22T14:41:26.000Z</time>
      </trkpt>
      <trkpt lat="36.977313" lon="-4.575866">
        <ele>800.385445</ele>
        <time>2026-05-22T14:41:30.000Z</time>
      </trkpt>
      <trkpt lat="36.977296" lon="-4.575925">
        <ele>799.637706</ele>
        <time>2026-05-22T14:41:39.000Z</time>
      </trkpt>
      <trkpt lat="36.977274" lon="-4.575975">
        <ele>798.957181</ele>
        <time>2026-05-22T14:41:48.000Z</time>
      </trkpt>
      <trkpt lat="36.977272" lon="-4.576001">
        <ele>798.645780</ele>
        <time>2026-05-22T14:41:53.000Z</time>
      </trkpt>
      <trkpt lat="36.977251" lon="-4.576032">
        <ele>798.161220</ele>
        <time>2026-05-22T14:41:57.000Z</time>
      </trkpt>
      <trkpt lat="36.977220" lon="-4.576076">
        <ele>797.461804</ele>
        <time>2026-05-22T14:42:02.000Z</time>
      </trkpt>
      <trkpt lat="36.977213" lon="-4.576086">
        <ele>797.303294</ele>
        <time>2026-05-22T14:42:04.000Z</time>
      </trkpt>
      <trkpt lat="36.977192" lon="-4.576125">
        <ele>796.742587</ele>
        <time>2026-05-22T14:42:11.000Z</time>
      </trkpt>
      <trkpt lat="36.977158" lon="-4.576181">
        <ele>795.904037</ele>
        <time>2026-05-22T14:42:17.000Z</time>
      </trkpt>
      <trkpt lat="36.977150" lon="-4.576191">
        <ele>795.735318</ele>
        <time>2026-05-22T14:42:19.000Z</time>
      </trkpt>
      <trkpt lat="36.977156" lon="-4.576237">
        <ele>795.179651</ele>
        <time>2026-05-22T14:42:26.000Z</time>
      </trkpt>
      <trkpt lat="36.977170" lon="-4.576228">
        <ele>794.944784</ele>
        <time>2026-05-22T14:42:28.000Z</time>
      </trkpt>
      <trkpt lat="36.977197" lon="-4.576220">
        <ele>794.530722</ele>
        <time>2026-05-22T14:42:31.000Z</time>
      </trkpt>
      <trkpt lat="36.977219" lon="-4.576216">
        <ele>794.198965</ele>
        <time>2026-05-22T14:42:36.000Z</time>
      </trkpt>
      <trkpt lat="36.977220" lon="-4.576203">
        <ele>794.043264</ele>
        <time>2026-05-22T14:42:41.000Z</time>
      </trkpt>
      <trkpt lat="36.977232" lon="-4.576188">
        <ele>793.790186</ele>
        <time>2026-05-22T14:42:43.000Z</time>
      </trkpt>
      <trkpt lat="36.977275" lon="-4.576140">
        <ele>792.996124</ele>
        <time>2026-05-22T14:42:48.000Z</time>
      </trkpt>
      <trkpt lat="36.977325" lon="-4.576108">
        <ele>792.370613</ele>
        <time>2026-05-22T14:42:56.000Z</time>
      </trkpt>
      <trkpt lat="36.977371" lon="-4.576076">
        <ele>791.784422</ele>
        <time>2026-05-22T14:43:04.000Z</time>
      </trkpt>
      <trkpt lat="36.977432" lon="-4.576038">
        <ele>791.025467</ele>
        <time>2026-05-22T14:43:12.000Z</time>
      </trkpt>
      <trkpt lat="36.977502" lon="-4.576021">
        <ele>790.231214</ele>
        <time>2026-05-22T14:43:19.000Z</time>
      </trkpt>
      <trkpt lat="36.977523" lon="-4.576018">
        <ele>789.995781</ele>
        <time>2026-05-22T14:43:22.000Z</time>
      </trkpt>
      <trkpt lat="36.977532" lon="-4.576018">
        <ele>789.895532</ele>
        <time>2026-05-22T14:43:24.000Z</time>
      </trkpt>
      <trkpt lat="36.977534" lon="-4.576022">
        <ele>789.853541</ele>
        <time>2026-05-22T14:43:28.000Z</time>
      </trkpt>
      <trkpt lat="36.977525" lon="-4.576020">
        <ele>789.751725</ele>
        <time>2026-05-22T14:43:30.000Z</time>
      </trkpt>
      <trkpt lat="36.977516" lon="-4.576016">
        <ele>789.645345</ele>
        <time>2026-05-22T14:43:32.000Z</time>
      </trkpt>
      <trkpt lat="36.977516" lon="-4.576013">
        <ele>789.618649</ele>
        <time>2026-05-22T14:43:38.000Z</time>
      </trkpt>
      <trkpt lat="36.977551" lon="-4.575995">
        <ele>789.197171</ele>
        <time>2026-05-22T14:43:46.000Z</time>
      </trkpt>
      <trkpt lat="36.977617" lon="-4.575988">
        <ele>788.459378</ele>
        <time>2026-05-22T14:43:53.000Z</time>
      </trkpt>
      <trkpt lat="36.977633" lon="-4.575987">
        <ele>788.280936</ele>
        <time>2026-05-22T14:43:55.000Z</time>
      </trkpt>
      <trkpt lat="36.977657" lon="-4.575980">
        <ele>788.006444</ele>
        <time>2026-05-22T14:43:59.000Z</time>
      </trkpt>
      <trkpt lat="36.977671" lon="-4.575974">
        <ele>787.841615</ele>
        <time>2026-05-22T14:44:01.000Z</time>
      </trkpt>
      <trkpt lat="36.977700" lon="-4.575954">
        <ele>787.472809</ele>
        <time>2026-05-22T14:44:05.000Z</time>
      </trkpt>
      <trkpt lat="36.977722" lon="-4.575937">
        <ele>787.184826</ele>
        <time>2026-05-22T14:44:07.000Z</time>
      </trkpt>
      <trkpt lat="36.977751" lon="-4.575901">
        <ele>786.729892</ele>
        <time>2026-05-22T14:44:13.000Z</time>
      </trkpt>
      <trkpt lat="36.977807" lon="-4.575852">
        <ele>785.968836</ele>
        <time>2026-05-22T14:44:19.000Z</time>
      </trkpt>
      <trkpt lat="36.977811" lon="-4.575846">
        <ele>785.899297</ele>
        <time>2026-05-22T14:44:20.000Z</time>
      </trkpt>
      <trkpt lat="36.977866" lon="-4.575790">
        <ele>785.109592</ele>
        <time>2026-05-22T14:44:26.000Z</time>
      </trkpt>
      <trkpt lat="36.977873" lon="-4.575784">
        <ele>785.015093</ele>
        <time>2026-05-22T14:44:27.000Z</time>
      </trkpt>
      <trkpt lat="36.977904" lon="-4.575756">
        <ele>784.589286</ele>
        <time>2026-05-22T14:44:31.000Z</time>
      </trkpt>
      <trkpt lat="36.977954" lon="-4.575711">
        <ele>783.903339</ele>
        <time>2026-05-22T14:44:39.000Z</time>
      </trkpt>
      <trkpt lat="36.977963" lon="-4.575702">
        <ele>783.775029</ele>
        <time>2026-05-22T14:44:40.000Z</time>
      </trkpt>
      <trkpt lat="36.978044" lon="-4.575638">
        <ele>782.708086</ele>
        <time>2026-05-22T14:44:48.000Z</time>
      </trkpt>
      <trkpt lat="36.978065" lon="-4.575631">
        <ele>782.466021</ele>
        <time>2026-05-22T14:44:53.000Z</time>
      </trkpt>
      <trkpt lat="36.978056" lon="-4.575648">
        <ele>782.284546</ele>
        <time>2026-05-22T14:44:59.000Z</time>
      </trkpt>
      <trkpt lat="36.978064" lon="-4.575644">
        <ele>782.188590</ele>
        <time>2026-05-22T14:45:00.000Z</time>
      </trkpt>
      <trkpt lat="36.978072" lon="-4.575641">
        <ele>782.095567</ele>
        <time>2026-05-22T14:45:03.000Z</time>
      </trkpt>
      <trkpt lat="36.978074" lon="-4.575640">
        <ele>782.071578</ele>
        <time>2026-05-22T14:45:05.000Z</time>
      </trkpt>
      <trkpt lat="36.978078" lon="-4.575642">
        <ele>782.023600</ele>
        <time>2026-05-22T14:45:07.000Z</time>
      </trkpt>
      <trkpt lat="36.978093" lon="-4.575627">
        <ele>781.809749</ele>
        <time>2026-05-22T14:45:09.000Z</time>
      </trkpt>
      <trkpt lat="36.978113" lon="-4.575616">
        <ele>781.566419</ele>
        <time>2026-05-22T14:45:13.000Z</time>
      </trkpt>
      <trkpt lat="36.978159" lon="-4.575574">
        <ele>780.932216</ele>
        <time>2026-05-22T14:45:20.000Z</time>
      </trkpt>
      <trkpt lat="36.978206" lon="-4.575504">
        <ele>780.118544</ele>
        <time>2026-05-22T14:45:28.000Z</time>
      </trkpt>
      <trkpt lat="36.978237" lon="-4.575466">
        <ele>779.635252</ele>
        <time>2026-05-22T14:45:36.000Z</time>
      </trkpt>
      <trkpt lat="36.978227" lon="-4.575475">
        <ele>779.498063</ele>
        <time>2026-05-22T14:45:44.000Z</time>
      </trkpt>
      <trkpt lat="36.978247" lon="-4.575453">
        <ele>779.201495</ele>
        <time>2026-05-22T14:45:49.000Z</time>
      </trkpt>
      <trkpt lat="36.978275" lon="-4.575416">
        <ele>778.747985</ele>
        <time>2026-05-22T14:45:53.000Z</time>
      </trkpt>
      <trkpt lat="36.978293" lon="-4.575394">
        <ele>778.467766</ele>
        <time>2026-05-22T14:45:56.000Z</time>
      </trkpt>
      <trkpt lat="36.978296" lon="-4.575389">
        <ele>778.412123</ele>
        <time>2026-05-22T14:45:57.000Z</time>
      </trkpt>
      <trkpt lat="36.978301" lon="-4.575387">
        <ele>778.353654</ele>
        <time>2026-05-22T14:45:58.000Z</time>
      </trkpt>
      <trkpt lat="36.978306" lon="-4.575382">
        <ele>778.282371</ele>
        <time>2026-05-22T14:45:59.000Z</time>
      </trkpt>
      <trkpt lat="36.978329" lon="-4.575363">
        <ele>777.975421</ele>
        <time>2026-05-22T14:46:02.000Z</time>
      </trkpt>
      <trkpt lat="36.978358" lon="-4.575343">
        <ele>777.606616</ele>
        <time>2026-05-22T14:46:10.000Z</time>
      </trkpt>
      <trkpt lat="36.978341" lon="-4.575293">
        <ele>777.123078</ele>
        <time>2026-05-22T14:46:19.000Z</time>
      </trkpt>
      <trkpt lat="36.978338" lon="-4.575267">
        <ele>776.889320</ele>
        <time>2026-05-22T14:46:29.000Z</time>
      </trkpt>
      <trkpt lat="36.978335" lon="-4.575255">
        <ele>776.777433</ele>
        <time>2026-05-22T14:46:38.000Z</time>
      </trkpt>
      <trkpt lat="36.978338" lon="-4.575267">
        <ele>776.665546</ele>
        <time>2026-05-22T14:46:39.000Z</time>
      </trkpt>
      <trkpt lat="36.978341" lon="-4.575314">
        <ele>776.245991</ele>
        <time>2026-05-22T14:46:46.000Z</time>
      </trkpt>
      <trkpt lat="36.978343" lon="-4.575326">
        <ele>776.136912</ele>
        <time>2026-05-22T14:46:56.000Z</time>
      </trkpt>
      <trkpt lat="36.978363" lon="-4.575302">
        <ele>775.828307</ele>
        <time>2026-05-22T14:47:06.000Z</time>
      </trkpt>
      <trkpt lat="36.978396" lon="-4.575254">
        <ele>775.264794</ele>
        <time>2026-05-22T14:47:12.000Z</time>
      </trkpt>
      <trkpt lat="36.978403" lon="-4.575247">
        <ele>775.164997</ele>
        <time>2026-05-22T14:47:13.000Z</time>
      </trkpt>
      <trkpt lat="36.978454" lon="-4.575193">
        <ele>774.420952</ele>
        <time>2026-05-22T14:47:21.000Z</time>
      </trkpt>
      <trkpt lat="36.978459" lon="-4.575192">
        <ele>774.364552</ele>
        <time>2026-05-22T14:47:22.000Z</time>
      </trkpt>
      <trkpt lat="36.978518" lon="-4.575151">
        <ele>773.612889</ele>
        <time>2026-05-22T14:47:31.000Z</time>
      </trkpt>
      <trkpt lat="36.978521" lon="-4.575146">
        <ele>773.557245</ele>
        <time>2026-05-22T14:47:32.000Z</time>
      </trkpt>
      <trkpt lat="36.978536" lon="-4.575126">
        <ele>773.313138</ele>
        <time>2026-05-22T14:47:36.000Z</time>
      </trkpt>
      <trkpt lat="36.978544" lon="-4.575129">
        <ele>773.220115</ele>
        <time>2026-05-22T14:47:38.000Z</time>
      </trkpt>
      <trkpt lat="36.978555" lon="-4.575125">
        <ele>773.121650</ele>
        <time>2026-05-22T14:47:40.000Z</time>
      </trkpt>
      <trkpt lat="36.978591" lon="-4.575098">
        <ele>772.872425</ele>
        <time>2026-05-22T14:47:45.000Z</time>
      </trkpt>
      <trkpt lat="36.978607" lon="-4.575083">
        <ele>772.753714</ele>
        <time>2026-05-22T14:47:47.000Z</time>
      </trkpt>
      <trkpt lat="36.978660" lon="-4.575051">
        <ele>772.404269</ele>
        <time>2026-05-22T14:47:53.000Z</time>
      </trkpt>
      <trkpt lat="36.978667" lon="-4.575044">
        <ele>772.351063</ele>
        <time>2026-05-22T14:47:54.000Z</time>
      </trkpt>
      <trkpt lat="36.978692" lon="-4.575015">
        <ele>772.148652</ele>
        <time>2026-05-22T14:47:57.000Z</time>
      </trkpt>
      <trkpt lat="36.978720" lon="-4.574997">
        <ele>771.961726</ele>
        <time>2026-05-22T14:48:00.000Z</time>
      </trkpt>
      <trkpt lat="36.978739" lon="-4.574982">
        <ele>771.828327</ele>
        <time>2026-05-22T14:48:03.000Z</time>
      </trkpt>
      <trkpt lat="36.978765" lon="-4.574946">
        <ele>771.598090</ele>
        <time>2026-05-22T14:48:06.000Z</time>
      </trkpt>
      <trkpt lat="36.978792" lon="-4.574922">
        <ele>771.401435</ele>
        <time>2026-05-22T14:48:12.000Z</time>
      </trkpt>
      <trkpt lat="36.978871" lon="-4.574901">
        <ele>770.921824</ele>
        <time>2026-05-22T14:48:19.000Z</time>
      </trkpt>
      <trkpt lat="36.978920" lon="-4.574865">
        <ele>770.584416</ele>
        <time>2026-05-22T14:48:25.000Z</time>
      </trkpt>
      <trkpt lat="36.978930" lon="-4.574856">
        <ele>770.511274</ele>
        <time>2026-05-22T14:48:26.000Z</time>
      </trkpt>
      <trkpt lat="36.978930" lon="-4.574854">
        <ele>770.501786</ele>
        <time>2026-05-22T14:48:32.000Z</time>
      </trkpt>
      <trkpt lat="36.978927" lon="-4.574857">
        <ele>770.478983</ele>
        <time>2026-05-22T14:48:34.000Z</time>
      </trkpt>
      <trkpt lat="36.978930" lon="-4.574857">
        <ele>770.461167</ele>
        <time>2026-05-22T14:48:37.000Z</time>
      </trkpt>
      <trkpt lat="36.978921" lon="-4.574861">
        <ele>770.404451</ele>
        <time>2026-05-22T14:48:39.000Z</time>
      </trkpt>
      <trkpt lat="36.978921" lon="-4.574855">
        <ele>770.375987</ele>
        <time>2026-05-22T14:48:42.000Z</time>
      </trkpt>
      <trkpt lat="36.978915" lon="-4.574852">
        <ele>770.337618</ele>
        <time>2026-05-22T14:48:45.000Z</time>
      </trkpt>
      <trkpt lat="36.978916" lon="-4.574840">
        <ele>770.280380</ele>
        <time>2026-05-22T14:48:48.000Z</time>
      </trkpt>
      <trkpt lat="36.978921" lon="-4.574841">
        <ele>770.250310</ele>
        <time>2026-05-22T14:48:56.000Z</time>
      </trkpt>
      <trkpt lat="36.978923" lon="-4.574844">
        <ele>770.231773</ele>
        <time>2026-05-22T14:48:57.000Z</time>
      </trkpt>
      <trkpt lat="36.978926" lon="-4.574842">
        <ele>770.211588</ele>
        <time>2026-05-22T14:48:59.000Z</time>
      </trkpt>
      <trkpt lat="36.978904" lon="-4.574792">
        <ele>769.940783</ele>
        <time>2026-05-22T14:49:08.000Z</time>
      </trkpt>
      <trkpt lat="36.978898" lon="-4.574785">
        <ele>769.892076</ele>
        <time>2026-05-22T14:49:11.000Z</time>
      </trkpt>
      <trkpt lat="36.978915" lon="-4.574824">
        <ele>769.681305</ele>
        <time>2026-05-22T14:49:15.000Z</time>
      </trkpt>
      <trkpt lat="36.978933" lon="-4.574844">
        <ele>769.538375</ele>
        <time>2026-05-22T14:49:23.000Z</time>
      </trkpt>
      <trkpt lat="36.978925" lon="-4.574826">
        <ele>769.440655</ele>
        <time>2026-05-22T14:49:32.000Z</time>
      </trkpt>
      <trkpt lat="36.978931" lon="-4.574825">
        <ele>769.404709</ele>
        <time>2026-05-22T14:49:39.000Z</time>
      </trkpt>
      <trkpt lat="36.978920" lon="-4.574833">
        <ele>769.329159</ele>
        <time>2026-05-22T14:49:50.000Z</time>
      </trkpt>
      <trkpt lat="36.978960" lon="-4.574815">
        <ele>769.076733</ele>
        <time>2026-05-22T14:49:59.000Z</time>
      </trkpt>
      <trkpt lat="36.978963" lon="-4.574805">
        <ele>769.026057</ele>
        <time>2026-05-22T14:50:00.000Z</time>
      </trkpt>
      <trkpt lat="36.978927" lon="-4.574815">
        <ele>768.807067</ele>
        <time>2026-05-22T14:50:07.000Z</time>
      </trkpt>
      <trkpt lat="36.978918" lon="-4.574842">
        <ele>768.668273</ele>
        <time>2026-05-22T14:50:16.000Z</time>
      </trkpt>
      <trkpt lat="36.978914" lon="-4.574846">
        <ele>768.637869</ele>
        <time>2026-05-22T14:50:18.000Z</time>
      </trkpt>
      <trkpt lat="36.978918" lon="-4.574839">
        <ele>768.597039</ele>
        <time>2026-05-22T14:50:24.000Z</time>
      </trkpt>
      <trkpt lat="36.978915" lon="-4.574820">
        <ele>768.505158</ele>
        <time>2026-05-22T14:50:29.000Z</time>
      </trkpt>
      <trkpt lat="36.978916" lon="-4.574817">
        <ele>768.489736</ele>
        <time>2026-05-22T14:50:30.000Z</time>
      </trkpt>
      <trkpt lat="36.978919" lon="-4.574835">
        <ele>768.402504</ele>
        <time>2026-05-22T14:50:37.000Z</time>
      </trkpt>
      <trkpt lat="36.978929" lon="-4.574829">
        <ele>768.336648</ele>
        <time>2026-05-22T14:50:40.000Z</time>
      </trkpt>
      <trkpt lat="36.978964" lon="-4.574823">
        <ele>768.126857</ele>
        <time>2026-05-22T14:50:48.000Z</time>
      </trkpt>
      <trkpt lat="36.978969" lon="-4.574827">
        <ele>768.091618</ele>
        <time>2026-05-22T14:50:51.000Z</time>
      </trkpt>
      <trkpt lat="36.978945" lon="-4.574831">
        <ele>767.947834</ele>
        <time>2026-05-22T14:50:58.000Z</time>
      </trkpt>
      <trkpt lat="36.978948" lon="-4.574824">
        <ele>767.910149</ele>
        <time>2026-05-22T14:51:07.000Z</time>
      </trkpt>
      <trkpt lat="36.978948" lon="-4.574822">
        <ele>767.900660</ele>
        <time>2026-05-22T14:51:10.000Z</time>
      </trkpt>
      <trkpt lat="36.978945" lon="-4.574813">
        <ele>767.854396</ele>
        <time>2026-05-22T14:51:17.000Z</time>
      </trkpt>
      <trkpt lat="36.978985" lon="-4.574733">
        <ele>767.406659</ele>
        <time>2026-05-22T14:51:25.000Z</time>
      </trkpt>
      <trkpt lat="36.978992" lon="-4.574730">
        <ele>767.362720</ele>
        <time>2026-05-22T14:51:27.000Z</time>
      </trkpt>
      <trkpt lat="36.978997" lon="-4.574731">
        <ele>767.332651</ele>
        <time>2026-05-22T14:51:31.000Z</time>
      </trkpt>
      <trkpt lat="36.979003" lon="-4.574719">
        <ele>767.265490</ele>
        <time>2026-05-22T14:51:36.000Z</time>
      </trkpt>
      <trkpt lat="36.979002" lon="-4.574714">
        <ele>767.241038</ele>
        <time>2026-05-22T14:51:37.000Z</time>
      </trkpt>
      <trkpt lat="36.979009" lon="-4.574693">
        <ele>767.133087</ele>
        <time>2026-05-22T14:51:40.000Z</time>
      </trkpt>
      <trkpt lat="36.979058" lon="-4.574626">
        <ele>766.702149</ele>
        <time>2026-05-22T14:51:48.000Z</time>
      </trkpt>
      <trkpt lat="36.979097" lon="-4.574600">
        <ele>766.439746</ele>
        <time>2026-05-22T14:51:52.000Z</time>
      </trkpt>
      <trkpt lat="36.979102" lon="-4.574590">
        <ele>766.383779</ele>
        <time>2026-05-22T14:51:56.000Z</time>
      </trkpt>
      <trkpt lat="36.979092" lon="-4.574595">
        <ele>766.319831</ele>
        <time>2026-05-22T14:52:00.000Z</time>
      </trkpt>
      <trkpt lat="36.979092" lon="-4.574594">
        <ele>766.315087</ele>
        <time>2026-05-22T14:52:01.000Z</time>
      </trkpt>
      <trkpt lat="36.979093" lon="-4.574591">
        <ele>766.299666</ele>
        <time>2026-05-22T14:52:02.000Z</time>
      </trkpt>
      <trkpt lat="36.979096" lon="-4.574590">
        <ele>766.281229</ele>
        <time>2026-05-22T14:52:03.000Z</time>
      </trkpt>
      <trkpt lat="36.979099" lon="-4.574588">
        <ele>766.261044</ele>
        <time>2026-05-22T14:52:05.000Z</time>
      </trkpt>
      <trkpt lat="36.979104" lon="-4.574590">
        <ele>766.229872</ele>
        <time>2026-05-22T14:52:09.000Z</time>
      </trkpt>
      <trkpt lat="36.979096" lon="-4.574595">
        <ele>766.176771</ele>
        <time>2026-05-22T14:52:12.000Z</time>
      </trkpt>
      <trkpt lat="36.979090" lon="-4.574596">
        <ele>766.140825</ele>
        <time>2026-05-22T14:52:15.000Z</time>
      </trkpt>
      <trkpt lat="36.979092" lon="-4.574596">
        <ele>766.128948</ele>
        <time>2026-05-22T14:52:16.000Z</time>
      </trkpt>
      <trkpt lat="36.979107" lon="-4.574581">
        <ele>766.014935</ele>
        <time>2026-05-22T14:52:19.000Z</time>
      </trkpt>
      <trkpt lat="36.979135" lon="-4.574558">
        <ele>765.816050</ele>
        <time>2026-05-22T14:52:22.000Z</time>
      </trkpt>
      <trkpt lat="36.979144" lon="-4.574551">
        <ele>765.753126</ele>
        <time>2026-05-22T14:52:23.000Z</time>
      </trkpt>
      <trkpt lat="36.979286" lon="-4.574492">
        <ele>764.864606</ele>
        <time>2026-05-22T14:52:37.000Z</time>
      </trkpt>
      <trkpt lat="36.979348" lon="-4.574464">
        <ele>764.473184</ele>
        <time>2026-05-22T14:52:43.000Z</time>
      </trkpt>
      <trkpt lat="36.979393" lon="-4.574445">
        <ele>764.191155</ele>
        <time>2026-05-22T14:52:47.000Z</time>
      </trkpt>
      <trkpt lat="36.979426" lon="-4.574430">
        <ele>763.982661</ele>
        <time>2026-05-22T14:52:50.000Z</time>
      </trkpt>
      <trkpt lat="36.979460" lon="-4.574422">
        <ele>763.777213</ele>
        <time>2026-05-22T14:52:53.000Z</time>
      </trkpt>
      <trkpt lat="36.979486" lon="-4.574420">
        <ele>763.622518</ele>
        <time>2026-05-22T14:52:55.000Z</time>
      </trkpt>
      <trkpt lat="36.979560" lon="-4.574397">
        <ele>763.169718</ele>
        <time>2026-05-22T14:53:03.000Z</time>
      </trkpt>
      <trkpt lat="36.979581" lon="-4.574377">
        <ele>763.013018</ele>
        <time>2026-05-22T14:53:05.000Z</time>
      </trkpt>
      <trkpt lat="36.979633" lon="-4.574354">
        <ele>762.685500</ele>
        <time>2026-05-22T14:53:10.000Z</time>
      </trkpt>
      <trkpt lat="36.979724" lon="-4.574319">
        <ele>761.903065</ele>
        <time>2026-05-22T14:53:18.000Z</time>
      </trkpt>
      <trkpt lat="36.979763" lon="-4.574308">
        <ele>761.519788</ele>
        <time>2026-05-22T14:53:25.000Z</time>
      </trkpt>
      <trkpt lat="36.979836" lon="-4.574281">
        <ele>760.790006</ele>
        <time>2026-05-22T14:53:32.000Z</time>
      </trkpt>
      <trkpt lat="36.979843" lon="-4.574277">
        <ele>760.716233</ele>
        <time>2026-05-22T14:53:33.000Z</time>
      </trkpt>
      <trkpt lat="36.979874" lon="-4.574260">
        <ele>760.391760</ele>
        <time>2026-05-22T14:53:37.000Z</time>
      </trkpt>
      <trkpt lat="36.979902" lon="-4.574244">
        <ele>760.096669</ele>
        <time>2026-05-22T14:53:40.000Z</time>
      </trkpt>
      <trkpt lat="36.979969" lon="-4.574221">
        <ele>759.430606</ele>
        <time>2026-05-22T14:53:47.000Z</time>
      </trkpt>
      <trkpt lat="36.980019" lon="-4.574194">
        <ele>758.908542</ele>
        <time>2026-05-22T14:53:52.000Z</time>
      </trkpt>
      <trkpt lat="36.980027" lon="-4.574192">
        <ele>758.830329</ele>
        <time>2026-05-22T14:53:53.000Z</time>
      </trkpt>
      <trkpt lat="36.980039" lon="-4.574189">
        <ele>758.713010</ele>
        <time>2026-05-22T14:53:54.000Z</time>
      </trkpt>
      <trkpt lat="36.980061" lon="-4.574170">
        <ele>758.456763</ele>
        <time>2026-05-22T14:53:56.000Z</time>
      </trkpt>
      <trkpt lat="36.980105" lon="-4.574135">
        <ele>757.956959</ele>
        <time>2026-05-22T14:54:00.000Z</time>
      </trkpt>
      <trkpt lat="36.980122" lon="-4.574129">
        <ele>757.787621</ele>
        <time>2026-05-22T14:54:02.000Z</time>
      </trkpt>
      <trkpt lat="36.980181" lon="-4.574112">
        <ele>757.207180</ele>
        <time>2026-05-22T14:54:07.000Z</time>
      </trkpt>
      <trkpt lat="36.980265" lon="-4.574064">
        <ele>756.321910</ele>
        <time>2026-05-22T14:54:14.000Z</time>
      </trkpt>
      <trkpt lat="36.980342" lon="-4.574010">
        <ele>755.475735</ele>
        <time>2026-05-22T14:54:22.000Z</time>
      </trkpt>
      <trkpt lat="36.980430" lon="-4.573974">
        <ele>754.588145</ele>
        <time>2026-05-22T14:54:30.000Z</time>
      </trkpt>
      <trkpt lat="36.980445" lon="-4.573977">
        <ele>754.442512</ele>
        <time>2026-05-22T14:54:33.000Z</time>
      </trkpt>
      <trkpt lat="36.980481" lon="-4.573958">
        <ele>754.067948</ele>
        <time>2026-05-22T14:54:38.000Z</time>
      </trkpt>
      <trkpt lat="36.980488" lon="-4.573955">
        <ele>753.997013</ele>
        <time>2026-05-22T14:54:39.000Z</time>
      </trkpt>
      <trkpt lat="36.980547" lon="-4.573909">
        <ele>753.330624</ele>
        <time>2026-05-22T14:54:45.000Z</time>
      </trkpt>
      <trkpt lat="36.980578" lon="-4.573899">
        <ele>753.023708</ele>
        <time>2026-05-22T14:54:48.000Z</time>
      </trkpt>
      <trkpt lat="36.980632" lon="-4.573868">
        <ele>752.454151</ele>
        <time>2026-05-22T14:54:54.000Z</time>
      </trkpt>
      <trkpt lat="36.980684" lon="-4.573842">
        <ele>751.917316</ele>
        <time>2026-05-22T14:55:00.000Z</time>
      </trkpt>
      <trkpt lat="36.980706" lon="-4.573830">
        <ele>751.687243</ele>
        <time>2026-05-22T14:55:02.000Z</time>
      </trkpt>
      <trkpt lat="36.980739" lon="-4.573815">
        <ele>751.350651</ele>
        <time>2026-05-22T14:55:05.000Z</time>
      </trkpt>
      <trkpt lat="36.980780" lon="-4.573801">
        <ele>750.943211</ele>
        <time>2026-05-22T14:55:10.000Z</time>
      </trkpt>
      <trkpt lat="36.980787" lon="-4.573797">
        <ele>750.869438</ele>
        <time>2026-05-22T14:55:11.000Z</time>
      </trkpt>
      <trkpt lat="36.980872" lon="-4.573763">
        <ele>750.013927</ele>
        <time>2026-05-22T14:55:19.000Z</time>
      </trkpt>
      <trkpt lat="36.980942" lon="-4.573714">
        <ele>749.245019</ele>
        <time>2026-05-22T14:55:26.000Z</time>
      </trkpt>
      <trkpt lat="36.980951" lon="-4.573710">
        <ele>749.153457</ele>
        <time>2026-05-22T14:55:27.000Z</time>
      </trkpt>
      <trkpt lat="36.980999" lon="-4.573689">
        <ele>748.665972</ele>
        <time>2026-05-22T14:55:32.000Z</time>
      </trkpt>
      <trkpt lat="36.981017" lon="-4.573674">
        <ele>748.458660</ele>
        <time>2026-05-22T14:55:34.000Z</time>
      </trkpt>
      <trkpt lat="36.981052" lon="-4.573651">
        <ele>748.079680</ele>
        <time>2026-05-22T14:55:38.000Z</time>
      </trkpt>
      <trkpt lat="36.981130" lon="-4.573641">
        <ele>747.327960</ele>
        <time>2026-05-22T14:55:45.000Z</time>
      </trkpt>
      <trkpt lat="36.981182" lon="-4.573606">
        <ele>746.761928</ele>
        <time>2026-05-22T14:55:49.000Z</time>
      </trkpt>
      <trkpt lat="36.981201" lon="-4.573587">
        <ele>746.528784</ele>
        <time>2026-05-22T14:55:51.000Z</time>
      </trkpt>
      <trkpt lat="36.981254" lon="-4.573539">
        <ele>745.901621</ele>
        <time>2026-05-22T14:55:57.000Z</time>
      </trkpt>
      <trkpt lat="36.981265" lon="-4.573530">
        <ele>745.775634</ele>
        <time>2026-05-22T14:56:00.000Z</time>
      </trkpt>
      <trkpt lat="36.981307" lon="-4.573482">
        <ele>745.230400</ele>
        <time>2026-05-22T14:56:05.000Z</time>
      </trkpt>
      <trkpt lat="36.981317" lon="-4.573474">
        <ele>745.148844</ele>
        <time>2026-05-22T14:56:06.000Z</time>
      </trkpt>
      <trkpt lat="36.981355" lon="-4.573441">
        <ele>744.832154</ele>
        <time>2026-05-22T14:56:10.000Z</time>
      </trkpt>
      <trkpt lat="36.981363" lon="-4.573429">
        <ele>744.746657</ele>
        <time>2026-05-22T14:56:11.000Z</time>
      </trkpt>
      <trkpt lat="36.981403" lon="-4.573356">
        <ele>744.262431</ele>
        <time>2026-05-22T14:56:16.000Z</time>
      </trkpt>
      <trkpt lat="36.981427" lon="-4.573332">
        <ele>744.052090</ele>
        <time>2026-05-22T14:56:20.000Z</time>
      </trkpt>
      <trkpt lat="36.981435" lon="-4.573321">
        <ele>743.970718</ele>
        <time>2026-05-22T14:56:21.000Z</time>
      </trkpt>
      <trkpt lat="36.981464" lon="-4.573258">
        <ele>743.572984</ele>
        <time>2026-05-22T14:56:25.000Z</time>
      </trkpt>
      <trkpt lat="36.981475" lon="-4.573226">
        <ele>743.382424</ele>
        <time>2026-05-22T14:56:27.000Z</time>
      </trkpt>
      <trkpt lat="36.981481" lon="-4.573216">
        <ele>743.314012</ele>
        <time>2026-05-22T14:56:34.000Z</time>
      </trkpt>
      <trkpt lat="36.981477" lon="-4.573225">
        <ele>743.257675</ele>
        <time>2026-05-22T14:56:35.000Z</time>
      </trkpt>
      <trkpt lat="36.981474" lon="-4.573232">
        <ele>743.214222</ele>
        <time>2026-05-22T14:56:36.000Z</time>
      </trkpt>
      <trkpt lat="36.981464" lon="-4.573241">
        <ele>743.129886</ele>
        <time>2026-05-22T14:56:41.000Z</time>
      </trkpt>
      <trkpt lat="36.981465" lon="-4.573234">
        <ele>743.090988</ele>
        <time>2026-05-22T14:56:43.000Z</time>
      </trkpt>
      <trkpt lat="36.981460" lon="-4.573234">
        <ele>743.056750</ele>
        <time>2026-05-22T14:56:50.000Z</time>
      </trkpt>
      <trkpt lat="36.981462" lon="-4.573225">
        <ele>743.005650</ele>
        <time>2026-05-22T14:56:52.000Z</time>
      </trkpt>
      <trkpt lat="36.981471" lon="-4.573214">
        <ele>742.919519</ele>
        <time>2026-05-22T14:56:57.000Z</time>
      </trkpt>
      <trkpt lat="36.981465" lon="-4.573216">
        <ele>742.877002</ele>
        <time>2026-05-22T14:57:00.000Z</time>
      </trkpt>
      <trkpt lat="36.981458" lon="-4.573221">
        <ele>742.821815</ele>
        <time>2026-05-22T14:57:01.000Z</time>
      </trkpt>
      <trkpt lat="36.981444" lon="-4.573234">
        <ele>742.702453</ele>
        <time>2026-05-22T14:57:03.000Z</time>
      </trkpt>
      <trkpt lat="36.981444" lon="-4.573233">
        <ele>742.696983</ele>
        <time>2026-05-22T14:57:04.000Z</time>
      </trkpt>
      <trkpt lat="36.981473" lon="-4.573233">
        <ele>742.498403</ele>
        <time>2026-05-22T14:57:07.000Z</time>
      </trkpt>
      <trkpt lat="36.981479" lon="-4.573227">
        <ele>742.445818</ele>
        <time>2026-05-22T14:57:10.000Z</time>
      </trkpt>
      <trkpt lat="36.981478" lon="-4.573227">
        <ele>742.438971</ele>
        <time>2026-05-22T14:57:14.000Z</time>
      </trkpt>
      <trkpt lat="36.981478" lon="-4.573223">
        <ele>742.417091</ele>
        <time>2026-05-22T14:57:18.000Z</time>
      </trkpt>
      <trkpt lat="36.981463" lon="-4.573233">
        <ele>742.300719</ele>
        <time>2026-05-22T14:57:26.000Z</time>
      </trkpt>
      <trkpt lat="36.981441" lon="-4.573230">
        <ele>742.149181</ele>
        <time>2026-05-22T14:57:32.000Z</time>
      </trkpt>
      <trkpt lat="36.981445" lon="-4.573220">
        <ele>742.088006</ele>
        <time>2026-05-22T14:57:36.000Z</time>
      </trkpt>
      <trkpt lat="36.981449" lon="-4.573219">
        <ele>742.060075</ele>
        <time>2026-05-22T14:57:38.000Z</time>
      </trkpt>
      <trkpt lat="36.981454" lon="-4.573221">
        <ele>742.024132</ele>
        <time>2026-05-22T14:57:39.000Z</time>
      </trkpt>
      <trkpt lat="36.981453" lon="-4.573226">
        <ele>741.995937</ele>
        <time>2026-05-22T14:57:41.000Z</time>
      </trkpt>
      <trkpt lat="36.981456" lon="-4.573236">
        <ele>741.937506</ele>
        <time>2026-05-22T14:57:48.000Z</time>
      </trkpt>
      <trkpt lat="36.981456" lon="-4.573237">
        <ele>741.932036</ele>
        <time>2026-05-22T14:57:50.000Z</time>
      </trkpt>
      <trkpt lat="36.981460" lon="-4.573238">
        <ele>741.904105</ele>
        <time>2026-05-22T14:57:52.000Z</time>
      </trkpt>
      <trkpt lat="36.981463" lon="-4.573235">
        <ele>741.877813</ele>
        <time>2026-05-22T14:57:54.000Z</time>
      </trkpt>
      <trkpt lat="36.981463" lon="-4.573234">
        <ele>741.872343</ele>
        <time>2026-05-22T14:57:55.000Z</time>
      </trkpt>
      <trkpt lat="36.981458" lon="-4.573241">
        <ele>741.820977</ele>
        <time>2026-05-22T14:57:57.000Z</time>
      </trkpt>
      <trkpt lat="36.981458" lon="-4.573245">
        <ele>741.799097</ele>
        <time>2026-05-22T14:57:59.000Z</time>
      </trkpt>
      <trkpt lat="36.981455" lon="-4.573253">
        <ele>741.750755</ele>
        <time>2026-05-22T14:58:02.000Z</time>
      </trkpt>
      <trkpt lat="36.981452" lon="-4.573254">
        <ele>741.729496</ele>
        <time>2026-05-22T14:58:06.000Z</time>
      </trkpt>
      <trkpt lat="36.981451" lon="-4.573255">
        <ele>741.720732</ele>
        <time>2026-05-22T14:58:08.000Z</time>
      </trkpt>
      <trkpt lat="36.981450" lon="-4.573248">
        <ele>741.681834</ele>
        <time>2026-05-22T14:58:12.000Z</time>
      </trkpt>
      <trkpt lat="36.981455" lon="-4.573234">
        <ele>741.597948</ele>
        <time>2026-05-22T14:58:16.000Z</time>
      </trkpt>
      <trkpt lat="36.981467" lon="-4.573224">
        <ele>741.499235</ele>
        <time>2026-05-22T14:58:28.000Z</time>
      </trkpt>
      <trkpt lat="36.981439" lon="-4.573235">
        <ele>741.298283</ele>
        <time>2026-05-22T14:58:36.000Z</time>
      </trkpt>
      <trkpt lat="36.981438" lon="-4.573238">
        <ele>741.280501</ele>
        <time>2026-05-22T14:58:40.000Z</time>
      </trkpt>
      <trkpt lat="36.981448" lon="-4.573238">
        <ele>741.212026</ele>
        <time>2026-05-22T14:58:46.000Z</time>
      </trkpt>
      <trkpt lat="36.981451" lon="-4.573243">
        <ele>741.177820</ele>
        <time>2026-05-22T14:58:49.000Z</time>
      </trkpt>
      <trkpt lat="36.981452" lon="-4.573244">
        <ele>741.169056</ele>
        <time>2026-05-22T14:58:50.000Z</time>
      </trkpt>
      <trkpt lat="36.981451" lon="-4.573245">
        <ele>741.160291</ele>
        <time>2026-05-22T14:58:57.000Z</time>
      </trkpt>
      <trkpt lat="36.981451" lon="-4.573244">
        <ele>741.154821</ele>
        <time>2026-05-22T14:59:05.000Z</time>
      </trkpt>
      <trkpt lat="36.981470" lon="-4.573235">
        <ele>741.015714</ele>
        <time>2026-05-22T14:59:11.000Z</time>
      </trkpt>
      <trkpt lat="36.981478" lon="-4.573235">
        <ele>740.960934</ele>
        <time>2026-05-22T14:59:19.000Z</time>
      </trkpt>
      <trkpt lat="36.981470" lon="-4.573237">
        <ele>740.905071</ele>
        <time>2026-05-22T14:59:24.000Z</time>
      </trkpt>
      <trkpt lat="36.981469" lon="-4.573234">
        <ele>740.887290</ele>
        <time>2026-05-22T14:59:25.000Z</time>
      </trkpt>
      <trkpt lat="36.981464" lon="-4.573238">
        <ele>740.846657</ele>
        <time>2026-05-22T14:59:31.000Z</time>
      </trkpt>
      <trkpt lat="36.981457" lon="-4.573243">
        <ele>740.791470</ele>
        <time>2026-05-22T14:59:37.000Z</time>
      </trkpt>
      <trkpt lat="36.981455" lon="-4.573249">
        <ele>740.755907</ele>
        <time>2026-05-22T14:59:41.000Z</time>
      </trkpt>
      <trkpt lat="36.981450" lon="-4.573251">
        <ele>740.719964</ele>
        <time>2026-05-22T14:59:48.000Z</time>
      </trkpt>
      <trkpt lat="36.981460" lon="-4.573227">
        <ele>740.571897</ele>
        <time>2026-05-22T14:59:57.000Z</time>
      </trkpt>
      <trkpt lat="36.981460" lon="-4.573234">
        <ele>740.533607</ele>
        <time>2026-05-22T15:00:00.000Z</time>
      </trkpt>
      <trkpt lat="36.981461" lon="-4.573232">
        <ele>740.520700</ele>
        <time>2026-05-22T15:00:02.000Z</time>
      </trkpt>
      <trkpt lat="36.981471" lon="-4.573221">
        <ele>740.429544</ele>
        <time>2026-05-22T15:00:08.000Z</time>
      </trkpt>
      <trkpt lat="36.981474" lon="-4.573225">
        <ele>740.399532</ele>
        <time>2026-05-22T15:00:10.000Z</time>
      </trkpt>
      <trkpt lat="36.981470" lon="-4.573242">
        <ele>740.302591</ele>
        <time>2026-05-22T15:00:16.000Z</time>
      </trkpt>
      <trkpt lat="36.981464" lon="-4.573243">
        <ele>740.261143</ele>
        <time>2026-05-22T15:00:22.000Z</time>
      </trkpt>
      <trkpt lat="36.981458" lon="-4.573234">
        <ele>740.197021</ele>
        <time>2026-05-22T15:00:27.000Z</time>
      </trkpt>
      <trkpt lat="36.981454" lon="-4.573237">
        <ele>740.165091</ele>
        <time>2026-05-22T15:00:28.000Z</time>
      </trkpt>
      <trkpt lat="36.981448" lon="-4.573239">
        <ele>740.122573</ele>
        <time>2026-05-22T15:00:35.000Z</time>
      </trkpt>
      <trkpt lat="36.981459" lon="-4.573240">
        <ele>740.047052</ele>
        <time>2026-05-22T15:00:40.000Z</time>
      </trkpt>
      <trkpt lat="36.981451" lon="-4.573245">
        <ele>739.985823</ele>
        <time>2026-05-22T15:00:47.000Z</time>
      </trkpt>
      <trkpt lat="36.981450" lon="-4.573246">
        <ele>739.977059</ele>
        <time>2026-05-22T15:00:55.000Z</time>
      </trkpt>
      <trkpt lat="36.981448" lon="-4.573242">
        <ele>739.951246</ele>
        <time>2026-05-22T15:00:56.000Z</time>
      </trkpt>
      <trkpt lat="36.981446" lon="-4.573246">
        <ele>739.925433</ele>
        <time>2026-05-22T15:00:57.000Z</time>
      </trkpt>
      <trkpt lat="36.981449" lon="-4.573243">
        <ele>739.899140</ele>
        <time>2026-05-22T15:00:59.000Z</time>
      </trkpt>
      <trkpt lat="36.981453" lon="-4.573237">
        <ele>739.856392</ele>
        <time>2026-05-22T15:01:01.000Z</time>
      </trkpt>
      <trkpt lat="36.981466" lon="-4.573214">
        <ele>739.702273</ele>
        <time>2026-05-22T15:01:06.000Z</time>
      </trkpt>
      <trkpt lat="36.981457" lon="-4.573229">
        <ele>739.599655</ele>
        <time>2026-05-22T15:01:17.000Z</time>
      </trkpt>
      <trkpt lat="36.981470" lon="-4.573215">
        <ele>739.482229</ele>
        <time>2026-05-22T15:01:25.000Z</time>
      </trkpt>
      <trkpt lat="36.981476" lon="-4.573211">
        <ele>739.435680</ele>
        <time>2026-05-22T15:01:27.000Z</time>
      </trkpt>
      <trkpt lat="36.981477" lon="-4.573215">
        <ele>739.412754</ele>
        <time>2026-05-22T15:01:35.000Z</time>
      </trkpt>
      <trkpt lat="36.981454" lon="-4.573238">
        <ele>739.211177</ele>
        <time>2026-05-22T15:01:41.000Z</time>
      </trkpt>
      <trkpt lat="36.981472" lon="-4.573236">
        <ele>739.087436</ele>
        <time>2026-05-22T15:01:44.000Z</time>
      </trkpt>
      <trkpt lat="36.981479" lon="-4.573236">
        <ele>739.039503</ele>
        <time>2026-05-22T15:01:51.000Z</time>
      </trkpt>
      <trkpt lat="36.981477" lon="-4.573237">
        <ele>739.024756</ele>
        <time>2026-05-22T15:01:54.000Z</time>
      </trkpt>
      <trkpt lat="36.981468" lon="-4.573243">
        <ele>738.954933</ele>
        <time>2026-05-22T15:01:56.000Z</time>
      </trkpt>
      <trkpt lat="36.981455" lon="-4.573240">
        <ele>738.864415</ele>
        <time>2026-05-22T15:02:02.000Z</time>
      </trkpt>
      <trkpt lat="36.981450" lon="-4.573241">
        <ele>738.829743</ele>
        <time>2026-05-22T15:02:03.000Z</time>
      </trkpt>
      <trkpt lat="36.981457" lon="-4.573226">
        <ele>738.734717</ele>
        <time>2026-05-22T15:02:08.000Z</time>
      </trkpt>
      <trkpt lat="36.981465" lon="-4.573218">
        <ele>738.664603</ele>
        <time>2026-05-22T15:02:11.000Z</time>
      </trkpt>
      <trkpt lat="36.981468" lon="-4.573208">
        <ele>738.606172</ele>
        <time>2026-05-22T15:02:13.000Z</time>
      </trkpt>
      <trkpt lat="36.981467" lon="-4.573202">
        <ele>738.572645</ele>
        <time>2026-05-22T15:02:15.000Z</time>
      </trkpt>
      <trkpt lat="36.981458" lon="-4.573207">
        <ele>738.505221</ele>
        <time>2026-05-22T15:02:17.000Z</time>
      </trkpt>
      <trkpt lat="36.981452" lon="-4.573213">
        <ele>738.452636</ele>
        <time>2026-05-22T15:02:22.000Z</time>
      </trkpt>
      <trkpt lat="36.981454" lon="-4.573218">
        <ele>738.422048</ele>
        <time>2026-05-22T15:02:24.000Z</time>
      </trkpt>
      <trkpt lat="36.981456" lon="-4.573222">
        <ele>738.396235</ele>
        <time>2026-05-22T15:02:26.000Z</time>
      </trkpt>
      <trkpt lat="36.981462" lon="-4.573244">
        <ele>738.269074</ele>
        <time>2026-05-22T15:02:31.000Z</time>
      </trkpt>
      <trkpt lat="36.981465" lon="-4.573248">
        <ele>738.239061</ele>
        <time>2026-05-22T15:02:33.000Z</time>
      </trkpt>
      <trkpt lat="36.981463" lon="-4.573252">
        <ele>738.213248</ele>
        <time>2026-05-22T15:02:35.000Z</time>
      </trkpt>
      <trkpt lat="36.981462" lon="-4.573252">
        <ele>738.206401</ele>
        <time>2026-05-22T15:02:36.000Z</time>
      </trkpt>
      <trkpt lat="36.981457" lon="-4.573244">
        <ele>738.150838</ele>
        <time>2026-05-22T15:02:39.000Z</time>
      </trkpt>
      <trkpt lat="36.981460" lon="-4.573213">
        <ele>737.980027</ele>
        <time>2026-05-22T15:02:42.000Z</time>
      </trkpt>
      <trkpt lat="36.981471" lon="-4.573201">
        <ele>737.880115</ele>
        <time>2026-05-22T15:02:44.000Z</time>
      </trkpt>
      <trkpt lat="36.981491" lon="-4.573180">
        <ele>737.701366</ele>
        <time>2026-05-22T15:02:47.000Z</time>
      </trkpt>
      <trkpt lat="36.981509" lon="-4.573160">
        <ele>737.536561</ele>
        <time>2026-05-22T15:02:50.000Z</time>
      </trkpt>
      <trkpt lat="36.981532" lon="-4.573108">
        <ele>737.211427</ele>
        <time>2026-05-22T15:02:58.000Z</time>
      </trkpt>
      <trkpt lat="36.981589" lon="-4.573034">
        <ele>736.649116</ele>
        <time>2026-05-22T15:03:04.000Z</time>
      </trkpt>
      <trkpt lat="36.981606" lon="-4.573011">
        <ele>736.477711</ele>
        <time>2026-05-22T15:03:06.000Z</time>
      </trkpt>
      <trkpt lat="36.981622" lon="-4.572984">
        <ele>736.293819</ele>
        <time>2026-05-22T15:03:09.000Z</time>
      </trkpt>
      <trkpt lat="36.981633" lon="-4.572973">
        <ele>736.197413</ele>
        <time>2026-05-22T15:03:10.000Z</time>
      </trkpt>
      <trkpt lat="36.981679" lon="-4.572919">
        <ele>735.765593</ele>
        <time>2026-05-22T15:03:15.000Z</time>
      </trkpt>
      <trkpt lat="36.981734" lon="-4.572852">
        <ele>735.240086</ele>
        <time>2026-05-22T15:03:22.000Z</time>
      </trkpt>
      <trkpt lat="36.981795" lon="-4.572774">
        <ele>734.642996</ele>
        <time>2026-05-22T15:03:29.000Z</time>
      </trkpt>
      <trkpt lat="36.981824" lon="-4.572728">
        <ele>734.322454</ele>
        <time>2026-05-22T15:03:32.000Z</time>
      </trkpt>
      <trkpt lat="36.981872" lon="-4.572653">
        <ele>733.796773</ele>
        <time>2026-05-22T15:03:38.000Z</time>
      </trkpt>
      <trkpt lat="36.981940" lon="-4.572613">
        <ele>733.282292</ele>
        <time>2026-05-22T15:03:45.000Z</time>
      </trkpt>
      <trkpt lat="36.982014" lon="-4.572577">
        <ele>732.614734</ele>
        <time>2026-05-22T15:03:50.000Z</time>
      </trkpt>
      <trkpt lat="36.982031" lon="-4.572565">
        <ele>732.386120</ele>
        <time>2026-05-22T15:03:52.000Z</time>
      </trkpt>
      <trkpt lat="36.982063" lon="-4.572532">
        <ele>731.900463</ele>
        <time>2026-05-22T15:03:57.000Z</time>
      </trkpt>
      <trkpt lat="36.982096" lon="-4.572519">
        <ele>731.495214</ele>
        <time>2026-05-22T15:04:00.000Z</time>
      </trkpt>
      <trkpt lat="36.982131" lon="-4.572494">
        <ele>731.023181</ele>
        <time>2026-05-22T15:04:03.000Z</time>
      </trkpt>
      <trkpt lat="36.982208" lon="-4.572437">
        <ele>729.975307</ele>
        <time>2026-05-22T15:04:10.000Z</time>
      </trkpt>
      <trkpt lat="36.982274" lon="-4.572389">
        <ele>729.081185</ele>
        <time>2026-05-22T15:04:16.000Z</time>
      </trkpt>
      <trkpt lat="36.982303" lon="-4.572366">
        <ele>728.679043</ele>
        <time>2026-05-22T15:04:19.000Z</time>
      </trkpt>
      <trkpt lat="36.982324" lon="-4.572347">
        <ele>728.375527</ele>
        <time>2026-05-22T15:04:21.000Z</time>
      </trkpt>
      <trkpt lat="36.982344" lon="-4.572329">
        <ele>728.086986</ele>
        <time>2026-05-22T15:04:23.000Z</time>
      </trkpt>
      <trkpt lat="36.982367" lon="-4.572313">
        <ele>727.778760</ele>
        <time>2026-05-22T15:04:25.000Z</time>
      </trkpt>
      <trkpt lat="36.982408" lon="-4.572278">
        <ele>727.197450</ele>
        <time>2026-05-22T15:04:29.000Z</time>
      </trkpt>
      <trkpt lat="36.982450" lon="-4.572253">
        <ele>726.652680</ele>
        <time>2026-05-22T15:04:32.000Z</time>
      </trkpt>
      <trkpt lat="36.982484" lon="-4.572229">
        <ele>726.195453</ele>
        <time>2026-05-22T15:04:35.000Z</time>
      </trkpt>
      <trkpt lat="36.982529" lon="-4.572173">
        <ele>725.452183</ele>
        <time>2026-05-22T15:04:40.000Z</time>
      </trkpt>
      <trkpt lat="36.982545" lon="-4.572153">
        <ele>725.187322</ele>
        <time>2026-05-22T15:04:42.000Z</time>
      </trkpt>
      <trkpt lat="36.982572" lon="-4.572119">
        <ele>724.738713</ele>
        <time>2026-05-22T15:04:46.000Z</time>
      </trkpt>
      <trkpt lat="36.982589" lon="-4.572084">
        <ele>724.355417</ele>
        <time>2026-05-22T15:04:49.000Z</time>
      </trkpt>
      <trkpt lat="36.982610" lon="-4.572060">
        <ele>724.022331</ele>
        <time>2026-05-22T15:04:52.000Z</time>
      </trkpt>
      <trkpt lat="36.982669" lon="-4.572001">
        <ele>723.137772</ele>
        <time>2026-05-22T15:04:58.000Z</time>
      </trkpt>
      <trkpt lat="36.982703" lon="-4.571956">
        <ele>722.558178</ele>
        <time>2026-05-22T15:05:04.000Z</time>
      </trkpt>
      <trkpt lat="36.982746" lon="-4.571895">
        <ele>721.796915</ele>
        <time>2026-05-22T15:05:11.000Z</time>
      </trkpt>
      <trkpt lat="36.982755" lon="-4.571886">
        <ele>721.661983</ele>
        <time>2026-05-22T15:05:12.000Z</time>
      </trkpt>
      <trkpt lat="36.982798" lon="-4.571846">
        <ele>721.034442</ele>
        <time>2026-05-22T15:05:16.000Z</time>
      </trkpt>
      <trkpt lat="36.982849" lon="-4.571805">
        <ele>720.324451</ele>
        <time>2026-05-22T15:05:20.000Z</time>
      </trkpt>
      <trkpt lat="36.982873" lon="-4.571784">
        <ele>719.981449</ele>
        <time>2026-05-22T15:05:22.000Z</time>
      </trkpt>
      <trkpt lat="36.982928" lon="-4.571726">
        <ele>719.139056</ele>
        <time>2026-05-22T15:05:28.000Z</time>
      </trkpt>
      <trkpt lat="36.982947" lon="-4.571705">
        <ele>718.842158</ele>
        <time>2026-05-22T15:05:30.000Z</time>
      </trkpt>
      <trkpt lat="36.982987" lon="-4.571649">
        <ele>718.139214</ele>
        <time>2026-05-22T15:05:35.000Z</time>
      </trkpt>
      <trkpt lat="36.983013" lon="-4.571614">
        <ele>717.691981</ele>
        <time>2026-05-22T15:05:38.000Z</time>
      </trkpt>
      <trkpt lat="36.983023" lon="-4.571599">
        <ele>717.509163</ele>
        <time>2026-05-22T15:05:39.000Z</time>
      </trkpt>
      <trkpt lat="36.983062" lon="-4.571556">
        <ele>716.900392</ele>
        <time>2026-05-22T15:05:42.000Z</time>
      </trkpt>
      <trkpt lat="36.983125" lon="-4.571500">
        <ele>715.995299</ele>
        <time>2026-05-22T15:05:48.000Z</time>
      </trkpt>
      <trkpt lat="36.983162" lon="-4.571467">
        <ele>715.463133</ele>
        <time>2026-05-22T15:05:52.000Z</time>
      </trkpt>
      <trkpt lat="36.983184" lon="-4.571454">
        <ele>715.178159</ele>
        <time>2026-05-22T15:05:54.000Z</time>
      </trkpt>
      <trkpt lat="36.983211" lon="-4.571441">
        <ele>714.839296</ele>
        <time>2026-05-22T15:05:56.000Z</time>
      </trkpt>
      <trkpt lat="36.983248" lon="-4.571395">
        <ele>714.228459</ele>
        <time>2026-05-22T15:06:01.000Z</time>
      </trkpt>
      <trkpt lat="36.983278" lon="-4.571360">
        <ele>713.748091</ele>
        <time>2026-05-22T15:06:04.000Z</time>
      </trkpt>
      <trkpt lat="36.983332" lon="-4.571284">
        <ele>712.796326</ele>
        <time>2026-05-22T15:06:09.000Z</time>
      </trkpt>
      <trkpt lat="36.983396" lon="-4.571192">
        <ele>711.703510</ele>
        <time>2026-05-22T15:06:17.000Z</time>
      </trkpt>
      <trkpt lat="36.983423" lon="-4.571162">
        <ele>711.389638</ele>
        <time>2026-05-22T15:06:20.000Z</time>
      </trkpt>
      <trkpt lat="36.983492" lon="-4.571123">
        <ele>710.731423</ele>
        <time>2026-05-22T15:06:27.000Z</time>
      </trkpt>
      <trkpt lat="36.983518" lon="-4.571110">
        <ele>710.488010</ele>
        <time>2026-05-22T15:06:29.000Z</time>
      </trkpt>
      <trkpt lat="36.983559" lon="-4.571091">
        <ele>710.107906</ele>
        <time>2026-05-22T15:06:32.000Z</time>
      </trkpt>
      <trkpt lat="36.983619" lon="-4.571067">
        <ele>709.560269</ele>
        <time>2026-05-22T15:06:36.000Z</time>
      </trkpt>
      <trkpt lat="36.983643" lon="-4.571063">
        <ele>709.349766</ele>
        <time>2026-05-22T15:06:38.000Z</time>
      </trkpt>
      <trkpt lat="36.983706" lon="-4.571053">
        <ele>708.797643</ele>
        <time>2026-05-22T15:06:42.000Z</time>
      </trkpt>
      <trkpt lat="36.983746" lon="-4.571055">
        <ele>708.449596</ele>
        <time>2026-05-22T15:06:45.000Z</time>
      </trkpt>
      <trkpt lat="36.983808" lon="-4.571024">
        <ele>707.869148</ele>
        <time>2026-05-22T15:06:51.000Z</time>
      </trkpt>
      <trkpt lat="36.983839" lon="-4.571012">
        <ele>707.587035</ele>
        <time>2026-05-22T15:06:53.000Z</time>
      </trkpt>
      <trkpt lat="36.983883" lon="-4.570979">
        <ele>707.141089</ele>
        <time>2026-05-22T15:06:57.000Z</time>
      </trkpt>
      <trkpt lat="36.983959" lon="-4.570947">
        <ele>706.443953</ele>
        <time>2026-05-22T15:07:03.000Z</time>
      </trkpt>
      <trkpt lat="36.983987" lon="-4.570939">
        <ele>706.194255</ele>
        <time>2026-05-22T15:07:05.000Z</time>
      </trkpt>
      <trkpt lat="36.984088" lon="-4.570895">
        <ele>705.264485</ele>
        <time>2026-05-22T15:07:12.000Z</time>
      </trkpt>
      <trkpt lat="36.984111" lon="-4.570882">
        <ele>705.045080</ele>
        <time>2026-05-22T15:07:14.000Z</time>
      </trkpt>
      <trkpt lat="36.984234" lon="-4.570802">
        <ele>703.839970</ele>
        <time>2026-05-22T15:07:25.000Z</time>
      </trkpt>
      <trkpt lat="36.984379" lon="-4.570741">
        <ele>702.510026</ele>
        <time>2026-05-22T15:07:36.000Z</time>
      </trkpt>
      <trkpt lat="36.984444" lon="-4.570713">
        <ele>701.912379</ele>
        <time>2026-05-22T15:07:41.000Z</time>
      </trkpt>
      <trkpt lat="36.984521" lon="-4.570695">
        <ele>701.231351</ele>
        <time>2026-05-22T15:07:47.000Z</time>
      </trkpt>
      <trkpt lat="36.984587" lon="-4.570671">
        <ele>700.633813</ele>
        <time>2026-05-22T15:07:53.000Z</time>
      </trkpt>
      <trkpt lat="36.984602" lon="-4.570666">
        <ele>700.498855</ele>
        <time>2026-05-22T15:07:54.000Z</time>
      </trkpt>
      <trkpt lat="36.984641" lon="-4.570653">
        <ele>700.147966</ele>
        <time>2026-05-22T15:07:57.000Z</time>
      </trkpt>
      <trkpt lat="36.984736" lon="-4.570615">
        <ele>699.280875</ele>
        <time>2026-05-22T15:08:04.000Z</time>
      </trkpt>
      <trkpt lat="36.984747" lon="-4.570606">
        <ele>699.166625</ele>
        <time>2026-05-22T15:08:05.000Z</time>
      </trkpt>
      <trkpt lat="36.984841" lon="-4.570562">
        <ele>698.294105</ele>
        <time>2026-05-22T15:08:13.000Z</time>
      </trkpt>
      <trkpt lat="36.984867" lon="-4.570549">
        <ele>698.050692</ele>
        <time>2026-05-22T15:08:15.000Z</time>
      </trkpt>
      <trkpt lat="36.984940" lon="-4.570524">
        <ele>697.392693</ele>
        <time>2026-05-22T15:08:20.000Z</time>
      </trkpt>
      <trkpt lat="36.985010" lon="-4.570500">
        <ele>696.761684</ele>
        <time>2026-05-22T15:08:25.000Z</time>
      </trkpt>
      <trkpt lat="36.985087" lon="-4.570470">
        <ele>696.125773</ele>
        <time>2026-05-22T15:08:30.000Z</time>
      </trkpt>
      <trkpt lat="36.985112" lon="-4.570460">
        <ele>695.999935</ele>
        <time>2026-05-22T15:08:33.000Z</time>
      </trkpt>
      <trkpt lat="36.985181" lon="-4.570430">
        <ele>695.649715</ele>
        <time>2026-05-22T15:08:39.000Z</time>
      </trkpt>
      <trkpt lat="36.985216" lon="-4.570413">
        <ele>695.469712</ele>
        <time>2026-05-22T15:08:41.000Z</time>
      </trkpt>
      <trkpt lat="36.985284" lon="-4.570379">
        <ele>695.118628</ele>
        <time>2026-05-22T15:08:46.000Z</time>
      </trkpt>
      <trkpt lat="36.985366" lon="-4.570351">
        <ele>694.711099</ele>
        <time>2026-05-22T15:08:52.000Z</time>
      </trkpt>
      <trkpt lat="36.985396" lon="-4.570345">
        <ele>694.565433</ele>
        <time>2026-05-22T15:08:54.000Z</time>
      </trkpt>
      <trkpt lat="36.985487" lon="-4.570314">
        <ele>694.113248</ele>
        <time>2026-05-22T15:09:02.000Z</time>
      </trkpt>
      <trkpt lat="36.985575" lon="-4.570271">
        <ele>693.660312</ele>
        <time>2026-05-22T15:09:09.000Z</time>
      </trkpt>
      <trkpt lat="36.985600" lon="-4.570261">
        <ele>693.534474</ele>
        <time>2026-05-22T15:09:11.000Z</time>
      </trkpt>
      <trkpt lat="36.985680" lon="-4.570231">
        <ele>693.134057</ele>
        <time>2026-05-22T15:09:16.000Z</time>
      </trkpt>
      <trkpt lat="36.985764" lon="-4.570181">
        <ele>692.688093</ele>
        <time>2026-05-22T15:09:23.000Z</time>
      </trkpt>
      <trkpt lat="36.985781" lon="-4.570170">
        <ele>692.596339</ele>
        <time>2026-05-22T15:09:25.000Z</time>
      </trkpt>
      <trkpt lat="36.985877" lon="-4.570137">
        <ele>692.119010</ele>
        <time>2026-05-22T15:09:33.000Z</time>
      </trkpt>
      <trkpt lat="36.985976" lon="-4.570108">
        <ele>691.631511</ele>
        <time>2026-05-22T15:09:41.000Z</time>
      </trkpt>
      <trkpt lat="36.985988" lon="-4.570101">
        <ele>691.568035</ele>
        <time>2026-05-22T15:09:42.000Z</time>
      </trkpt>
      <trkpt lat="36.986041" lon="-4.570081">
        <ele>691.302622</ele>
        <time>2026-05-22T15:09:49.000Z</time>
      </trkpt>
      <trkpt lat="36.986044" lon="-4.570085">
        <ele>691.281608</ele>
        <time>2026-05-22T15:09:52.000Z</time>
      </trkpt>
      <trkpt lat="36.986047" lon="-4.570100">
        <ele>691.222385</ele>
        <time>2026-05-22T15:10:00.000Z</time>
      </trkpt>
      <trkpt lat="36.986041" lon="-4.570072">
        <ele>691.111355</ele>
        <time>2026-05-22T15:10:09.000Z</time>
      </trkpt>
      <trkpt lat="36.986044" lon="-4.570058">
        <ele>691.055840</ele>
        <time>2026-05-22T15:10:12.000Z</time>
      </trkpt>
      <trkpt lat="36.986051" lon="-4.570058">
        <ele>691.022277</ele>
        <time>2026-05-22T15:10:17.000Z</time>
      </trkpt>
      <trkpt lat="36.986056" lon="-4.570070">
        <ele>690.970441</ele>
        <time>2026-05-22T15:10:25.000Z</time>
      </trkpt>
      <trkpt lat="36.986066" lon="-4.570067">
        <ele>690.921137</ele>
        <time>2026-05-22T15:10:29.000Z</time>
      </trkpt>
      <trkpt lat="36.986071" lon="-4.570074">
        <ele>690.885171</ele>
        <time>2026-05-22T15:10:40.000Z</time>
      </trkpt>
      <trkpt lat="36.986058" lon="-4.570070">
        <ele>690.820985</ele>
        <time>2026-05-22T15:10:47.000Z</time>
      </trkpt>
      <trkpt lat="36.986054" lon="-4.570086">
        <ele>690.756775</ele>
        <time>2026-05-22T15:10:50.000Z</time>
      </trkpt>
      <trkpt lat="36.986049" lon="-4.570081">
        <ele>690.726092</ele>
        <time>2026-05-22T15:10:53.000Z</time>
      </trkpt>
      <trkpt lat="36.986055" lon="-4.570068">
        <ele>690.668589</ele>
        <time>2026-05-22T15:11:00.000Z</time>
      </trkpt>
      <trkpt lat="36.986056" lon="-4.570063">
        <ele>690.648848</ele>
        <time>2026-05-22T15:11:06.000Z</time>
      </trkpt>
      <trkpt lat="36.986057" lon="-4.570067">
        <ele>690.632796</ele>
        <time>2026-05-22T15:11:07.000Z</time>
      </trkpt>
      <trkpt lat="36.986052" lon="-4.570086">
        <ele>690.556180</ele>
        <time>2026-05-22T15:11:11.000Z</time>
      </trkpt>
      <trkpt lat="36.986045" lon="-4.570083">
        <ele>690.520705</ele>
        <time>2026-05-22T15:11:19.000Z</time>
      </trkpt>
      <trkpt lat="36.986042" lon="-4.570080">
        <ele>690.502295</ele>
        <time>2026-05-22T15:11:22.000Z</time>
      </trkpt>
      <trkpt lat="36.986045" lon="-4.570083">
        <ele>690.483885</ele>
        <time>2026-05-22T15:11:31.000Z</time>
      </trkpt>
      <trkpt lat="36.986048" lon="-4.570090">
        <ele>690.453461</ele>
        <time>2026-05-22T15:11:41.000Z</time>
      </trkpt>
      <trkpt lat="36.986038" lon="-4.570088">
        <ele>690.404905</ele>
        <time>2026-05-22T15:11:43.000Z</time>
      </trkpt>
      <trkpt lat="36.986033" lon="-4.570080">
        <ele>690.366001</ele>
        <time>2026-05-22T15:11:45.000Z</time>
      </trkpt>
      <trkpt lat="36.986032" lon="-4.570076">
        <ele>690.349949</ele>
        <time>2026-05-22T15:11:46.000Z</time>
      </trkpt>
      <trkpt lat="36.986040" lon="-4.570059">
        <ele>690.274381</ele>
        <time>2026-05-22T15:11:49.000Z</time>
      </trkpt>
      <trkpt lat="36.986052" lon="-4.570057">
        <ele>690.216337</ele>
        <time>2026-05-22T15:11:58.000Z</time>
      </trkpt>
      <trkpt lat="36.986064" lon="-4.570058">
        <ele>690.158673</ele>
        <time>2026-05-22T15:12:07.000Z</time>
      </trkpt>
      <trkpt lat="36.986064" lon="-4.570068">
        <ele>690.120374</ele>
        <time>2026-05-22T15:12:09.000Z</time>
      </trkpt>
      <trkpt lat="36.986045" lon="-4.570107">
        <ele>689.945417</ele>
        <time>2026-05-22T15:12:18.000Z</time>
      </trkpt>
      <trkpt lat="36.986035" lon="-4.570088">
        <ele>689.858272</ele>
        <time>2026-05-22T15:12:24.000Z</time>
      </trkpt>
      <trkpt lat="36.986043" lon="-4.570072">
        <ele>689.785978</ele>
        <time>2026-05-22T15:12:26.000Z</time>
      </trkpt>
      <trkpt lat="36.986050" lon="-4.570069">
        <ele>689.750503</ele>
        <time>2026-05-22T15:12:35.000Z</time>
      </trkpt>
      <trkpt lat="36.986050" lon="-4.570081">
        <ele>689.704544</ele>
        <time>2026-05-22T15:12:42.000Z</time>
      </trkpt>
      <trkpt lat="36.986054" lon="-4.570079">
        <ele>689.683892</ele>
        <time>2026-05-22T15:12:45.000Z</time>
      </trkpt>
      <trkpt lat="36.986057" lon="-4.570086">
        <ele>689.653467</ele>
        <time>2026-05-22T15:12:48.000Z</time>
      </trkpt>
      <trkpt lat="36.986070" lon="-4.570063">
        <ele>689.545556</ele>
        <time>2026-05-22T15:12:56.000Z</time>
      </trkpt>
      <trkpt lat="36.986077" lon="-4.570054">
        <ele>689.497446</ele>
        <time>2026-05-22T15:12:57.000Z</time>
      </trkpt>
      <trkpt lat="36.986144" lon="-4.570018">
        <ele>689.147862</ele>
        <time>2026-05-22T15:13:03.000Z</time>
      </trkpt>
      <trkpt lat="36.986212" lon="-4.569994">
        <ele>688.809112</ele>
        <time>2026-05-22T15:13:08.000Z</time>
      </trkpt>
      <trkpt lat="36.986265" lon="-4.569972">
        <ele>688.541387</ele>
        <time>2026-05-22T15:13:12.000Z</time>
      </trkpt>
      <trkpt lat="36.986316" lon="-4.569958">
        <ele>688.291047</ele>
        <time>2026-05-22T15:13:17.000Z</time>
      </trkpt>
      <trkpt lat="36.986383" lon="-4.569928">
        <ele>687.949872</ele>
        <time>2026-05-22T15:13:22.000Z</time>
      </trkpt>
      <trkpt lat="36.986403" lon="-4.569923">
        <ele>687.852084</ele>
        <time>2026-05-22T15:13:24.000Z</time>
      </trkpt>
      <trkpt lat="36.986415" lon="-4.569918">
        <ele>687.791444</ele>
        <time>2026-05-22T15:13:25.000Z</time>
      </trkpt>
      <trkpt lat="36.986427" lon="-4.569915">
        <ele>687.732772</ele>
        <time>2026-05-22T15:13:26.000Z</time>
      </trkpt>
      <trkpt lat="36.986453" lon="-4.569904">
        <ele>687.601183</ele>
        <time>2026-05-22T15:13:28.000Z</time>
      </trkpt>
      <trkpt lat="36.986479" lon="-4.569895">
        <ele>687.468922</ele>
        <time>2026-05-22T15:13:30.000Z</time>
      </trkpt>
      <trkpt lat="36.986493" lon="-4.569897">
        <ele>687.399569</ele>
        <time>2026-05-22T15:13:31.000Z</time>
      </trkpt>
      <trkpt lat="36.986559" lon="-4.569879">
        <ele>687.067109</ele>
        <time>2026-05-22T15:13:37.000Z</time>
      </trkpt>
      <trkpt lat="36.986576" lon="-4.569871">
        <ele>686.977722</ele>
        <time>2026-05-22T15:13:38.000Z</time>
      </trkpt>
      <trkpt lat="36.986695" lon="-4.569798">
        <ele>686.325487</ele>
        <time>2026-05-22T15:13:48.000Z</time>
      </trkpt>
      <trkpt lat="36.986821" lon="-4.569752">
        <ele>685.679504</ele>
        <time>2026-05-22T15:13:58.000Z</time>
      </trkpt>
      <trkpt lat="36.986904" lon="-4.569707">
        <ele>685.234328</ele>
        <time>2026-05-22T15:14:05.000Z</time>
      </trkpt>
      <trkpt lat="36.986960" lon="-4.569684">
        <ele>684.944251</ele>
        <time>2026-05-22T15:14:09.000Z</time>
      </trkpt>
      <trkpt lat="36.987065" lon="-4.569641">
        <ele>684.400511</ele>
        <time>2026-05-22T15:14:17.000Z</time>
      </trkpt>
      <trkpt lat="36.987103" lon="-4.569628">
        <ele>684.206623</ele>
        <time>2026-05-22T15:14:20.000Z</time>
      </trkpt>
      <trkpt lat="36.987175" lon="-4.569598">
        <ele>683.833139</ele>
        <time>2026-05-22T15:14:26.000Z</time>
      </trkpt>
      <trkpt lat="36.987226" lon="-4.569575">
        <ele>683.566335</ele>
        <time>2026-05-22T15:14:30.000Z</time>
      </trkpt>
      <trkpt lat="36.987407" lon="-4.569501">
        <ele>682.629182</ele>
        <time>2026-05-22T15:14:43.000Z</time>
      </trkpt>
      <trkpt lat="36.987488" lon="-4.569472">
        <ele>682.214530</ele>
        <time>2026-05-22T15:14:48.000Z</time>
      </trkpt>
      <trkpt lat="36.987522" lon="-4.569460">
        <ele>682.040665</ele>
        <time>2026-05-22T15:14:50.000Z</time>
      </trkpt>
      <trkpt lat="36.987547" lon="-4.569455">
        <ele>681.916058</ele>
        <time>2026-05-22T15:14:52.000Z</time>
      </trkpt>
      <trkpt lat="36.987603" lon="-4.569438">
        <ele>681.632448</ele>
        <time>2026-05-22T15:14:58.000Z</time>
      </trkpt>
      <trkpt lat="36.987616" lon="-4.569435">
        <ele>681.567386</ele>
        <time>2026-05-22T15:14:59.000Z</time>
      </trkpt>
      <trkpt lat="36.987730" lon="-4.569379">
        <ele>680.964649</ele>
        <time>2026-05-22T15:15:08.000Z</time>
      </trkpt>
      <trkpt lat="36.987766" lon="-4.569356">
        <ele>680.765724</ele>
        <time>2026-05-22T15:15:11.000Z</time>
      </trkpt>
      <trkpt lat="36.987828" lon="-4.569329">
        <ele>680.442636</ele>
        <time>2026-05-22T15:15:15.000Z</time>
      </trkpt>
      <trkpt lat="36.987841" lon="-4.569326">
        <ele>680.377574</ele>
        <time>2026-05-22T15:15:16.000Z</time>
      </trkpt>
      <trkpt lat="36.987924" lon="-4.569297">
        <ele>679.953450</ele>
        <time>2026-05-22T15:15:23.000Z</time>
      </trkpt>
      <trkpt lat="36.988018" lon="-4.569282">
        <ele>679.487053</ele>
        <time>2026-05-22T15:15:29.000Z</time>
      </trkpt>
      <trkpt lat="36.988071" lon="-4.569246">
        <ele>679.190275</ele>
        <time>2026-05-22T15:15:34.000Z</time>
      </trkpt>
      <trkpt lat="36.988085" lon="-4.569237">
        <ele>679.112816</ele>
        <time>2026-05-22T15:15:35.000Z</time>
      </trkpt>
      <trkpt lat="36.988183" lon="-4.569209">
        <ele>678.718521</ele>
        <time>2026-05-22T15:15:43.000Z</time>
      </trkpt>
      <trkpt lat="36.988282" lon="-4.569164">
        <ele>678.668128</ele>
        <time>2026-05-22T15:15:52.000Z</time>
      </trkpt>
      <trkpt lat="36.988333" lon="-4.569146">
        <ele>678.642776</ele>
        <time>2026-05-22T15:15:56.000Z</time>
      </trkpt>
      <trkpt lat="36.988358" lon="-4.569133">
        <ele>678.629824</ele>
        <time>2026-05-22T15:15:58.000Z</time>
      </trkpt>
      <trkpt lat="36.988405" lon="-4.569118">
        <ele>678.606617</ele>
        <time>2026-05-22T15:16:03.000Z</time>
      </trkpt>
      <trkpt lat="36.988480" lon="-4.569074">
        <ele>678.566988</ele>
        <time>2026-05-22T15:16:09.000Z</time>
      </trkpt>
      <trkpt lat="36.988579" lon="-4.569025">
        <ele>678.516054</ele>
        <time>2026-05-22T15:16:17.000Z</time>
      </trkpt>
      <trkpt lat="36.988675" lon="-4.568993">
        <ele>678.468521</ele>
        <time>2026-05-22T15:16:24.000Z</time>
      </trkpt>
      <trkpt lat="36.988757" lon="-4.568952">
        <ele>678.426275</ele>
        <time>2026-05-22T15:16:31.000Z</time>
      </trkpt>
      <trkpt lat="36.988815" lon="-4.568917">
        <ele>678.395469</ele>
        <time>2026-05-22T15:16:36.000Z</time>
      </trkpt>
      <trkpt lat="36.988842" lon="-4.568899">
        <ele>678.380833</ele>
        <time>2026-05-22T15:16:39.000Z</time>
      </trkpt>
      <trkpt lat="36.988962" lon="-4.568860">
        <ele>678.321515</ele>
        <time>2026-05-22T15:16:48.000Z</time>
      </trkpt>
      <trkpt lat="36.989031" lon="-4.568838">
        <ele>678.287448</ele>
        <time>2026-05-22T15:16:54.000Z</time>
      </trkpt>
      <trkpt lat="36.989069" lon="-4.568825">
        <ele>678.268600</ele>
        <time>2026-05-22T15:16:57.000Z</time>
      </trkpt>
      <trkpt lat="36.989182" lon="-4.568800">
        <ele>678.213696</ele>
        <time>2026-05-22T15:17:04.000Z</time>
      </trkpt>
      <trkpt lat="36.989208" lon="-4.568793">
        <ele>678.200972</ele>
        <time>2026-05-22T15:17:06.000Z</time>
      </trkpt>
      <trkpt lat="36.989273" lon="-4.568745">
        <ele>678.164865</ele>
        <time>2026-05-22T15:17:12.000Z</time>
      </trkpt>
      <trkpt lat="36.989399" lon="-4.568696">
        <ele>678.101738</ele>
        <time>2026-05-22T15:17:22.000Z</time>
      </trkpt>
      <trkpt lat="36.989499" lon="-4.568662">
        <ele>678.052160</ele>
        <time>2026-05-22T15:17:30.000Z</time>
      </trkpt>
      <trkpt lat="36.989604" lon="-4.568609">
        <ele>677.997992</ele>
        <time>2026-05-22T15:17:38.000Z</time>
      </trkpt>
      <trkpt lat="36.989751" lon="-4.568535">
        <ele>677.922186</ele>
        <time>2026-05-22T15:17:48.000Z</time>
      </trkpt>
      <trkpt lat="36.989850" lon="-4.568506">
        <ele>677.873540</ele>
        <time>2026-05-22T15:17:55.000Z</time>
      </trkpt>
      <trkpt lat="36.989950" lon="-4.568458">
        <ele>678.080566</ele>
        <time>2026-05-22T15:18:04.000Z</time>
      </trkpt>
      <trkpt lat="36.990066" lon="-4.568423">
        <ele>678.340802</ele>
        <time>2026-05-22T15:18:13.000Z</time>
      </trkpt>
      <trkpt lat="36.990184" lon="-4.568382">
        <ele>678.607884</ele>
        <time>2026-05-22T15:18:23.000Z</time>
      </trkpt>
      <trkpt lat="36.990284" lon="-4.568367">
        <ele>678.827542</ele>
        <time>2026-05-22T15:18:29.000Z</time>
      </trkpt>
      <trkpt lat="36.990295" lon="-4.568360">
        <ele>678.854454</ele>
        <time>2026-05-22T15:18:30.000Z</time>
      </trkpt>
      <trkpt lat="36.990377" lon="-4.568363">
        <ele>679.033370</ele>
        <time>2026-05-22T15:18:36.000Z</time>
      </trkpt>
      <trkpt lat="36.990415" lon="-4.568373">
        <ele>679.118058</ele>
        <time>2026-05-22T15:18:39.000Z</time>
      </trkpt>
      <trkpt lat="36.990456" lon="-4.568378">
        <ele>679.207901</ele>
        <time>2026-05-22T15:18:42.000Z</time>
      </trkpt>
      <trkpt lat="36.990496" lon="-4.568376">
        <ele>679.295210</ele>
        <time>2026-05-22T15:18:45.000Z</time>
      </trkpt>
      <trkpt lat="36.990553" lon="-4.568391">
        <ele>679.422242</ele>
        <time>2026-05-22T15:18:49.000Z</time>
      </trkpt>
      <trkpt lat="36.990600" lon="-4.568408">
        <ele>679.528940</ele>
        <time>2026-05-22T15:18:54.000Z</time>
      </trkpt>
      <trkpt lat="36.990620" lon="-4.568415">
        <ele>679.574232</ele>
        <time>2026-05-22T15:18:56.000Z</time>
      </trkpt>
      <trkpt lat="36.990650" lon="-4.568415">
        <ele>679.639661</ele>
        <time>2026-05-22T15:18:58.000Z</time>
      </trkpt>
      <trkpt lat="36.990667" lon="-4.568415">
        <ele>679.676738</ele>
        <time>2026-05-22T15:18:59.000Z</time>
      </trkpt>
      <trkpt lat="36.990687" lon="-4.568418">
        <ele>679.720669</ele>
        <time>2026-05-22T15:19:00.000Z</time>
      </trkpt>
      <trkpt lat="36.990718" lon="-4.568426">
        <ele>679.789701</ele>
        <time>2026-05-22T15:19:02.000Z</time>
      </trkpt>
      <trkpt lat="36.990792" lon="-4.568477">
        <ele>679.973930</ele>
        <time>2026-05-22T15:19:09.000Z</time>
      </trkpt>
      <trkpt lat="36.990835" lon="-4.568497">
        <ele>680.073975</ele>
        <time>2026-05-22T15:19:12.000Z</time>
      </trkpt>
      <trkpt lat="36.990892" lon="-4.568530">
        <ele>680.210938</ele>
        <time>2026-05-22T15:19:17.000Z</time>
      </trkpt>
      <trkpt lat="36.991003" lon="-4.568575">
        <ele>680.465402</ele>
        <time>2026-05-22T15:19:25.000Z</time>
      </trkpt>
      <trkpt lat="36.991064" lon="-4.568613">
        <ele>680.614000</ele>
        <time>2026-05-22T15:19:31.000Z</time>
      </trkpt>
      <trkpt lat="36.991073" lon="-4.568618">
        <ele>680.635475</ele>
        <time>2026-05-22T15:19:32.000Z</time>
      </trkpt>
      <trkpt lat="36.991155" lon="-4.568665">
        <ele>680.832165</ele>
        <time>2026-05-22T15:19:39.000Z</time>
      </trkpt>
      <trkpt lat="36.991268" lon="-4.568731">
        <ele>681.104114</ele>
        <time>2026-05-22T15:19:47.000Z</time>
      </trkpt>
      <trkpt lat="36.991276" lon="-4.568736">
        <ele>681.123616</ele>
        <time>2026-05-22T15:19:48.000Z</time>
      </trkpt>
      <trkpt lat="36.991363" lon="-4.568780">
        <ele>681.328257</ele>
        <time>2026-05-22T15:19:56.000Z</time>
      </trkpt>
      <trkpt lat="36.991437" lon="-4.568813">
        <ele>681.499581</ele>
        <time>2026-05-22T15:20:02.000Z</time>
      </trkpt>
      <trkpt lat="36.991473" lon="-4.568832">
        <ele>681.584787</ele>
        <time>2026-05-22T15:20:05.000Z</time>
      </trkpt>
      <trkpt lat="36.991517" lon="-4.568868">
        <ele>681.699425</ele>
        <time>2026-05-22T15:20:10.000Z</time>
      </trkpt>
      <trkpt lat="36.991543" lon="-4.568887">
        <ele>681.765083</ele>
        <time>2026-05-22T15:20:12.000Z</time>
      </trkpt>
      <trkpt lat="36.991661" lon="-4.568962">
        <ele>681.533910</ele>
        <time>2026-05-22T15:20:20.000Z</time>
      </trkpt>
      <trkpt lat="36.991707" lon="-4.568992">
        <ele>681.422729</ele>
        <time>2026-05-22T15:20:26.000Z</time>
      </trkpt>
      <trkpt lat="36.991775" lon="-4.569023">
        <ele>681.267602</ele>
        <time>2026-05-22T15:20:31.000Z</time>
      </trkpt>
      <trkpt lat="36.991791" lon="-4.569025">
        <ele>681.233135</ele>
        <time>2026-05-22T15:20:33.000Z</time>
      </trkpt>
      <trkpt lat="36.991802" lon="-4.569027">
        <ele>681.209308</ele>
        <time>2026-05-22T15:20:34.000Z</time>
      </trkpt>
      <trkpt lat="36.991826" lon="-4.569032">
        <ele>681.157154</ele>
        <time>2026-05-22T15:20:36.000Z</time>
      </trkpt>
      <trkpt lat="36.991839" lon="-4.569036">
        <ele>681.128458</ele>
        <time>2026-05-22T15:20:37.000Z</time>
      </trkpt>
      <trkpt lat="36.991938" lon="-4.569094">
        <ele>680.894158</ele>
        <time>2026-05-22T15:20:45.000Z</time>
      </trkpt>
      <trkpt lat="36.992002" lon="-4.569150">
        <ele>680.726785</ele>
        <time>2026-05-22T15:20:52.000Z</time>
      </trkpt>
      <trkpt lat="36.992098" lon="-4.569201">
        <ele>680.503242</ele>
        <time>2026-05-22T15:21:00.000Z</time>
      </trkpt>
      <trkpt lat="36.992162" lon="-4.569243">
        <ele>680.348348</ele>
        <time>2026-05-22T15:21:07.000Z</time>
      </trkpt>
      <trkpt lat="36.992262" lon="-4.569293">
        <ele>680.117528</ele>
        <time>2026-05-22T15:21:14.000Z</time>
      </trkpt>
      <trkpt lat="36.992346" lon="-4.569343">
        <ele>679.918153</ele>
        <time>2026-05-22T15:21:22.000Z</time>
      </trkpt>
      <trkpt lat="36.992443" lon="-4.569404">
        <ele>679.685469</ele>
        <time>2026-05-22T15:21:30.000Z</time>
      </trkpt>
      <trkpt lat="36.992557" lon="-4.569456">
        <ele>679.425388</ele>
        <time>2026-05-22T15:21:39.000Z</time>
      </trkpt>
      <trkpt lat="36.992633" lon="-4.569496">
        <ele>679.248666</ele>
        <time>2026-05-22T15:21:46.000Z</time>
      </trkpt>
      <trkpt lat="36.992648" lon="-4.569506">
        <ele>679.212238</ele>
        <time>2026-05-22T15:21:48.000Z</time>
      </trkpt>
      <trkpt lat="36.992723" lon="-4.569529">
        <ele>679.046716</ele>
        <time>2026-05-22T15:21:53.000Z</time>
      </trkpt>
      <trkpt lat="36.992820" lon="-4.569590">
        <ele>678.814033</ele>
        <time>2026-05-22T15:22:01.000Z</time>
      </trkpt>
      <trkpt lat="36.992844" lon="-4.569614">
        <ele>678.748191</ele>
        <time>2026-05-22T15:22:05.000Z</time>
      </trkpt>
      <trkpt lat="36.992864" lon="-4.569620">
        <ele>678.704106</ele>
        <time>2026-05-22T15:22:07.000Z</time>
      </trkpt>
      <trkpt lat="36.992967" lon="-4.569694">
        <ele>678.449548</ele>
        <time>2026-05-22T15:22:15.000Z</time>
      </trkpt>
      <trkpt lat="36.993013" lon="-4.569722">
        <ele>678.339907</ele>
        <time>2026-05-22T15:22:19.000Z</time>
      </trkpt>
      <trkpt lat="36.993063" lon="-4.569739">
        <ele>678.228846</ele>
        <time>2026-05-22T15:22:23.000Z</time>
      </trkpt>
      <trkpt lat="36.993172" lon="-4.569796">
        <ele>677.975633</ele>
        <time>2026-05-22T15:22:32.000Z</time>
      </trkpt>
      <trkpt lat="36.993242" lon="-4.569841">
        <ele>677.711645</ele>
        <time>2026-05-22T15:22:38.000Z</time>
      </trkpt>
      <trkpt lat="36.993357" lon="-4.569903">
        <ele>677.245019</ele>
        <time>2026-05-22T15:22:48.000Z</time>
      </trkpt>
      <trkpt lat="36.993439" lon="-4.569942">
        <ele>676.918116</ele>
        <time>2026-05-22T15:22:55.000Z</time>
      </trkpt>
      <trkpt lat="36.993530" lon="-4.569985">
        <ele>676.555630</ele>
        <time>2026-05-22T15:23:01.000Z</time>
      </trkpt>
      <trkpt lat="36.993544" lon="-4.569992">
        <ele>676.499448</ele>
        <time>2026-05-22T15:23:02.000Z</time>
      </trkpt>
      <trkpt lat="36.993584" lon="-4.570028">
        <ele>676.315859</ele>
        <time>2026-05-22T15:23:08.000Z</time>
      </trkpt>
      <trkpt lat="36.993599" lon="-4.570033">
        <ele>676.258010</ele>
        <time>2026-05-22T15:23:09.000Z</time>
      </trkpt>
      <trkpt lat="36.993699" lon="-4.570071">
        <ele>675.868545</ele>
        <time>2026-05-22T15:23:17.000Z</time>
      </trkpt>
      <trkpt lat="36.993712" lon="-4.570079">
        <ele>675.814561</ele>
        <time>2026-05-22T15:23:18.000Z</time>
      </trkpt>
      <trkpt lat="36.993803" lon="-4.570109">
        <ele>675.463864</ele>
        <time>2026-05-22T15:23:25.000Z</time>
      </trkpt>
      <trkpt lat="36.993869" lon="-4.570118">
        <ele>675.216441</ele>
        <time>2026-05-22T15:23:30.000Z</time>
      </trkpt>
      <trkpt lat="36.993920" lon="-4.570136">
        <ele>675.018968</ele>
        <time>2026-05-22T15:23:35.000Z</time>
      </trkpt>
      <trkpt lat="36.993999" lon="-4.570147">
        <ele>674.722737</ele>
        <time>2026-05-22T15:23:41.000Z</time>
      </trkpt>
      <trkpt lat="36.994023" lon="-4.570153">
        <ele>674.631528</ele>
        <time>2026-05-22T15:23:43.000Z</time>
      </trkpt>
      <trkpt lat="36.994053" lon="-4.570165">
        <ele>674.514158</ele>
        <time>2026-05-22T15:23:46.000Z</time>
      </trkpt>
      <trkpt lat="36.994085" lon="-4.570171">
        <ele>674.393571</ele>
        <time>2026-05-22T15:23:48.000Z</time>
      </trkpt>
      <trkpt lat="36.994167" lon="-4.570190">
        <ele>674.082785</ele>
        <time>2026-05-22T15:23:54.000Z</time>
      </trkpt>
      <trkpt lat="36.994189" lon="-4.570193">
        <ele>674.000311</ele>
        <time>2026-05-22T15:23:56.000Z</time>
      </trkpt>
      <trkpt lat="36.994257" lon="-4.570202">
        <ele>673.745478</ele>
        <time>2026-05-22T15:24:02.000Z</time>
      </trkpt>
      <trkpt lat="36.994321" lon="-4.570216">
        <ele>673.503350</ele>
        <time>2026-05-22T15:24:08.000Z</time>
      </trkpt>
      <trkpt lat="36.994377" lon="-4.570232">
        <ele>673.289286</ele>
        <time>2026-05-22T15:24:12.000Z</time>
      </trkpt>
      <trkpt lat="36.994466" lon="-4.570259">
        <ele>672.948004</ele>
        <time>2026-05-22T15:24:19.000Z</time>
      </trkpt>
      <trkpt lat="36.994551" lon="-4.570273">
        <ele>672.628498</ele>
        <time>2026-05-22T15:24:24.000Z</time>
      </trkpt>
      <trkpt lat="36.994566" lon="-4.570286">
        <ele>672.560510</ele>
        <time>2026-05-22T15:24:27.000Z</time>
      </trkpt>
      <trkpt lat="36.994554" lon="-4.570293">
        <ele>672.511173</ele>
        <time>2026-05-22T15:24:34.000Z</time>
      </trkpt>
      <trkpt lat="36.994562" lon="-4.570286">
        <ele>672.474800</ele>
        <time>2026-05-22T15:24:46.000Z</time>
      </trkpt>
      <trkpt lat="36.994564" lon="-4.570304">
        <ele>672.420706</ele>
        <time>2026-05-22T15:24:55.000Z</time>
      </trkpt>
      <trkpt lat="36.994561" lon="-4.570306">
        <ele>672.408039</ele>
        <time>2026-05-22T15:24:57.000Z</time>
      </trkpt>
      <trkpt lat="36.994561" lon="-4.570279">
        <ele>672.327672</ele>
        <time>2026-05-22T15:25:06.000Z</time>
      </trkpt>
      <trkpt lat="36.994564" lon="-4.570278">
        <ele>672.316103</ele>
        <time>2026-05-22T15:25:07.000Z</time>
      </trkpt>
      <trkpt lat="36.994570" lon="-4.570283">
        <ele>672.289242</ele>
        <time>2026-05-22T15:25:10.000Z</time>
      </trkpt>
      <trkpt lat="36.994609" lon="-4.570287">
        <ele>672.143410</ele>
        <time>2026-05-22T15:25:14.000Z</time>
      </trkpt>
      <trkpt lat="36.994637" lon="-4.570287">
        <ele>672.039060</ele>
        <time>2026-05-22T15:25:16.000Z</time>
      </trkpt>
      <trkpt lat="36.994658" lon="-4.570292">
        <ele>671.959395</ele>
        <time>2026-05-22T15:25:17.000Z</time>
      </trkpt>
      <trkpt lat="36.994736" lon="-4.570309">
        <ele>671.664335</ele>
        <time>2026-05-22T15:25:22.000Z</time>
      </trkpt>
      <trkpt lat="36.994836" lon="-4.570324">
        <ele>671.288991</ele>
        <time>2026-05-22T15:25:30.000Z</time>
      </trkpt>
      <trkpt lat="36.994852" lon="-4.570326">
        <ele>671.229120</ele>
        <time>2026-05-22T15:25:31.000Z</time>
      </trkpt>
      <trkpt lat="36.994867" lon="-4.570328">
        <ele>671.173699</ele>
        <time>2026-05-22T15:25:32.000Z</time>
      </trkpt>
      <trkpt lat="36.994882" lon="-4.570330">
        <ele>671.118279</ele>
        <time>2026-05-22T15:25:33.000Z</time>
      </trkpt>
      <trkpt lat="36.994934" lon="-4.570344">
        <ele>670.922867</ele>
        <time>2026-05-22T15:25:37.000Z</time>
      </trkpt>
      <trkpt lat="36.994976" lon="-4.570361">
        <ele>670.760698</ele>
        <time>2026-05-22T15:25:42.000Z</time>
      </trkpt>
      <trkpt lat="36.995018" lon="-4.570369">
        <ele>670.604617</ele>
        <time>2026-05-22T15:25:45.000Z</time>
      </trkpt>
      <trkpt lat="36.995098" lon="-4.570395">
        <ele>670.300961</ele>
        <time>2026-05-22T15:25:52.000Z</time>
      </trkpt>
      <trkpt lat="36.995197" lon="-4.570399">
        <ele>669.937052</ele>
        <time>2026-05-22T15:25:59.000Z</time>
      </trkpt>
      <trkpt lat="36.995276" lon="-4.570426">
        <ele>669.636191</ele>
        <time>2026-05-22T15:26:06.000Z</time>
      </trkpt>
      <trkpt lat="36.995298" lon="-4.570431">
        <ele>669.554043</ele>
        <time>2026-05-22T15:26:08.000Z</time>
      </trkpt>
      <trkpt lat="36.995409" lon="-4.570473">
        <ele>669.128020</ele>
        <time>2026-05-22T15:26:18.000Z</time>
      </trkpt>
      <trkpt lat="36.995490" lon="-4.570478">
        <ele>668.830070</ele>
        <time>2026-05-22T15:26:24.000Z</time>
      </trkpt>
      <trkpt lat="36.995579" lon="-4.570497">
        <ele>668.498370</ele>
        <time>2026-05-22T15:26:30.000Z</time>
      </trkpt>
      <trkpt lat="36.995599" lon="-4.570500">
        <ele>668.424365</ele>
        <time>2026-05-22T15:26:31.000Z</time>
      </trkpt>
      <trkpt lat="36.995646" lon="-4.570513">
        <ele>668.247527</ele>
        <time>2026-05-22T15:26:36.000Z</time>
      </trkpt>
      <trkpt lat="36.995736" lon="-4.570538">
        <ele>667.908832</ele>
        <time>2026-05-22T15:26:44.000Z</time>
      </trkpt>
      <trkpt lat="36.995786" lon="-4.570558">
        <ele>667.715988</ele>
        <time>2026-05-22T15:26:48.000Z</time>
      </trkpt>
      <trkpt lat="36.995804" lon="-4.570567">
        <ele>667.644779</ele>
        <time>2026-05-22T15:26:50.000Z</time>
      </trkpt>
      <trkpt lat="36.995892" lon="-4.570595">
        <ele>667.311196</ele>
        <time>2026-05-22T15:26:57.000Z</time>
      </trkpt>
      <trkpt lat="36.995976" lon="-4.570608">
        <ele>667.000236</ele>
        <time>2026-05-22T15:27:04.000Z</time>
      </trkpt>
      <trkpt lat="36.996068" lon="-4.570626">
        <ele>666.658132</ele>
        <time>2026-05-22T15:27:11.000Z</time>
      </trkpt>
      <trkpt lat="36.996080" lon="-4.570629">
        <ele>666.613174</ele>
        <time>2026-05-22T15:27:12.000Z</time>
      </trkpt>
      <trkpt lat="36.996177" lon="-4.570654">
        <ele>666.249330</ele>
        <time>2026-05-22T15:27:20.000Z</time>
      </trkpt>
      <trkpt lat="36.996265" lon="-4.570680">
        <ele>665.917143</ele>
        <time>2026-05-22T15:27:28.000Z</time>
      </trkpt>
      <trkpt lat="36.996277" lon="-4.570673">
        <ele>665.868506</ele>
        <time>2026-05-22T15:27:33.000Z</time>
      </trkpt>
      <trkpt lat="36.996299" lon="-4.570685">
        <ele>665.780343</ele>
        <time>2026-05-22T15:27:43.000Z</time>
      </trkpt>
      <trkpt lat="36.996275" lon="-4.570678">
        <ele>665.689807</ele>
        <time>2026-05-22T15:27:53.000Z</time>
      </trkpt>
      <trkpt lat="36.996265" lon="-4.570667">
        <ele>665.640903</ele>
        <time>2026-05-22T15:27:56.000Z</time>
      </trkpt>
      <trkpt lat="36.996264" lon="-4.570666">
        <ele>665.636201</ele>
        <time>2026-05-22T15:27:57.000Z</time>
      </trkpt>
      <trkpt lat="36.996264" lon="-4.570663">
        <ele>665.627398</ele>
        <time>2026-05-22T15:27:58.000Z</time>
      </trkpt>
      <trkpt lat="36.996269" lon="-4.570660">
        <ele>665.607028</ele>
        <time>2026-05-22T15:28:00.000Z</time>
      </trkpt>
      <trkpt lat="36.996272" lon="-4.570652">
        <ele>665.581095</ele>
        <time>2026-05-22T15:28:03.000Z</time>
      </trkpt>
      <trkpt lat="36.996275" lon="-4.570651">
        <ele>665.569690</ele>
        <time>2026-05-22T15:28:04.000Z</time>
      </trkpt>
      <trkpt lat="36.996279" lon="-4.570653">
        <ele>665.553865</ele>
        <time>2026-05-22T15:28:06.000Z</time>
      </trkpt>
      <trkpt lat="36.996282" lon="-4.570655">
        <ele>665.541379</ele>
        <time>2026-05-22T15:28:10.000Z</time>
      </trkpt>
      <trkpt lat="36.996283" lon="-4.570669">
        <ele>665.500135</ele>
        <time>2026-05-22T15:28:14.000Z</time>
      </trkpt>
      <trkpt lat="36.996287" lon="-4.570679">
        <ele>665.467317</ele>
        <time>2026-05-22T15:28:16.000Z</time>
      </trkpt>
      <trkpt lat="36.996302" lon="-4.570711">
        <ele>665.358443</ele>
        <time>2026-05-22T15:28:26.000Z</time>
      </trkpt>
      <trkpt lat="36.996342" lon="-4.570721">
        <ele>665.208584</ele>
        <time>2026-05-22T15:28:34.000Z</time>
      </trkpt>
      <trkpt lat="36.996405" lon="-4.570723">
        <ele>664.977051</ele>
        <time>2026-05-22T15:28:41.000Z</time>
      </trkpt>
      <trkpt lat="36.996464" lon="-4.570728">
        <ele>664.759793</ele>
        <time>2026-05-22T15:28:46.000Z</time>
      </trkpt>
      <trkpt lat="36.996473" lon="-4.570731">
        <ele>664.725576</ele>
        <time>2026-05-22T15:28:47.000Z</time>
      </trkpt>
      <trkpt lat="36.996483" lon="-4.570735">
        <ele>664.687007</ele>
        <time>2026-05-22T15:28:48.000Z</time>
      </trkpt>
      <trkpt lat="36.996596" lon="-4.570764">
        <ele>664.423539</ele>
        <time>2026-05-22T15:28:56.000Z</time>
      </trkpt>
      <trkpt lat="36.996672" lon="-4.570781">
        <ele>664.265682</ele>
        <time>2026-05-22T15:29:02.000Z</time>
      </trkpt>
      <trkpt lat="36.996686" lon="-4.570784">
        <ele>664.236640</ele>
        <time>2026-05-22T15:29:03.000Z</time>
      </trkpt>
      <trkpt lat="36.996788" lon="-4.570810">
        <ele>664.023804</ele>
        <time>2026-05-22T15:29:11.000Z</time>
      </trkpt>
      <trkpt lat="36.996860" lon="-4.570829">
        <ele>663.873352</ele>
        <time>2026-05-22T15:29:17.000Z</time>
      </trkpt>
      <trkpt lat="36.996869" lon="-4.570831">
        <ele>663.854662</ele>
        <time>2026-05-22T15:29:18.000Z</time>
      </trkpt>
      <trkpt lat="36.996984" lon="-4.570859">
        <ele>663.615117</ele>
        <time>2026-05-22T15:29:27.000Z</time>
      </trkpt>
      <trkpt lat="36.997025" lon="-4.570869">
        <ele>663.529709</ele>
        <time>2026-05-22T15:29:30.000Z</time>
      </trkpt>
      <trkpt lat="36.997037" lon="-4.570873">
        <ele>663.504318</ele>
        <time>2026-05-22T15:29:31.000Z</time>
      </trkpt>
      <trkpt lat="36.997051" lon="-4.570877">
        <ele>663.474957</ele>
        <time>2026-05-22T15:29:32.000Z</time>
      </trkpt>
      <trkpt lat="36.997063" lon="-4.570879">
        <ele>663.450204</ele>
        <time>2026-05-22T15:29:33.000Z</time>
      </trkpt>
      <trkpt lat="36.997073" lon="-4.570879">
        <ele>663.429757</ele>
        <time>2026-05-22T15:29:34.000Z</time>
      </trkpt>
      <trkpt lat="36.997122" lon="-4.570879">
        <ele>663.329567</ele>
        <time>2026-05-22T15:29:38.000Z</time>
      </trkpt>
      <trkpt lat="36.997160" lon="-4.570896">
        <ele>663.247058</ele>
        <time>2026-05-22T15:29:41.000Z</time>
      </trkpt>
      <trkpt lat="36.997253" lon="-4.570930">
        <ele>663.048961</ele>
        <time>2026-05-22T15:29:49.000Z</time>
      </trkpt>
      <trkpt lat="36.997341" lon="-4.570952">
        <ele>662.865477</ele>
        <time>2026-05-22T15:29:56.000Z</time>
      </trkpt>
      <trkpt lat="36.997391" lon="-4.570952">
        <ele>662.763242</ele>
        <time>2026-05-22T15:30:01.000Z</time>
      </trkpt>
      <trkpt lat="36.997400" lon="-4.570951">
        <ele>662.744767</ele>
        <time>2026-05-22T15:30:02.000Z</time>
      </trkpt>
      <trkpt lat="36.997503" lon="-4.570938">
        <ele>662.533097</ele>
        <time>2026-05-22T15:30:09.000Z</time>
      </trkpt>
      <trkpt lat="36.997590" lon="-4.570879">
        <ele>662.330792</ele>
        <time>2026-05-22T15:30:16.000Z</time>
      </trkpt>
      <trkpt lat="36.997636" lon="-4.570834">
        <ele>662.211433</ele>
        <time>2026-05-22T15:30:22.000Z</time>
      </trkpt>
      <trkpt lat="36.997713" lon="-4.570788">
        <ele>662.036989</ele>
        <time>2026-05-22T15:30:29.000Z</time>
      </trkpt>
      <trkpt lat="36.997827" lon="-4.570725">
        <ele>661.782200</ele>
        <time>2026-05-22T15:30:39.000Z</time>
      </trkpt>
      <trkpt lat="36.997906" lon="-4.570680">
        <ele>661.604739</ele>
        <time>2026-05-22T15:30:46.000Z</time>
      </trkpt>
      <trkpt lat="36.997923" lon="-4.570664">
        <ele>661.561254</ele>
        <time>2026-05-22T15:30:48.000Z</time>
      </trkpt>
      <trkpt lat="36.997961" lon="-4.570632">
        <ele>661.467618</ele>
        <time>2026-05-22T15:30:53.000Z</time>
      </trkpt>
      <trkpt lat="36.998034" lon="-4.570590">
        <ele>661.303351</ele>
        <time>2026-05-22T15:30:58.000Z</time>
      </trkpt>
      <trkpt lat="36.998107" lon="-4.570561">
        <ele>661.146756</ele>
        <time>2026-05-22T15:31:04.000Z</time>
      </trkpt>
      <trkpt lat="36.998119" lon="-4.570553">
        <ele>661.118959</ele>
        <time>2026-05-22T15:31:05.000Z</time>
      </trkpt>
      <trkpt lat="36.998179" lon="-4.570504">
        <ele>660.972489</ele>
        <time>2026-05-22T15:31:11.000Z</time>
      </trkpt>
      <trkpt lat="36.998248" lon="-4.570460">
        <ele>660.949928</ele>
        <time>2026-05-22T15:31:17.000Z</time>
      </trkpt>
      <trkpt lat="36.998350" lon="-4.570395">
        <ele>660.954970</ele>
        <time>2026-05-22T15:31:26.000Z</time>
      </trkpt>
      <trkpt lat="36.998418" lon="-4.570345">
        <ele>660.958444</ele>
        <time>2026-05-22T15:31:32.000Z</time>
      </trkpt>
      <trkpt lat="36.998500" lon="-4.570317">
        <ele>660.962189</ele>
        <time>2026-05-22T15:31:39.000Z</time>
      </trkpt>
      <trkpt lat="36.998579" lon="-4.570260">
        <ele>660.966206</ele>
        <time>2026-05-22T15:31:46.000Z</time>
      </trkpt>
      <trkpt lat="36.998632" lon="-4.570241">
        <ele>660.968635</ele>
        <time>2026-05-22T15:31:52.000Z</time>
      </trkpt>
      <trkpt lat="36.998701" lon="-4.570192">
        <ele>660.972130</ele>
        <time>2026-05-22T15:31:58.000Z</time>
      </trkpt>
      <trkpt lat="36.998791" lon="-4.570169">
        <ele>660.976177</ele>
        <time>2026-05-22T15:32:05.000Z</time>
      </trkpt>
      <trkpt lat="36.998858" lon="-4.570129">
        <ele>660.979447</ele>
        <time>2026-05-22T15:32:11.000Z</time>
      </trkpt>
      <trkpt lat="36.998867" lon="-4.570126">
        <ele>660.979857</ele>
        <time>2026-05-22T15:32:13.000Z</time>
      </trkpt>
      <trkpt lat="36.998941" lon="-4.570104">
        <ele>660.983208</ele>
        <time>2026-05-22T15:32:19.000Z</time>
      </trkpt>
      <trkpt lat="36.999055" lon="-4.570107">
        <ele>660.988232</ele>
        <time>2026-05-22T15:32:26.000Z</time>
      </trkpt>
      <trkpt lat="36.999142" lon="-4.570101">
        <ele>660.992071</ele>
        <time>2026-05-22T15:32:34.000Z</time>
      </trkpt>
      <trkpt lat="36.999245" lon="-4.570115">
        <ele>660.996635</ele>
        <time>2026-05-22T15:32:43.000Z</time>
      </trkpt>
      <trkpt lat="36.999341" lon="-4.570096">
        <ele>661.000917</ele>
        <time>2026-05-22T15:32:49.000Z</time>
      </trkpt>
      <trkpt lat="36.999371" lon="-4.570081">
        <ele>661.002340</ele>
        <time>2026-05-22T15:32:53.000Z</time>
      </trkpt>
      <trkpt lat="36.999402" lon="-4.570075">
        <ele>661.003722</ele>
        <time>2026-05-22T15:32:56.000Z</time>
      </trkpt>
      <trkpt lat="36.999412" lon="-4.570075">
        <ele>661.004163</ele>
        <time>2026-05-22T15:32:57.000Z</time>
      </trkpt>
      <trkpt lat="36.999529" lon="-4.570052">
        <ele>661.009381</ele>
        <time>2026-05-22T15:33:06.000Z</time>
      </trkpt>
      <trkpt lat="36.999566" lon="-4.570049">
        <ele>661.011014</ele>
        <time>2026-05-22T15:33:09.000Z</time>
      </trkpt>
      <trkpt lat="36.999589" lon="-4.570044">
        <ele>661.012043</ele>
        <time>2026-05-22T15:33:11.000Z</time>
      </trkpt>
      <trkpt lat="36.999601" lon="-4.570040">
        <ele>661.012590</ele>
        <time>2026-05-22T15:33:12.000Z</time>
      </trkpt>
      <trkpt lat="36.999680" lon="-4.570018">
        <ele>661.016155</ele>
        <time>2026-05-22T15:33:18.000Z</time>
      </trkpt>
      <trkpt lat="36.999742" lon="-4.570002">
        <ele>661.018944</ele>
        <time>2026-05-22T15:33:24.000Z</time>
      </trkpt>
      <trkpt lat="36.999758" lon="-4.569998">
        <ele>661.019663</ele>
        <time>2026-05-22T15:33:25.000Z</time>
      </trkpt>
      <trkpt lat="36.999806" lon="-4.569989">
        <ele>661.021802</ele>
        <time>2026-05-22T15:33:29.000Z</time>
      </trkpt>
      <trkpt lat="36.999832" lon="-4.569978">
        <ele>661.023011</ele>
        <time>2026-05-22T15:33:32.000Z</time>
      </trkpt>
      <trkpt lat="36.999859" lon="-4.569967">
        <ele>661.024262</ele>
        <time>2026-05-22T15:33:34.000Z</time>
      </trkpt>
      <trkpt lat="36.999905" lon="-4.569952">
        <ele>661.023265</ele>
        <time>2026-05-22T15:33:37.000Z</time>
      </trkpt>
      <trkpt lat="36.999916" lon="-4.569951">
        <ele>660.992686</ele>
        <time>2026-05-22T15:33:38.000Z</time>
      </trkpt>
      <trkpt lat="36.999947" lon="-4.569947">
        <ele>660.906282</ele>
        <time>2026-05-22T15:33:43.000Z</time>
      </trkpt>
      <trkpt lat="37.000029" lon="-4.569907">
        <ele>660.662288</ele>
        <time>2026-05-22T15:33:49.000Z</time>
      </trkpt>
      <trkpt lat="37.000109" lon="-4.569871">
        <ele>660.426594</ele>
        <time>2026-05-22T15:33:56.000Z</time>
      </trkpt>
      <trkpt lat="37.000190" lon="-4.569843">
        <ele>660.193615</ele>
        <time>2026-05-22T15:34:03.000Z</time>
      </trkpt>
      <trkpt lat="37.000265" lon="-4.569837">
        <ele>659.985248</ele>
        <time>2026-05-22T15:34:10.000Z</time>
      </trkpt>
      <trkpt lat="37.000334" lon="-4.569780">
        <ele>659.756058</ele>
        <time>2026-05-22T15:34:16.000Z</time>
      </trkpt>
      <trkpt lat="37.000352" lon="-4.569751">
        <ele>659.674732</ele>
        <time>2026-05-22T15:34:18.000Z</time>
      </trkpt>
      <trkpt lat="37.000378" lon="-4.569704">
        <ele>659.548134</ele>
        <time>2026-05-22T15:34:22.000Z</time>
      </trkpt>
      <trkpt lat="37.000401" lon="-4.569659">
        <ele>659.429834</ele>
        <time>2026-05-22T15:34:28.000Z</time>
      </trkpt>
      <trkpt lat="37.000399" lon="-4.569651">
        <ele>659.411272</ele>
        <time>2026-05-22T15:34:29.000Z</time>
      </trkpt>
      <trkpt lat="37.000376" lon="-4.569578">
        <ele>659.237507</ele>
        <time>2026-05-22T15:34:38.000Z</time>
      </trkpt>
      <trkpt lat="37.000397" lon="-4.569478">
        <ele>659.008554</ele>
        <time>2026-05-22T15:34:46.000Z</time>
      </trkpt>
      <trkpt lat="37.000402" lon="-4.569458">
        <ele>658.962150</ele>
        <time>2026-05-22T15:34:47.000Z</time>
      </trkpt>
      <trkpt lat="37.000419" lon="-4.569322">
        <ele>658.657345</ele>
        <time>2026-05-22T15:34:56.000Z</time>
      </trkpt>
      <trkpt lat="37.000422" lon="-4.569306">
        <ele>658.620953</ele>
        <time>2026-05-22T15:34:57.000Z</time>
      </trkpt>
      <trkpt lat="37.000467" lon="-4.569211">
        <ele>658.376382</ele>
        <time>2026-05-22T15:35:04.000Z</time>
      </trkpt>
      <trkpt lat="37.000480" lon="-4.569169">
        <ele>658.276642</ele>
        <time>2026-05-22T15:35:08.000Z</time>
      </trkpt>
      <trkpt lat="37.000486" lon="-4.569150">
        <ele>658.231402</ele>
        <time>2026-05-22T15:35:10.000Z</time>
      </trkpt>
      <trkpt lat="37.000491" lon="-4.569122">
        <ele>658.167872</ele>
        <time>2026-05-22T15:35:11.000Z</time>
      </trkpt>
      <trkpt lat="37.000564" lon="-4.569021">
        <ele>657.866244</ele>
        <time>2026-05-22T15:35:18.000Z</time>
      </trkpt>
      <trkpt lat="37.000608" lon="-4.568956">
        <ele>657.677572</ele>
        <time>2026-05-22T15:35:22.000Z</time>
      </trkpt>
      <trkpt lat="37.000635" lon="-4.568917">
        <ele>657.563287</ele>
        <time>2026-05-22T15:35:25.000Z</time>
      </trkpt>
      <trkpt lat="37.000697" lon="-4.568810">
        <ele>657.270571</ele>
        <time>2026-05-22T15:35:32.000Z</time>
      </trkpt>
      <trkpt lat="37.000730" lon="-4.568724">
        <ele>657.059305</ele>
        <time>2026-05-22T15:35:38.000Z</time>
      </trkpt>
      <trkpt lat="37.000735" lon="-4.568713">
        <ele>657.031280</ele>
        <time>2026-05-22T15:35:39.000Z</time>
      </trkpt>
      <trkpt lat="37.000744" lon="-4.568689">
        <ele>656.972571</ele>
        <time>2026-05-22T15:35:41.000Z</time>
      </trkpt>
      <trkpt lat="37.000752" lon="-4.568676">
        <ele>656.936231</ele>
        <time>2026-05-22T15:35:42.000Z</time>
      </trkpt>
      <trkpt lat="37.000760" lon="-4.568664">
        <ele>656.901619</ele>
        <time>2026-05-22T15:35:43.000Z</time>
      </trkpt>
      <trkpt lat="37.000777" lon="-4.568628">
        <ele>656.809014</ele>
        <time>2026-05-22T15:35:46.000Z</time>
      </trkpt>
      <trkpt lat="37.000782" lon="-4.568616">
        <ele>656.779044</ele>
        <time>2026-05-22T15:35:47.000Z</time>
      </trkpt>
      <trkpt lat="37.000838" lon="-4.568496">
        <ele>656.471297</ele>
        <time>2026-05-22T15:35:55.000Z</time>
      </trkpt>
      <trkpt lat="37.000855" lon="-4.568473">
        <ele>656.401905</ele>
        <time>2026-05-22T15:35:58.000Z</time>
      </trkpt>
      <trkpt lat="37.000866" lon="-4.568470">
        <ele>656.370692</ele>
        <time>2026-05-22T15:36:00.000Z</time>
      </trkpt>
      <trkpt lat="37.000869" lon="-4.568472">
        <ele>656.361269</ele>
        <time>2026-05-22T15:36:04.000Z</time>
      </trkpt>
      <trkpt lat="37.000864" lon="-4.568469">
        <ele>656.345897</ele>
        <time>2026-05-22T15:36:07.000Z</time>
      </trkpt>
      <trkpt lat="37.000868" lon="-4.568468">
        <ele>656.334588</ele>
        <time>2026-05-22T15:36:13.000Z</time>
      </trkpt>
      <trkpt lat="37.000871" lon="-4.568466">
        <ele>656.325165</ele>
        <time>2026-05-22T15:36:17.000Z</time>
      </trkpt>
      <trkpt lat="37.000880" lon="-4.568430">
        <ele>656.241638</ele>
        <time>2026-05-22T15:36:28.000Z</time>
      </trkpt>
      <trkpt lat="37.000941" lon="-4.568319">
        <ele>655.789904</ele>
        <time>2026-05-22T15:36:36.000Z</time>
      </trkpt>
      <trkpt lat="37.000954" lon="-4.568274">
        <ele>655.514935</ele>
        <time>2026-05-22T15:36:39.000Z</time>
      </trkpt>
      <trkpt lat="37.000977" lon="-4.568213">
        <ele>655.127325</ele>
        <time>2026-05-22T15:36:44.000Z</time>
      </trkpt>
      <trkpt lat="37.001011" lon="-4.568145">
        <ele>654.666333</ele>
        <time>2026-05-22T15:36:50.000Z</time>
      </trkpt>
      <trkpt lat="37.001020" lon="-4.568125">
        <ele>654.534424</ele>
        <time>2026-05-22T15:36:51.000Z</time>
      </trkpt>
      <trkpt lat="37.001058" lon="-4.567998">
        <ele>653.755140</ele>
        <time>2026-05-22T15:37:00.000Z</time>
      </trkpt>
      <trkpt lat="37.001063" lon="-4.567989">
        <ele>653.692144</ele>
        <time>2026-05-22T15:37:01.000Z</time>
      </trkpt>
      <trkpt lat="37.001077" lon="-4.567954">
        <ele>653.467216</ele>
        <time>2026-05-22T15:37:04.000Z</time>
      </trkpt>
      <trkpt lat="37.001105" lon="-4.567907">
        <ele>653.130289</ele>
        <time>2026-05-22T15:37:07.000Z</time>
      </trkpt>
      <trkpt lat="37.001141" lon="-4.567833">
        <ele>652.632403</ele>
        <time>2026-05-22T15:37:11.000Z</time>
      </trkpt>
      <trkpt lat="37.001154" lon="-4.567806">
        <ele>652.451246</ele>
        <time>2026-05-22T15:37:13.000Z</time>
      </trkpt>
      <trkpt lat="37.001167" lon="-4.567765">
        <ele>652.197770</ele>
        <time>2026-05-22T15:37:15.000Z</time>
      </trkpt>
      <trkpt lat="37.001185" lon="-4.567713">
        <ele>651.872116</ele>
        <time>2026-05-22T15:37:18.000Z</time>
      </trkpt>
      <trkpt lat="37.001189" lon="-4.567704">
        <ele>651.812933</ele>
        <time>2026-05-22T15:37:19.000Z</time>
      </trkpt>
      <trkpt lat="37.001217" lon="-4.567633">
        <ele>651.357935</ele>
        <time>2026-05-22T15:37:24.000Z</time>
      </trkpt>
      <trkpt lat="37.001256" lon="-4.567559">
        <ele>650.848486</ele>
        <time>2026-05-22T15:37:29.000Z</time>
      </trkpt>
      <trkpt lat="37.001285" lon="-4.567511">
        <ele>650.502644</ele>
        <time>2026-05-22T15:37:32.000Z</time>
      </trkpt>
      <trkpt lat="37.001383" lon="-4.567405">
        <ele>649.570900</ele>
        <time>2026-05-22T15:37:42.000Z</time>
      </trkpt>
      <trkpt lat="37.001407" lon="-4.567385">
        <ele>649.363476</ele>
        <time>2026-05-22T15:37:44.000Z</time>
      </trkpt>
      <trkpt lat="37.001497" lon="-4.567321">
        <ele>648.618796</ele>
        <time>2026-05-22T15:37:53.000Z</time>
      </trkpt>
      <trkpt lat="37.001564" lon="-4.567297">
        <ele>648.117398</ele>
        <time>2026-05-22T15:37:58.000Z</time>
      </trkpt>
      <trkpt lat="37.001605" lon="-4.567277">
        <ele>647.800812</ele>
        <time>2026-05-22T15:38:01.000Z</time>
      </trkpt>
      <trkpt lat="37.001689" lon="-4.567242">
        <ele>647.163856</ele>
        <time>2026-05-22T15:38:10.000Z</time>
      </trkpt>
      <trkpt lat="37.001696" lon="-4.567220">
        <ele>647.027780</ele>
        <time>2026-05-22T15:38:19.000Z</time>
      </trkpt>
      <trkpt lat="37.001694" lon="-4.567212">
        <ele>646.979613</ele>
        <time>2026-05-22T15:38:24.000Z</time>
      </trkpt>
      <trkpt lat="37.001700" lon="-4.567169">
        <ele>646.728792</ele>
        <time>2026-05-22T15:38:30.000Z</time>
      </trkpt>
      <trkpt lat="37.001702" lon="-4.567156">
        <ele>646.652721</ele>
        <time>2026-05-22T15:38:31.000Z</time>
      </trkpt>
      <trkpt lat="37.001755" lon="-4.567083">
        <ele>646.085836</ele>
        <time>2026-05-22T15:38:39.000Z</time>
      </trkpt>
      <trkpt lat="37.001821" lon="-4.567058">
        <ele>645.589719</ele>
        <time>2026-05-22T15:38:45.000Z</time>
      </trkpt>
      <trkpt lat="37.001828" lon="-4.567043">
        <ele>645.489893</ele>
        <time>2026-05-22T15:38:46.000Z</time>
      </trkpt>
      <trkpt lat="37.001887" lon="-4.566959">
        <ele>644.847114</ele>
        <time>2026-05-22T15:38:54.000Z</time>
      </trkpt>
      <trkpt lat="37.001909" lon="-4.566936">
        <ele>644.640909</ele>
        <time>2026-05-22T15:38:56.000Z</time>
      </trkpt>
      <trkpt lat="37.001936" lon="-4.566895">
        <ele>644.335559</ele>
        <time>2026-05-22T15:39:01.000Z</time>
      </trkpt>
      <trkpt lat="37.001982" lon="-4.566809">
        <ele>643.740809</ele>
        <time>2026-05-22T15:39:09.000Z</time>
      </trkpt>
      <trkpt lat="37.001995" lon="-4.566783">
        <ele>643.564549</ele>
        <time>2026-05-22T15:39:11.000Z</time>
      </trkpt>
      <trkpt lat="37.002042" lon="-4.566701">
        <ele>642.979003</ele>
        <time>2026-05-22T15:39:17.000Z</time>
      </trkpt>
      <trkpt lat="37.002063" lon="-4.566661">
        <ele>642.690442</ele>
        <time>2026-05-22T15:39:21.000Z</time>
      </trkpt>
      <trkpt lat="37.002113" lon="-4.566600">
        <ele>642.163514</ele>
        <time>2026-05-22T15:39:26.000Z</time>
      </trkpt>
      <trkpt lat="37.002145" lon="-4.566565">
        <ele>641.842801</ele>
        <time>2026-05-22T15:39:29.000Z</time>
      </trkpt>
      <trkpt lat="37.002185" lon="-4.566532">
        <ele>641.481230</ele>
        <time>2026-05-22T15:39:34.000Z</time>
      </trkpt>
      <trkpt lat="37.002230" lon="-4.566469">
        <ele>640.971720</ele>
        <time>2026-05-22T15:39:39.000Z</time>
      </trkpt>
      <trkpt lat="37.002258" lon="-4.566432">
        <ele>640.664448</ele>
        <time>2026-05-22T15:39:42.000Z</time>
      </trkpt>
      <trkpt lat="37.002276" lon="-4.566416">
        <ele>640.497827</ele>
        <time>2026-05-22T15:39:44.000Z</time>
      </trkpt>
      <trkpt lat="37.002326" lon="-4.566366">
        <ele>640.014833</ele>
        <time>2026-05-22T15:39:50.000Z</time>
      </trkpt>
      <trkpt lat="37.002337" lon="-4.566355">
        <ele>639.908574</ele>
        <time>2026-05-22T15:39:51.000Z</time>
      </trkpt>
      <trkpt lat="37.002401" lon="-4.566298">
        <ele>639.315755</ele>
        <time>2026-05-22T15:39:57.000Z</time>
      </trkpt>
      <trkpt lat="37.002413" lon="-4.566285">
        <ele>639.195982</ele>
        <time>2026-05-22T15:39:58.000Z</time>
      </trkpt>
      <trkpt lat="37.002432" lon="-4.566263">
        <ele>639.000647</ele>
        <time>2026-05-22T15:40:00.000Z</time>
      </trkpt>
      <trkpt lat="37.002485" lon="-4.566194">
        <ele>638.423544</ele>
        <time>2026-05-22T15:40:06.000Z</time>
      </trkpt>
      <trkpt lat="37.002504" lon="-4.566172">
        <ele>638.228209</ele>
        <time>2026-05-22T15:40:08.000Z</time>
      </trkpt>
      <trkpt lat="37.002521" lon="-4.566169">
        <ele>638.098621</ele>
        <time>2026-05-22T15:40:11.000Z</time>
      </trkpt>
      <trkpt lat="37.002527" lon="-4.566170">
        <ele>638.052932</ele>
        <time>2026-05-22T15:40:13.000Z</time>
      </trkpt>
      <trkpt lat="37.002512" lon="-4.566166">
        <ele>637.937170</ele>
        <time>2026-05-22T15:40:16.000Z</time>
      </trkpt>
      <trkpt lat="37.002509" lon="-4.566146">
        <ele>637.814500</ele>
        <time>2026-05-22T15:40:21.000Z</time>
      </trkpt>
      <trkpt lat="37.002520" lon="-4.566125">
        <ele>637.663110</ele>
        <time>2026-05-22T15:40:29.000Z</time>
      </trkpt>
      <trkpt lat="37.002536" lon="-4.566124">
        <ele>637.542188</ele>
        <time>2026-05-22T15:40:36.000Z</time>
      </trkpt>
      <trkpt lat="37.002540" lon="-4.566123">
        <ele>637.511400</ele>
        <time>2026-05-22T15:40:37.000Z</time>
      </trkpt>
      <trkpt lat="37.002545" lon="-4.566123">
        <ele>637.473658</ele>
        <time>2026-05-22T15:40:44.000Z</time>
      </trkpt>
      <trkpt lat="37.002578" lon="-4.566114">
        <ele>637.218727</ele>
        <time>2026-05-22T15:40:52.000Z</time>
      </trkpt>
      <trkpt lat="37.002615" lon="-4.566079">
        <ele>636.868709</ele>
        <time>2026-05-22T15:40:59.000Z</time>
      </trkpt>
      <trkpt lat="37.002621" lon="-4.566075">
        <ele>636.817400</ele>
        <time>2026-05-22T15:41:00.000Z</time>
      </trkpt>
      <trkpt lat="37.002625" lon="-4.566071">
        <ele>636.778761</ele>
        <time>2026-05-22T15:41:01.000Z</time>
      </trkpt>
      <trkpt lat="37.002634" lon="-4.566066">
        <ele>636.704441</ele>
        <time>2026-05-22T15:41:02.000Z</time>
      </trkpt>
      <trkpt lat="37.002662" lon="-4.566063">
        <ele>636.492319</ele>
        <time>2026-05-22T15:41:06.000Z</time>
      </trkpt>
      <trkpt lat="37.002681" lon="-4.566067">
        <ele>636.346889</ele>
        <time>2026-05-22T15:41:08.000Z</time>
      </trkpt>
      <trkpt lat="37.002705" lon="-4.566064">
        <ele>636.164832</ele>
        <time>2026-05-22T15:41:11.000Z</time>
      </trkpt>
      <trkpt lat="37.002740" lon="-4.566060">
        <ele>635.899546</ele>
        <time>2026-05-22T15:41:16.000Z</time>
      </trkpt>
      <trkpt lat="37.002781" lon="-4.566050">
        <ele>635.584253</ele>
        <time>2026-05-22T15:41:24.000Z</time>
      </trkpt>
      <trkpt lat="37.002803" lon="-4.566054">
        <ele>635.416451</ele>
        <time>2026-05-22T15:41:32.000Z</time>
      </trkpt>
      <trkpt lat="37.002827" lon="-4.566051">
        <ele>635.234393</ele>
        <time>2026-05-22T15:41:35.000Z</time>
      </trkpt>
      <trkpt lat="37.002844" lon="-4.566053">
        <ele>635.105508</ele>
        <time>2026-05-22T15:41:39.000Z</time>
      </trkpt>
      <trkpt lat="37.002889" lon="-4.566046">
        <ele>634.763227</ele>
        <time>2026-05-22T15:41:48.000Z</time>
      </trkpt>
      <trkpt lat="37.002944" lon="-4.566031">
        <ele>634.338342</ele>
        <time>2026-05-22T15:41:55.000Z</time>
      </trkpt>
      <trkpt lat="37.002958" lon="-4.566032">
        <ele>634.232496</ele>
        <time>2026-05-22T15:41:58.000Z</time>
      </trkpt>
      <trkpt lat="37.003036" lon="-4.566054">
        <ele>633.628983</ele>
        <time>2026-05-22T15:42:09.000Z</time>
      </trkpt>
      <trkpt lat="37.003051" lon="-4.566059">
        <ele>633.511817</ele>
        <time>2026-05-22T15:42:10.000Z</time>
      </trkpt>
      <trkpt lat="37.003078" lon="-4.566085">
        <ele>633.254720</ele>
        <time>2026-05-22T15:42:17.000Z</time>
      </trkpt>
      <trkpt lat="37.003128" lon="-4.566119">
        <ele>632.825249</ele>
        <time>2026-05-22T15:42:25.000Z</time>
      </trkpt>
      <trkpt lat="37.003185" lon="-4.566135">
        <ele>632.384323</ele>
        <time>2026-05-22T15:42:31.000Z</time>
      </trkpt>
      <trkpt lat="37.003208" lon="-4.566148">
        <ele>632.193847</ele>
        <time>2026-05-22T15:42:34.000Z</time>
      </trkpt>
      <trkpt lat="37.003243" lon="-4.566157">
        <ele>631.924146</ele>
        <time>2026-05-22T15:42:42.000Z</time>
      </trkpt>
      <trkpt lat="37.003280" lon="-4.566184">
        <ele>631.600898</ele>
        <time>2026-05-22T15:42:50.000Z</time>
      </trkpt>
      <trkpt lat="37.003326" lon="-4.566255">
        <ele>631.049777</ele>
        <time>2026-05-22T15:42:56.000Z</time>
      </trkpt>
      <trkpt lat="37.003405" lon="-4.566309">
        <ele>630.370407</ele>
        <time>2026-05-22T15:43:03.000Z</time>
      </trkpt>
      <trkpt lat="37.003468" lon="-4.566375">
        <ele>629.750391</ele>
        <time>2026-05-22T15:43:12.000Z</time>
      </trkpt>
      <trkpt lat="37.003486" lon="-4.566390">
        <ele>629.587186</ele>
        <time>2026-05-22T15:43:14.000Z</time>
      </trkpt>
      <trkpt lat="37.003559" lon="-4.566470">
        <ele>629.054966</ele>
        <time>2026-05-22T15:43:21.000Z</time>
      </trkpt>
      <trkpt lat="37.003625" lon="-4.566542">
        <ele>628.592428</ele>
        <time>2026-05-22T15:43:28.000Z</time>
      </trkpt>
      <trkpt lat="37.003695" lon="-4.566593">
        <ele>628.164486</ele>
        <time>2026-05-22T15:43:34.000Z</time>
      </trkpt>
      <trkpt lat="37.003706" lon="-4.566600">
        <ele>628.099286</ele>
        <time>2026-05-22T15:43:35.000Z</time>
      </trkpt>
      <trkpt lat="37.003742" lon="-4.566624">
        <ele>627.883778</ele>
        <time>2026-05-22T15:43:40.000Z</time>
      </trkpt>
      <trkpt lat="37.003752" lon="-4.566627">
        <ele>627.829441</ele>
        <time>2026-05-22T15:43:41.000Z</time>
      </trkpt>
      <trkpt lat="37.003827" lon="-4.566646">
        <ele>627.425103</ele>
        <time>2026-05-22T15:43:47.000Z</time>
      </trkpt>
      <trkpt lat="37.003839" lon="-4.566644">
        <ele>627.361135</ele>
        <time>2026-05-22T15:43:48.000Z</time>
      </trkpt>
      <trkpt lat="37.003848" lon="-4.566642">
        <ele>627.312835</ele>
        <time>2026-05-22T15:43:49.000Z</time>
      </trkpt>
      <trkpt lat="37.003871" lon="-4.566634">
        <ele>627.186698</ele>
        <time>2026-05-22T15:43:51.000Z</time>
      </trkpt>
      <trkpt lat="37.003927" lon="-4.566590">
        <ele>626.837359</ele>
        <time>2026-05-22T15:43:56.000Z</time>
      </trkpt>
      <trkpt lat="37.003992" lon="-4.566527">
        <ele>626.403024</ele>
        <time>2026-05-22T15:44:04.000Z</time>
      </trkpt>
      <trkpt lat="37.003992" lon="-4.566528">
        <ele>626.398804</ele>
        <time>2026-05-22T15:44:05.000Z</time>
      </trkpt>
      <trkpt lat="37.003999" lon="-4.566517">
        <ele>626.339451</ele>
        <time>2026-05-22T15:44:10.000Z</time>
      </trkpt>
      <trkpt lat="37.004001" lon="-4.566508">
        <ele>626.300029</ele>
        <time>2026-05-22T15:44:11.000Z</time>
      </trkpt>
      <trkpt lat="37.004006" lon="-4.566498">
        <ele>626.250242</ele>
        <time>2026-05-22T15:44:12.000Z</time>
      </trkpt>
      <trkpt lat="37.004009" lon="-4.566491">
        <ele>626.216718</ele>
        <time>2026-05-22T15:44:13.000Z</time>
      </trkpt>
      <trkpt lat="37.004014" lon="-4.566454">
        <ele>626.058363</ele>
        <time>2026-05-22T15:44:16.000Z</time>
      </trkpt>
      <trkpt lat="37.004012" lon="-4.566442">
        <ele>626.006634</ele>
        <time>2026-05-22T15:44:17.000Z</time>
      </trkpt>
      <trkpt lat="37.003996" lon="-4.566333">
        <ele>625.538964</ele>
        <time>2026-05-22T15:44:24.000Z</time>
      </trkpt>
      <trkpt lat="37.003987" lon="-4.566310">
        <ele>625.430882</ele>
        <time>2026-05-22T15:44:27.000Z</time>
      </trkpt>
      <trkpt lat="37.003964" lon="-4.566250">
        <ele>625.150032</ele>
        <time>2026-05-22T15:44:32.000Z</time>
      </trkpt>
      <trkpt lat="37.003918" lon="-4.566158">
        <ele>624.691989</ele>
        <time>2026-05-22T15:44:39.000Z</time>
      </trkpt>
      <trkpt lat="37.003906" lon="-4.566137">
        <ele>624.583022</ele>
        <time>2026-05-22T15:44:41.000Z</time>
      </trkpt>
      <trkpt lat="37.003843" lon="-4.566033">
        <ele>624.032181</ele>
        <time>2026-05-22T15:44:49.000Z</time>
      </trkpt>
      <trkpt lat="37.003810" lon="-4.565946">
        <ele>623.625745</ele>
        <time>2026-05-22T15:44:57.000Z</time>
      </trkpt>
      <trkpt lat="37.003785" lon="-4.565902">
        <ele>623.397872</ele>
        <time>2026-05-22T15:45:00.000Z</time>
      </trkpt>
      <trkpt lat="37.003753" lon="-4.565820">
        <ele>623.012737</ele>
        <time>2026-05-22T15:45:06.000Z</time>
      </trkpt>
      <trkpt lat="37.003744" lon="-4.565786">
        <ele>622.861585</ele>
        <time>2026-05-22T15:45:09.000Z</time>
      </trkpt>
      <trkpt lat="37.003712" lon="-4.565709">
        <ele>622.495291</ele>
        <time>2026-05-22T15:45:14.000Z</time>
      </trkpt>
      <trkpt lat="37.003689" lon="-4.565688">
        <ele>622.344879</ele>
        <time>2026-05-22T15:45:16.000Z</time>
      </trkpt>
      <trkpt lat="37.003592" lon="-4.565577">
        <ele>621.650529</ele>
        <time>2026-05-22T15:45:23.000Z</time>
      </trkpt>
      <trkpt lat="37.003540" lon="-4.565515">
        <ele>621.271118</ele>
        <time>2026-05-22T15:45:29.000Z</time>
      </trkpt>
      <trkpt lat="37.003525" lon="-4.565497">
        <ele>621.161336</ele>
        <time>2026-05-22T15:45:31.000Z</time>
      </trkpt>
      <trkpt lat="37.003487" lon="-4.565440">
        <ele>620.848006</ele>
        <time>2026-05-22T15:45:36.000Z</time>
      </trkpt>
      <trkpt lat="37.003434" lon="-4.565357">
        <ele>620.399555</ele>
        <time>2026-05-22T15:45:43.000Z</time>
      </trkpt>
      <trkpt lat="37.003413" lon="-4.565327">
        <ele>620.231210</ele>
        <time>2026-05-22T15:45:45.000Z</time>
      </trkpt>
      <trkpt lat="37.003359" lon="-4.565256">
        <ele>619.757864</ele>
        <time>2026-05-22T15:45:50.000Z</time>
      </trkpt>
      <trkpt lat="37.003314" lon="-4.565206">
        <ele>619.345277</ele>
        <time>2026-05-22T15:45:55.000Z</time>
      </trkpt>
      <trkpt lat="37.003290" lon="-4.565186">
        <ele>619.147569</ele>
        <time>2026-05-22T15:45:57.000Z</time>
      </trkpt>
      <trkpt lat="37.003218" lon="-4.565101">
        <ele>618.468944</ele>
        <time>2026-05-22T15:46:05.000Z</time>
      </trkpt>
      <trkpt lat="37.003175" lon="-4.565046">
        <ele>618.047402</ele>
        <time>2026-05-22T15:46:10.000Z</time>
      </trkpt>
      <trkpt lat="37.003138" lon="-4.565006">
        <ele>617.712171</ele>
        <time>2026-05-22T15:46:13.000Z</time>
      </trkpt>
      <trkpt lat="37.003106" lon="-4.564975">
        <ele>617.434707</ele>
        <time>2026-05-22T15:46:16.000Z</time>
      </trkpt>
      <trkpt lat="37.003073" lon="-4.564927">
        <ele>617.087824</ele>
        <time>2026-05-22T15:46:19.000Z</time>
      </trkpt>
      <trkpt lat="37.003058" lon="-4.564899">
        <ele>616.903166</ele>
        <time>2026-05-22T15:46:21.000Z</time>
      </trkpt>
      <trkpt lat="37.003041" lon="-4.564859">
        <ele>616.655002</ele>
        <time>2026-05-22T15:46:24.000Z</time>
      </trkpt>
      <trkpt lat="37.003009" lon="-4.564772">
        <ele>616.130410</ele>
        <time>2026-05-22T15:46:29.000Z</time>
      </trkpt>
      <trkpt lat="37.002979" lon="-4.564686">
        <ele>615.616429</ele>
        <time>2026-05-22T15:46:34.000Z</time>
      </trkpt>
      <trkpt lat="37.002937" lon="-4.564623">
        <ele>615.166966</ele>
        <time>2026-05-22T15:46:39.000Z</time>
      </trkpt>
      <trkpt lat="37.002918" lon="-4.564601">
        <ele>614.989494</ele>
        <time>2026-05-22T15:46:40.000Z</time>
      </trkpt>
      <trkpt lat="37.002889" lon="-4.564580">
        <ele>614.759750</ele>
        <time>2026-05-22T15:46:42.000Z</time>
      </trkpt>
      <trkpt lat="37.002844" lon="-4.564539">
        <ele>614.378093</ele>
        <time>2026-05-22T15:46:47.000Z</time>
      </trkpt>
      <trkpt lat="37.002801" lon="-4.564420">
        <ele>613.662739</ele>
        <time>2026-05-22T15:46:54.000Z</time>
      </trkpt>
      <trkpt lat="37.002767" lon="-4.564313">
        <ele>613.032033</ele>
        <time>2026-05-22T15:47:01.000Z</time>
      </trkpt>
      <trkpt lat="37.002764" lon="-4.564287">
        <ele>612.888156</ele>
        <time>2026-05-22T15:47:03.000Z</time>
      </trkpt>
      <trkpt lat="37.002715" lon="-4.564174">
        <ele>612.183926</ele>
        <time>2026-05-22T15:47:11.000Z</time>
      </trkpt>
      <trkpt lat="37.002669" lon="-4.564121">
        <ele>611.755233</ele>
        <time>2026-05-22T15:47:16.000Z</time>
      </trkpt>
      <trkpt lat="37.002630" lon="-4.564061">
        <ele>611.331534</ele>
        <time>2026-05-22T15:47:21.000Z</time>
      </trkpt>
      <trkpt lat="37.002571" lon="-4.563943">
        <ele>610.569050</ele>
        <time>2026-05-22T15:47:29.000Z</time>
      </trkpt>
      <trkpt lat="37.002560" lon="-4.563925">
        <ele>610.444915</ele>
        <time>2026-05-22T15:47:31.000Z</time>
      </trkpt>
      <trkpt lat="37.002534" lon="-4.563871">
        <ele>610.099572</ele>
        <time>2026-05-22T15:47:36.000Z</time>
      </trkpt>
      <trkpt lat="37.002524" lon="-4.563848">
        <ele>609.956146</ele>
        <time>2026-05-22T15:47:38.000Z</time>
      </trkpt>
      <trkpt lat="37.002504" lon="-4.563790">
        <ele>609.610141</ele>
        <time>2026-05-22T15:47:42.000Z</time>
      </trkpt>
      <trkpt lat="37.002459" lon="-4.563720">
        <ele>609.117983</ele>
        <time>2026-05-22T15:47:49.000Z</time>
      </trkpt>
      <trkpt lat="37.002443" lon="-4.563694">
        <ele>608.938212</ele>
        <time>2026-05-22T15:47:53.000Z</time>
      </trkpt>
      <trkpt lat="37.002424" lon="-4.563656">
        <ele>608.692666</ele>
        <time>2026-05-22T15:47:57.000Z</time>
      </trkpt>
      <trkpt lat="37.002394" lon="-4.563584">
        <ele>608.247887</ele>
        <time>2026-05-22T15:48:03.000Z</time>
      </trkpt>
      <trkpt lat="37.002392" lon="-4.563577">
        <ele>608.207170</ele>
        <time>2026-05-22T15:48:04.000Z</time>
      </trkpt>
      <trkpt lat="37.002386" lon="-4.563553">
        <ele>608.069435</ele>
        <time>2026-05-22T15:48:06.000Z</time>
      </trkpt>
      <trkpt lat="37.002368" lon="-4.563487">
        <ele>607.687465</ele>
        <time>2026-05-22T15:48:12.000Z</time>
      </trkpt>
      <trkpt lat="37.002349" lon="-4.563407">
        <ele>607.334688</ele>
        <time>2026-05-22T15:48:19.000Z</time>
      </trkpt>
      <trkpt lat="37.002342" lon="-4.563362">
        <ele>607.141543</ele>
        <time>2026-05-22T15:48:22.000Z</time>
      </trkpt>
      <trkpt lat="37.002336" lon="-4.563330">
        <ele>607.003062</ele>
        <time>2026-05-22T15:48:25.000Z</time>
      </trkpt>
      <trkpt lat="37.002319" lon="-4.563246">
        <ele>606.637988</ele>
        <time>2026-05-22T15:48:32.000Z</time>
      </trkpt>
      <trkpt lat="37.002312" lon="-4.563210">
        <ele>606.481892</ele>
        <time>2026-05-22T15:48:34.000Z</time>
      </trkpt>
      <trkpt lat="37.002303" lon="-4.563161">
        <ele>606.270068</ele>
        <time>2026-05-22T15:48:39.000Z</time>
      </trkpt>
      <trkpt lat="37.002296" lon="-4.563078">
        <ele>605.918449</ele>
        <time>2026-05-22T15:48:47.000Z</time>
      </trkpt>
      <trkpt lat="37.002296" lon="-4.563067">
        <ele>605.872106</ele>
        <time>2026-05-22T15:48:48.000Z</time>
      </trkpt>
      <trkpt lat="37.002298" lon="-4.562982">
        <ele>605.513850</ele>
        <time>2026-05-22T15:48:55.000Z</time>
      </trkpt>
      <trkpt lat="37.002296" lon="-4.562969">
        <ele>605.458075</ele>
        <time>2026-05-22T15:48:56.000Z</time>
      </trkpt>
      <trkpt lat="37.002293" lon="-4.562948">
        <ele>605.368199</ele>
        <time>2026-05-22T15:48:58.000Z</time>
      </trkpt>
      <trkpt lat="37.002281" lon="-4.562909">
        <ele>605.192120</ele>
        <time>2026-05-22T15:49:04.000Z</time>
      </trkpt>
      <trkpt lat="37.002268" lon="-4.562827">
        <ele>604.839917</ele>
        <time>2026-05-22T15:49:12.000Z</time>
      </trkpt>
      <trkpt lat="37.002267" lon="-4.562802">
        <ele>604.734462</ele>
        <time>2026-05-22T15:49:14.000Z</time>
      </trkpt>
      <trkpt lat="37.002252" lon="-4.562755">
        <ele>604.521227</ele>
        <time>2026-05-22T15:49:19.000Z</time>
      </trkpt>
      <trkpt lat="37.002256" lon="-4.562628">
        <ele>603.985766</ele>
        <time>2026-05-22T15:49:28.000Z</time>
      </trkpt>
      <trkpt lat="37.002291" lon="-4.562494">
        <ele>603.391804</ele>
        <time>2026-05-22T15:49:36.000Z</time>
      </trkpt>
      <trkpt lat="37.002305" lon="-4.562449">
        <ele>603.188344</ele>
        <time>2026-05-22T15:49:40.000Z</time>
      </trkpt>
      <trkpt lat="37.002310" lon="-4.562430">
        <ele>603.104064</ele>
        <time>2026-05-22T15:49:42.000Z</time>
      </trkpt>
      <trkpt lat="37.002322" lon="-4.562297">
        <ele>602.540178</ele>
        <time>2026-05-22T15:49:51.000Z</time>
      </trkpt>
      <trkpt lat="37.002326" lon="-4.562278">
        <ele>602.457397</ele>
        <time>2026-05-22T15:49:53.000Z</time>
      </trkpt>
      <trkpt lat="37.002339" lon="-4.562252">
        <ele>602.328163</ele>
        <time>2026-05-22T15:49:58.000Z</time>
      </trkpt>
      <trkpt lat="37.002349" lon="-4.562169">
        <ele>601.974532</ele>
        <time>2026-05-22T15:50:06.000Z</time>
      </trkpt>
      <trkpt lat="37.002347" lon="-4.562083">
        <ele>601.612065</ele>
        <time>2026-05-22T15:50:12.000Z</time>
      </trkpt>
      <trkpt lat="37.002346" lon="-4.562072">
        <ele>601.565423</ele>
        <time>2026-05-22T15:50:13.000Z</time>
      </trkpt>
      <trkpt lat="37.002356" lon="-4.562028">
        <ele>601.372693</ele>
        <time>2026-05-22T15:50:18.000Z</time>
      </trkpt>
      <trkpt lat="37.002383" lon="-4.561982">
        <ele>601.132185</ele>
        <time>2026-05-22T15:50:21.000Z</time>
      </trkpt>
      <trkpt lat="37.002439" lon="-4.561897">
        <ele>600.667957</ele>
        <time>2026-05-22T15:50:28.000Z</time>
      </trkpt>
      <trkpt lat="37.002445" lon="-4.561854">
        <ele>600.484056</ele>
        <time>2026-05-22T15:50:32.000Z</time>
      </trkpt>
      <trkpt lat="37.002448" lon="-4.561833">
        <ele>600.394180</ele>
        <time>2026-05-22T15:50:34.000Z</time>
      </trkpt>
      <trkpt lat="37.002449" lon="-4.561823">
        <ele>600.351721</ele>
        <time>2026-05-22T15:50:35.000Z</time>
      </trkpt>
      <trkpt lat="37.002451" lon="-4.561819">
        <ele>600.331839</ele>
        <time>2026-05-22T15:50:37.000Z</time>
      </trkpt>
      <trkpt lat="37.002451" lon="-4.561766">
        <ele>600.108553</ele>
        <time>2026-05-22T15:50:41.000Z</time>
      </trkpt>
      <trkpt lat="37.002488" lon="-4.561678">
        <ele>599.689572</ele>
        <time>2026-05-22T15:50:47.000Z</time>
      </trkpt>
      <trkpt lat="37.002515" lon="-4.561616">
        <ele>599.392059</ele>
        <time>2026-05-22T15:50:52.000Z</time>
      </trkpt>
      <trkpt lat="37.002536" lon="-4.561542">
        <ele>599.061204</ele>
        <time>2026-05-22T15:50:57.000Z</time>
      </trkpt>
      <trkpt lat="37.002548" lon="-4.561510">
        <ele>598.912267</ele>
        <time>2026-05-22T15:51:00.000Z</time>
      </trkpt>
      <trkpt lat="37.002581" lon="-4.561437">
        <ele>598.558870</ele>
        <time>2026-05-22T15:51:07.000Z</time>
      </trkpt>
      <trkpt lat="37.002611" lon="-4.561372">
        <ele>598.242587</ele>
        <time>2026-05-22T15:51:13.000Z</time>
      </trkpt>
      <trkpt lat="37.002629" lon="-4.561340">
        <ele>598.237106</ele>
        <time>2026-05-22T15:51:16.000Z</time>
      </trkpt>
      <trkpt lat="37.002679" lon="-4.561289">
        <ele>598.363141</ele>
        <time>2026-05-22T15:51:25.000Z</time>
      </trkpt>
      <trkpt lat="37.002674" lon="-4.561294">
        <ele>598.375647</ele>
        <time>2026-05-22T15:51:26.000Z</time>
      </trkpt>
      <trkpt lat="37.002640" lon="-4.561314">
        <ele>598.449062</ele>
        <time>2026-05-22T15:51:31.000Z</time>
      </trkpt>
      <trkpt lat="37.002625" lon="-4.561303">
        <ele>598.483035</ele>
        <time>2026-05-22T15:51:34.000Z</time>
      </trkpt>
      <trkpt lat="37.002615" lon="-4.561287">
        <ele>598.514745</ele>
        <time>2026-05-22T15:51:39.000Z</time>
      </trkpt>
      <trkpt lat="37.002611" lon="-4.561264">
        <ele>598.551485</ele>
        <time>2026-05-22T15:51:46.000Z</time>
      </trkpt>
      <trkpt lat="37.002611" lon="-4.561253">
        <ele>598.568653</ele>
        <time>2026-05-22T15:51:47.000Z</time>
      </trkpt>
      <trkpt lat="37.002624" lon="-4.561171">
        <ele>598.699134</ele>
        <time>2026-05-22T15:51:54.000Z</time>
      </trkpt>
      <trkpt lat="37.002633" lon="-4.561121">
        <ele>598.779130</ele>
        <time>2026-05-22T15:52:00.000Z</time>
      </trkpt>
      <trkpt lat="37.002673" lon="-4.561036">
        <ele>598.933115</ele>
        <time>2026-05-22T15:52:07.000Z</time>
      </trkpt>
      <trkpt lat="37.002716" lon="-4.560973">
        <ele>599.062462</ele>
        <time>2026-05-22T15:52:13.000Z</time>
      </trkpt>
      <trkpt lat="37.002760" lon="-4.560902">
        <ele>599.202728</ele>
        <time>2026-05-22T15:52:19.000Z</time>
      </trkpt>
      <trkpt lat="37.002754" lon="-4.560906">
        <ele>599.216012</ele>
        <time>2026-05-22T15:52:24.000Z</time>
      </trkpt>
      <trkpt lat="37.002772" lon="-4.560918">
        <ele>599.255866</ele>
        <time>2026-05-22T15:52:33.000Z</time>
      </trkpt>
      <trkpt lat="37.002785" lon="-4.560913">
        <ele>599.282444</ele>
        <time>2026-05-22T15:52:43.000Z</time>
      </trkpt>
      <trkpt lat="37.002779" lon="-4.560914">
        <ele>599.294274</ele>
        <time>2026-05-22T15:52:52.000Z</time>
      </trkpt>
      <trkpt lat="37.002808" lon="-4.560829">
        <ele>599.438538</ele>
        <time>2026-05-22T15:52:58.000Z</time>
      </trkpt>
      <trkpt lat="37.002860" lon="-4.560766">
        <ele>599.579947</ele>
        <time>2026-05-22T15:53:05.000Z</time>
      </trkpt>
      <trkpt lat="37.002936" lon="-4.560708">
        <ele>599.753890</ele>
        <time>2026-05-22T15:53:12.000Z</time>
      </trkpt>
      <trkpt lat="37.002997" lon="-4.560657">
        <ele>599.897238</ele>
        <time>2026-05-22T15:53:18.000Z</time>
      </trkpt>
      <trkpt lat="37.003013" lon="-4.560636">
        <ele>599.942537</ele>
        <time>2026-05-22T15:53:20.000Z</time>
      </trkpt>
      <trkpt lat="37.003090" lon="-4.560551">
        <ele>600.143151</ele>
        <time>2026-05-22T15:53:29.000Z</time>
      </trkpt>
      <trkpt lat="37.003099" lon="-4.560542">
        <ele>600.165661</ele>
        <time>2026-05-22T15:53:30.000Z</time>
      </trkpt>
      <trkpt lat="37.003151" lon="-4.560477">
        <ele>600.309258</ele>
        <time>2026-05-22T15:53:36.000Z</time>
      </trkpt>
      <trkpt lat="37.003182" lon="-4.560442">
        <ele>600.390833</ele>
        <time>2026-05-22T15:53:40.000Z</time>
      </trkpt>
      <trkpt lat="37.003246" lon="-4.560362">
        <ele>600.567568</ele>
        <time>2026-05-22T15:53:47.000Z</time>
      </trkpt>
      <trkpt lat="37.003286" lon="-4.560321">
        <ele>600.668593</ele>
        <time>2026-05-22T15:53:51.000Z</time>
      </trkpt>
      <trkpt lat="37.003319" lon="-4.560282">
        <ele>600.757275</ele>
        <time>2026-05-22T15:53:55.000Z</time>
      </trkpt>
      <trkpt lat="37.003396" lon="-4.560193">
        <ele>600.962071</ele>
        <time>2026-05-22T15:54:03.000Z</time>
      </trkpt>
      <trkpt lat="37.003403" lon="-4.560190">
        <ele>600.976530</ele>
        <time>2026-05-22T15:54:04.000Z</time>
      </trkpt>
      <trkpt lat="37.003434" lon="-4.560161">
        <ele>601.052156</ele>
        <time>2026-05-22T15:54:07.000Z</time>
      </trkpt>
      <trkpt lat="37.003454" lon="-4.560134">
        <ele>601.109633</ele>
        <time>2026-05-22T15:54:09.000Z</time>
      </trkpt>
      <trkpt lat="37.003483" lon="-4.560078">
        <ele>601.213803</ele>
        <time>2026-05-22T15:54:13.000Z</time>
      </trkpt>
      <trkpt lat="37.003503" lon="-4.560050">
        <ele>601.272434</ele>
        <time>2026-05-22T15:54:16.000Z</time>
      </trkpt>
      <trkpt lat="37.003516" lon="-4.560030">
        <ele>601.312681</ele>
        <time>2026-05-22T15:54:18.000Z</time>
      </trkpt>
      <trkpt lat="37.003591" lon="-4.559945">
        <ele>601.510380</ele>
        <time>2026-05-22T15:54:26.000Z</time>
      </trkpt>
      <trkpt lat="37.003673" lon="-4.559908">
        <ele>601.680724</ele>
        <time>2026-05-22T15:54:33.000Z</time>
      </trkpt>
      <trkpt lat="37.003772" lon="-4.559889">
        <ele>601.571944</ele>
        <time>2026-05-22T15:54:40.000Z</time>
      </trkpt>
      <trkpt lat="37.003852" lon="-4.559933">
        <ele>601.431793</ele>
        <time>2026-05-22T15:54:47.000Z</time>
      </trkpt>
      <trkpt lat="37.003863" lon="-4.559940">
        <ele>601.412002</ele>
        <time>2026-05-22T15:54:48.000Z</time>
      </trkpt>
      <trkpt lat="37.003882" lon="-4.559983">
        <ele>601.349053</ele>
        <time>2026-05-22T15:54:52.000Z</time>
      </trkpt>
      <trkpt lat="37.003916" lon="-4.560007">
        <ele>601.286449</ele>
        <time>2026-05-22T15:54:57.000Z</time>
      </trkpt>
      <trkpt lat="37.003923" lon="-4.560011">
        <ele>601.274108</ele>
        <time>2026-05-22T15:54:58.000Z</time>
      </trkpt>
      <trkpt lat="37.003964" lon="-4.560032">
        <ele>601.203056</ele>
        <time>2026-05-22T15:55:04.000Z</time>
      </trkpt>
      <trkpt lat="37.003972" lon="-4.560037">
        <ele>601.188714</ele>
        <time>2026-05-22T15:55:05.000Z</time>
      </trkpt>
      <trkpt lat="37.004056" lon="-4.560079">
        <ele>601.043636</ele>
        <time>2026-05-22T15:55:12.000Z</time>
      </trkpt>
      <trkpt lat="37.004084" lon="-4.560093">
        <ele>600.995276</ele>
        <time>2026-05-22T15:55:15.000Z</time>
      </trkpt>
      <trkpt lat="37.004104" lon="-4.560100">
        <ele>600.961967</ele>
        <time>2026-05-22T15:55:18.000Z</time>
      </trkpt>
      <trkpt lat="37.004150" lon="-4.560124">
        <ele>600.882036</ele>
        <time>2026-05-22T15:55:23.000Z</time>
      </trkpt>
      <trkpt lat="37.004189" lon="-4.560146">
        <ele>600.813426</ele>
        <time>2026-05-22T15:55:26.000Z</time>
      </trkpt>
      <trkpt lat="37.004257" lon="-4.560177">
        <ele>600.697352</ele>
        <time>2026-05-22T15:55:32.000Z</time>
      </trkpt>
      <trkpt lat="37.004345" lon="-4.560205">
        <ele>600.551716</ele>
        <time>2026-05-22T15:55:40.000Z</time>
      </trkpt>
      <trkpt lat="37.004408" lon="-4.560236">
        <ele>600.443143</ele>
        <time>2026-05-22T15:55:47.000Z</time>
      </trkpt>
      <trkpt lat="37.004501" lon="-4.560277">
        <ele>600.284998</ele>
        <time>2026-05-22T15:55:56.000Z</time>
      </trkpt>
      <trkpt lat="37.004567" lon="-4.560316">
        <ele>600.167940</ele>
        <time>2026-05-22T15:56:03.000Z</time>
      </trkpt>
      <trkpt lat="37.004616" lon="-4.560389">
        <ele>600.045789</ele>
        <time>2026-05-22T15:56:10.000Z</time>
      </trkpt>
      <trkpt lat="37.004676" lon="-4.560432">
        <ele>599.934903</ele>
        <time>2026-05-22T15:56:17.000Z</time>
      </trkpt>
      <trkpt lat="37.004719" lon="-4.560455">
        <ele>599.859903</ele>
        <time>2026-05-22T15:56:21.000Z</time>
      </trkpt>
      <trkpt lat="37.004742" lon="-4.560478">
        <ele>599.812692</ele>
        <time>2026-05-22T15:56:25.000Z</time>
      </trkpt>
      <trkpt lat="37.004808" lon="-4.560532">
        <ele>599.686235</ele>
        <time>2026-05-22T15:56:32.000Z</time>
      </trkpt>
      <trkpt lat="37.004830" lon="-4.560539">
        <ele>599.649826</ele>
        <time>2026-05-22T15:56:34.000Z</time>
      </trkpt>
      <trkpt lat="37.004886" lon="-4.560580">
        <ele>599.545776</ele>
        <time>2026-05-22T15:56:40.000Z</time>
      </trkpt>
      <trkpt lat="37.004947" lon="-4.560614">
        <ele>599.438679</ele>
        <time>2026-05-22T15:56:47.000Z</time>
      </trkpt>
      <trkpt lat="37.005013" lon="-4.560634">
        <ele>599.329760</ele>
        <time>2026-05-22T15:56:55.000Z</time>
      </trkpt>
      <trkpt lat="37.005045" lon="-4.560646">
        <ele>599.276181</ele>
        <time>2026-05-22T15:56:59.000Z</time>
      </trkpt>
      <trkpt lat="37.005078" lon="-4.560659">
        <ele>599.220692</ele>
        <time>2026-05-22T15:57:04.000Z</time>
      </trkpt>
      <trkpt lat="37.005101" lon="-4.560669">
        <ele>599.181640</ele>
        <time>2026-05-22T15:57:12.000Z</time>
      </trkpt>
      <trkpt lat="37.005143" lon="-4.560667">
        <ele>599.114224</ele>
        <time>2026-05-22T15:57:19.000Z</time>
      </trkpt>
      <trkpt lat="37.005181" lon="-4.560626">
        <ele>599.033768</ele>
        <time>2026-05-22T15:57:24.000Z</time>
      </trkpt>
      <trkpt lat="37.005210" lon="-4.560606">
        <ele>598.980664</ele>
        <time>2026-05-22T15:57:27.000Z</time>
      </trkpt>
      <trkpt lat="37.005222" lon="-4.560605">
        <ele>598.961374</ele>
        <time>2026-05-22T15:57:29.000Z</time>
      </trkpt>
      <trkpt lat="37.005240" lon="-4.560609">
        <ele>598.932051</ele>
        <time>2026-05-22T15:57:31.000Z</time>
      </trkpt>
      <trkpt lat="37.005272" lon="-4.560613">
        <ele>598.880469</ele>
        <time>2026-05-22T15:57:34.000Z</time>
      </trkpt>
      <trkpt lat="37.005347" lon="-4.560625">
        <ele>598.674487</ele>
        <time>2026-05-22T15:57:41.000Z</time>
      </trkpt>
      <trkpt lat="37.005416" lon="-4.560637">
        <ele>598.417203</ele>
        <time>2026-05-22T15:57:48.000Z</time>
      </trkpt>
      <trkpt lat="37.005427" lon="-4.560635">
        <ele>598.376151</ele>
        <time>2026-05-22T15:57:49.000Z</time>
      </trkpt>
      <trkpt lat="37.005518" lon="-4.560605">
        <ele>598.028608</ele>
        <time>2026-05-22T15:57:56.000Z</time>
      </trkpt>
      <trkpt lat="37.005605" lon="-4.560586">
        <ele>597.702440</ele>
        <time>2026-05-22T15:58:03.000Z</time>
      </trkpt>
      <trkpt lat="37.005670" lon="-4.560560">
        <ele>597.450424</ele>
        <time>2026-05-22T15:58:10.000Z</time>
      </trkpt>
      <trkpt lat="37.005737" lon="-4.560540">
        <ele>597.196039</ele>
        <time>2026-05-22T15:58:16.000Z</time>
      </trkpt>
      <trkpt lat="37.005764" lon="-4.560528">
        <ele>597.090225</ele>
        <time>2026-05-22T15:58:18.000Z</time>
      </trkpt>
      <trkpt lat="37.005806" lon="-4.560524">
        <ele>596.934658</ele>
        <time>2026-05-22T15:58:22.000Z</time>
      </trkpt>
      <trkpt lat="37.005819" lon="-4.560525">
        <ele>596.886555</ele>
        <time>2026-05-22T15:58:26.000Z</time>
      </trkpt>
      <trkpt lat="37.005826" lon="-4.560520">
        <ele>596.856791</ele>
        <time>2026-05-22T15:58:36.000Z</time>
      </trkpt>
      <trkpt lat="37.005835" lon="-4.560514">
        <ele>596.819135</ele>
        <time>2026-05-22T15:58:44.000Z</time>
      </trkpt>
      <trkpt lat="37.005840" lon="-4.560505">
        <ele>596.786799</ele>
        <time>2026-05-22T15:58:55.000Z</time>
      </trkpt>
      <trkpt lat="37.005835" lon="-4.560467">
        <ele>596.673211</ele>
        <time>2026-05-22T15:59:02.000Z</time>
      </trkpt>
      <trkpt lat="37.005834" lon="-4.560454">
        <ele>596.634691</ele>
        <time>2026-05-22T15:59:05.000Z</time>
      </trkpt>
      <trkpt lat="37.005832" lon="-4.560460">
        <ele>596.615515</ele>
        <time>2026-05-22T15:59:06.000Z</time>
      </trkpt>
      <trkpt lat="37.005811" lon="-4.560541">
        <ele>596.364341</ele>
        <time>2026-05-22T15:59:12.000Z</time>
      </trkpt>
      <trkpt lat="37.005800" lon="-4.560515">
        <ele>596.277560</ele>
        <time>2026-05-22T15:59:18.000Z</time>
      </trkpt>
      <trkpt lat="37.005802" lon="-4.560512">
        <ele>596.266034</ele>
        <time>2026-05-22T15:59:19.000Z</time>
      </trkpt>
      <trkpt lat="37.005834" lon="-4.560498">
        <ele>596.140842</ele>
        <time>2026-05-22T15:59:30.000Z</time>
      </trkpt>
      <trkpt lat="37.005860" lon="-4.560508">
        <ele>596.040389</ele>
        <time>2026-05-22T15:59:35.000Z</time>
      </trkpt>
      <trkpt lat="37.005891" lon="-4.560517">
        <ele>595.922860</ele>
        <time>2026-05-22T15:59:39.000Z</time>
      </trkpt>
      <trkpt lat="37.005946" lon="-4.560518">
        <ele>595.719706</ele>
        <time>2026-05-22T15:59:45.000Z</time>
      </trkpt>
      <trkpt lat="37.005986" lon="-4.560500">
        <ele>595.562725</ele>
        <time>2026-05-22T15:59:48.000Z</time>
      </trkpt>
      <trkpt lat="37.005999" lon="-4.560492">
        <ele>595.509227</ele>
        <time>2026-05-22T15:59:49.000Z</time>
      </trkpt>
      <trkpt lat="37.006013" lon="-4.560483">
        <ele>595.451105</ele>
        <time>2026-05-22T15:59:50.000Z</time>
      </trkpt>
      <trkpt lat="37.006041" lon="-4.560464">
        <ele>595.333486</ele>
        <time>2026-05-22T15:59:52.000Z</time>
      </trkpt>
      <trkpt lat="37.006054" lon="-4.560458">
        <ele>595.282315</ele>
        <time>2026-05-22T15:59:53.000Z</time>
      </trkpt>
      <trkpt lat="37.006095" lon="-4.560462">
        <ele>595.130431</ele>
        <time>2026-05-22T15:59:57.000Z</time>
      </trkpt>
      <trkpt lat="37.006185" lon="-4.560464">
        <ele>594.797981</ele>
        <time>2026-05-22T16:00:04.000Z</time>
      </trkpt>
      <trkpt lat="37.006218" lon="-4.560446">
        <ele>594.665041</ele>
        <time>2026-05-22T16:00:07.000Z</time>
      </trkpt>
      <trkpt lat="37.006227" lon="-4.560441">
        <ele>594.628677</ele>
        <time>2026-05-22T16:00:08.000Z</time>
      </trkpt>
      <trkpt lat="37.006249" lon="-4.560434">
        <ele>594.544842</ele>
        <time>2026-05-22T16:00:10.000Z</time>
      </trkpt>
      <trkpt lat="37.006275" lon="-4.560432">
        <ele>594.448635</ele>
        <time>2026-05-22T16:00:12.000Z</time>
      </trkpt>
      <trkpt lat="37.006402" lon="-4.560421">
        <ele>593.978464</ele>
        <time>2026-05-22T16:00:21.000Z</time>
      </trkpt>
      <trkpt lat="37.006529" lon="-4.560402">
        <ele>593.506079</ele>
        <time>2026-05-22T16:00:31.000Z</time>
      </trkpt>
      <trkpt lat="37.006622" lon="-4.560407">
        <ele>593.162284</ele>
        <time>2026-05-22T16:00:38.000Z</time>
      </trkpt>
      <trkpt lat="37.006682" lon="-4.560396">
        <ele>592.938324</ele>
        <time>2026-05-22T16:00:43.000Z</time>
      </trkpt>
      <trkpt lat="37.006708" lon="-4.560394">
        <ele>592.842117</ele>
        <time>2026-05-22T16:00:45.000Z</time>
      </trkpt>
      <trkpt lat="37.006807" lon="-4.560378">
        <ele>592.473446</ele>
        <time>2026-05-22T16:00:52.000Z</time>
      </trkpt>
      <trkpt lat="37.006904" lon="-4.560368">
        <ele>592.129315</ele>
        <time>2026-05-22T16:01:00.000Z</time>
      </trkpt>
      <trkpt lat="37.006955" lon="-4.560357">
        <ele>591.981729</ele>
        <time>2026-05-22T16:01:05.000Z</time>
      </trkpt>
      <trkpt lat="37.007013" lon="-4.560349">
        <ele>591.815321</ele>
        <time>2026-05-22T16:01:09.000Z</time>
      </trkpt>
      <trkpt lat="37.007125" lon="-4.560352">
        <ele>591.495841</ele>
        <time>2026-05-22T16:01:18.000Z</time>
      </trkpt>
      <trkpt lat="37.007139" lon="-4.560350">
        <ele>591.455656</ele>
        <time>2026-05-22T16:01:19.000Z</time>
      </trkpt>
      <trkpt lat="37.007216" lon="-4.560355">
        <ele>591.235769</ele>
        <time>2026-05-22T16:01:25.000Z</time>
      </trkpt>
      <trkpt lat="37.007268" lon="-4.560376">
        <ele>591.079952</ele>
        <time>2026-05-22T16:01:30.000Z</time>
      </trkpt>
      <trkpt lat="37.007305" lon="-4.560387">
        <ele>590.971501</ele>
        <time>2026-05-22T16:01:32.000Z</time>
      </trkpt>
      <trkpt lat="37.007407" lon="-4.560432">
        <ele>590.663087</ele>
        <time>2026-05-22T16:01:39.000Z</time>
      </trkpt>
      <trkpt lat="37.007415" lon="-4.560440">
        <ele>590.633891</ele>
        <time>2026-05-22T16:01:40.000Z</time>
      </trkpt>
      <trkpt lat="37.007494" lon="-4.560484">
        <ele>590.387316</ele>
        <time>2026-05-22T16:01:46.000Z</time>
      </trkpt>
      <trkpt lat="37.007593" lon="-4.560488">
        <ele>590.104836</ele>
        <time>2026-05-22T16:01:54.000Z</time>
      </trkpt>
      <trkpt lat="37.007706" lon="-4.560499">
        <ele>589.781605</ele>
        <time>2026-05-22T16:02:05.000Z</time>
      </trkpt>
      <trkpt lat="37.007771" lon="-4.560484">
        <ele>589.593113</ele>
        <time>2026-05-22T16:02:10.000Z</time>
      </trkpt>
      <trkpt lat="37.007799" lon="-4.560473">
        <ele>589.509424</ele>
        <time>2026-05-22T16:02:12.000Z</time>
      </trkpt>
      <trkpt lat="37.007865" lon="-4.560472">
        <ele>589.321188</ele>
        <time>2026-05-22T16:02:18.000Z</time>
      </trkpt>
      <trkpt lat="37.007900" lon="-4.560476">
        <ele>589.220959</ele>
        <time>2026-05-22T16:02:21.000Z</time>
      </trkpt>
      <trkpt lat="37.007946" lon="-4.560475">
        <ele>589.089754</ele>
        <time>2026-05-22T16:02:24.000Z</time>
      </trkpt>
      <trkpt lat="37.008028" lon="-4.560457">
        <ele>588.852337</ele>
        <time>2026-05-22T16:02:32.000Z</time>
      </trkpt>
      <trkpt lat="37.008166" lon="-4.560443">
        <ele>588.457492</ele>
        <time>2026-05-22T16:02:42.000Z</time>
      </trkpt>
      <trkpt lat="37.008272" lon="-4.560425">
        <ele>588.152430</ele>
        <time>2026-05-22T16:02:50.000Z</time>
      </trkpt>
      <trkpt lat="37.008314" lon="-4.560408">
        <ele>588.026551</ele>
        <time>2026-05-22T16:02:55.000Z</time>
      </trkpt>
      <trkpt lat="37.008421" lon="-4.560387">
        <ele>587.717678</ele>
        <time>2026-05-22T16:03:03.000Z</time>
      </trkpt>
      <trkpt lat="37.008433" lon="-4.560384">
        <ele>587.682780</ele>
        <time>2026-05-22T16:03:04.000Z</time>
      </trkpt>
      <trkpt lat="37.008547" lon="-4.560351">
        <ele>587.349097</ele>
        <time>2026-05-22T16:03:14.000Z</time>
      </trkpt>
      <trkpt lat="37.008589" lon="-4.560217">
        <ele>586.991797</ele>
        <time>2026-05-22T16:03:25.000Z</time>
      </trkpt>
      <trkpt lat="37.008587" lon="-4.560164">
        <ele>586.754386</ele>
        <time>2026-05-22T16:03:31.000Z</time>
      </trkpt>
      <trkpt lat="37.008589" lon="-4.560160">
        <ele>586.733269</ele>
        <time>2026-05-22T16:03:32.000Z</time>
      </trkpt>
      <trkpt lat="37.008596" lon="-4.560151">
        <ele>586.677054</ele>
        <time>2026-05-22T16:03:35.000Z</time>
      </trkpt>
      <trkpt lat="37.008594" lon="-4.560136">
        <ele>586.609008</ele>
        <time>2026-05-22T16:03:37.000Z</time>
      </trkpt>
      <trkpt lat="37.008600" lon="-4.560133">
        <ele>586.572808</ele>
        <time>2026-05-22T16:03:40.000Z</time>
      </trkpt>
      <trkpt lat="37.008598" lon="-4.560135">
        <ele>586.558467</ele>
        <time>2026-05-22T16:03:42.000Z</time>
      </trkpt>
      <trkpt lat="37.008591" lon="-4.560147">
        <ele>586.491973</ele>
        <time>2026-05-22T16:03:47.000Z</time>
      </trkpt>
      <trkpt lat="37.008590" lon="-4.560144">
        <ele>586.477427</ele>
        <time>2026-05-22T16:03:49.000Z</time>
      </trkpt>
      <trkpt lat="37.008611" lon="-4.560069">
        <ele>586.121811</ele>
        <time>2026-05-22T16:03:56.000Z</time>
      </trkpt>
      <trkpt lat="37.008698" lon="-4.560008">
        <ele>585.563117</ele>
        <time>2026-05-22T16:04:04.000Z</time>
      </trkpt>
      <trkpt lat="37.008754" lon="-4.560007">
        <ele>585.249302</ele>
        <time>2026-05-22T16:04:08.000Z</time>
      </trkpt>
      <trkpt lat="37.008791" lon="-4.560027">
        <ele>585.023492</ele>
        <time>2026-05-22T16:04:11.000Z</time>
      </trkpt>
      <trkpt lat="37.008842" lon="-4.560058">
        <ele>584.705841</ele>
        <time>2026-05-22T16:04:17.000Z</time>
      </trkpt>
      <trkpt lat="37.008866" lon="-4.560071">
        <ele>584.559321</ele>
        <time>2026-05-22T16:04:19.000Z</time>
      </trkpt>
      <trkpt lat="37.008920" lon="-4.560097">
        <ele>584.235151</ele>
        <time>2026-05-22T16:04:23.000Z</time>
      </trkpt>
      <trkpt lat="37.009001" lon="-4.560136">
        <ele>583.748895</ele>
        <time>2026-05-22T16:04:30.000Z</time>
      </trkpt>
      <trkpt lat="37.009010" lon="-4.560142">
        <ele>583.691765</ele>
        <time>2026-05-22T16:04:31.000Z</time>
      </trkpt>
      <trkpt lat="37.009091" lon="-4.560191">
        <ele>583.187719</ele>
        <time>2026-05-22T16:04:40.000Z</time>
      </trkpt>
      <trkpt lat="37.009106" lon="-4.560198">
        <ele>583.098023</ele>
        <time>2026-05-22T16:04:41.000Z</time>
      </trkpt>
      <trkpt lat="37.009117" lon="-4.560200">
        <ele>583.035741</ele>
        <time>2026-05-22T16:04:42.000Z</time>
      </trkpt>
      <trkpt lat="37.009181" lon="-4.560227">
        <ele>582.657329</ele>
        <time>2026-05-22T16:04:48.000Z</time>
      </trkpt>
      <trkpt lat="37.009197" lon="-4.560230">
        <ele>582.566678</ele>
        <time>2026-05-22T16:04:50.000Z</time>
      </trkpt>
      <trkpt lat="37.009240" lon="-4.560237">
        <ele>582.323710</ele>
        <time>2026-05-22T16:04:53.000Z</time>
      </trkpt>
      <trkpt lat="37.009263" lon="-4.560244">
        <ele>582.191083</ele>
        <time>2026-05-22T16:04:55.000Z</time>
      </trkpt>
      <trkpt lat="37.009303" lon="-4.560262">
        <ele>581.952921</ele>
        <time>2026-05-22T16:04:58.000Z</time>
      </trkpt>
      <trkpt lat="37.009331" lon="-4.560276">
        <ele>581.783986</ele>
        <time>2026-05-22T16:05:01.000Z</time>
      </trkpt>
      <trkpt lat="37.009341" lon="-4.560281">
        <ele>581.723653</ele>
        <time>2026-05-22T16:05:02.000Z</time>
      </trkpt>
      <trkpt lat="37.009354" lon="-4.560282">
        <ele>581.650673</ele>
        <time>2026-05-22T16:05:04.000Z</time>
      </trkpt>
      <trkpt lat="37.009361" lon="-4.560285">
        <ele>581.609217</ele>
        <time>2026-05-22T16:05:05.000Z</time>
      </trkpt>
      <trkpt lat="37.009394" lon="-4.560296">
        <ele>581.417870</ele>
        <time>2026-05-22T16:05:09.000Z</time>
      </trkpt>
      <trkpt lat="37.009398" lon="-4.560296">
        <ele>581.395457</ele>
        <time>2026-05-22T16:05:10.000Z</time>
      </trkpt>
      <trkpt lat="37.009397" lon="-4.560310">
        <ele>581.332565</ele>
        <time>2026-05-22T16:05:14.000Z</time>
      </trkpt>
      <trkpt lat="37.009405" lon="-4.560316">
        <ele>581.280315</ele>
        <time>2026-05-22T16:05:15.000Z</time>
      </trkpt>
      <trkpt lat="37.009425" lon="-4.560335">
        <ele>581.139652</ele>
        <time>2026-05-22T16:05:17.000Z</time>
      </trkpt>
      <trkpt lat="37.009458" lon="-4.560351">
        <ele>580.941369</ele>
        <time>2026-05-22T16:05:20.000Z</time>
      </trkpt>
      <trkpt lat="37.009475" lon="-4.560352">
        <ele>580.846009</ele>
        <time>2026-05-22T16:05:22.000Z</time>
      </trkpt>
      <trkpt lat="37.009502" lon="-4.560345">
        <ele>580.691512</ele>
        <time>2026-05-22T16:05:25.000Z</time>
      </trkpt>
      <trkpt lat="37.009484" lon="-4.560333">
        <ele>580.577252</ele>
        <time>2026-05-22T16:05:33.000Z</time>
      </trkpt>
      <trkpt lat="37.009470" lon="-4.560332">
        <ele>580.498679</ele>
        <time>2026-05-22T16:05:34.000Z</time>
      </trkpt>
      <trkpt lat="37.009452" lon="-4.560313">
        <ele>580.366770</ele>
        <time>2026-05-22T16:05:40.000Z</time>
      </trkpt>
      <trkpt lat="37.009462" lon="-4.560309">
        <ele>580.307948</ele>
        <time>2026-05-22T16:05:43.000Z</time>
      </trkpt>
      <trkpt lat="37.009474" lon="-4.560313">
        <ele>580.238368</ele>
        <time>2026-05-22T16:05:45.000Z</time>
      </trkpt>
      <trkpt lat="37.009469" lon="-4.560321">
        <ele>580.192912</ele>
        <time>2026-05-22T16:05:50.000Z</time>
      </trkpt>
      <trkpt lat="37.009484" lon="-4.560337">
        <ele>580.082506</ele>
        <time>2026-05-22T16:05:54.000Z</time>
      </trkpt>
      <trkpt lat="37.009538" lon="-4.560365">
        <ele>579.755018</ele>
        <time>2026-05-22T16:05:58.000Z</time>
      </trkpt>
      <trkpt lat="37.009573" lon="-4.560378">
        <ele>579.550460</ele>
        <time>2026-05-22T16:06:00.000Z</time>
      </trkpt>
      <trkpt lat="37.009585" lon="-4.560382">
        <ele>579.480879</ele>
        <time>2026-05-22T16:06:01.000Z</time>
      </trkpt>
      <trkpt lat="37.009595" lon="-4.560386">
        <ele>579.422058</ele>
        <time>2026-05-22T16:06:02.000Z</time>
      </trkpt>
      <trkpt lat="37.009601" lon="-4.560390">
        <ele>579.383971</ele>
        <time>2026-05-22T16:06:03.000Z</time>
      </trkpt>
      <trkpt lat="37.009616" lon="-4.560399">
        <ele>579.290773</ele>
        <time>2026-05-22T16:06:05.000Z</time>
      </trkpt>
      <trkpt lat="37.009697" lon="-4.560434">
        <ele>578.810650</ele>
        <time>2026-05-22T16:06:12.000Z</time>
      </trkpt>
      <trkpt lat="37.009739" lon="-4.560458">
        <ele>578.551970</ele>
        <time>2026-05-22T16:06:15.000Z</time>
      </trkpt>
      <trkpt lat="37.009785" lon="-4.560478">
        <ele>578.279127</ele>
        <time>2026-05-22T16:06:19.000Z</time>
      </trkpt>
      <trkpt lat="37.009849" lon="-4.560521">
        <ele>577.872165</ele>
        <time>2026-05-22T16:06:25.000Z</time>
      </trkpt>
      <trkpt lat="37.009879" lon="-4.560539">
        <ele>577.685769</ele>
        <time>2026-05-22T16:06:27.000Z</time>
      </trkpt>
      <trkpt lat="37.009968" lon="-4.560572">
        <ele>577.165678</ele>
        <time>2026-05-22T16:06:35.000Z</time>
      </trkpt>
      <trkpt lat="37.009981" lon="-4.560575">
        <ele>577.091609</ele>
        <time>2026-05-22T16:06:36.000Z</time>
      </trkpt>
      <trkpt lat="37.010024" lon="-4.560579">
        <ele>576.857104</ele>
        <time>2026-05-22T16:06:39.000Z</time>
      </trkpt>
      <trkpt lat="37.010055" lon="-4.560580">
        <ele>576.693331</ele>
        <time>2026-05-22T16:06:42.000Z</time>
      </trkpt>
      <trkpt lat="37.010066" lon="-4.560589">
        <ele>576.623937</ele>
        <time>2026-05-22T16:06:48.000Z</time>
      </trkpt>
      <trkpt lat="37.010066" lon="-4.560588">
        <ele>576.619720</ele>
        <time>2026-05-22T16:06:50.000Z</time>
      </trkpt>
      <trkpt lat="37.010066" lon="-4.560583">
        <ele>576.598634</ele>
        <time>2026-05-22T16:06:53.000Z</time>
      </trkpt>
      <trkpt lat="37.010068" lon="-4.560584">
        <ele>576.587260</ele>
        <time>2026-05-22T16:06:54.000Z</time>
      </trkpt>
      <trkpt lat="37.010067" lon="-4.560588">
        <ele>576.569584</ele>
        <time>2026-05-22T16:06:55.000Z</time>
      </trkpt>
      <trkpt lat="37.010070" lon="-4.560590">
        <ele>576.551635</ele>
        <time>2026-05-22T16:06:56.000Z</time>
      </trkpt>
      <trkpt lat="37.010095" lon="-4.560600">
        <ele>576.413032</ele>
        <time>2026-05-22T16:06:59.000Z</time>
      </trkpt>
      <trkpt lat="37.010155" lon="-4.560646">
        <ele>576.041490</ele>
        <time>2026-05-22T16:07:06.000Z</time>
      </trkpt>
      <trkpt lat="37.010168" lon="-4.560653">
        <ele>575.966756</ele>
        <time>2026-05-22T16:07:07.000Z</time>
      </trkpt>
      <trkpt lat="37.010266" lon="-4.560693">
        <ele>575.422396</ele>
        <time>2026-05-22T16:07:14.000Z</time>
      </trkpt>
      <trkpt lat="37.010275" lon="-4.560697">
        <ele>575.371960</ele>
        <time>2026-05-22T16:07:15.000Z</time>
      </trkpt>
      <trkpt lat="37.010344" lon="-4.560709">
        <ele>575.004056</ele>
        <time>2026-05-22T16:07:21.000Z</time>
      </trkpt>
      <trkpt lat="37.010396" lon="-4.560706">
        <ele>574.729139</ele>
        <time>2026-05-22T16:07:24.000Z</time>
      </trkpt>
      <trkpt lat="37.010476" lon="-4.560706">
        <ele>574.306639</ele>
        <time>2026-05-22T16:07:29.000Z</time>
      </trkpt>
      <trkpt lat="37.010495" lon="-4.560707">
        <ele>574.206206</ele>
        <time>2026-05-22T16:07:31.000Z</time>
      </trkpt>
      <trkpt lat="37.010575" lon="-4.560699">
        <ele>573.782361</ele>
        <time>2026-05-22T16:07:37.000Z</time>
      </trkpt>
      <trkpt lat="37.010606" lon="-4.560696">
        <ele>573.618153</ele>
        <time>2026-05-22T16:07:39.000Z</time>
      </trkpt>
      <trkpt lat="37.010650" lon="-4.560695">
        <ele>573.385740</ele>
        <time>2026-05-22T16:07:44.000Z</time>
      </trkpt>
      <trkpt lat="37.010658" lon="-4.560694">
        <ele>573.343280</ele>
        <time>2026-05-22T16:07:45.000Z</time>
      </trkpt>
      <trkpt lat="37.010737" lon="-4.560677">
        <ele>572.919946</ele>
        <time>2026-05-22T16:07:52.000Z</time>
      </trkpt>
      <trkpt lat="37.010764" lon="-4.560671">
        <ele>572.775124</ele>
        <time>2026-05-22T16:07:55.000Z</time>
      </trkpt>
      <trkpt lat="37.010802" lon="-4.560648">
        <ele>572.552225</ele>
        <time>2026-05-22T16:07:59.000Z</time>
      </trkpt>
      <trkpt lat="37.010807" lon="-4.560643">
        <ele>572.518433</ele>
        <time>2026-05-22T16:08:01.000Z</time>
      </trkpt>
      <trkpt lat="37.010811" lon="-4.560639">
        <ele>572.491400</ele>
        <time>2026-05-22T16:08:03.000Z</time>
      </trkpt>
      <trkpt lat="37.010817" lon="-4.560634">
        <ele>572.453338</ele>
        <time>2026-05-22T16:08:05.000Z</time>
      </trkpt>
      <trkpt lat="37.010828" lon="-4.560637">
        <ele>572.393882</ele>
        <time>2026-05-22T16:08:06.000Z</time>
      </trkpt>
      <trkpt lat="37.010878" lon="-4.560635">
        <ele>572.129684</ele>
        <time>2026-05-22T16:08:11.000Z</time>
      </trkpt>
      <trkpt lat="37.010935" lon="-4.560625">
        <ele>571.825713</ele>
        <time>2026-05-22T16:08:16.000Z</time>
      </trkpt>
      <trkpt lat="37.011005" lon="-4.560612">
        <ele>571.451982</ele>
        <time>2026-05-22T16:08:23.000Z</time>
      </trkpt>
      <trkpt lat="37.011027" lon="-4.560608">
        <ele>571.334576</ele>
        <time>2026-05-22T16:08:25.000Z</time>
      </trkpt>
      <trkpt lat="37.011040" lon="-4.560607">
        <ele>571.265790</ele>
        <time>2026-05-22T16:08:26.000Z</time>
      </trkpt>
      <trkpt lat="37.011078" lon="-4.560611">
        <ele>571.064395</ele>
        <time>2026-05-22T16:08:31.000Z</time>
      </trkpt>
      <trkpt lat="37.011140" lon="-4.560596">
        <ele>570.730902</ele>
        <time>2026-05-22T16:08:36.000Z</time>
      </trkpt>
      <trkpt lat="37.011171" lon="-4.560599">
        <ele>570.566695</ele>
        <time>2026-05-22T16:08:38.000Z</time>
      </trkpt>
      <trkpt lat="37.011209" lon="-4.560593">
        <ele>570.364419</ele>
        <time>2026-05-22T16:08:41.000Z</time>
      </trkpt>
      <trkpt lat="37.011281" lon="-4.560593">
        <ele>569.984168</ele>
        <time>2026-05-22T16:08:47.000Z</time>
      </trkpt>
      <trkpt lat="37.011388" lon="-4.560563">
        <ele>569.405084</ele>
        <time>2026-05-22T16:08:55.000Z</time>
      </trkpt>
      <trkpt lat="37.011390" lon="-4.560548">
        <ele>569.340951</ele>
        <time>2026-05-22T16:09:01.000Z</time>
      </trkpt>
      <trkpt lat="37.011405" lon="-4.560539">
        <ele>569.253109</ele>
        <time>2026-05-22T16:09:06.000Z</time>
      </trkpt>
      <trkpt lat="37.011436" lon="-4.560530">
        <ele>569.085048</ele>
        <time>2026-05-22T16:09:09.000Z</time>
      </trkpt>
      <trkpt lat="37.011446" lon="-4.560527">
        <ele>569.030742</ele>
        <time>2026-05-22T16:09:10.000Z</time>
      </trkpt>
      <trkpt lat="37.011467" lon="-4.560525">
        <ele>568.919515</ele>
        <time>2026-05-22T16:09:12.000Z</time>
      </trkpt>
      <trkpt lat="37.011555" lon="-4.560516">
        <ele>568.453217</ele>
        <time>2026-05-22T16:09:19.000Z</time>
      </trkpt>
      <trkpt lat="37.011579" lon="-4.560505">
        <ele>568.318245</ele>
        <time>2026-05-22T16:09:21.000Z</time>
      </trkpt>
      <trkpt lat="37.011603" lon="-4.560488">
        <ele>568.172624</ele>
        <time>2026-05-22T16:09:26.000Z</time>
      </trkpt>
      <trkpt lat="37.011703" lon="-4.560467">
        <ele>567.637125</ele>
        <time>2026-05-22T16:09:34.000Z</time>
      </trkpt>
      <trkpt lat="37.011738" lon="-4.560460">
        <ele>567.471191</ele>
        <time>2026-05-22T16:09:36.000Z</time>
      </trkpt>
      <trkpt lat="37.011791" lon="-4.560452">
        <ele>567.433839</ele>
        <time>2026-05-22T16:09:40.000Z</time>
      </trkpt>
      <trkpt lat="37.011839" lon="-4.560437">
        <ele>567.399223</ele>
        <time>2026-05-22T16:09:44.000Z</time>
      </trkpt>
      <trkpt lat="37.011856" lon="-4.560418">
        <ele>567.383280</ele>
        <time>2026-05-22T16:09:46.000Z</time>
      </trkpt>
      <trkpt lat="37.011904" lon="-4.560380">
        <ele>567.343546</ele>
        <time>2026-05-22T16:09:52.000Z</time>
      </trkpt>
      <trkpt lat="37.011937" lon="-4.560299">
        <ele>567.292740</ele>
        <time>2026-05-22T16:09:58.000Z</time>
      </trkpt>
      <trkpt lat="37.011944" lon="-4.560287">
        <ele>567.284436</ele>
        <time>2026-05-22T16:09:59.000Z</time>
      </trkpt>
      <trkpt lat="37.011998" lon="-4.560237">
        <ele>567.237446</ele>
        <time>2026-05-22T16:10:05.000Z</time>
      </trkpt>
      <trkpt lat="37.012070" lon="-4.560200">
        <ele>567.182991</ele>
        <time>2026-05-22T16:10:11.000Z</time>
      </trkpt>
      <trkpt lat="37.012145" lon="-4.560159">
        <ele>567.125732</ele>
        <time>2026-05-22T16:10:17.000Z</time>
      </trkpt>
      <trkpt lat="37.012184" lon="-4.560123">
        <ele>567.091831</ele>
        <time>2026-05-22T16:10:21.000Z</time>
      </trkpt>
      <trkpt lat="37.012195" lon="-4.560104">
        <ele>567.078719</ele>
        <time>2026-05-22T16:10:24.000Z</time>
      </trkpt>
      <trkpt lat="37.012215" lon="-4.560080">
        <ele>567.059337</ele>
        <time>2026-05-22T16:10:28.000Z</time>
      </trkpt>
      <trkpt lat="37.012275" lon="-4.559964">
        <ele>566.982117</ele>
        <time>2026-05-22T16:10:39.000Z</time>
      </trkpt>
      <trkpt lat="37.012334" lon="-4.559977">
        <ele>566.940200</ele>
        <time>2026-05-22T16:10:43.000Z</time>
      </trkpt>
      <trkpt lat="37.012365" lon="-4.559975">
        <ele>566.918481</ele>
        <time>2026-05-22T16:10:46.000Z</time>
      </trkpt>
      <trkpt lat="37.012436" lon="-4.559959">
        <ele>566.868004</ele>
        <time>2026-05-22T16:10:54.000Z</time>
      </trkpt>
      <trkpt lat="37.012552" lon="-4.559901">
        <ele>566.780608</ele>
        <time>2026-05-22T16:11:03.000Z</time>
      </trkpt>
      <trkpt lat="37.012626" lon="-4.559898">
        <ele>566.728803</ele>
        <time>2026-05-22T16:11:10.000Z</time>
      </trkpt>
      <trkpt lat="37.012743" lon="-4.559900">
        <ele>566.646930</ele>
        <time>2026-05-22T16:11:18.000Z</time>
      </trkpt>
      <trkpt lat="37.012795" lon="-4.559916">
        <ele>566.609463</ele>
        <time>2026-05-22T16:11:25.000Z</time>
      </trkpt>
      <trkpt lat="37.012851" lon="-4.559917">
        <ele>566.570276</ele>
        <time>2026-05-22T16:11:31.000Z</time>
      </trkpt>
      <trkpt lat="37.012887" lon="-4.559918">
        <ele>566.545080</ele>
        <time>2026-05-22T16:11:34.000Z</time>
      </trkpt>
      <trkpt lat="37.012946" lon="-4.559957">
        <ele>566.498400</ele>
        <time>2026-05-22T16:11:40.000Z</time>
      </trkpt>
      <trkpt lat="37.013013" lon="-4.559987">
        <ele>566.448614</ele>
        <time>2026-05-22T16:11:46.000Z</time>
      </trkpt>
      <trkpt lat="37.013062" lon="-4.559964">
        <ele>566.411999</ele>
        <time>2026-05-22T16:11:52.000Z</time>
      </trkpt>
      <trkpt lat="37.013078" lon="-4.559956">
        <ele>566.399944</ele>
        <time>2026-05-22T16:11:53.000Z</time>
      </trkpt>
      <trkpt lat="37.013143" lon="-4.559935">
        <ele>566.352975</ele>
        <time>2026-05-22T16:11:58.000Z</time>
      </trkpt>
      <trkpt lat="37.013166" lon="-4.559930">
        <ele>566.336641</ele>
        <time>2026-05-22T16:12:01.000Z</time>
      </trkpt>
      <trkpt lat="37.013229" lon="-4.559889">
        <ele>566.286963</ele>
        <time>2026-05-22T16:12:08.000Z</time>
      </trkpt>
      <trkpt lat="37.013321" lon="-4.559819">
        <ele>566.166594</ele>
        <time>2026-05-22T16:12:16.000Z</time>
      </trkpt>
      <trkpt lat="37.013333" lon="-4.559808">
        <ele>566.046638</ele>
        <time>2026-05-22T16:12:18.000Z</time>
      </trkpt>
      <trkpt lat="37.013373" lon="-4.559774">
        <ele>565.656682</ele>
        <time>2026-05-22T16:12:22.000Z</time>
      </trkpt>
      <trkpt lat="37.013450" lon="-4.559723">
        <ele>564.954052</ele>
        <time>2026-05-22T16:12:29.000Z</time>
      </trkpt>
      <trkpt lat="37.013468" lon="-4.559719">
        <ele>564.806588</ele>
        <time>2026-05-22T16:12:30.000Z</time>
      </trkpt>
      <trkpt lat="37.013486" lon="-4.559732">
        <ele>564.638978</ele>
        <time>2026-05-22T16:12:31.000Z</time>
      </trkpt>
      <trkpt lat="37.013542" lon="-4.559755">
        <ele>564.163587</ele>
        <time>2026-05-22T16:12:36.000Z</time>
      </trkpt>
      <trkpt lat="37.013582" lon="-4.559778">
        <ele>563.808547</ele>
        <time>2026-05-22T16:12:40.000Z</time>
      </trkpt>
      <trkpt lat="37.013634" lon="-4.559798">
        <ele>563.369758</ele>
        <time>2026-05-22T16:12:44.000Z</time>
      </trkpt>
      <trkpt lat="37.013741" lon="-4.559826">
        <ele>562.488010</ele>
        <time>2026-05-22T16:12:53.000Z</time>
      </trkpt>
      <trkpt lat="37.013807" lon="-4.559815">
        <ele>561.950933</ele>
        <time>2026-05-22T16:13:01.000Z</time>
      </trkpt>
      <trkpt lat="37.013864" lon="-4.559790">
        <ele>561.463765</ele>
        <time>2026-05-22T16:13:06.000Z</time>
      </trkpt>
      <trkpt lat="37.013928" lon="-4.559795">
        <ele>560.946511</ele>
        <time>2026-05-22T16:13:13.000Z</time>
      </trkpt>
      <trkpt lat="37.013965" lon="-4.559798">
        <ele>560.647429</ele>
        <time>2026-05-22T16:13:16.000Z</time>
      </trkpt>
      <trkpt lat="37.013976" lon="-4.559802">
        <ele>560.555033</ele>
        <time>2026-05-22T16:13:17.000Z</time>
      </trkpt>
      <trkpt lat="37.014006" lon="-4.559823">
        <ele>560.277805</ele>
        <time>2026-05-22T16:13:20.000Z</time>
      </trkpt>
      <trkpt lat="37.014061" lon="-4.559828">
        <ele>559.832984</ele>
        <time>2026-05-22T16:13:27.000Z</time>
      </trkpt>
      <trkpt lat="37.014066" lon="-4.559848">
        <ele>559.697999</ele>
        <time>2026-05-22T16:13:29.000Z</time>
      </trkpt>
      <trkpt lat="37.014073" lon="-4.559849">
        <ele>559.641168</ele>
        <time>2026-05-22T16:13:30.000Z</time>
      </trkpt>
      <trkpt lat="37.014096" lon="-4.559851">
        <ele>559.455194</ele>
        <time>2026-05-22T16:13:32.000Z</time>
      </trkpt>
      <trkpt lat="37.014114" lon="-4.559855">
        <ele>559.307730</ele>
        <time>2026-05-22T16:13:33.000Z</time>
      </trkpt>
      <trkpt lat="37.014137" lon="-4.559860">
        <ele>559.119428</ele>
        <time>2026-05-22T16:13:34.000Z</time>
      </trkpt>
      <trkpt lat="37.014154" lon="-4.559866">
        <ele>558.976958</ele>
        <time>2026-05-22T16:13:35.000Z</time>
      </trkpt>
      <trkpt lat="37.014177" lon="-4.559871">
        <ele>558.788656</ele>
        <time>2026-05-22T16:13:37.000Z</time>
      </trkpt>
      <trkpt lat="37.014231" lon="-4.559871">
        <ele>558.353069</ele>
        <time>2026-05-22T16:13:42.000Z</time>
      </trkpt>
      <trkpt lat="37.014261" lon="-4.559872">
        <ele>558.110991</ele>
        <time>2026-05-22T16:13:46.000Z</time>
      </trkpt>
      <trkpt lat="37.014263" lon="-4.559863">
        <ele>558.050819</ele>
        <time>2026-05-22T16:13:48.000Z</time>
      </trkpt>
      <trkpt lat="37.014319" lon="-4.559822">
        <ele>557.527572</ele>
        <time>2026-05-22T16:13:53.000Z</time>
      </trkpt>
      <trkpt lat="37.014362" lon="-4.559802">
        <ele>557.157568</ele>
        <time>2026-05-22T16:13:58.000Z</time>
      </trkpt>
      <trkpt lat="37.014393" lon="-4.559782">
        <ele>556.876278</ele>
        <time>2026-05-22T16:14:02.000Z</time>
      </trkpt>
      <trkpt lat="37.014437" lon="-4.559766">
        <ele>556.506697</ele>
        <time>2026-05-22T16:14:06.000Z</time>
      </trkpt>
      <trkpt lat="37.014509" lon="-4.559735">
        <ele>555.892551</ele>
        <time>2026-05-22T16:14:11.000Z</time>
      </trkpt>
      <trkpt lat="37.014526" lon="-4.559724">
        <ele>555.738201</ele>
        <time>2026-05-22T16:14:13.000Z</time>
      </trkpt>
      <trkpt lat="37.014551" lon="-4.559708">
        <ele>555.511734</ele>
        <time>2026-05-22T16:14:17.000Z</time>
      </trkpt>
      <trkpt lat="37.014573" lon="-4.559691">
        <ele>555.303211</ele>
        <time>2026-05-22T16:14:19.000Z</time>
      </trkpt>
      <trkpt lat="37.014636" lon="-4.559646">
        <ele>554.718183</ele>
        <time>2026-05-22T16:14:26.000Z</time>
      </trkpt>
      <trkpt lat="37.014672" lon="-4.559626">
        <ele>554.400502</ele>
        <time>2026-05-22T16:14:32.000Z</time>
      </trkpt>
      <trkpt lat="37.014686" lon="-4.559608">
        <ele>554.238655</ele>
        <time>2026-05-22T16:14:35.000Z</time>
      </trkpt>
      <trkpt lat="37.014723" lon="-4.559575">
        <ele>553.872248</ele>
        <time>2026-05-22T16:14:38.000Z</time>
      </trkpt>
      <trkpt lat="37.014774" lon="-4.559539">
        <ele>553.400015</ele>
        <time>2026-05-22T16:14:44.000Z</time>
      </trkpt>
      <trkpt lat="37.014819" lon="-4.559513">
        <ele>553.000259</ele>
        <time>2026-05-22T16:14:50.000Z</time>
      </trkpt>
      <trkpt lat="37.014824" lon="-4.559510">
        <ele>552.955538</ele>
        <time>2026-05-22T16:14:51.000Z</time>
      </trkpt>
      <trkpt lat="37.014838" lon="-4.559510">
        <ele>552.842608</ele>
        <time>2026-05-22T16:15:00.000Z</time>
      </trkpt>
      <trkpt lat="37.014880" lon="-4.559465">
        <ele>552.396754</ele>
        <time>2026-05-22T16:15:06.000Z</time>
      </trkpt>
      <trkpt lat="37.014891" lon="-4.559432">
        <ele>552.166428</ele>
        <time>2026-05-22T16:15:12.000Z</time>
      </trkpt>
      <trkpt lat="37.014903" lon="-4.559416">
        <ele>552.025043</ele>
        <time>2026-05-22T16:15:16.000Z</time>
      </trkpt>
      <trkpt lat="37.014911" lon="-4.559410">
        <ele>551.949825</ele>
        <time>2026-05-22T16:15:17.000Z</time>
      </trkpt>
      <trkpt lat="37.014922" lon="-4.559408">
        <ele>551.860164</ele>
        <time>2026-05-22T16:15:18.000Z</time>
      </trkpt>
      <trkpt lat="37.014991" lon="-4.559411">
        <ele>551.707307</ele>
        <time>2026-05-22T16:15:23.000Z</time>
      </trkpt>
      <trkpt lat="37.015010" lon="-4.559424">
        <ele>551.707307</ele>
        <time>2026-05-22T16:15:27.000Z</time>
      </trkpt>
      <trkpt lat="37.015036" lon="-4.559423">
        <ele>551.707307</ele>
        <time>2026-05-22T16:15:31.000Z</time>
      </trkpt>
      <trkpt lat="37.015090" lon="-4.559416">
        <ele>551.707307</ele>
        <time>2026-05-22T16:15:36.000Z</time>
      </trkpt>
      <trkpt lat="37.015124" lon="-4.559404">
        <ele>551.707307</ele>
        <time>2026-05-22T16:15:39.000Z</time>
      </trkpt>
      <trkpt lat="37.015157" lon="-4.559366">
        <ele>551.707307</ele>
        <time>2026-05-22T16:15:44.000Z</time>
      </trkpt>
      <trkpt lat="37.015203" lon="-4.559279">
        <ele>551.707307</ele>
        <time>2026-05-22T16:15:51.000Z</time>
      </trkpt>
      <trkpt lat="37.015247" lon="-4.559237">
        <ele>551.707307</ele>
        <time>2026-05-22T16:15:57.000Z</time>
      </trkpt>
      <trkpt lat="37.015267" lon="-4.559224">
        <ele>551.707307</ele>
        <time>2026-05-22T16:15:59.000Z</time>
      </trkpt>
      <trkpt lat="37.015263" lon="-4.559154">
        <ele>551.707307</ele>
        <time>2026-05-22T16:16:03.000Z</time>
      </trkpt>
      <trkpt lat="37.015280" lon="-4.559115">
        <ele>551.707307</ele>
        <time>2026-05-22T16:16:06.000Z</time>
      </trkpt>
      <trkpt lat="37.015306" lon="-4.559080">
        <ele>551.707307</ele>
        <time>2026-05-22T16:16:08.000Z</time>
      </trkpt>
      <trkpt lat="37.015364" lon="-4.558990">
        <ele>551.707307</ele>
        <time>2026-05-22T16:16:15.000Z</time>
      </trkpt>
      <trkpt lat="37.015390" lon="-4.558898">
        <ele>551.707307</ele>
        <time>2026-05-22T16:16:20.000Z</time>
      </trkpt>
      <trkpt lat="37.015402" lon="-4.558849">
        <ele>551.707307</ele>
        <time>2026-05-22T16:16:23.000Z</time>
      </trkpt>
      <trkpt lat="37.015409" lon="-4.558772">
        <ele>551.707307</ele>
        <time>2026-05-22T16:16:29.000Z</time>
      </trkpt>
      <trkpt lat="37.015416" lon="-4.558772">
        <ele>551.707307</ele>
        <time>2026-05-22T16:16:31.000Z</time>
      </trkpt>
      <trkpt lat="37.015432" lon="-4.558673">
        <ele>551.707307</ele>
        <time>2026-05-22T16:16:40.000Z</time>
      </trkpt>
      <trkpt lat="37.015444" lon="-4.558649">
        <ele>551.707307</ele>
        <time>2026-05-22T16:16:42.000Z</time>
      </trkpt>
      <trkpt lat="37.015474" lon="-4.558551">
        <ele>551.707307</ele>
        <time>2026-05-22T16:16:49.000Z</time>
      </trkpt>
      <trkpt lat="37.015520" lon="-4.558458">
        <ele>551.707307</ele>
        <time>2026-05-22T16:16:54.000Z</time>
      </trkpt>
      <trkpt lat="37.015532" lon="-4.558450">
        <ele>551.707307</ele>
        <time>2026-05-22T16:16:55.000Z</time>
      </trkpt>
      <trkpt lat="37.015545" lon="-4.558443">
        <ele>551.707307</ele>
        <time>2026-05-22T16:16:56.000Z</time>
      </trkpt>
      <trkpt lat="37.015585" lon="-4.558455">
        <ele>551.707307</ele>
        <time>2026-05-22T16:17:00.000Z</time>
      </trkpt>
      <trkpt lat="37.015589" lon="-4.558466">
        <ele>551.707307</ele>
        <time>2026-05-22T16:17:01.000Z</time>
      </trkpt>
      <trkpt lat="37.015593" lon="-4.558474">
        <ele>551.707307</ele>
        <time>2026-05-22T16:17:02.000Z</time>
      </trkpt>
      <trkpt lat="37.015610" lon="-4.558486">
        <ele>551.707307</ele>
        <time>2026-05-22T16:17:03.000Z</time>
      </trkpt>
      <trkpt lat="37.015694" lon="-4.558565">
        <ele>551.707307</ele>
        <time>2026-05-22T16:17:08.000Z</time>
      </trkpt>
      <trkpt lat="37.015782" lon="-4.558630">
        <ele>551.707307</ele>
        <time>2026-05-22T16:17:13.000Z</time>
      </trkpt>
      <trkpt lat="37.015797" lon="-4.558633">
        <ele>551.707307</ele>
        <time>2026-05-22T16:17:14.000Z</time>
      </trkpt>
      <trkpt lat="37.015820" lon="-4.558610">
        <ele>551.707307</ele>
        <time>2026-05-22T16:17:17.000Z</time>
      </trkpt>
      <trkpt lat="37.015837" lon="-4.558550">
        <ele>551.707307</ele>
        <time>2026-05-22T16:17:21.000Z</time>
      </trkpt>
      <trkpt lat="37.015865" lon="-4.558500">
        <ele>551.707307</ele>
        <time>2026-05-22T16:17:26.000Z</time>
      </trkpt>
      <trkpt lat="37.015881" lon="-4.558472">
        <ele>551.707307</ele>
        <time>2026-05-22T16:17:28.000Z</time>
      </trkpt>
      <trkpt lat="37.015913" lon="-4.558390">
        <ele>551.707307</ele>
        <time>2026-05-22T16:17:35.000Z</time>
      </trkpt>
      <trkpt lat="37.015917" lon="-4.558376">
        <ele>551.707307</ele>
        <time>2026-05-22T16:17:36.000Z</time>
      </trkpt>
      <trkpt lat="37.015934" lon="-4.558304">
        <ele>551.707307</ele>
        <time>2026-05-22T16:17:42.000Z</time>
      </trkpt>
      <trkpt lat="37.015946" lon="-4.558178">
        <ele>551.707307</ele>
        <time>2026-05-22T16:17:49.000Z</time>
      </trkpt>
      <trkpt lat="37.015952" lon="-4.558157">
        <ele>551.707307</ele>
        <time>2026-05-22T16:17:50.000Z</time>
      </trkpt>
      <trkpt lat="37.015984" lon="-4.558056">
        <ele>551.707307</ele>
        <time>2026-05-22T16:17:56.000Z</time>
      </trkpt>
      <trkpt lat="37.016015" lon="-4.558010">
        <ele>551.707307</ele>
        <time>2026-05-22T16:18:01.000Z</time>
      </trkpt>
      <trkpt lat="37.016043" lon="-4.557978">
        <ele>551.707307</ele>
        <time>2026-05-22T16:18:04.000Z</time>
      </trkpt>
      <trkpt lat="37.016127" lon="-4.557933">
        <ele>551.707307</ele>
        <time>2026-05-22T16:18:11.000Z</time>
      </trkpt>
      <trkpt lat="37.016183" lon="-4.557920">
        <ele>551.707307</ele>
        <time>2026-05-22T16:18:15.000Z</time>
      </trkpt>
      <trkpt lat="37.016190" lon="-4.557901">
        <ele>551.707307</ele>
        <time>2026-05-22T16:18:17.000Z</time>
      </trkpt>
      <trkpt lat="37.016174" lon="-4.557865">
        <ele>551.707307</ele>
        <time>2026-05-22T16:18:19.000Z</time>
      </trkpt>
      <trkpt lat="37.016183" lon="-4.557807">
        <ele>551.707307</ele>
        <time>2026-05-22T16:18:22.000Z</time>
      </trkpt>
      <trkpt lat="37.016185" lon="-4.557792">
        <ele>551.707307</ele>
        <time>2026-05-22T16:18:23.000Z</time>
      </trkpt>
      <trkpt lat="37.016186" lon="-4.557773">
        <ele>551.707307</ele>
        <time>2026-05-22T16:18:24.000Z</time>
      </trkpt>
      <trkpt lat="37.016189" lon="-4.557759">
        <ele>551.707307</ele>
        <time>2026-05-22T16:18:25.000Z</time>
      </trkpt>
      <trkpt lat="37.016192" lon="-4.557746">
        <ele>551.707307</ele>
        <time>2026-05-22T16:18:26.000Z</time>
      </trkpt>
      <trkpt lat="37.016224" lon="-4.557700">
        <ele>551.707307</ele>
        <time>2026-05-22T16:18:30.000Z</time>
      </trkpt>
      <trkpt lat="37.016283" lon="-4.557624">
        <ele>551.707307</ele>
        <time>2026-05-22T16:18:36.000Z</time>
      </trkpt>
      <trkpt lat="37.016308" lon="-4.557559">
        <ele>551.707307</ele>
        <time>2026-05-22T16:18:43.000Z</time>
      </trkpt>
      <trkpt lat="37.016332" lon="-4.557476">
        <ele>551.707307</ele>
        <time>2026-05-22T16:18:51.000Z</time>
      </trkpt>
      <trkpt lat="37.016315" lon="-4.557441">
        <ele>551.707307</ele>
        <time>2026-05-22T16:19:00.000Z</time>
      </trkpt>
      <trkpt lat="37.016315" lon="-4.557441">
        <ele>551.707307</ele>
        <time>2026-05-22T16:19:09.000Z</time>
      </trkpt>
      <trkpt lat="37.016315" lon="-4.557441">
        <ele>551.707307</ele>
        <time>2026-05-22T16:19:19.000Z</time>
      </trkpt>
      <trkpt lat="37.016315" lon="-4.557441">
        <ele>551.707307</ele>
        <time>2026-05-22T16:19:38.000Z</time>
      </trkpt>
      <trkpt lat="37.016315" lon="-4.557441">
        <ele>551.707307</ele>
        <time>2026-05-22T16:19:58.000Z</time>
      </trkpt>
      <trkpt lat="37.016315" lon="-4.557441">
        <ele>551.707307</ele>
        <time>2026-05-22T16:20:12.000Z</time>
      </trkpt>
      <trkpt lat="37.016315" lon="-4.557441">
        <ele>551.707307</ele>
        <time>2026-05-22T16:20:18.000Z</time>
      </trkpt>
      <trkpt lat="37.016315" lon="-4.557441">
        <ele>551.707307</ele>
        <time>2026-05-22T16:20:35.000Z</time>
      </trkpt>
      <trkpt lat="37.016315" lon="-4.557441">
        <ele>551.707307</ele>
        <time>2026-05-22T16:21:10.000Z</time>
      </trkpt>
      <trkpt lat="37.016315" lon="-4.557441">
        <ele>551.707307</ele>
        <time>2026-05-22T16:21:18.000Z</time>
      </trkpt>
      <trkpt lat="37.016315" lon="-4.557441">
        <ele>551.707307</ele>
        <time>2026-05-22T16:21:41.000Z</time>
      </trkpt>
      <trkpt lat="37.016315" lon="-4.557441">
        <ele>551.707307</ele>
        <time>2026-05-22T16:21:43.000Z</time>
      </trkpt>
      <trkpt lat="37.016315" lon="-4.557441">
        <ele>551.707307</ele>
        <time>2026-05-22T16:21:45.000Z</time>
      </trkpt>
      <trkpt lat="37.016315" lon="-4.557441">
        <ele>551.707307</ele>
        <time>2026-05-22T16:21:47.000Z</time>
      </trkpt>
      <trkpt lat="37.016315" lon="-4.557441">
        <ele>551.707307</ele>
        <time>2026-05-22T16:21:49.000Z</time>
      </trkpt>
      <trkpt lat="37.016315" lon="-4.557441">
        <ele>551.707307</ele>
        <time>2026-05-22T16:22:06.000Z</time>
      </trkpt>
      <trkpt lat="37.016315" lon="-4.557441">
        <ele>551.707307</ele>
        <time>2026-05-22T16:22:09.000Z</time>
      </trkpt>
    </trkseg>
  </trk>
</gpx>